Código región,Región,Código provincia,Provincia,Codigo comuna,Comuna,País o continente de nacimiento,Inmigrantes internacionales
0,País,0,País,0,País,Total nacidos fuera del país,1.608.650
0,País,0,País,0,País,Argentina,70.266
0,País,0,País,0,País,Bolivia (Estado Plurinacional de),168.083
0,País,0,País,0,País,Colombia,197.813
0,País,0,País,0,País,Haití,80.781
0,País,0,País,0,País,Perú,233.432
0,País,0,País,0,País,Venezuela (República Bolivariana de),669.408
0,País,0,País,0,País,Otros países de América del Sur,78.860
0,País,0,País,0,País,Otros países de América Central y El Caribe,40.559
0,País,0,País,0,País,América del Norte,11.329
0,País,0,País,0,País,Europa,33.563
0,País,0,País,0,País,Asia,20.047
0,País,0,País,0,País,África,1.580
0,País,0,País,0,País,Oceanía,1.477
0,País,0,País,0,País,País de nacimiento no declarado,1.452
15,Arica y Parinacota,151,Arica,15101,Arica,Total nacidos fuera del país,35.592
15,Arica y Parinacota,151,Arica,15101,Arica,Argentina,341
15,Arica y Parinacota,151,Arica,15101,Arica,Bolivia (Estado Plurinacional de),13.677
15,Arica y Parinacota,151,Arica,15101,Arica,Colombia,1.968
15,Arica y Parinacota,151,Arica,15101,Arica,Haití,*
15,Arica y Parinacota,151,Arica,15101,Arica,Perú,11.206
15,Arica y Parinacota,151,Arica,15101,Arica,Venezuela (República Bolivariana de),6.597
15,Arica y Parinacota,151,Arica,15101,Arica,Otros países de América del Sur,897
15,Arica y Parinacota,151,Arica,15101,Arica,Otros países de América Central y El Caribe,467
15,Arica y Parinacota,151,Arica,15101,Arica,América del Norte,67
15,Arica y Parinacota,151,Arica,15101,Arica,Europa,236
15,Arica y Parinacota,151,Arica,15101,Arica,Asia,80
15,Arica y Parinacota,151,Arica,15101,Arica,África,*
15,Arica y Parinacota,151,Arica,15101,Arica,Oceanía,*
15,Arica y Parinacota,151,Arica,15101,Arica,País de nacimiento no declarado,15
15,Arica y Parinacota,151,Arica,15102,Camarones,Total nacidos fuera del país,101
15,Arica y Parinacota,151,Arica,15102,Camarones,Argentina,0
15,Arica y Parinacota,151,Arica,15102,Camarones,Bolivia (Estado Plurinacional de),70
15,Arica y Parinacota,151,Arica,15102,Camarones,Colombia,*
15,Arica y Parinacota,151,Arica,15102,Camarones,Haití,0
15,Arica y Parinacota,151,Arica,15102,Camarones,Perú,*
15,Arica y Parinacota,151,Arica,15102,Camarones,Venezuela (República Bolivariana de),*
15,Arica y Parinacota,151,Arica,15102,Camarones,Otros países de América del Sur,0
15,Arica y Parinacota,151,Arica,15102,Camarones,Otros países de América Central y El Caribe,*
15,Arica y Parinacota,151,Arica,15102,Camarones,América del Norte,*
15,Arica y Parinacota,151,Arica,15102,Camarones,Europa,0
15,Arica y Parinacota,151,Arica,15102,Camarones,Asia,0
15,Arica y Parinacota,151,Arica,15102,Camarones,África,0
15,Arica y Parinacota,151,Arica,15102,Camarones,Oceanía,0
15,Arica y Parinacota,151,Arica,15102,Camarones,País de nacimiento no declarado,0
15,Arica y Parinacota,152,Parinacota,15201,Putre,Total nacidos fuera del país,362
15,Arica y Parinacota,152,Parinacota,15201,Putre,Argentina,*
15,Arica y Parinacota,152,Parinacota,15201,Putre,Bolivia (Estado Plurinacional de),307
15,Arica y Parinacota,152,Parinacota,15201,Putre,Colombia,0
15,Arica y Parinacota,152,Parinacota,15201,Putre,Haití,0
15,Arica y Parinacota,152,Parinacota,15201,Putre,Perú,*
15,Arica y Parinacota,152,Parinacota,15201,Putre,Venezuela (República Bolivariana de),*
15,Arica y Parinacota,152,Parinacota,15201,Putre,Otros países de América del Sur,0
15,Arica y Parinacota,152,Parinacota,15201,Putre,Otros países de América Central y El Caribe,0
15,Arica y Parinacota,152,Parinacota,15201,Putre,América del Norte,0
15,Arica y Parinacota,152,Parinacota,15201,Putre,Europa,0
15,Arica y Parinacota,152,Parinacota,15201,Putre,Asia,0
15,Arica y Parinacota,152,Parinacota,15201,Putre,África,0
15,Arica y Parinacota,152,Parinacota,15201,Putre,Oceanía,*
15,Arica y Parinacota,152,Parinacota,15201,Putre,País de nacimiento no declarado,1
15,Arica y Parinacota,152,Parinacota,15202,General Lagos,Total nacidos fuera del país,133
15,Arica y Parinacota,152,Parinacota,15202,General Lagos,Argentina,0
15,Arica y Parinacota,152,Parinacota,15202,General Lagos,Bolivia (Estado Plurinacional de),111
15,Arica y Parinacota,152,Parinacota,15202,General Lagos,Colombia,0
15,Arica y Parinacota,152,Parinacota,15202,General Lagos,Haití,0
15,Arica y Parinacota,152,Parinacota,15202,General Lagos,Perú,*
15,Arica y Parinacota,152,Parinacota,15202,General Lagos,Venezuela (República Bolivariana de),0
15,Arica y Parinacota,152,Parinacota,15202,General Lagos,Otros países de América del Sur,*
15,Arica y Parinacota,152,Parinacota,15202,General Lagos,Otros países de América Central y El Caribe,0
15,Arica y Parinacota,152,Parinacota,15202,General Lagos,América del Norte,0
15,Arica y Parinacota,152,Parinacota,15202,General Lagos,Europa,0
15,Arica y Parinacota,152,Parinacota,15202,General Lagos,Asia,0
15,Arica y Parinacota,152,Parinacota,15202,General Lagos,África,0
15,Arica y Parinacota,152,Parinacota,15202,General Lagos,Oceanía,0
15,Arica y Parinacota,152,Parinacota,15202,General Lagos,País de nacimiento no declarado,0
1,Tarapacá,11,Iquique,1101,Iquique,Total nacidos fuera del país,40.655
1,Tarapacá,11,Iquique,1101,Iquique,Argentina,580
1,Tarapacá,11,Iquique,1101,Iquique,Bolivia (Estado Plurinacional de),17.474
1,Tarapacá,11,Iquique,1101,Iquique,Colombia,2.903
1,Tarapacá,11,Iquique,1101,Iquique,Haití,106
1,Tarapacá,11,Iquique,1101,Iquique,Perú,7.642
1,Tarapacá,11,Iquique,1101,Iquique,Venezuela (República Bolivariana de),6.977
1,Tarapacá,11,Iquique,1101,Iquique,Otros países de América del Sur,1.833
1,Tarapacá,11,Iquique,1101,Iquique,Otros países de América Central y El Caribe,892
1,Tarapacá,11,Iquique,1101,Iquique,América del Norte,80
1,Tarapacá,11,Iquique,1101,Iquique,Europa,237
1,Tarapacá,11,Iquique,1101,Iquique,Asia,1.840
1,Tarapacá,11,Iquique,1101,Iquique,África,*
1,Tarapacá,11,Iquique,1101,Iquique,Oceanía,*
1,Tarapacá,11,Iquique,1101,Iquique,País de nacimiento no declarado,53
1,Tarapacá,11,Iquique,1107,Alto Hospicio,Total nacidos fuera del país,37.628
1,Tarapacá,11,Iquique,1107,Alto Hospicio,Argentina,330
1,Tarapacá,11,Iquique,1107,Alto Hospicio,Bolivia (Estado Plurinacional de),20.614
1,Tarapacá,11,Iquique,1107,Alto Hospicio,Colombia,3.150
1,Tarapacá,11,Iquique,1107,Alto Hospicio,Haití,128
1,Tarapacá,11,Iquique,1107,Alto Hospicio,Perú,7.453
1,Tarapacá,11,Iquique,1107,Alto Hospicio,Venezuela (República Bolivariana de),3.728
1,Tarapacá,11,Iquique,1107,Alto Hospicio,Otros países de América del Sur,1.549
1,Tarapacá,11,Iquique,1107,Alto Hospicio,Otros países de América Central y El Caribe,477
1,Tarapacá,11,Iquique,1107,Alto Hospicio,América del Norte,*
1,Tarapacá,11,Iquique,1107,Alto Hospicio,Europa,64
1,Tarapacá,11,Iquique,1107,Alto Hospicio,Asia,95
1,Tarapacá,11,Iquique,1107,Alto Hospicio,África,*
1,Tarapacá,11,Iquique,1107,Alto Hospicio,Oceanía,*
1,Tarapacá,11,Iquique,1107,Alto Hospicio,País de nacimiento no declarado,7
1,Tarapacá,14,Del Tamarugal,1401,Pozo Almonte,Total nacidos fuera del país,3.695
1,Tarapacá,14,Del Tamarugal,1401,Pozo Almonte,Argentina,*
1,Tarapacá,14,Del Tamarugal,1401,Pozo Almonte,Bolivia (Estado Plurinacional de),2.618
1,Tarapacá,14,Del Tamarugal,1401,Pozo Almonte,Colombia,165
1,Tarapacá,14,Del Tamarugal,1401,Pozo Almonte,Haití,*
1,Tarapacá,14,Del Tamarugal,1401,Pozo Almonte,Perú,407
1,Tarapacá,14,Del Tamarugal,1401,Pozo Almonte,Venezuela (República Bolivariana de),355
1,Tarapacá,14,Del Tamarugal,1401,Pozo Almonte,Otros países de América del Sur,89
1,Tarapacá,14,Del Tamarugal,1401,Pozo Almonte,Otros países de América Central y El Caribe,*
1,Tarapacá,14,Del Tamarugal,1401,Pozo Almonte,América del Norte,*
1,Tarapacá,14,Del Tamarugal,1401,Pozo Almonte,Europa,*
1,Tarapacá,14,Del Tamarugal,1401,Pozo Almonte,Asia,*
1,Tarapacá,14,Del Tamarugal,1401,Pozo Almonte,África,0
1,Tarapacá,14,Del Tamarugal,1401,Pozo Almonte,Oceanía,0
1,Tarapacá,14,Del Tamarugal,1401,Pozo Almonte,País de nacimiento no declarado,1
1,Tarapacá,14,Del Tamarugal,1402,Camiña,Total nacidos fuera del país,245
1,Tarapacá,14,Del Tamarugal,1402,Camiña,Argentina,0
1,Tarapacá,14,Del Tamarugal,1402,Camiña,Bolivia (Estado Plurinacional de),231
1,Tarapacá,14,Del Tamarugal,1402,Camiña,Colombia,*
1,Tarapacá,14,Del Tamarugal,1402,Camiña,Haití,0
1,Tarapacá,14,Del Tamarugal,1402,Camiña,Perú,*
1,Tarapacá,14,Del Tamarugal,1402,Camiña,Venezuela (República Bolivariana de),*
1,Tarapacá,14,Del Tamarugal,1402,Camiña,Otros países de América del Sur,*
1,Tarapacá,14,Del Tamarugal,1402,Camiña,Otros países de América Central y El Caribe,0
1,Tarapacá,14,Del Tamarugal,1402,Camiña,América del Norte,0
1,Tarapacá,14,Del Tamarugal,1402,Camiña,Europa,0
1,Tarapacá,14,Del Tamarugal,1402,Camiña,Asia,0
1,Tarapacá,14,Del Tamarugal,1402,Camiña,África,0
1,Tarapacá,14,Del Tamarugal,1402,Camiña,Oceanía,0
1,Tarapacá,14,Del Tamarugal,1402,Camiña,País de nacimiento no declarado,0
1,Tarapacá,14,Del Tamarugal,1403,Colchane,Total nacidos fuera del país,338
1,Tarapacá,14,Del Tamarugal,1403,Colchane,Argentina,0
1,Tarapacá,14,Del Tamarugal,1403,Colchane,Bolivia (Estado Plurinacional de),244
1,Tarapacá,14,Del Tamarugal,1403,Colchane,Colombia,*
1,Tarapacá,14,Del Tamarugal,1403,Colchane,Haití,0
1,Tarapacá,14,Del Tamarugal,1403,Colchane,Perú,*
1,Tarapacá,14,Del Tamarugal,1403,Colchane,Venezuela (República Bolivariana de),81
1,Tarapacá,14,Del Tamarugal,1403,Colchane,Otros países de América del Sur,*
1,Tarapacá,14,Del Tamarugal,1403,Colchane,Otros países de América Central y El Caribe,0
1,Tarapacá,14,Del Tamarugal,1403,Colchane,América del Norte,0
1,Tarapacá,14,Del Tamarugal,1403,Colchane,Europa,0
1,Tarapacá,14,Del Tamarugal,1403,Colchane,Asia,0
1,Tarapacá,14,Del Tamarugal,1403,Colchane,África,0
1,Tarapacá,14,Del Tamarugal,1403,Colchane,Oceanía,0
1,Tarapacá,14,Del Tamarugal,1403,Colchane,País de nacimiento no declarado,0
1,Tarapacá,14,Del Tamarugal,1404,Huara,Total nacidos fuera del país,688
1,Tarapacá,14,Del Tamarugal,1404,Huara,Argentina,*
1,Tarapacá,14,Del Tamarugal,1404,Huara,Bolivia (Estado Plurinacional de),533
1,Tarapacá,14,Del Tamarugal,1404,Huara,Colombia,*
1,Tarapacá,14,Del Tamarugal,1404,Huara,Haití,0
1,Tarapacá,14,Del Tamarugal,1404,Huara,Perú,99
1,Tarapacá,14,Del Tamarugal,1404,Huara,Venezuela (República Bolivariana de),*
1,Tarapacá,14,Del Tamarugal,1404,Huara,Otros países de América del Sur,*
1,Tarapacá,14,Del Tamarugal,1404,Huara,Otros países de América Central y El Caribe,*
1,Tarapacá,14,Del Tamarugal,1404,Huara,América del Norte,0
1,Tarapacá,14,Del Tamarugal,1404,Huara,Europa,*
1,Tarapacá,14,Del Tamarugal,1404,Huara,Asia,*
1,Tarapacá,14,Del Tamarugal,1404,Huara,África,0
1,Tarapacá,14,Del Tamarugal,1404,Huara,Oceanía,0
1,Tarapacá,14,Del Tamarugal,1404,Huara,País de nacimiento no declarado,0
1,Tarapacá,14,Del Tamarugal,1405,Pica,Total nacidos fuera del país,1.686
1,Tarapacá,14,Del Tamarugal,1405,Pica,Argentina,*
1,Tarapacá,14,Del Tamarugal,1405,Pica,Bolivia (Estado Plurinacional de),1.466
1,Tarapacá,14,Del Tamarugal,1405,Pica,Colombia,*
1,Tarapacá,14,Del Tamarugal,1405,Pica,Haití,*
1,Tarapacá,14,Del Tamarugal,1405,Pica,Perú,55
1,Tarapacá,14,Del Tamarugal,1405,Pica,Venezuela (República Bolivariana de),87
1,Tarapacá,14,Del Tamarugal,1405,Pica,Otros países de América del Sur,*
1,Tarapacá,14,Del Tamarugal,1405,Pica,Otros países de América Central y El Caribe,*
1,Tarapacá,14,Del Tamarugal,1405,Pica,América del Norte,*
1,Tarapacá,14,Del Tamarugal,1405,Pica,Europa,*
1,Tarapacá,14,Del Tamarugal,1405,Pica,Asia,0
1,Tarapacá,14,Del Tamarugal,1405,Pica,África,*
1,Tarapacá,14,Del Tamarugal,1405,Pica,Oceanía,0
1,Tarapacá,14,Del Tamarugal,1405,Pica,País de nacimiento no declarado,0
2,Antofagasta,21,Antofagasta,2101,Antofagasta,Total nacidos fuera del país,76.793
2,Antofagasta,21,Antofagasta,2101,Antofagasta,Argentina,1.239
2,Antofagasta,21,Antofagasta,2101,Antofagasta,Bolivia (Estado Plurinacional de),19.940
2,Antofagasta,21,Antofagasta,2101,Antofagasta,Colombia,29.254
2,Antofagasta,21,Antofagasta,2101,Antofagasta,Haití,*
2,Antofagasta,21,Antofagasta,2101,Antofagasta,Perú,10.189
2,Antofagasta,21,Antofagasta,2101,Antofagasta,Venezuela (República Bolivariana de),11.528
2,Antofagasta,21,Antofagasta,2101,Antofagasta,Otros países de América del Sur,3.192
2,Antofagasta,21,Antofagasta,2101,Antofagasta,Otros países de América Central y El Caribe,610
2,Antofagasta,21,Antofagasta,2101,Antofagasta,América del Norte,108
2,Antofagasta,21,Antofagasta,2101,Antofagasta,Europa,370
2,Antofagasta,21,Antofagasta,2101,Antofagasta,Asia,238
2,Antofagasta,21,Antofagasta,2101,Antofagasta,África,*
2,Antofagasta,21,Antofagasta,2101,Antofagasta,Oceanía,*
2,Antofagasta,21,Antofagasta,2101,Antofagasta,País de nacimiento no declarado,39
2,Antofagasta,21,Antofagasta,2102,Mejillones,Total nacidos fuera del país,4.202
2,Antofagasta,21,Antofagasta,2102,Mejillones,Argentina,*
2,Antofagasta,21,Antofagasta,2102,Mejillones,Bolivia (Estado Plurinacional de),2.890
2,Antofagasta,21,Antofagasta,2102,Mejillones,Colombia,822
2,Antofagasta,21,Antofagasta,2102,Mejillones,Haití,*
2,Antofagasta,21,Antofagasta,2102,Mejillones,Perú,171
2,Antofagasta,21,Antofagasta,2102,Mejillones,Venezuela (República Bolivariana de),169
2,Antofagasta,21,Antofagasta,2102,Mejillones,Otros países de América del Sur,66
2,Antofagasta,21,Antofagasta,2102,Mejillones,Otros países de América Central y El Caribe,*
2,Antofagasta,21,Antofagasta,2102,Mejillones,América del Norte,*
2,Antofagasta,21,Antofagasta,2102,Mejillones,Europa,*
2,Antofagasta,21,Antofagasta,2102,Mejillones,Asia,*
2,Antofagasta,21,Antofagasta,2102,Mejillones,África,*
2,Antofagasta,21,Antofagasta,2102,Mejillones,Oceanía,0
2,Antofagasta,21,Antofagasta,2102,Mejillones,País de nacimiento no declarado,0
2,Antofagasta,21,Antofagasta,2103,Sierra Gorda,Total nacidos fuera del país,468
2,Antofagasta,21,Antofagasta,2103,Sierra Gorda,Argentina,*
2,Antofagasta,21,Antofagasta,2103,Sierra Gorda,Bolivia (Estado Plurinacional de),350
2,Antofagasta,21,Antofagasta,2103,Sierra Gorda,Colombia,*
2,Antofagasta,21,Antofagasta,2103,Sierra Gorda,Haití,0
2,Antofagasta,21,Antofagasta,2103,Sierra Gorda,Perú,*
2,Antofagasta,21,Antofagasta,2103,Sierra Gorda,Venezuela (República Bolivariana de),*
2,Antofagasta,21,Antofagasta,2103,Sierra Gorda,Otros países de América del Sur,*
2,Antofagasta,21,Antofagasta,2103,Sierra Gorda,Otros países de América Central y El Caribe,*
2,Antofagasta,21,Antofagasta,2103,Sierra Gorda,América del Norte,0
2,Antofagasta,21,Antofagasta,2103,Sierra Gorda,Europa,*
2,Antofagasta,21,Antofagasta,2103,Sierra Gorda,Asia,0
2,Antofagasta,21,Antofagasta,2103,Sierra Gorda,África,0
2,Antofagasta,21,Antofagasta,2103,Sierra Gorda,Oceanía,0
2,Antofagasta,21,Antofagasta,2103,Sierra Gorda,País de nacimiento no declarado,0
2,Antofagasta,21,Antofagasta,2104,Taltal,Total nacidos fuera del país,948
2,Antofagasta,21,Antofagasta,2104,Taltal,Argentina,*
2,Antofagasta,21,Antofagasta,2104,Taltal,Bolivia (Estado Plurinacional de),206
2,Antofagasta,21,Antofagasta,2104,Taltal,Colombia,395
2,Antofagasta,21,Antofagasta,2104,Taltal,Haití,*
2,Antofagasta,21,Antofagasta,2104,Taltal,Perú,140
2,Antofagasta,21,Antofagasta,2104,Taltal,Venezuela (República Bolivariana de),127
2,Antofagasta,21,Antofagasta,2104,Taltal,Otros países de América del Sur,63
2,Antofagasta,21,Antofagasta,2104,Taltal,Otros países de América Central y El Caribe,*
2,Antofagasta,21,Antofagasta,2104,Taltal,América del Norte,0
2,Antofagasta,21,Antofagasta,2104,Taltal,Europa,*
2,Antofagasta,21,Antofagasta,2104,Taltal,Asia,0
2,Antofagasta,21,Antofagasta,2104,Taltal,África,0
2,Antofagasta,21,Antofagasta,2104,Taltal,Oceanía,0
2,Antofagasta,21,Antofagasta,2104,Taltal,País de nacimiento no declarado,0
2,Antofagasta,22,El Loa,2201,Calama,Total nacidos fuera del país,35.221
2,Antofagasta,22,El Loa,2201,Calama,Argentina,568
2,Antofagasta,22,El Loa,2201,Calama,Bolivia (Estado Plurinacional de),22.577
2,Antofagasta,22,El Loa,2201,Calama,Colombia,4.083
2,Antofagasta,22,El Loa,2201,Calama,Haití,*
2,Antofagasta,22,El Loa,2201,Calama,Perú,2.933
2,Antofagasta,22,El Loa,2201,Calama,Venezuela (República Bolivariana de),3.807
2,Antofagasta,22,El Loa,2201,Calama,Otros países de América del Sur,755
2,Antofagasta,22,El Loa,2201,Calama,Otros países de América Central y El Caribe,229
2,Antofagasta,22,El Loa,2201,Calama,América del Norte,*
2,Antofagasta,22,El Loa,2201,Calama,Europa,105
2,Antofagasta,22,El Loa,2201,Calama,Asia,81
2,Antofagasta,22,El Loa,2201,Calama,África,*
2,Antofagasta,22,El Loa,2201,Calama,Oceanía,*
2,Antofagasta,22,El Loa,2201,Calama,País de nacimiento no declarado,36
2,Antofagasta,22,El Loa,2202,Ollagüe,Total nacidos fuera del país,62
2,Antofagasta,22,El Loa,2202,Ollagüe,Argentina,0
2,Antofagasta,22,El Loa,2202,Ollagüe,Bolivia (Estado Plurinacional de),59
2,Antofagasta,22,El Loa,2202,Ollagüe,Colombia,0
2,Antofagasta,22,El Loa,2202,Ollagüe,Haití,0
2,Antofagasta,22,El Loa,2202,Ollagüe,Perú,*
2,Antofagasta,22,El Loa,2202,Ollagüe,Venezuela (República Bolivariana de),*
2,Antofagasta,22,El Loa,2202,Ollagüe,Otros países de América del Sur,0
2,Antofagasta,22,El Loa,2202,Ollagüe,Otros países de América Central y El Caribe,0
2,Antofagasta,22,El Loa,2202,Ollagüe,América del Norte,0
2,Antofagasta,22,El Loa,2202,Ollagüe,Europa,0
2,Antofagasta,22,El Loa,2202,Ollagüe,Asia,0
2,Antofagasta,22,El Loa,2202,Ollagüe,África,0
2,Antofagasta,22,El Loa,2202,Ollagüe,Oceanía,0
2,Antofagasta,22,El Loa,2202,Ollagüe,País de nacimiento no declarado,0
2,Antofagasta,22,El Loa,2203,San Pedro de Atacama,Total nacidos fuera del país,2.740
2,Antofagasta,22,El Loa,2203,San Pedro de Atacama,Argentina,92
2,Antofagasta,22,El Loa,2203,San Pedro de Atacama,Bolivia (Estado Plurinacional de),2.049
2,Antofagasta,22,El Loa,2203,San Pedro de Atacama,Colombia,106
2,Antofagasta,22,El Loa,2203,San Pedro de Atacama,Haití,*
2,Antofagasta,22,El Loa,2203,San Pedro de Atacama,Perú,261
2,Antofagasta,22,El Loa,2203,San Pedro de Atacama,Venezuela (República Bolivariana de),82
2,Antofagasta,22,El Loa,2203,San Pedro de Atacama,Otros países de América del Sur,79
2,Antofagasta,22,El Loa,2203,San Pedro de Atacama,Otros países de América Central y El Caribe,*
2,Antofagasta,22,El Loa,2203,San Pedro de Atacama,América del Norte,0
2,Antofagasta,22,El Loa,2203,San Pedro de Atacama,Europa,*
2,Antofagasta,22,El Loa,2203,San Pedro de Atacama,Asia,*
2,Antofagasta,22,El Loa,2203,San Pedro de Atacama,África,*
2,Antofagasta,22,El Loa,2203,San Pedro de Atacama,Oceanía,0
2,Antofagasta,22,El Loa,2203,San Pedro de Atacama,País de nacimiento no declarado,0
2,Antofagasta,23,Tocopilla,2301,Tocopilla,Total nacidos fuera del país,2.802
2,Antofagasta,23,Tocopilla,2301,Tocopilla,Argentina,*
2,Antofagasta,23,Tocopilla,2301,Tocopilla,Bolivia (Estado Plurinacional de),1.194
2,Antofagasta,23,Tocopilla,2301,Tocopilla,Colombia,806
2,Antofagasta,23,Tocopilla,2301,Tocopilla,Haití,0
2,Antofagasta,23,Tocopilla,2301,Tocopilla,Perú,310
2,Antofagasta,23,Tocopilla,2301,Tocopilla,Venezuela (República Bolivariana de),333
2,Antofagasta,23,Tocopilla,2301,Tocopilla,Otros países de América del Sur,79
2,Antofagasta,23,Tocopilla,2301,Tocopilla,Otros países de América Central y El Caribe,*
2,Antofagasta,23,Tocopilla,2301,Tocopilla,América del Norte,*
2,Antofagasta,23,Tocopilla,2301,Tocopilla,Europa,*
2,Antofagasta,23,Tocopilla,2301,Tocopilla,Asia,*
2,Antofagasta,23,Tocopilla,2301,Tocopilla,África,*
2,Antofagasta,23,Tocopilla,2301,Tocopilla,Oceanía,0
2,Antofagasta,23,Tocopilla,2301,Tocopilla,País de nacimiento no declarado,9
2,Antofagasta,23,Tocopilla,2302,María Elena,Total nacidos fuera del país,770
2,Antofagasta,23,Tocopilla,2302,María Elena,Argentina,*
2,Antofagasta,23,Tocopilla,2302,María Elena,Bolivia (Estado Plurinacional de),548
2,Antofagasta,23,Tocopilla,2302,María Elena,Colombia,108
2,Antofagasta,23,Tocopilla,2302,María Elena,Haití,0
2,Antofagasta,23,Tocopilla,2302,María Elena,Perú,54
2,Antofagasta,23,Tocopilla,2302,María Elena,Venezuela (República Bolivariana de),*
2,Antofagasta,23,Tocopilla,2302,María Elena,Otros países de América del Sur,*
2,Antofagasta,23,Tocopilla,2302,María Elena,Otros países de América Central y El Caribe,*
2,Antofagasta,23,Tocopilla,2302,María Elena,América del Norte,0
2,Antofagasta,23,Tocopilla,2302,María Elena,Europa,*
2,Antofagasta,23,Tocopilla,2302,María Elena,Asia,0
2,Antofagasta,23,Tocopilla,2302,María Elena,África,0
2,Antofagasta,23,Tocopilla,2302,María Elena,Oceanía,0
2,Antofagasta,23,Tocopilla,2302,María Elena,País de nacimiento no declarado,1
3,Atacama,31,Copiapó,3101,Copiapó,Total nacidos fuera del país,19.207
3,Atacama,31,Copiapó,3101,Copiapó,Argentina,364
3,Atacama,31,Copiapó,3101,Copiapó,Bolivia (Estado Plurinacional de),7.278
3,Atacama,31,Copiapó,3101,Copiapó,Colombia,3.338
3,Atacama,31,Copiapó,3101,Copiapó,Haití,71
3,Atacama,31,Copiapó,3101,Copiapó,Perú,1.869
3,Atacama,31,Copiapó,3101,Copiapó,Venezuela (República Bolivariana de),4.766
3,Atacama,31,Copiapó,3101,Copiapó,Otros países de América del Sur,896
3,Atacama,31,Copiapó,3101,Copiapó,Otros países de América Central y El Caribe,304
3,Atacama,31,Copiapó,3101,Copiapó,América del Norte,*
3,Atacama,31,Copiapó,3101,Copiapó,Europa,137
3,Atacama,31,Copiapó,3101,Copiapó,Asia,142
3,Atacama,31,Copiapó,3101,Copiapó,África,*
3,Atacama,31,Copiapó,3101,Copiapó,Oceanía,0
3,Atacama,31,Copiapó,3101,Copiapó,País de nacimiento no declarado,14
3,Atacama,31,Copiapó,3102,Caldera,Total nacidos fuera del país,1.114
3,Atacama,31,Copiapó,3102,Caldera,Argentina,*
3,Atacama,31,Copiapó,3102,Caldera,Bolivia (Estado Plurinacional de),128
3,Atacama,31,Copiapó,3102,Caldera,Colombia,227
3,Atacama,31,Copiapó,3102,Caldera,Haití,*
3,Atacama,31,Copiapó,3102,Caldera,Perú,133
3,Atacama,31,Copiapó,3102,Caldera,Venezuela (República Bolivariana de),365
3,Atacama,31,Copiapó,3102,Caldera,Otros países de América del Sur,108
3,Atacama,31,Copiapó,3102,Caldera,Otros países de América Central y El Caribe,67
3,Atacama,31,Copiapó,3102,Caldera,América del Norte,*
3,Atacama,31,Copiapó,3102,Caldera,Europa,*
3,Atacama,31,Copiapó,3102,Caldera,Asia,*
3,Atacama,31,Copiapó,3102,Caldera,África,*
3,Atacama,31,Copiapó,3102,Caldera,Oceanía,*
3,Atacama,31,Copiapó,3102,Caldera,País de nacimiento no declarado,0
3,Atacama,31,Copiapó,3103,Tierra Amarilla,Total nacidos fuera del país,682
3,Atacama,31,Copiapó,3103,Tierra Amarilla,Argentina,*
3,Atacama,31,Copiapó,3103,Tierra Amarilla,Bolivia (Estado Plurinacional de),388
3,Atacama,31,Copiapó,3103,Tierra Amarilla,Colombia,113
3,Atacama,31,Copiapó,3103,Tierra Amarilla,Haití,*
3,Atacama,31,Copiapó,3103,Tierra Amarilla,Perú,*
3,Atacama,31,Copiapó,3103,Tierra Amarilla,Venezuela (República Bolivariana de),56
3,Atacama,31,Copiapó,3103,Tierra Amarilla,Otros países de América del Sur,*
3,Atacama,31,Copiapó,3103,Tierra Amarilla,Otros países de América Central y El Caribe,*
3,Atacama,31,Copiapó,3103,Tierra Amarilla,América del Norte,0
3,Atacama,31,Copiapó,3103,Tierra Amarilla,Europa,*
3,Atacama,31,Copiapó,3103,Tierra Amarilla,Asia,*
3,Atacama,31,Copiapó,3103,Tierra Amarilla,África,*
3,Atacama,31,Copiapó,3103,Tierra Amarilla,Oceanía,0
3,Atacama,31,Copiapó,3103,Tierra Amarilla,País de nacimiento no declarado,0
3,Atacama,32,Chañaral,3201,Chañaral,Total nacidos fuera del país,463
3,Atacama,32,Chañaral,3201,Chañaral,Argentina,*
3,Atacama,32,Chañaral,3201,Chañaral,Bolivia (Estado Plurinacional de),160
3,Atacama,32,Chañaral,3201,Chañaral,Colombia,106
3,Atacama,32,Chañaral,3201,Chañaral,Haití,0
3,Atacama,32,Chañaral,3201,Chañaral,Perú,63
3,Atacama,32,Chañaral,3201,Chañaral,Venezuela (República Bolivariana de),100
3,Atacama,32,Chañaral,3201,Chañaral,Otros países de América del Sur,*
3,Atacama,32,Chañaral,3201,Chañaral,Otros países de América Central y El Caribe,*
3,Atacama,32,Chañaral,3201,Chañaral,América del Norte,*
3,Atacama,32,Chañaral,3201,Chañaral,Europa,*
3,Atacama,32,Chañaral,3201,Chañaral,Asia,*
3,Atacama,32,Chañaral,3201,Chañaral,África,0
3,Atacama,32,Chañaral,3201,Chañaral,Oceanía,0
3,Atacama,32,Chañaral,3201,Chañaral,País de nacimiento no declarado,0
3,Atacama,32,Chañaral,3202,Diego de Almagro,Total nacidos fuera del país,735
3,Atacama,32,Chañaral,3202,Diego de Almagro,Argentina,*
3,Atacama,32,Chañaral,3202,Diego de Almagro,Bolivia (Estado Plurinacional de),77
3,Atacama,32,Chañaral,3202,Diego de Almagro,Colombia,300
3,Atacama,32,Chañaral,3202,Diego de Almagro,Haití,*
3,Atacama,32,Chañaral,3202,Diego de Almagro,Perú,56
3,Atacama,32,Chañaral,3202,Diego de Almagro,Venezuela (República Bolivariana de),154
3,Atacama,32,Chañaral,3202,Diego de Almagro,Otros países de América del Sur,*
3,Atacama,32,Chañaral,3202,Diego de Almagro,Otros países de América Central y El Caribe,69
3,Atacama,32,Chañaral,3202,Diego de Almagro,América del Norte,0
3,Atacama,32,Chañaral,3202,Diego de Almagro,Europa,*
3,Atacama,32,Chañaral,3202,Diego de Almagro,Asia,0
3,Atacama,32,Chañaral,3202,Diego de Almagro,África,0
3,Atacama,32,Chañaral,3202,Diego de Almagro,Oceanía,*
3,Atacama,32,Chañaral,3202,Diego de Almagro,País de nacimiento no declarado,1
3,Atacama,33,Huasco,3301,Vallenar,Total nacidos fuera del país,2.336
3,Atacama,33,Huasco,3301,Vallenar,Argentina,61
3,Atacama,33,Huasco,3301,Vallenar,Bolivia (Estado Plurinacional de),318
3,Atacama,33,Huasco,3301,Vallenar,Colombia,681
3,Atacama,33,Huasco,3301,Vallenar,Haití,*
3,Atacama,33,Huasco,3301,Vallenar,Perú,127
3,Atacama,33,Huasco,3301,Vallenar,Venezuela (República Bolivariana de),926
3,Atacama,33,Huasco,3301,Vallenar,Otros países de América del Sur,72
3,Atacama,33,Huasco,3301,Vallenar,Otros países de América Central y El Caribe,*
3,Atacama,33,Huasco,3301,Vallenar,América del Norte,*
3,Atacama,33,Huasco,3301,Vallenar,Europa,*
3,Atacama,33,Huasco,3301,Vallenar,Asia,*
3,Atacama,33,Huasco,3301,Vallenar,África,*
3,Atacama,33,Huasco,3301,Vallenar,Oceanía,*
3,Atacama,33,Huasco,3301,Vallenar,País de nacimiento no declarado,6
3,Atacama,33,Huasco,3302,Alto del Carmen,Total nacidos fuera del país,86
3,Atacama,33,Huasco,3302,Alto del Carmen,Argentina,*
3,Atacama,33,Huasco,3302,Alto del Carmen,Bolivia (Estado Plurinacional de),*
3,Atacama,33,Huasco,3302,Alto del Carmen,Colombia,*
3,Atacama,33,Huasco,3302,Alto del Carmen,Haití,0
3,Atacama,33,Huasco,3302,Alto del Carmen,Perú,*
3,Atacama,33,Huasco,3302,Alto del Carmen,Venezuela (República Bolivariana de),*
3,Atacama,33,Huasco,3302,Alto del Carmen,Otros países de América del Sur,*
3,Atacama,33,Huasco,3302,Alto del Carmen,Otros países de América Central y El Caribe,*
3,Atacama,33,Huasco,3302,Alto del Carmen,América del Norte,*
3,Atacama,33,Huasco,3302,Alto del Carmen,Europa,*
3,Atacama,33,Huasco,3302,Alto del Carmen,Asia,0
3,Atacama,33,Huasco,3302,Alto del Carmen,África,0
3,Atacama,33,Huasco,3302,Alto del Carmen,Oceanía,0
3,Atacama,33,Huasco,3302,Alto del Carmen,País de nacimiento no declarado,0
3,Atacama,33,Huasco,3303,Freirina,Total nacidos fuera del país,92
3,Atacama,33,Huasco,3303,Freirina,Argentina,*
3,Atacama,33,Huasco,3303,Freirina,Bolivia (Estado Plurinacional de),*
3,Atacama,33,Huasco,3303,Freirina,Colombia,*
3,Atacama,33,Huasco,3303,Freirina,Haití,0
3,Atacama,33,Huasco,3303,Freirina,Perú,*
3,Atacama,33,Huasco,3303,Freirina,Venezuela (República Bolivariana de),*
3,Atacama,33,Huasco,3303,Freirina,Otros países de América del Sur,*
3,Atacama,33,Huasco,3303,Freirina,Otros países de América Central y El Caribe,*
3,Atacama,33,Huasco,3303,Freirina,América del Norte,0
3,Atacama,33,Huasco,3303,Freirina,Europa,*
3,Atacama,33,Huasco,3303,Freirina,Asia,*
3,Atacama,33,Huasco,3303,Freirina,África,0
3,Atacama,33,Huasco,3303,Freirina,Oceanía,0
3,Atacama,33,Huasco,3303,Freirina,País de nacimiento no declarado,0
3,Atacama,33,Huasco,3304,Huasco,Total nacidos fuera del país,452
3,Atacama,33,Huasco,3304,Huasco,Argentina,*
3,Atacama,33,Huasco,3304,Huasco,Bolivia (Estado Plurinacional de),83
3,Atacama,33,Huasco,3304,Huasco,Colombia,146
3,Atacama,33,Huasco,3304,Huasco,Haití,*
3,Atacama,33,Huasco,3304,Huasco,Perú,*
3,Atacama,33,Huasco,3304,Huasco,Venezuela (República Bolivariana de),119
3,Atacama,33,Huasco,3304,Huasco,Otros países de América del Sur,*
3,Atacama,33,Huasco,3304,Huasco,Otros países de América Central y El Caribe,*
3,Atacama,33,Huasco,3304,Huasco,América del Norte,0
3,Atacama,33,Huasco,3304,Huasco,Europa,*
3,Atacama,33,Huasco,3304,Huasco,Asia,*
3,Atacama,33,Huasco,3304,Huasco,África,0
3,Atacama,33,Huasco,3304,Huasco,Oceanía,0
3,Atacama,33,Huasco,3304,Huasco,País de nacimiento no declarado,0
4,Coquimbo,41,Elqui,4101,La Serena,Total nacidos fuera del país,15.544
4,Coquimbo,41,Elqui,4101,La Serena,Argentina,889
4,Coquimbo,41,Elqui,4101,La Serena,Bolivia (Estado Plurinacional de),833
4,Coquimbo,41,Elqui,4101,La Serena,Colombia,2.790
4,Coquimbo,41,Elqui,4101,La Serena,Haití,399
4,Coquimbo,41,Elqui,4101,La Serena,Perú,904
4,Coquimbo,41,Elqui,4101,La Serena,Venezuela (República Bolivariana de),7.816
4,Coquimbo,41,Elqui,4101,La Serena,Otros países de América del Sur,674
4,Coquimbo,41,Elqui,4101,La Serena,Otros países de América Central y El Caribe,383
4,Coquimbo,41,Elqui,4101,La Serena,América del Norte,126
4,Coquimbo,41,Elqui,4101,La Serena,Europa,492
4,Coquimbo,41,Elqui,4101,La Serena,Asia,191
4,Coquimbo,41,Elqui,4101,La Serena,África,*
4,Coquimbo,41,Elqui,4101,La Serena,Oceanía,*
4,Coquimbo,41,Elqui,4101,La Serena,País de nacimiento no declarado,12
4,Coquimbo,41,Elqui,4102,Coquimbo,Total nacidos fuera del país,16.971
4,Coquimbo,41,Elqui,4102,Coquimbo,Argentina,932
4,Coquimbo,41,Elqui,4102,Coquimbo,Bolivia (Estado Plurinacional de),1.318
4,Coquimbo,41,Elqui,4102,Coquimbo,Colombia,2.982
4,Coquimbo,41,Elqui,4102,Coquimbo,Haití,1.099
4,Coquimbo,41,Elqui,4102,Coquimbo,Perú,1.017
4,Coquimbo,41,Elqui,4102,Coquimbo,Venezuela (República Bolivariana de),7.662
4,Coquimbo,41,Elqui,4102,Coquimbo,Otros países de América del Sur,1.028
4,Coquimbo,41,Elqui,4102,Coquimbo,Otros países de América Central y El Caribe,414
4,Coquimbo,41,Elqui,4102,Coquimbo,América del Norte,77
4,Coquimbo,41,Elqui,4102,Coquimbo,Europa,304
4,Coquimbo,41,Elqui,4102,Coquimbo,Asia,114
4,Coquimbo,41,Elqui,4102,Coquimbo,África,*
4,Coquimbo,41,Elqui,4102,Coquimbo,Oceanía,*
4,Coquimbo,41,Elqui,4102,Coquimbo,País de nacimiento no declarado,9
4,Coquimbo,41,Elqui,4103,Andacollo,Total nacidos fuera del país,135
4,Coquimbo,41,Elqui,4103,Andacollo,Argentina,*
4,Coquimbo,41,Elqui,4103,Andacollo,Bolivia (Estado Plurinacional de),*
4,Coquimbo,41,Elqui,4103,Andacollo,Colombia,*
4,Coquimbo,41,Elqui,4103,Andacollo,Haití,0
4,Coquimbo,41,Elqui,4103,Andacollo,Perú,*
4,Coquimbo,41,Elqui,4103,Andacollo,Venezuela (República Bolivariana de),*
4,Coquimbo,41,Elqui,4103,Andacollo,Otros países de América del Sur,*
4,Coquimbo,41,Elqui,4103,Andacollo,Otros países de América Central y El Caribe,*
4,Coquimbo,41,Elqui,4103,Andacollo,América del Norte,*
4,Coquimbo,41,Elqui,4103,Andacollo,Europa,*
4,Coquimbo,41,Elqui,4103,Andacollo,Asia,*
4,Coquimbo,41,Elqui,4103,Andacollo,África,0
4,Coquimbo,41,Elqui,4103,Andacollo,Oceanía,0
4,Coquimbo,41,Elqui,4103,Andacollo,País de nacimiento no declarado,0
4,Coquimbo,41,Elqui,4104,La Higuera,Total nacidos fuera del país,110
4,Coquimbo,41,Elqui,4104,La Higuera,Argentina,*
4,Coquimbo,41,Elqui,4104,La Higuera,Bolivia (Estado Plurinacional de),*
4,Coquimbo,41,Elqui,4104,La Higuera,Colombia,*
4,Coquimbo,41,Elqui,4104,La Higuera,Haití,*
4,Coquimbo,41,Elqui,4104,La Higuera,Perú,*
4,Coquimbo,41,Elqui,4104,La Higuera,Venezuela (República Bolivariana de),*
4,Coquimbo,41,Elqui,4104,La Higuera,Otros países de América del Sur,*
4,Coquimbo,41,Elqui,4104,La Higuera,Otros países de América Central y El Caribe,*
4,Coquimbo,41,Elqui,4104,La Higuera,América del Norte,*
4,Coquimbo,41,Elqui,4104,La Higuera,Europa,*
4,Coquimbo,41,Elqui,4104,La Higuera,Asia,0
4,Coquimbo,41,Elqui,4104,La Higuera,África,0
4,Coquimbo,41,Elqui,4104,La Higuera,Oceanía,*
4,Coquimbo,41,Elqui,4104,La Higuera,País de nacimiento no declarado,0
4,Coquimbo,41,Elqui,4105,Paiguano,Total nacidos fuera del país,122
4,Coquimbo,41,Elqui,4105,Paiguano,Argentina,*
4,Coquimbo,41,Elqui,4105,Paiguano,Bolivia (Estado Plurinacional de),*
4,Coquimbo,41,Elqui,4105,Paiguano,Colombia,*
4,Coquimbo,41,Elqui,4105,Paiguano,Haití,*
4,Coquimbo,41,Elqui,4105,Paiguano,Perú,*
4,Coquimbo,41,Elqui,4105,Paiguano,Venezuela (República Bolivariana de),*
4,Coquimbo,41,Elqui,4105,Paiguano,Otros países de América del Sur,*
4,Coquimbo,41,Elqui,4105,Paiguano,Otros países de América Central y El Caribe,*
4,Coquimbo,41,Elqui,4105,Paiguano,América del Norte,*
4,Coquimbo,41,Elqui,4105,Paiguano,Europa,*
4,Coquimbo,41,Elqui,4105,Paiguano,Asia,0
4,Coquimbo,41,Elqui,4105,Paiguano,África,0
4,Coquimbo,41,Elqui,4105,Paiguano,Oceanía,0
4,Coquimbo,41,Elqui,4105,Paiguano,País de nacimiento no declarado,0
4,Coquimbo,41,Elqui,4106,Vicuña,Total nacidos fuera del país,1.239
4,Coquimbo,41,Elqui,4106,Vicuña,Argentina,51
4,Coquimbo,41,Elqui,4106,Vicuña,Bolivia (Estado Plurinacional de),448
4,Coquimbo,41,Elqui,4106,Vicuña,Colombia,72
4,Coquimbo,41,Elqui,4106,Vicuña,Haití,68
4,Coquimbo,41,Elqui,4106,Vicuña,Perú,61
4,Coquimbo,41,Elqui,4106,Vicuña,Venezuela (República Bolivariana de),405
4,Coquimbo,41,Elqui,4106,Vicuña,Otros países de América del Sur,64
4,Coquimbo,41,Elqui,4106,Vicuña,Otros países de América Central y El Caribe,*
4,Coquimbo,41,Elqui,4106,Vicuña,América del Norte,*
4,Coquimbo,41,Elqui,4106,Vicuña,Europa,*
4,Coquimbo,41,Elqui,4106,Vicuña,Asia,*
4,Coquimbo,41,Elqui,4106,Vicuña,África,*
4,Coquimbo,41,Elqui,4106,Vicuña,Oceanía,*
4,Coquimbo,41,Elqui,4106,Vicuña,País de nacimiento no declarado,0
4,Coquimbo,42,Choapa,4201,Illapel,Total nacidos fuera del país,988
4,Coquimbo,42,Choapa,4201,Illapel,Argentina,55
4,Coquimbo,42,Choapa,4201,Illapel,Bolivia (Estado Plurinacional de),66
4,Coquimbo,42,Choapa,4201,Illapel,Colombia,70
4,Coquimbo,42,Choapa,4201,Illapel,Haití,*
4,Coquimbo,42,Choapa,4201,Illapel,Perú,123
4,Coquimbo,42,Choapa,4201,Illapel,Venezuela (República Bolivariana de),533
4,Coquimbo,42,Choapa,4201,Illapel,Otros países de América del Sur,59
4,Coquimbo,42,Choapa,4201,Illapel,Otros países de América Central y El Caribe,*
4,Coquimbo,42,Choapa,4201,Illapel,América del Norte,*
4,Coquimbo,42,Choapa,4201,Illapel,Europa,*
4,Coquimbo,42,Choapa,4201,Illapel,Asia,*
4,Coquimbo,42,Choapa,4201,Illapel,África,*
4,Coquimbo,42,Choapa,4201,Illapel,Oceanía,*
4,Coquimbo,42,Choapa,4201,Illapel,País de nacimiento no declarado,0
4,Coquimbo,42,Choapa,4202,Canela,Total nacidos fuera del país,88
4,Coquimbo,42,Choapa,4202,Canela,Argentina,*
4,Coquimbo,42,Choapa,4202,Canela,Bolivia (Estado Plurinacional de),*
4,Coquimbo,42,Choapa,4202,Canela,Colombia,*
4,Coquimbo,42,Choapa,4202,Canela,Haití,0
4,Coquimbo,42,Choapa,4202,Canela,Perú,*
4,Coquimbo,42,Choapa,4202,Canela,Venezuela (República Bolivariana de),*
4,Coquimbo,42,Choapa,4202,Canela,Otros países de América del Sur,*
4,Coquimbo,42,Choapa,4202,Canela,Otros países de América Central y El Caribe,*
4,Coquimbo,42,Choapa,4202,Canela,América del Norte,0
4,Coquimbo,42,Choapa,4202,Canela,Europa,*
4,Coquimbo,42,Choapa,4202,Canela,Asia,*
4,Coquimbo,42,Choapa,4202,Canela,África,0
4,Coquimbo,42,Choapa,4202,Canela,Oceanía,0
4,Coquimbo,42,Choapa,4202,Canela,País de nacimiento no declarado,0
4,Coquimbo,42,Choapa,4203,Los Vilos,Total nacidos fuera del país,1.382
4,Coquimbo,42,Choapa,4203,Los Vilos,Argentina,62
4,Coquimbo,42,Choapa,4203,Los Vilos,Bolivia (Estado Plurinacional de),*
4,Coquimbo,42,Choapa,4203,Los Vilos,Colombia,213
4,Coquimbo,42,Choapa,4203,Los Vilos,Haití,*
4,Coquimbo,42,Choapa,4203,Los Vilos,Perú,52
4,Coquimbo,42,Choapa,4203,Los Vilos,Venezuela (República Bolivariana de),853
4,Coquimbo,42,Choapa,4203,Los Vilos,Otros países de América del Sur,*
4,Coquimbo,42,Choapa,4203,Los Vilos,Otros países de América Central y El Caribe,*
4,Coquimbo,42,Choapa,4203,Los Vilos,América del Norte,0
4,Coquimbo,42,Choapa,4203,Los Vilos,Europa,*
4,Coquimbo,42,Choapa,4203,Los Vilos,Asia,*
4,Coquimbo,42,Choapa,4203,Los Vilos,África,*
4,Coquimbo,42,Choapa,4203,Los Vilos,Oceanía,*
4,Coquimbo,42,Choapa,4203,Los Vilos,País de nacimiento no declarado,0
4,Coquimbo,42,Choapa,4204,Salamanca,Total nacidos fuera del país,1.271
4,Coquimbo,42,Choapa,4204,Salamanca,Argentina,*
4,Coquimbo,42,Choapa,4204,Salamanca,Bolivia (Estado Plurinacional de),84
4,Coquimbo,42,Choapa,4204,Salamanca,Colombia,141
4,Coquimbo,42,Choapa,4204,Salamanca,Haití,*
4,Coquimbo,42,Choapa,4204,Salamanca,Perú,242
4,Coquimbo,42,Choapa,4204,Salamanca,Venezuela (República Bolivariana de),504
4,Coquimbo,42,Choapa,4204,Salamanca,Otros países de América del Sur,123
4,Coquimbo,42,Choapa,4204,Salamanca,Otros países de América Central y El Caribe,55
4,Coquimbo,42,Choapa,4204,Salamanca,América del Norte,*
4,Coquimbo,42,Choapa,4204,Salamanca,Europa,*
4,Coquimbo,42,Choapa,4204,Salamanca,Asia,*
4,Coquimbo,42,Choapa,4204,Salamanca,África,*
4,Coquimbo,42,Choapa,4204,Salamanca,Oceanía,0
4,Coquimbo,42,Choapa,4204,Salamanca,País de nacimiento no declarado,0
4,Coquimbo,43,Limarí,4301,Ovalle,Total nacidos fuera del país,5.834
4,Coquimbo,43,Limarí,4301,Ovalle,Argentina,164
4,Coquimbo,43,Limarí,4301,Ovalle,Bolivia (Estado Plurinacional de),1.325
4,Coquimbo,43,Limarí,4301,Ovalle,Colombia,934
4,Coquimbo,43,Limarí,4301,Ovalle,Haití,349
4,Coquimbo,43,Limarí,4301,Ovalle,Perú,459
4,Coquimbo,43,Limarí,4301,Ovalle,Venezuela (República Bolivariana de),2.120
4,Coquimbo,43,Limarí,4301,Ovalle,Otros países de América del Sur,250
4,Coquimbo,43,Limarí,4301,Ovalle,Otros países de América Central y El Caribe,90
4,Coquimbo,43,Limarí,4301,Ovalle,América del Norte,*
4,Coquimbo,43,Limarí,4301,Ovalle,Europa,*
4,Coquimbo,43,Limarí,4301,Ovalle,Asia,68
4,Coquimbo,43,Limarí,4301,Ovalle,África,*
4,Coquimbo,43,Limarí,4301,Ovalle,Oceanía,0
4,Coquimbo,43,Limarí,4301,Ovalle,País de nacimiento no declarado,8
4,Coquimbo,43,Limarí,4302,Combarbalá,Total nacidos fuera del país,168
4,Coquimbo,43,Limarí,4302,Combarbalá,Argentina,*
4,Coquimbo,43,Limarí,4302,Combarbalá,Bolivia (Estado Plurinacional de),*
4,Coquimbo,43,Limarí,4302,Combarbalá,Colombia,*
4,Coquimbo,43,Limarí,4302,Combarbalá,Haití,*
4,Coquimbo,43,Limarí,4302,Combarbalá,Perú,*
4,Coquimbo,43,Limarí,4302,Combarbalá,Venezuela (República Bolivariana de),76
4,Coquimbo,43,Limarí,4302,Combarbalá,Otros países de América del Sur,*
4,Coquimbo,43,Limarí,4302,Combarbalá,Otros países de América Central y El Caribe,*
4,Coquimbo,43,Limarí,4302,Combarbalá,América del Norte,*
4,Coquimbo,43,Limarí,4302,Combarbalá,Europa,*
4,Coquimbo,43,Limarí,4302,Combarbalá,Asia,0
4,Coquimbo,43,Limarí,4302,Combarbalá,África,0
4,Coquimbo,43,Limarí,4302,Combarbalá,Oceanía,*
4,Coquimbo,43,Limarí,4302,Combarbalá,País de nacimiento no declarado,0
4,Coquimbo,43,Limarí,4303,Monte Patria,Total nacidos fuera del país,452
4,Coquimbo,43,Limarí,4303,Monte Patria,Argentina,*
4,Coquimbo,43,Limarí,4303,Monte Patria,Bolivia (Estado Plurinacional de),198
4,Coquimbo,43,Limarí,4303,Monte Patria,Colombia,*
4,Coquimbo,43,Limarí,4303,Monte Patria,Haití,*
4,Coquimbo,43,Limarí,4303,Monte Patria,Perú,*
4,Coquimbo,43,Limarí,4303,Monte Patria,Venezuela (República Bolivariana de),*
4,Coquimbo,43,Limarí,4303,Monte Patria,Otros países de América del Sur,*
4,Coquimbo,43,Limarí,4303,Monte Patria,Otros países de América Central y El Caribe,*
4,Coquimbo,43,Limarí,4303,Monte Patria,América del Norte,*
4,Coquimbo,43,Limarí,4303,Monte Patria,Europa,*
4,Coquimbo,43,Limarí,4303,Monte Patria,Asia,*
4,Coquimbo,43,Limarí,4303,Monte Patria,África,*
4,Coquimbo,43,Limarí,4303,Monte Patria,Oceanía,0
4,Coquimbo,43,Limarí,4303,Monte Patria,País de nacimiento no declarado,0
4,Coquimbo,43,Limarí,4304,Punitaqui,Total nacidos fuera del país,236
4,Coquimbo,43,Limarí,4304,Punitaqui,Argentina,*
4,Coquimbo,43,Limarí,4304,Punitaqui,Bolivia (Estado Plurinacional de),108
4,Coquimbo,43,Limarí,4304,Punitaqui,Colombia,*
4,Coquimbo,43,Limarí,4304,Punitaqui,Haití,*
4,Coquimbo,43,Limarí,4304,Punitaqui,Perú,*
4,Coquimbo,43,Limarí,4304,Punitaqui,Venezuela (República Bolivariana de),*
4,Coquimbo,43,Limarí,4304,Punitaqui,Otros países de América del Sur,*
4,Coquimbo,43,Limarí,4304,Punitaqui,Otros países de América Central y El Caribe,*
4,Coquimbo,43,Limarí,4304,Punitaqui,América del Norte,0
4,Coquimbo,43,Limarí,4304,Punitaqui,Europa,*
4,Coquimbo,43,Limarí,4304,Punitaqui,Asia,0
4,Coquimbo,43,Limarí,4304,Punitaqui,África,*
4,Coquimbo,43,Limarí,4304,Punitaqui,Oceanía,0
4,Coquimbo,43,Limarí,4304,Punitaqui,País de nacimiento no declarado,0
4,Coquimbo,43,Limarí,4305,Río Hurtado,Total nacidos fuera del país,*
4,Coquimbo,43,Limarí,4305,Río Hurtado,Argentina,*
4,Coquimbo,43,Limarí,4305,Río Hurtado,Bolivia (Estado Plurinacional de),*
4,Coquimbo,43,Limarí,4305,Río Hurtado,Colombia,*
4,Coquimbo,43,Limarí,4305,Río Hurtado,Haití,*
4,Coquimbo,43,Limarí,4305,Río Hurtado,Perú,*
4,Coquimbo,43,Limarí,4305,Río Hurtado,Venezuela (República Bolivariana de),*
4,Coquimbo,43,Limarí,4305,Río Hurtado,Otros países de América del Sur,*
4,Coquimbo,43,Limarí,4305,Río Hurtado,Otros países de América Central y El Caribe,0
4,Coquimbo,43,Limarí,4305,Río Hurtado,América del Norte,0
4,Coquimbo,43,Limarí,4305,Río Hurtado,Europa,*
4,Coquimbo,43,Limarí,4305,Río Hurtado,Asia,0
4,Coquimbo,43,Limarí,4305,Río Hurtado,África,0
4,Coquimbo,43,Limarí,4305,Río Hurtado,Oceanía,0
4,Coquimbo,43,Limarí,4305,Río Hurtado,País de nacimiento no declarado,0
5,Valparaíso,51,Valparaíso,5101,Valparaíso,Total nacidos fuera del país,13.223
5,Valparaíso,51,Valparaíso,5101,Valparaíso,Argentina,1.174
5,Valparaíso,51,Valparaíso,5101,Valparaíso,Bolivia (Estado Plurinacional de),260
5,Valparaíso,51,Valparaíso,5101,Valparaíso,Colombia,1.336
5,Valparaíso,51,Valparaíso,5101,Valparaíso,Haití,489
5,Valparaíso,51,Valparaíso,5101,Valparaíso,Perú,761
5,Valparaíso,51,Valparaíso,5101,Valparaíso,Venezuela (República Bolivariana de),6.951
5,Valparaíso,51,Valparaíso,5101,Valparaíso,Otros países de América del Sur,652
5,Valparaíso,51,Valparaíso,5101,Valparaíso,Otros países de América Central y El Caribe,417
5,Valparaíso,51,Valparaíso,5101,Valparaíso,América del Norte,196
5,Valparaíso,51,Valparaíso,5101,Valparaíso,Europa,793
5,Valparaíso,51,Valparaíso,5101,Valparaíso,Asia,127
5,Valparaíso,51,Valparaíso,5101,Valparaíso,África,*
5,Valparaíso,51,Valparaíso,5101,Valparaíso,Oceanía,*
5,Valparaíso,51,Valparaíso,5101,Valparaíso,País de nacimiento no declarado,13
5,Valparaíso,51,Valparaíso,5102,Casablanca,Total nacidos fuera del país,2.250
5,Valparaíso,51,Valparaíso,5102,Casablanca,Argentina,83
5,Valparaíso,51,Valparaíso,5102,Casablanca,Bolivia (Estado Plurinacional de),*
5,Valparaíso,51,Valparaíso,5102,Casablanca,Colombia,126
5,Valparaíso,51,Valparaíso,5102,Casablanca,Haití,149
5,Valparaíso,51,Valparaíso,5102,Casablanca,Perú,84
5,Valparaíso,51,Valparaíso,5102,Casablanca,Venezuela (República Bolivariana de),1.567
5,Valparaíso,51,Valparaíso,5102,Casablanca,Otros países de América del Sur,74
5,Valparaíso,51,Valparaíso,5102,Casablanca,Otros países de América Central y El Caribe,*
5,Valparaíso,51,Valparaíso,5102,Casablanca,América del Norte,*
5,Valparaíso,51,Valparaíso,5102,Casablanca,Europa,55
5,Valparaíso,51,Valparaíso,5102,Casablanca,Asia,*
5,Valparaíso,51,Valparaíso,5102,Casablanca,África,*
5,Valparaíso,51,Valparaíso,5102,Casablanca,Oceanía,*
5,Valparaíso,51,Valparaíso,5102,Casablanca,País de nacimiento no declarado,2
5,Valparaíso,51,Valparaíso,5103,Concón,Total nacidos fuera del país,4.065
5,Valparaíso,51,Valparaíso,5103,Concón,Argentina,369
5,Valparaíso,51,Valparaíso,5103,Concón,Bolivia (Estado Plurinacional de),*
5,Valparaíso,51,Valparaíso,5103,Concón,Colombia,366
5,Valparaíso,51,Valparaíso,5103,Concón,Haití,*
5,Valparaíso,51,Valparaíso,5103,Concón,Perú,286
5,Valparaíso,51,Valparaíso,5103,Concón,Venezuela (República Bolivariana de),1.994
5,Valparaíso,51,Valparaíso,5103,Concón,Otros países de América del Sur,312
5,Valparaíso,51,Valparaíso,5103,Concón,Otros países de América Central y El Caribe,102
5,Valparaíso,51,Valparaíso,5103,Concón,América del Norte,151
5,Valparaíso,51,Valparaíso,5103,Concón,Europa,330
5,Valparaíso,51,Valparaíso,5103,Concón,Asia,*
5,Valparaíso,51,Valparaíso,5103,Concón,África,*
5,Valparaíso,51,Valparaíso,5103,Concón,Oceanía,*
5,Valparaíso,51,Valparaíso,5103,Concón,País de nacimiento no declarado,6
5,Valparaíso,51,Valparaíso,5104,Juan Fernández,Total nacidos fuera del país,*
5,Valparaíso,51,Valparaíso,5104,Juan Fernández,Argentina,*
5,Valparaíso,51,Valparaíso,5104,Juan Fernández,Bolivia (Estado Plurinacional de),0
5,Valparaíso,51,Valparaíso,5104,Juan Fernández,Colombia,*
5,Valparaíso,51,Valparaíso,5104,Juan Fernández,Haití,0
5,Valparaíso,51,Valparaíso,5104,Juan Fernández,Perú,*
5,Valparaíso,51,Valparaíso,5104,Juan Fernández,Venezuela (República Bolivariana de),*
5,Valparaíso,51,Valparaíso,5104,Juan Fernández,Otros países de América del Sur,*
5,Valparaíso,51,Valparaíso,5104,Juan Fernández,Otros países de América Central y El Caribe,*
5,Valparaíso,51,Valparaíso,5104,Juan Fernández,América del Norte,*
5,Valparaíso,51,Valparaíso,5104,Juan Fernández,Europa,*
5,Valparaíso,51,Valparaíso,5104,Juan Fernández,Asia,0
5,Valparaíso,51,Valparaíso,5104,Juan Fernández,África,0
5,Valparaíso,51,Valparaíso,5104,Juan Fernández,Oceanía,0
5,Valparaíso,51,Valparaíso,5104,Juan Fernández,País de nacimiento no declarado,0
5,Valparaíso,51,Valparaíso,5105,Puchuncaví,Total nacidos fuera del país,949
5,Valparaíso,51,Valparaíso,5105,Puchuncaví,Argentina,106
5,Valparaíso,51,Valparaíso,5105,Puchuncaví,Bolivia (Estado Plurinacional de),*
5,Valparaíso,51,Valparaíso,5105,Puchuncaví,Colombia,191
5,Valparaíso,51,Valparaíso,5105,Puchuncaví,Haití,78
5,Valparaíso,51,Valparaíso,5105,Puchuncaví,Perú,73
5,Valparaíso,51,Valparaíso,5105,Puchuncaví,Venezuela (República Bolivariana de),324
5,Valparaíso,51,Valparaíso,5105,Puchuncaví,Otros países de América del Sur,*
5,Valparaíso,51,Valparaíso,5105,Puchuncaví,Otros países de América Central y El Caribe,*
5,Valparaíso,51,Valparaíso,5105,Puchuncaví,América del Norte,*
5,Valparaíso,51,Valparaíso,5105,Puchuncaví,Europa,*
5,Valparaíso,51,Valparaíso,5105,Puchuncaví,Asia,*
5,Valparaíso,51,Valparaíso,5105,Puchuncaví,África,0
5,Valparaíso,51,Valparaíso,5105,Puchuncaví,Oceanía,*
5,Valparaíso,51,Valparaíso,5105,Puchuncaví,País de nacimiento no declarado,0
5,Valparaíso,51,Valparaíso,5107,Quintero,Total nacidos fuera del país,1.833
5,Valparaíso,51,Valparaíso,5107,Quintero,Argentina,166
5,Valparaíso,51,Valparaíso,5107,Quintero,Bolivia (Estado Plurinacional de),56
5,Valparaíso,51,Valparaíso,5107,Quintero,Colombia,159
5,Valparaíso,51,Valparaíso,5107,Quintero,Haití,376
5,Valparaíso,51,Valparaíso,5107,Quintero,Perú,125
5,Valparaíso,51,Valparaíso,5107,Quintero,Venezuela (República Bolivariana de),579
5,Valparaíso,51,Valparaíso,5107,Quintero,Otros países de América del Sur,189
5,Valparaíso,51,Valparaíso,5107,Quintero,Otros países de América Central y El Caribe,*
5,Valparaíso,51,Valparaíso,5107,Quintero,América del Norte,*
5,Valparaíso,51,Valparaíso,5107,Quintero,Europa,105
5,Valparaíso,51,Valparaíso,5107,Quintero,Asia,*
5,Valparaíso,51,Valparaíso,5107,Quintero,África,*
5,Valparaíso,51,Valparaíso,5107,Quintero,Oceanía,*
5,Valparaíso,51,Valparaíso,5107,Quintero,País de nacimiento no declarado,2
5,Valparaíso,51,Valparaíso,5109,Viña del Mar,Total nacidos fuera del país,21.597
5,Valparaíso,51,Valparaíso,5109,Viña del Mar,Argentina,1.997
5,Valparaíso,51,Valparaíso,5109,Viña del Mar,Bolivia (Estado Plurinacional de),352
5,Valparaíso,51,Valparaíso,5109,Viña del Mar,Colombia,1.881
5,Valparaíso,51,Valparaíso,5109,Viña del Mar,Haití,461
5,Valparaíso,51,Valparaíso,5109,Viña del Mar,Perú,1.380
5,Valparaíso,51,Valparaíso,5109,Viña del Mar,Venezuela (República Bolivariana de),11.483
5,Valparaíso,51,Valparaíso,5109,Viña del Mar,Otros países de América del Sur,1.279
5,Valparaíso,51,Valparaíso,5109,Viña del Mar,Otros países de América Central y El Caribe,618
5,Valparaíso,51,Valparaíso,5109,Viña del Mar,América del Norte,468
5,Valparaíso,51,Valparaíso,5109,Viña del Mar,Europa,1.296
5,Valparaíso,51,Valparaíso,5109,Viña del Mar,Asia,278
5,Valparaíso,51,Valparaíso,5109,Viña del Mar,África,*
5,Valparaíso,51,Valparaíso,5109,Viña del Mar,Oceanía,*
5,Valparaíso,51,Valparaíso,5109,Viña del Mar,País de nacimiento no declarado,26
5,Valparaíso,52,Isla de Pascua,5201,Isla de Pascua,Total nacidos fuera del país,182
5,Valparaíso,52,Isla de Pascua,5201,Isla de Pascua,Argentina,*
5,Valparaíso,52,Isla de Pascua,5201,Isla de Pascua,Bolivia (Estado Plurinacional de),*
5,Valparaíso,52,Isla de Pascua,5201,Isla de Pascua,Colombia,*
5,Valparaíso,52,Isla de Pascua,5201,Isla de Pascua,Haití,*
5,Valparaíso,52,Isla de Pascua,5201,Isla de Pascua,Perú,*
5,Valparaíso,52,Isla de Pascua,5201,Isla de Pascua,Venezuela (República Bolivariana de),*
5,Valparaíso,52,Isla de Pascua,5201,Isla de Pascua,Otros países de América del Sur,*
5,Valparaíso,52,Isla de Pascua,5201,Isla de Pascua,Otros países de América Central y El Caribe,*
5,Valparaíso,52,Isla de Pascua,5201,Isla de Pascua,América del Norte,*
5,Valparaíso,52,Isla de Pascua,5201,Isla de Pascua,Europa,*
5,Valparaíso,52,Isla de Pascua,5201,Isla de Pascua,Asia,*
5,Valparaíso,52,Isla de Pascua,5201,Isla de Pascua,África,0
5,Valparaíso,52,Isla de Pascua,5201,Isla de Pascua,Oceanía,*
5,Valparaíso,52,Isla de Pascua,5201,Isla de Pascua,País de nacimiento no declarado,2
5,Valparaíso,53,Los Andes,5301,Los Andes,Total nacidos fuera del país,4.086
5,Valparaíso,53,Los Andes,5301,Los Andes,Argentina,463
5,Valparaíso,53,Los Andes,5301,Los Andes,Bolivia (Estado Plurinacional de),177
5,Valparaíso,53,Los Andes,5301,Los Andes,Colombia,747
5,Valparaíso,53,Los Andes,5301,Los Andes,Haití,67
5,Valparaíso,53,Los Andes,5301,Los Andes,Perú,230
5,Valparaíso,53,Los Andes,5301,Los Andes,Venezuela (República Bolivariana de),2.010
5,Valparaíso,53,Los Andes,5301,Los Andes,Otros países de América del Sur,201
5,Valparaíso,53,Los Andes,5301,Los Andes,Otros países de América Central y El Caribe,78
5,Valparaíso,53,Los Andes,5301,Los Andes,América del Norte,*
5,Valparaíso,53,Los Andes,5301,Los Andes,Europa,*
5,Valparaíso,53,Los Andes,5301,Los Andes,Asia,*
5,Valparaíso,53,Los Andes,5301,Los Andes,África,*
5,Valparaíso,53,Los Andes,5301,Los Andes,Oceanía,*
5,Valparaíso,53,Los Andes,5301,Los Andes,País de nacimiento no declarado,3
5,Valparaíso,53,Los Andes,5302,Calle Larga,Total nacidos fuera del país,528
5,Valparaíso,53,Los Andes,5302,Calle Larga,Argentina,101
5,Valparaíso,53,Los Andes,5302,Calle Larga,Bolivia (Estado Plurinacional de),*
5,Valparaíso,53,Los Andes,5302,Calle Larga,Colombia,66
5,Valparaíso,53,Los Andes,5302,Calle Larga,Haití,*
5,Valparaíso,53,Los Andes,5302,Calle Larga,Perú,*
5,Valparaíso,53,Los Andes,5302,Calle Larga,Venezuela (República Bolivariana de),188
5,Valparaíso,53,Los Andes,5302,Calle Larga,Otros países de América del Sur,*
5,Valparaíso,53,Los Andes,5302,Calle Larga,Otros países de América Central y El Caribe,*
5,Valparaíso,53,Los Andes,5302,Calle Larga,América del Norte,*
5,Valparaíso,53,Los Andes,5302,Calle Larga,Europa,*
5,Valparaíso,53,Los Andes,5302,Calle Larga,Asia,*
5,Valparaíso,53,Los Andes,5302,Calle Larga,África,*
5,Valparaíso,53,Los Andes,5302,Calle Larga,Oceanía,0
5,Valparaíso,53,Los Andes,5302,Calle Larga,País de nacimiento no declarado,0
5,Valparaíso,53,Los Andes,5303,Rinconada,Total nacidos fuera del país,379
5,Valparaíso,53,Los Andes,5303,Rinconada,Argentina,81
5,Valparaíso,53,Los Andes,5303,Rinconada,Bolivia (Estado Plurinacional de),*
5,Valparaíso,53,Los Andes,5303,Rinconada,Colombia,52
5,Valparaíso,53,Los Andes,5303,Rinconada,Haití,*
5,Valparaíso,53,Los Andes,5303,Rinconada,Perú,*
5,Valparaíso,53,Los Andes,5303,Rinconada,Venezuela (República Bolivariana de),82
5,Valparaíso,53,Los Andes,5303,Rinconada,Otros países de América del Sur,*
5,Valparaíso,53,Los Andes,5303,Rinconada,Otros países de América Central y El Caribe,*
5,Valparaíso,53,Los Andes,5303,Rinconada,América del Norte,*
5,Valparaíso,53,Los Andes,5303,Rinconada,Europa,*
5,Valparaíso,53,Los Andes,5303,Rinconada,Asia,*
5,Valparaíso,53,Los Andes,5303,Rinconada,África,*
5,Valparaíso,53,Los Andes,5303,Rinconada,Oceanía,0
5,Valparaíso,53,Los Andes,5303,Rinconada,País de nacimiento no declarado,1
5,Valparaíso,53,Los Andes,5304,San Esteban,Total nacidos fuera del país,593
5,Valparaíso,53,Los Andes,5304,San Esteban,Argentina,141
5,Valparaíso,53,Los Andes,5304,San Esteban,Bolivia (Estado Plurinacional de),*
5,Valparaíso,53,Los Andes,5304,San Esteban,Colombia,83
5,Valparaíso,53,Los Andes,5304,San Esteban,Haití,*
5,Valparaíso,53,Los Andes,5304,San Esteban,Perú,*
5,Valparaíso,53,Los Andes,5304,San Esteban,Venezuela (República Bolivariana de),218
5,Valparaíso,53,Los Andes,5304,San Esteban,Otros países de América del Sur,*
5,Valparaíso,53,Los Andes,5304,San Esteban,Otros países de América Central y El Caribe,*
5,Valparaíso,53,Los Andes,5304,San Esteban,América del Norte,*
5,Valparaíso,53,Los Andes,5304,San Esteban,Europa,*
5,Valparaíso,53,Los Andes,5304,San Esteban,Asia,*
5,Valparaíso,53,Los Andes,5304,San Esteban,África,*
5,Valparaíso,53,Los Andes,5304,San Esteban,Oceanía,0
5,Valparaíso,53,Los Andes,5304,San Esteban,País de nacimiento no declarado,1
5,Valparaíso,54,Petorca,5401,La Ligua,Total nacidos fuera del país,1.651
5,Valparaíso,54,Petorca,5401,La Ligua,Argentina,103
5,Valparaíso,54,Petorca,5401,La Ligua,Bolivia (Estado Plurinacional de),52
5,Valparaíso,54,Petorca,5401,La Ligua,Colombia,145
5,Valparaíso,54,Petorca,5401,La Ligua,Haití,294
5,Valparaíso,54,Petorca,5401,La Ligua,Perú,83
5,Valparaíso,54,Petorca,5401,La Ligua,Venezuela (República Bolivariana de),817
5,Valparaíso,54,Petorca,5401,La Ligua,Otros países de América del Sur,52
5,Valparaíso,54,Petorca,5401,La Ligua,Otros países de América Central y El Caribe,56
5,Valparaíso,54,Petorca,5401,La Ligua,América del Norte,*
5,Valparaíso,54,Petorca,5401,La Ligua,Europa,*
5,Valparaíso,54,Petorca,5401,La Ligua,Asia,*
5,Valparaíso,54,Petorca,5401,La Ligua,África,*
5,Valparaíso,54,Petorca,5401,La Ligua,Oceanía,*
5,Valparaíso,54,Petorca,5401,La Ligua,País de nacimiento no declarado,0
5,Valparaíso,54,Petorca,5402,Cabildo,Total nacidos fuera del país,461
5,Valparaíso,54,Petorca,5402,Cabildo,Argentina,*
5,Valparaíso,54,Petorca,5402,Cabildo,Bolivia (Estado Plurinacional de),172
5,Valparaíso,54,Petorca,5402,Cabildo,Colombia,71
5,Valparaíso,54,Petorca,5402,Cabildo,Haití,*
5,Valparaíso,54,Petorca,5402,Cabildo,Perú,*
5,Valparaíso,54,Petorca,5402,Cabildo,Venezuela (República Bolivariana de),79
5,Valparaíso,54,Petorca,5402,Cabildo,Otros países de América del Sur,*
5,Valparaíso,54,Petorca,5402,Cabildo,Otros países de América Central y El Caribe,*
5,Valparaíso,54,Petorca,5402,Cabildo,América del Norte,*
5,Valparaíso,54,Petorca,5402,Cabildo,Europa,*
5,Valparaíso,54,Petorca,5402,Cabildo,Asia,*
5,Valparaíso,54,Petorca,5402,Cabildo,África,*
5,Valparaíso,54,Petorca,5402,Cabildo,Oceanía,0
5,Valparaíso,54,Petorca,5402,Cabildo,País de nacimiento no declarado,0
5,Valparaíso,54,Petorca,5403,Papudo,Total nacidos fuera del país,377
5,Valparaíso,54,Petorca,5403,Papudo,Argentina,*
5,Valparaíso,54,Petorca,5403,Papudo,Bolivia (Estado Plurinacional de),*
5,Valparaíso,54,Petorca,5403,Papudo,Colombia,*
5,Valparaíso,54,Petorca,5403,Papudo,Haití,*
5,Valparaíso,54,Petorca,5403,Papudo,Perú,*
5,Valparaíso,54,Petorca,5403,Papudo,Venezuela (República Bolivariana de),221
5,Valparaíso,54,Petorca,5403,Papudo,Otros países de América del Sur,*
5,Valparaíso,54,Petorca,5403,Papudo,Otros países de América Central y El Caribe,*
5,Valparaíso,54,Petorca,5403,Papudo,América del Norte,*
5,Valparaíso,54,Petorca,5403,Papudo,Europa,*
5,Valparaíso,54,Petorca,5403,Papudo,Asia,*
5,Valparaíso,54,Petorca,5403,Papudo,África,0
5,Valparaíso,54,Petorca,5403,Papudo,Oceanía,*
5,Valparaíso,54,Petorca,5403,Papudo,País de nacimiento no declarado,0
5,Valparaíso,54,Petorca,5404,Petorca,Total nacidos fuera del país,199
5,Valparaíso,54,Petorca,5404,Petorca,Argentina,*
5,Valparaíso,54,Petorca,5404,Petorca,Bolivia (Estado Plurinacional de),57
5,Valparaíso,54,Petorca,5404,Petorca,Colombia,*
5,Valparaíso,54,Petorca,5404,Petorca,Haití,*
5,Valparaíso,54,Petorca,5404,Petorca,Perú,*
5,Valparaíso,54,Petorca,5404,Petorca,Venezuela (República Bolivariana de),*
5,Valparaíso,54,Petorca,5404,Petorca,Otros países de América del Sur,*
5,Valparaíso,54,Petorca,5404,Petorca,Otros países de América Central y El Caribe,0
5,Valparaíso,54,Petorca,5404,Petorca,América del Norte,*
5,Valparaíso,54,Petorca,5404,Petorca,Europa,*
5,Valparaíso,54,Petorca,5404,Petorca,Asia,*
5,Valparaíso,54,Petorca,5404,Petorca,África,0
5,Valparaíso,54,Petorca,5404,Petorca,Oceanía,0
5,Valparaíso,54,Petorca,5404,Petorca,País de nacimiento no declarado,0
5,Valparaíso,54,Petorca,5405,Zapallar,Total nacidos fuera del país,228
5,Valparaíso,54,Petorca,5405,Zapallar,Argentina,*
5,Valparaíso,54,Petorca,5405,Zapallar,Bolivia (Estado Plurinacional de),*
5,Valparaíso,54,Petorca,5405,Zapallar,Colombia,*
5,Valparaíso,54,Petorca,5405,Zapallar,Haití,*
5,Valparaíso,54,Petorca,5405,Zapallar,Perú,*
5,Valparaíso,54,Petorca,5405,Zapallar,Venezuela (República Bolivariana de),62
5,Valparaíso,54,Petorca,5405,Zapallar,Otros países de América del Sur,*
5,Valparaíso,54,Petorca,5405,Zapallar,Otros países de América Central y El Caribe,*
5,Valparaíso,54,Petorca,5405,Zapallar,América del Norte,*
5,Valparaíso,54,Petorca,5405,Zapallar,Europa,*
5,Valparaíso,54,Petorca,5405,Zapallar,Asia,*
5,Valparaíso,54,Petorca,5405,Zapallar,África,*
5,Valparaíso,54,Petorca,5405,Zapallar,Oceanía,0
5,Valparaíso,54,Petorca,5405,Zapallar,País de nacimiento no declarado,1
5,Valparaíso,55,Quillota,5501,Quillota,Total nacidos fuera del país,7.951
5,Valparaíso,55,Quillota,5501,Quillota,Argentina,389
5,Valparaíso,55,Quillota,5501,Quillota,Bolivia (Estado Plurinacional de),108
5,Valparaíso,55,Quillota,5501,Quillota,Colombia,660
5,Valparaíso,55,Quillota,5501,Quillota,Haití,296
5,Valparaíso,55,Quillota,5501,Quillota,Perú,243
5,Valparaíso,55,Quillota,5501,Quillota,Venezuela (República Bolivariana de),5.652
5,Valparaíso,55,Quillota,5501,Quillota,Otros países de América del Sur,253
5,Valparaíso,55,Quillota,5501,Quillota,Otros países de América Central y El Caribe,98
5,Valparaíso,55,Quillota,5501,Quillota,América del Norte,*
5,Valparaíso,55,Quillota,5501,Quillota,Europa,119
5,Valparaíso,55,Quillota,5501,Quillota,Asia,58
5,Valparaíso,55,Quillota,5501,Quillota,África,*
5,Valparaíso,55,Quillota,5501,Quillota,Oceanía,*
5,Valparaíso,55,Quillota,5501,Quillota,País de nacimiento no declarado,7
5,Valparaíso,55,Quillota,5502,Calera,Total nacidos fuera del país,2.991
5,Valparaíso,55,Quillota,5502,Calera,Argentina,218
5,Valparaíso,55,Quillota,5502,Calera,Bolivia (Estado Plurinacional de),69
5,Valparaíso,55,Quillota,5502,Calera,Colombia,388
5,Valparaíso,55,Quillota,5502,Calera,Haití,384
5,Valparaíso,55,Quillota,5502,Calera,Perú,115
5,Valparaíso,55,Quillota,5502,Calera,Venezuela (República Bolivariana de),1.586
5,Valparaíso,55,Quillota,5502,Calera,Otros países de América del Sur,121
5,Valparaíso,55,Quillota,5502,Calera,Otros países de América Central y El Caribe,*
5,Valparaíso,55,Quillota,5502,Calera,América del Norte,*
5,Valparaíso,55,Quillota,5502,Calera,Europa,*
5,Valparaíso,55,Quillota,5502,Calera,Asia,*
5,Valparaíso,55,Quillota,5502,Calera,África,*
5,Valparaíso,55,Quillota,5502,Calera,Oceanía,*
5,Valparaíso,55,Quillota,5502,Calera,País de nacimiento no declarado,0
5,Valparaíso,55,Quillota,5503,Hijuelas,Total nacidos fuera del país,832
5,Valparaíso,55,Quillota,5503,Hijuelas,Argentina,*
5,Valparaíso,55,Quillota,5503,Hijuelas,Bolivia (Estado Plurinacional de),260
5,Valparaíso,55,Quillota,5503,Hijuelas,Colombia,87
5,Valparaíso,55,Quillota,5503,Hijuelas,Haití,*
5,Valparaíso,55,Quillota,5503,Hijuelas,Perú,51
5,Valparaíso,55,Quillota,5503,Hijuelas,Venezuela (República Bolivariana de),257
5,Valparaíso,55,Quillota,5503,Hijuelas,Otros países de América del Sur,52
5,Valparaíso,55,Quillota,5503,Hijuelas,Otros países de América Central y El Caribe,*
5,Valparaíso,55,Quillota,5503,Hijuelas,América del Norte,*
5,Valparaíso,55,Quillota,5503,Hijuelas,Europa,*
5,Valparaíso,55,Quillota,5503,Hijuelas,Asia,*
5,Valparaíso,55,Quillota,5503,Hijuelas,África,0
5,Valparaíso,55,Quillota,5503,Hijuelas,Oceanía,*
5,Valparaíso,55,Quillota,5503,Hijuelas,País de nacimiento no declarado,1
5,Valparaíso,55,Quillota,5504,La Cruz,Total nacidos fuera del país,1.454
5,Valparaíso,55,Quillota,5504,La Cruz,Argentina,97
5,Valparaíso,55,Quillota,5504,La Cruz,Bolivia (Estado Plurinacional de),60
5,Valparaíso,55,Quillota,5504,La Cruz,Colombia,117
5,Valparaíso,55,Quillota,5504,La Cruz,Haití,*
5,Valparaíso,55,Quillota,5504,La Cruz,Perú,54
5,Valparaíso,55,Quillota,5504,La Cruz,Venezuela (República Bolivariana de),947
5,Valparaíso,55,Quillota,5504,La Cruz,Otros países de América del Sur,72
5,Valparaíso,55,Quillota,5504,La Cruz,Otros países de América Central y El Caribe,*
5,Valparaíso,55,Quillota,5504,La Cruz,América del Norte,*
5,Valparaíso,55,Quillota,5504,La Cruz,Europa,*
5,Valparaíso,55,Quillota,5504,La Cruz,Asia,*
5,Valparaíso,55,Quillota,5504,La Cruz,África,*
5,Valparaíso,55,Quillota,5504,La Cruz,Oceanía,*
5,Valparaíso,55,Quillota,5504,La Cruz,País de nacimiento no declarado,0
5,Valparaíso,55,Quillota,5506,Nogales,Total nacidos fuera del país,528
5,Valparaíso,55,Quillota,5506,Nogales,Argentina,*
5,Valparaíso,55,Quillota,5506,Nogales,Bolivia (Estado Plurinacional de),*
5,Valparaíso,55,Quillota,5506,Nogales,Colombia,*
5,Valparaíso,55,Quillota,5506,Nogales,Haití,*
5,Valparaíso,55,Quillota,5506,Nogales,Perú,56
5,Valparaíso,55,Quillota,5506,Nogales,Venezuela (República Bolivariana de),210
5,Valparaíso,55,Quillota,5506,Nogales,Otros países de América del Sur,*
5,Valparaíso,55,Quillota,5506,Nogales,Otros países de América Central y El Caribe,*
5,Valparaíso,55,Quillota,5506,Nogales,América del Norte,*
5,Valparaíso,55,Quillota,5506,Nogales,Europa,*
5,Valparaíso,55,Quillota,5506,Nogales,Asia,*
5,Valparaíso,55,Quillota,5506,Nogales,África,0
5,Valparaíso,55,Quillota,5506,Nogales,Oceanía,0
5,Valparaíso,55,Quillota,5506,Nogales,País de nacimiento no declarado,0
5,Valparaíso,56,San Antonio,5601,San Antonio,Total nacidos fuera del país,5.216
5,Valparaíso,56,San Antonio,5601,San Antonio,Argentina,286
5,Valparaíso,56,San Antonio,5601,San Antonio,Bolivia (Estado Plurinacional de),122
5,Valparaíso,56,San Antonio,5601,San Antonio,Colombia,672
5,Valparaíso,56,San Antonio,5601,San Antonio,Haití,631
5,Valparaíso,56,San Antonio,5601,San Antonio,Perú,318
5,Valparaíso,56,San Antonio,5601,San Antonio,Venezuela (República Bolivariana de),2.479
5,Valparaíso,56,San Antonio,5601,San Antonio,Otros países de América del Sur,442
5,Valparaíso,56,San Antonio,5601,San Antonio,Otros países de América Central y El Caribe,125
5,Valparaíso,56,San Antonio,5601,San Antonio,América del Norte,*
5,Valparaíso,56,San Antonio,5601,San Antonio,Europa,67
5,Valparaíso,56,San Antonio,5601,San Antonio,Asia,*
5,Valparaíso,56,San Antonio,5601,San Antonio,África,*
5,Valparaíso,56,San Antonio,5601,San Antonio,Oceanía,*
5,Valparaíso,56,San Antonio,5601,San Antonio,País de nacimiento no declarado,3
5,Valparaíso,56,San Antonio,5602,Algarrobo,Total nacidos fuera del país,701
5,Valparaíso,56,San Antonio,5602,Algarrobo,Argentina,93
5,Valparaíso,56,San Antonio,5602,Algarrobo,Bolivia (Estado Plurinacional de),*
5,Valparaíso,56,San Antonio,5602,Algarrobo,Colombia,74
5,Valparaíso,56,San Antonio,5602,Algarrobo,Haití,*
5,Valparaíso,56,San Antonio,5602,Algarrobo,Perú,65
5,Valparaíso,56,San Antonio,5602,Algarrobo,Venezuela (República Bolivariana de),248
5,Valparaíso,56,San Antonio,5602,Algarrobo,Otros países de América del Sur,53
5,Valparaíso,56,San Antonio,5602,Algarrobo,Otros países de América Central y El Caribe,*
5,Valparaíso,56,San Antonio,5602,Algarrobo,América del Norte,*
5,Valparaíso,56,San Antonio,5602,Algarrobo,Europa,68
5,Valparaíso,56,San Antonio,5602,Algarrobo,Asia,*
5,Valparaíso,56,San Antonio,5602,Algarrobo,África,*
5,Valparaíso,56,San Antonio,5602,Algarrobo,Oceanía,*
5,Valparaíso,56,San Antonio,5602,Algarrobo,País de nacimiento no declarado,3
5,Valparaíso,56,San Antonio,5603,Cartagena,Total nacidos fuera del país,900
5,Valparaíso,56,San Antonio,5603,Cartagena,Argentina,98
5,Valparaíso,56,San Antonio,5603,Cartagena,Bolivia (Estado Plurinacional de),*
5,Valparaíso,56,San Antonio,5603,Cartagena,Colombia,107
5,Valparaíso,56,San Antonio,5603,Cartagena,Haití,*
5,Valparaíso,56,San Antonio,5603,Cartagena,Perú,62
5,Valparaíso,56,San Antonio,5603,Cartagena,Venezuela (República Bolivariana de),426
5,Valparaíso,56,San Antonio,5603,Cartagena,Otros países de América del Sur,58
5,Valparaíso,56,San Antonio,5603,Cartagena,Otros países de América Central y El Caribe,*
5,Valparaíso,56,San Antonio,5603,Cartagena,América del Norte,*
5,Valparaíso,56,San Antonio,5603,Cartagena,Europa,*
5,Valparaíso,56,San Antonio,5603,Cartagena,Asia,*
5,Valparaíso,56,San Antonio,5603,Cartagena,África,*
5,Valparaíso,56,San Antonio,5603,Cartagena,Oceanía,*
5,Valparaíso,56,San Antonio,5603,Cartagena,País de nacimiento no declarado,2
5,Valparaíso,56,San Antonio,5604,El Quisco,Total nacidos fuera del país,1.263
5,Valparaíso,56,San Antonio,5604,El Quisco,Argentina,128
5,Valparaíso,56,San Antonio,5604,El Quisco,Bolivia (Estado Plurinacional de),*
5,Valparaíso,56,San Antonio,5604,El Quisco,Colombia,196
5,Valparaíso,56,San Antonio,5604,El Quisco,Haití,54
5,Valparaíso,56,San Antonio,5604,El Quisco,Perú,93
5,Valparaíso,56,San Antonio,5604,El Quisco,Venezuela (República Bolivariana de),553
5,Valparaíso,56,San Antonio,5604,El Quisco,Otros países de América del Sur,65
5,Valparaíso,56,San Antonio,5604,El Quisco,Otros países de América Central y El Caribe,*
5,Valparaíso,56,San Antonio,5604,El Quisco,América del Norte,*
5,Valparaíso,56,San Antonio,5604,El Quisco,Europa,55
5,Valparaíso,56,San Antonio,5604,El Quisco,Asia,*
5,Valparaíso,56,San Antonio,5604,El Quisco,África,*
5,Valparaíso,56,San Antonio,5604,El Quisco,Oceanía,*
5,Valparaíso,56,San Antonio,5604,El Quisco,País de nacimiento no declarado,1
5,Valparaíso,56,San Antonio,5605,El Tabo,Total nacidos fuera del país,472
5,Valparaíso,56,San Antonio,5605,El Tabo,Argentina,60
5,Valparaíso,56,San Antonio,5605,El Tabo,Bolivia (Estado Plurinacional de),*
5,Valparaíso,56,San Antonio,5605,El Tabo,Colombia,65
5,Valparaíso,56,San Antonio,5605,El Tabo,Haití,*
5,Valparaíso,56,San Antonio,5605,El Tabo,Perú,*
5,Valparaíso,56,San Antonio,5605,El Tabo,Venezuela (República Bolivariana de),171
5,Valparaíso,56,San Antonio,5605,El Tabo,Otros países de América del Sur,*
5,Valparaíso,56,San Antonio,5605,El Tabo,Otros países de América Central y El Caribe,*
5,Valparaíso,56,San Antonio,5605,El Tabo,América del Norte,*
5,Valparaíso,56,San Antonio,5605,El Tabo,Europa,*
5,Valparaíso,56,San Antonio,5605,El Tabo,Asia,*
5,Valparaíso,56,San Antonio,5605,El Tabo,África,*
5,Valparaíso,56,San Antonio,5605,El Tabo,Oceanía,*
5,Valparaíso,56,San Antonio,5605,El Tabo,País de nacimiento no declarado,1
5,Valparaíso,56,San Antonio,5606,Santo Domingo,Total nacidos fuera del país,407
5,Valparaíso,56,San Antonio,5606,Santo Domingo,Argentina,*
5,Valparaíso,56,San Antonio,5606,Santo Domingo,Bolivia (Estado Plurinacional de),54
5,Valparaíso,56,San Antonio,5606,Santo Domingo,Colombia,52
5,Valparaíso,56,San Antonio,5606,Santo Domingo,Haití,*
5,Valparaíso,56,San Antonio,5606,Santo Domingo,Perú,*
5,Valparaíso,56,San Antonio,5606,Santo Domingo,Venezuela (República Bolivariana de),83
5,Valparaíso,56,San Antonio,5606,Santo Domingo,Otros países de América del Sur,*
5,Valparaíso,56,San Antonio,5606,Santo Domingo,Otros países de América Central y El Caribe,*
5,Valparaíso,56,San Antonio,5606,Santo Domingo,América del Norte,*
5,Valparaíso,56,San Antonio,5606,Santo Domingo,Europa,*
5,Valparaíso,56,San Antonio,5606,Santo Domingo,Asia,*
5,Valparaíso,56,San Antonio,5606,Santo Domingo,África,*
5,Valparaíso,56,San Antonio,5606,Santo Domingo,Oceanía,*
5,Valparaíso,56,San Antonio,5606,Santo Domingo,País de nacimiento no declarado,1
5,Valparaíso,57,San Felipe de Aconcagua,5701,San Felipe,Total nacidos fuera del país,8.232
5,Valparaíso,57,San Felipe de Aconcagua,5701,San Felipe,Argentina,404
5,Valparaíso,57,San Felipe de Aconcagua,5701,San Felipe,Bolivia (Estado Plurinacional de),2.516
5,Valparaíso,57,San Felipe de Aconcagua,5701,San Felipe,Colombia,515
5,Valparaíso,57,San Felipe de Aconcagua,5701,San Felipe,Haití,1.973
5,Valparaíso,57,San Felipe de Aconcagua,5701,San Felipe,Perú,361
5,Valparaíso,57,San Felipe de Aconcagua,5701,San Felipe,Venezuela (República Bolivariana de),1.882
5,Valparaíso,57,San Felipe de Aconcagua,5701,San Felipe,Otros países de América del Sur,302
5,Valparaíso,57,San Felipe de Aconcagua,5701,San Felipe,Otros países de América Central y El Caribe,85
5,Valparaíso,57,San Felipe de Aconcagua,5701,San Felipe,América del Norte,*
5,Valparaíso,57,San Felipe de Aconcagua,5701,San Felipe,Europa,82
5,Valparaíso,57,San Felipe de Aconcagua,5701,San Felipe,Asia,63
5,Valparaíso,57,San Felipe de Aconcagua,5701,San Felipe,África,*
5,Valparaíso,57,San Felipe de Aconcagua,5701,San Felipe,Oceanía,*
5,Valparaíso,57,San Felipe de Aconcagua,5701,San Felipe,País de nacimiento no declarado,10
5,Valparaíso,57,San Felipe de Aconcagua,5702,Catemu,Total nacidos fuera del país,284
5,Valparaíso,57,San Felipe de Aconcagua,5702,Catemu,Argentina,*
5,Valparaíso,57,San Felipe de Aconcagua,5702,Catemu,Bolivia (Estado Plurinacional de),*
5,Valparaíso,57,San Felipe de Aconcagua,5702,Catemu,Colombia,*
5,Valparaíso,57,San Felipe de Aconcagua,5702,Catemu,Haití,90
5,Valparaíso,57,San Felipe de Aconcagua,5702,Catemu,Perú,*
5,Valparaíso,57,San Felipe de Aconcagua,5702,Catemu,Venezuela (República Bolivariana de),53
5,Valparaíso,57,San Felipe de Aconcagua,5702,Catemu,Otros países de América del Sur,*
5,Valparaíso,57,San Felipe de Aconcagua,5702,Catemu,Otros países de América Central y El Caribe,*
5,Valparaíso,57,San Felipe de Aconcagua,5702,Catemu,América del Norte,*
5,Valparaíso,57,San Felipe de Aconcagua,5702,Catemu,Europa,*
5,Valparaíso,57,San Felipe de Aconcagua,5702,Catemu,Asia,*
5,Valparaíso,57,San Felipe de Aconcagua,5702,Catemu,África,0
5,Valparaíso,57,San Felipe de Aconcagua,5702,Catemu,Oceanía,0
5,Valparaíso,57,San Felipe de Aconcagua,5702,Catemu,País de nacimiento no declarado,1
5,Valparaíso,57,San Felipe de Aconcagua,5703,Llaillay,Total nacidos fuera del país,1.015
5,Valparaíso,57,San Felipe de Aconcagua,5703,Llaillay,Argentina,82
5,Valparaíso,57,San Felipe de Aconcagua,5703,Llaillay,Bolivia (Estado Plurinacional de),451
5,Valparaíso,57,San Felipe de Aconcagua,5703,Llaillay,Colombia,52
5,Valparaíso,57,San Felipe de Aconcagua,5703,Llaillay,Haití,135
5,Valparaíso,57,San Felipe de Aconcagua,5703,Llaillay,Perú,*
5,Valparaíso,57,San Felipe de Aconcagua,5703,Llaillay,Venezuela (República Bolivariana de),166
5,Valparaíso,57,San Felipe de Aconcagua,5703,Llaillay,Otros países de América del Sur,*
5,Valparaíso,57,San Felipe de Aconcagua,5703,Llaillay,Otros países de América Central y El Caribe,*
5,Valparaíso,57,San Felipe de Aconcagua,5703,Llaillay,América del Norte,*
5,Valparaíso,57,San Felipe de Aconcagua,5703,Llaillay,Europa,*
5,Valparaíso,57,San Felipe de Aconcagua,5703,Llaillay,Asia,*
5,Valparaíso,57,San Felipe de Aconcagua,5703,Llaillay,África,*
5,Valparaíso,57,San Felipe de Aconcagua,5703,Llaillay,Oceanía,*
5,Valparaíso,57,San Felipe de Aconcagua,5703,Llaillay,País de nacimiento no declarado,0
5,Valparaíso,57,San Felipe de Aconcagua,5704,Panquehue,Total nacidos fuera del país,91
5,Valparaíso,57,San Felipe de Aconcagua,5704,Panquehue,Argentina,*
5,Valparaíso,57,San Felipe de Aconcagua,5704,Panquehue,Bolivia (Estado Plurinacional de),*
5,Valparaíso,57,San Felipe de Aconcagua,5704,Panquehue,Colombia,*
5,Valparaíso,57,San Felipe de Aconcagua,5704,Panquehue,Haití,*
5,Valparaíso,57,San Felipe de Aconcagua,5704,Panquehue,Perú,*
5,Valparaíso,57,San Felipe de Aconcagua,5704,Panquehue,Venezuela (República Bolivariana de),*
5,Valparaíso,57,San Felipe de Aconcagua,5704,Panquehue,Otros países de América del Sur,*
5,Valparaíso,57,San Felipe de Aconcagua,5704,Panquehue,Otros países de América Central y El Caribe,0
5,Valparaíso,57,San Felipe de Aconcagua,5704,Panquehue,América del Norte,*
5,Valparaíso,57,San Felipe de Aconcagua,5704,Panquehue,Europa,*
5,Valparaíso,57,San Felipe de Aconcagua,5704,Panquehue,Asia,*
5,Valparaíso,57,San Felipe de Aconcagua,5704,Panquehue,África,*
5,Valparaíso,57,San Felipe de Aconcagua,5704,Panquehue,Oceanía,0
5,Valparaíso,57,San Felipe de Aconcagua,5704,Panquehue,País de nacimiento no declarado,0
5,Valparaíso,57,San Felipe de Aconcagua,5705,Putaendo,Total nacidos fuera del país,349
5,Valparaíso,57,San Felipe de Aconcagua,5705,Putaendo,Argentina,70
5,Valparaíso,57,San Felipe de Aconcagua,5705,Putaendo,Bolivia (Estado Plurinacional de),*
5,Valparaíso,57,San Felipe de Aconcagua,5705,Putaendo,Colombia,*
5,Valparaíso,57,San Felipe de Aconcagua,5705,Putaendo,Haití,*
5,Valparaíso,57,San Felipe de Aconcagua,5705,Putaendo,Perú,*
5,Valparaíso,57,San Felipe de Aconcagua,5705,Putaendo,Venezuela (República Bolivariana de),54
5,Valparaíso,57,San Felipe de Aconcagua,5705,Putaendo,Otros países de América del Sur,*
5,Valparaíso,57,San Felipe de Aconcagua,5705,Putaendo,Otros países de América Central y El Caribe,*
5,Valparaíso,57,San Felipe de Aconcagua,5705,Putaendo,América del Norte,*
5,Valparaíso,57,San Felipe de Aconcagua,5705,Putaendo,Europa,*
5,Valparaíso,57,San Felipe de Aconcagua,5705,Putaendo,Asia,0
5,Valparaíso,57,San Felipe de Aconcagua,5705,Putaendo,África,0
5,Valparaíso,57,San Felipe de Aconcagua,5705,Putaendo,Oceanía,0
5,Valparaíso,57,San Felipe de Aconcagua,5705,Putaendo,País de nacimiento no declarado,0
5,Valparaíso,57,San Felipe de Aconcagua,5706,Santa María,Total nacidos fuera del país,392
5,Valparaíso,57,San Felipe de Aconcagua,5706,Santa María,Argentina,*
5,Valparaíso,57,San Felipe de Aconcagua,5706,Santa María,Bolivia (Estado Plurinacional de),81
5,Valparaíso,57,San Felipe de Aconcagua,5706,Santa María,Colombia,*
5,Valparaíso,57,San Felipe de Aconcagua,5706,Santa María,Haití,*
5,Valparaíso,57,San Felipe de Aconcagua,5706,Santa María,Perú,*
5,Valparaíso,57,San Felipe de Aconcagua,5706,Santa María,Venezuela (República Bolivariana de),133
5,Valparaíso,57,San Felipe de Aconcagua,5706,Santa María,Otros países de América del Sur,*
5,Valparaíso,57,San Felipe de Aconcagua,5706,Santa María,Otros países de América Central y El Caribe,*
5,Valparaíso,57,San Felipe de Aconcagua,5706,Santa María,América del Norte,*
5,Valparaíso,57,San Felipe de Aconcagua,5706,Santa María,Europa,*
5,Valparaíso,57,San Felipe de Aconcagua,5706,Santa María,Asia,*
5,Valparaíso,57,San Felipe de Aconcagua,5706,Santa María,África,0
5,Valparaíso,57,San Felipe de Aconcagua,5706,Santa María,Oceanía,0
5,Valparaíso,57,San Felipe de Aconcagua,5706,Santa María,País de nacimiento no declarado,0
5,Valparaíso,58,Marga Marga,5801,Quilpué,Total nacidos fuera del país,7.623
5,Valparaíso,58,Marga Marga,5801,Quilpué,Argentina,764
5,Valparaíso,58,Marga Marga,5801,Quilpué,Bolivia (Estado Plurinacional de),132
5,Valparaíso,58,Marga Marga,5801,Quilpué,Colombia,762
5,Valparaíso,58,Marga Marga,5801,Quilpué,Haití,313
5,Valparaíso,58,Marga Marga,5801,Quilpué,Perú,335
5,Valparaíso,58,Marga Marga,5801,Quilpué,Venezuela (República Bolivariana de),4.085
5,Valparaíso,58,Marga Marga,5801,Quilpué,Otros países de América del Sur,411
5,Valparaíso,58,Marga Marga,5801,Quilpué,Otros países de América Central y El Caribe,197
5,Valparaíso,58,Marga Marga,5801,Quilpué,América del Norte,105
5,Valparaíso,58,Marga Marga,5801,Quilpué,Europa,409
5,Valparaíso,58,Marga Marga,5801,Quilpué,Asia,67
5,Valparaíso,58,Marga Marga,5801,Quilpué,África,*
5,Valparaíso,58,Marga Marga,5801,Quilpué,Oceanía,*
5,Valparaíso,58,Marga Marga,5801,Quilpué,País de nacimiento no declarado,15
5,Valparaíso,58,Marga Marga,5802,Limache,Total nacidos fuera del país,1.978
5,Valparaíso,58,Marga Marga,5802,Limache,Argentina,210
5,Valparaíso,58,Marga Marga,5802,Limache,Bolivia (Estado Plurinacional de),*
5,Valparaíso,58,Marga Marga,5802,Limache,Colombia,201
5,Valparaíso,58,Marga Marga,5802,Limache,Haití,306
5,Valparaíso,58,Marga Marga,5802,Limache,Perú,59
5,Valparaíso,58,Marga Marga,5802,Limache,Venezuela (República Bolivariana de),751
5,Valparaíso,58,Marga Marga,5802,Limache,Otros países de América del Sur,120
5,Valparaíso,58,Marga Marga,5802,Limache,Otros países de América Central y El Caribe,54
5,Valparaíso,58,Marga Marga,5802,Limache,América del Norte,*
5,Valparaíso,58,Marga Marga,5802,Limache,Europa,154
5,Valparaíso,58,Marga Marga,5802,Limache,Asia,*
5,Valparaíso,58,Marga Marga,5802,Limache,África,*
5,Valparaíso,58,Marga Marga,5802,Limache,Oceanía,0
5,Valparaíso,58,Marga Marga,5802,Limache,País de nacimiento no declarado,14
5,Valparaíso,58,Marga Marga,5803,Olmué,Total nacidos fuera del país,636
5,Valparaíso,58,Marga Marga,5803,Olmué,Argentina,78
5,Valparaíso,58,Marga Marga,5803,Olmué,Bolivia (Estado Plurinacional de),*
5,Valparaíso,58,Marga Marga,5803,Olmué,Colombia,53
5,Valparaíso,58,Marga Marga,5803,Olmué,Haití,*
5,Valparaíso,58,Marga Marga,5803,Olmué,Perú,*
5,Valparaíso,58,Marga Marga,5803,Olmué,Venezuela (República Bolivariana de),261
5,Valparaíso,58,Marga Marga,5803,Olmué,Otros países de América del Sur,*
5,Valparaíso,58,Marga Marga,5803,Olmué,Otros países de América Central y El Caribe,*
5,Valparaíso,58,Marga Marga,5803,Olmué,América del Norte,*
5,Valparaíso,58,Marga Marga,5803,Olmué,Europa,81
5,Valparaíso,58,Marga Marga,5803,Olmué,Asia,*
5,Valparaíso,58,Marga Marga,5803,Olmué,África,*
5,Valparaíso,58,Marga Marga,5803,Olmué,Oceanía,*
5,Valparaíso,58,Marga Marga,5803,Olmué,País de nacimiento no declarado,1
5,Valparaíso,58,Marga Marga,5804,Villa Alemana,Total nacidos fuera del país,4.719
5,Valparaíso,58,Marga Marga,5804,Villa Alemana,Argentina,697
5,Valparaíso,58,Marga Marga,5804,Villa Alemana,Bolivia (Estado Plurinacional de),92
5,Valparaíso,58,Marga Marga,5804,Villa Alemana,Colombia,423
5,Valparaíso,58,Marga Marga,5804,Villa Alemana,Haití,88
5,Valparaíso,58,Marga Marga,5804,Villa Alemana,Perú,294
5,Valparaíso,58,Marga Marga,5804,Villa Alemana,Venezuela (República Bolivariana de),2.194
5,Valparaíso,58,Marga Marga,5804,Villa Alemana,Otros países de América del Sur,280
5,Valparaíso,58,Marga Marga,5804,Villa Alemana,Otros países de América Central y El Caribe,128
5,Valparaíso,58,Marga Marga,5804,Villa Alemana,América del Norte,102
5,Valparaíso,58,Marga Marga,5804,Villa Alemana,Europa,340
5,Valparaíso,58,Marga Marga,5804,Villa Alemana,Asia,57
5,Valparaíso,58,Marga Marga,5804,Villa Alemana,África,*
5,Valparaíso,58,Marga Marga,5804,Villa Alemana,Oceanía,*
5,Valparaíso,58,Marga Marga,5804,Villa Alemana,País de nacimiento no declarado,5
13,Metropolitana de Santiago,131,Santiago,13101,Santiago,Total nacidos fuera del país,176.956
13,Metropolitana de Santiago,131,Santiago,13101,Santiago,Argentina,2.151
13,Metropolitana de Santiago,131,Santiago,13101,Santiago,Bolivia (Estado Plurinacional de),3.026
13,Metropolitana de Santiago,131,Santiago,13101,Santiago,Colombia,20.355
13,Metropolitana de Santiago,131,Santiago,13101,Santiago,Haití,2.140
13,Metropolitana de Santiago,131,Santiago,13101,Santiago,Perú,32.404
13,Metropolitana de Santiago,131,Santiago,13101,Santiago,Venezuela (República Bolivariana de),100.967
13,Metropolitana de Santiago,131,Santiago,13101,Santiago,Otros países de América del Sur,6.344
13,Metropolitana de Santiago,131,Santiago,13101,Santiago,Otros países de América Central y El Caribe,4.301
13,Metropolitana de Santiago,131,Santiago,13101,Santiago,América del Norte,325
13,Metropolitana de Santiago,131,Santiago,13101,Santiago,Europa,1.324
13,Metropolitana de Santiago,131,Santiago,13101,Santiago,Asia,3.375
13,Metropolitana de Santiago,131,Santiago,13101,Santiago,África,*
13,Metropolitana de Santiago,131,Santiago,13101,Santiago,Oceanía,*
13,Metropolitana de Santiago,131,Santiago,13101,Santiago,País de nacimiento no declarado,102
13,Metropolitana de Santiago,131,Santiago,13102,Cerrillos,Total nacidos fuera del país,12.732
13,Metropolitana de Santiago,131,Santiago,13102,Cerrillos,Argentina,220
13,Metropolitana de Santiago,131,Santiago,13102,Cerrillos,Bolivia (Estado Plurinacional de),270
13,Metropolitana de Santiago,131,Santiago,13102,Cerrillos,Colombia,1.736
13,Metropolitana de Santiago,131,Santiago,13102,Cerrillos,Haití,3.945
13,Metropolitana de Santiago,131,Santiago,13102,Cerrillos,Perú,2.417
13,Metropolitana de Santiago,131,Santiago,13102,Cerrillos,Venezuela (República Bolivariana de),2.995
13,Metropolitana de Santiago,131,Santiago,13102,Cerrillos,Otros países de América del Sur,560
13,Metropolitana de Santiago,131,Santiago,13102,Cerrillos,Otros países de América Central y El Caribe,376
13,Metropolitana de Santiago,131,Santiago,13102,Cerrillos,América del Norte,*
13,Metropolitana de Santiago,131,Santiago,13102,Cerrillos,Europa,59
13,Metropolitana de Santiago,131,Santiago,13102,Cerrillos,Asia,*
13,Metropolitana de Santiago,131,Santiago,13102,Cerrillos,África,*
13,Metropolitana de Santiago,131,Santiago,13102,Cerrillos,Oceanía,*
13,Metropolitana de Santiago,131,Santiago,13102,Cerrillos,País de nacimiento no declarado,75
13,Metropolitana de Santiago,131,Santiago,13103,Cerro Navia,Total nacidos fuera del país,12.654
13,Metropolitana de Santiago,131,Santiago,13103,Cerro Navia,Argentina,335
13,Metropolitana de Santiago,131,Santiago,13103,Cerro Navia,Bolivia (Estado Plurinacional de),341
13,Metropolitana de Santiago,131,Santiago,13103,Cerro Navia,Colombia,1.602
13,Metropolitana de Santiago,131,Santiago,13103,Cerro Navia,Haití,1.647
13,Metropolitana de Santiago,131,Santiago,13103,Cerro Navia,Perú,3.979
13,Metropolitana de Santiago,131,Santiago,13103,Cerro Navia,Venezuela (República Bolivariana de),3.587
13,Metropolitana de Santiago,131,Santiago,13103,Cerro Navia,Otros países de América del Sur,632
13,Metropolitana de Santiago,131,Santiago,13103,Cerro Navia,Otros países de América Central y El Caribe,438
13,Metropolitana de Santiago,131,Santiago,13103,Cerro Navia,América del Norte,*
13,Metropolitana de Santiago,131,Santiago,13103,Cerro Navia,Europa,*
13,Metropolitana de Santiago,131,Santiago,13103,Cerro Navia,Asia,*
13,Metropolitana de Santiago,131,Santiago,13103,Cerro Navia,África,*
13,Metropolitana de Santiago,131,Santiago,13103,Cerro Navia,Oceanía,*
13,Metropolitana de Santiago,131,Santiago,13103,Cerro Navia,País de nacimiento no declarado,4
13,Metropolitana de Santiago,131,Santiago,13104,Conchalí,Total nacidos fuera del país,17.686
13,Metropolitana de Santiago,131,Santiago,13104,Conchalí,Argentina,335
13,Metropolitana de Santiago,131,Santiago,13104,Conchalí,Bolivia (Estado Plurinacional de),626
13,Metropolitana de Santiago,131,Santiago,13104,Conchalí,Colombia,1.837
13,Metropolitana de Santiago,131,Santiago,13104,Conchalí,Haití,1.073
13,Metropolitana de Santiago,131,Santiago,13104,Conchalí,Perú,6.938
13,Metropolitana de Santiago,131,Santiago,13104,Conchalí,Venezuela (República Bolivariana de),5.282
13,Metropolitana de Santiago,131,Santiago,13104,Conchalí,Otros países de América del Sur,724
13,Metropolitana de Santiago,131,Santiago,13104,Conchalí,Otros países de América Central y El Caribe,707
13,Metropolitana de Santiago,131,Santiago,13104,Conchalí,América del Norte,*
13,Metropolitana de Santiago,131,Santiago,13104,Conchalí,Europa,62
13,Metropolitana de Santiago,131,Santiago,13104,Conchalí,Asia,62
13,Metropolitana de Santiago,131,Santiago,13104,Conchalí,África,*
13,Metropolitana de Santiago,131,Santiago,13104,Conchalí,Oceanía,*
13,Metropolitana de Santiago,131,Santiago,13104,Conchalí,País de nacimiento no declarado,6
13,Metropolitana de Santiago,131,Santiago,13105,El Bosque,Total nacidos fuera del país,11.347
13,Metropolitana de Santiago,131,Santiago,13105,El Bosque,Argentina,405
13,Metropolitana de Santiago,131,Santiago,13105,El Bosque,Bolivia (Estado Plurinacional de),276
13,Metropolitana de Santiago,131,Santiago,13105,El Bosque,Colombia,1.140
13,Metropolitana de Santiago,131,Santiago,13105,El Bosque,Haití,1.784
13,Metropolitana de Santiago,131,Santiago,13105,El Bosque,Perú,1.522
13,Metropolitana de Santiago,131,Santiago,13105,El Bosque,Venezuela (República Bolivariana de),5.270
13,Metropolitana de Santiago,131,Santiago,13105,El Bosque,Otros países de América del Sur,523
13,Metropolitana de Santiago,131,Santiago,13105,El Bosque,Otros países de América Central y El Caribe,217
13,Metropolitana de Santiago,131,Santiago,13105,El Bosque,América del Norte,*
13,Metropolitana de Santiago,131,Santiago,13105,El Bosque,Europa,68
13,Metropolitana de Santiago,131,Santiago,13105,El Bosque,Asia,105
13,Metropolitana de Santiago,131,Santiago,13105,El Bosque,África,*
13,Metropolitana de Santiago,131,Santiago,13105,El Bosque,Oceanía,*
13,Metropolitana de Santiago,131,Santiago,13105,El Bosque,País de nacimiento no declarado,4
13,Metropolitana de Santiago,131,Santiago,13106,Estación Central,Total nacidos fuera del país,69.328
13,Metropolitana de Santiago,131,Santiago,13106,Estación Central,Argentina,476
13,Metropolitana de Santiago,131,Santiago,13106,Estación Central,Bolivia (Estado Plurinacional de),1.188
13,Metropolitana de Santiago,131,Santiago,13106,Estación Central,Colombia,8.480
13,Metropolitana de Santiago,131,Santiago,13106,Estación Central,Haití,2.770
13,Metropolitana de Santiago,131,Santiago,13106,Estación Central,Perú,8.399
13,Metropolitana de Santiago,131,Santiago,13106,Estación Central,Venezuela (República Bolivariana de),43.732
13,Metropolitana de Santiago,131,Santiago,13106,Estación Central,Otros países de América del Sur,2.366
13,Metropolitana de Santiago,131,Santiago,13106,Estación Central,Otros países de América Central y El Caribe,1.381
13,Metropolitana de Santiago,131,Santiago,13106,Estación Central,América del Norte,57
13,Metropolitana de Santiago,131,Santiago,13106,Estación Central,Europa,144
13,Metropolitana de Santiago,131,Santiago,13106,Estación Central,Asia,256
13,Metropolitana de Santiago,131,Santiago,13106,Estación Central,África,*
13,Metropolitana de Santiago,131,Santiago,13106,Estación Central,Oceanía,*
13,Metropolitana de Santiago,131,Santiago,13106,Estación Central,País de nacimiento no declarado,49
13,Metropolitana de Santiago,131,Santiago,13107,Huechuraba,Total nacidos fuera del país,9.402
13,Metropolitana de Santiago,131,Santiago,13107,Huechuraba,Argentina,669
13,Metropolitana de Santiago,131,Santiago,13107,Huechuraba,Bolivia (Estado Plurinacional de),280
13,Metropolitana de Santiago,131,Santiago,13107,Huechuraba,Colombia,1.157
13,Metropolitana de Santiago,131,Santiago,13107,Huechuraba,Haití,323
13,Metropolitana de Santiago,131,Santiago,13107,Huechuraba,Perú,1.758
13,Metropolitana de Santiago,131,Santiago,13107,Huechuraba,Venezuela (República Bolivariana de),3.677
13,Metropolitana de Santiago,131,Santiago,13107,Huechuraba,Otros países de América del Sur,685
13,Metropolitana de Santiago,131,Santiago,13107,Huechuraba,Otros países de América Central y El Caribe,339
13,Metropolitana de Santiago,131,Santiago,13107,Huechuraba,América del Norte,80
13,Metropolitana de Santiago,131,Santiago,13107,Huechuraba,Europa,278
13,Metropolitana de Santiago,131,Santiago,13107,Huechuraba,Asia,129
13,Metropolitana de Santiago,131,Santiago,13107,Huechuraba,África,*
13,Metropolitana de Santiago,131,Santiago,13107,Huechuraba,Oceanía,*
13,Metropolitana de Santiago,131,Santiago,13107,Huechuraba,País de nacimiento no declarado,8
13,Metropolitana de Santiago,131,Santiago,13108,Independencia,Total nacidos fuera del país,51.908
13,Metropolitana de Santiago,131,Santiago,13108,Independencia,Argentina,349
13,Metropolitana de Santiago,131,Santiago,13108,Independencia,Bolivia (Estado Plurinacional de),891
13,Metropolitana de Santiago,131,Santiago,13108,Independencia,Colombia,6.977
13,Metropolitana de Santiago,131,Santiago,13108,Independencia,Haití,801
13,Metropolitana de Santiago,131,Santiago,13108,Independencia,Perú,13.705
13,Metropolitana de Santiago,131,Santiago,13108,Independencia,Venezuela (República Bolivariana de),25.199
13,Metropolitana de Santiago,131,Santiago,13108,Independencia,Otros países de América del Sur,1.988
13,Metropolitana de Santiago,131,Santiago,13108,Independencia,Otros países de América Central y El Caribe,1.663
13,Metropolitana de Santiago,131,Santiago,13108,Independencia,América del Norte,*
13,Metropolitana de Santiago,131,Santiago,13108,Independencia,Europa,125
13,Metropolitana de Santiago,131,Santiago,13108,Independencia,Asia,108
13,Metropolitana de Santiago,131,Santiago,13108,Independencia,África,*
13,Metropolitana de Santiago,131,Santiago,13108,Independencia,Oceanía,*
13,Metropolitana de Santiago,131,Santiago,13108,Independencia,País de nacimiento no declarado,18
13,Metropolitana de Santiago,131,Santiago,13109,La Cisterna,Total nacidos fuera del país,19.762
13,Metropolitana de Santiago,131,Santiago,13109,La Cisterna,Argentina,397
13,Metropolitana de Santiago,131,Santiago,13109,La Cisterna,Bolivia (Estado Plurinacional de),261
13,Metropolitana de Santiago,131,Santiago,13109,La Cisterna,Colombia,2.124
13,Metropolitana de Santiago,131,Santiago,13109,La Cisterna,Haití,518
13,Metropolitana de Santiago,131,Santiago,13109,La Cisterna,Perú,1.570
13,Metropolitana de Santiago,131,Santiago,13109,La Cisterna,Venezuela (República Bolivariana de),13.703
13,Metropolitana de Santiago,131,Santiago,13109,La Cisterna,Otros países de América del Sur,664
13,Metropolitana de Santiago,131,Santiago,13109,La Cisterna,Otros países de América Central y El Caribe,260
13,Metropolitana de Santiago,131,Santiago,13109,La Cisterna,América del Norte,*
13,Metropolitana de Santiago,131,Santiago,13109,La Cisterna,Europa,132
13,Metropolitana de Santiago,131,Santiago,13109,La Cisterna,Asia,76
13,Metropolitana de Santiago,131,Santiago,13109,La Cisterna,África,*
13,Metropolitana de Santiago,131,Santiago,13109,La Cisterna,Oceanía,*
13,Metropolitana de Santiago,131,Santiago,13109,La Cisterna,País de nacimiento no declarado,10
13,Metropolitana de Santiago,131,Santiago,13110,La Florida,Total nacidos fuera del país,36.685
13,Metropolitana de Santiago,131,Santiago,13110,La Florida,Argentina,1.308
13,Metropolitana de Santiago,131,Santiago,13110,La Florida,Bolivia (Estado Plurinacional de),634
13,Metropolitana de Santiago,131,Santiago,13110,La Florida,Colombia,3.831
13,Metropolitana de Santiago,131,Santiago,13110,La Florida,Haití,1.040
13,Metropolitana de Santiago,131,Santiago,13110,La Florida,Perú,5.250
13,Metropolitana de Santiago,131,Santiago,13110,La Florida,Venezuela (República Bolivariana de),20.484
13,Metropolitana de Santiago,131,Santiago,13110,La Florida,Otros países de América del Sur,2.020
13,Metropolitana de Santiago,131,Santiago,13110,La Florida,Otros países de América Central y El Caribe,944
13,Metropolitana de Santiago,131,Santiago,13110,La Florida,América del Norte,190
13,Metropolitana de Santiago,131,Santiago,13110,La Florida,Europa,538
13,Metropolitana de Santiago,131,Santiago,13110,La Florida,Asia,338
13,Metropolitana de Santiago,131,Santiago,13110,La Florida,África,*
13,Metropolitana de Santiago,131,Santiago,13110,La Florida,Oceanía,*
13,Metropolitana de Santiago,131,Santiago,13110,La Florida,País de nacimiento no declarado,54
13,Metropolitana de Santiago,131,Santiago,13111,La Granja,Total nacidos fuera del país,9.550
13,Metropolitana de Santiago,131,Santiago,13111,La Granja,Argentina,310
13,Metropolitana de Santiago,131,Santiago,13111,La Granja,Bolivia (Estado Plurinacional de),156
13,Metropolitana de Santiago,131,Santiago,13111,La Granja,Colombia,1.244
13,Metropolitana de Santiago,131,Santiago,13111,La Granja,Haití,751
13,Metropolitana de Santiago,131,Santiago,13111,La Granja,Perú,2.009
13,Metropolitana de Santiago,131,Santiago,13111,La Granja,Venezuela (República Bolivariana de),4.259
13,Metropolitana de Santiago,131,Santiago,13111,La Granja,Otros países de América del Sur,401
13,Metropolitana de Santiago,131,Santiago,13111,La Granja,Otros países de América Central y El Caribe,236
13,Metropolitana de Santiago,131,Santiago,13111,La Granja,América del Norte,*
13,Metropolitana de Santiago,131,Santiago,13111,La Granja,Europa,74
13,Metropolitana de Santiago,131,Santiago,13111,La Granja,Asia,67
13,Metropolitana de Santiago,131,Santiago,13111,La Granja,África,*
13,Metropolitana de Santiago,131,Santiago,13111,La Granja,Oceanía,*
13,Metropolitana de Santiago,131,Santiago,13111,La Granja,País de nacimiento no declarado,4
13,Metropolitana de Santiago,131,Santiago,13112,La Pintana,Total nacidos fuera del país,8.313
13,Metropolitana de Santiago,131,Santiago,13112,La Pintana,Argentina,459
13,Metropolitana de Santiago,131,Santiago,13112,La Pintana,Bolivia (Estado Plurinacional de),265
13,Metropolitana de Santiago,131,Santiago,13112,La Pintana,Colombia,948
13,Metropolitana de Santiago,131,Santiago,13112,La Pintana,Haití,1.160
13,Metropolitana de Santiago,131,Santiago,13112,La Pintana,Perú,2.089
13,Metropolitana de Santiago,131,Santiago,13112,La Pintana,Venezuela (República Bolivariana de),2.606
13,Metropolitana de Santiago,131,Santiago,13112,La Pintana,Otros países de América del Sur,482
13,Metropolitana de Santiago,131,Santiago,13112,La Pintana,Otros países de América Central y El Caribe,189
13,Metropolitana de Santiago,131,Santiago,13112,La Pintana,América del Norte,*
13,Metropolitana de Santiago,131,Santiago,13112,La Pintana,Europa,*
13,Metropolitana de Santiago,131,Santiago,13112,La Pintana,Asia,58
13,Metropolitana de Santiago,131,Santiago,13112,La Pintana,África,*
13,Metropolitana de Santiago,131,Santiago,13112,La Pintana,Oceanía,*
13,Metropolitana de Santiago,131,Santiago,13112,La Pintana,País de nacimiento no declarado,7
13,Metropolitana de Santiago,131,Santiago,13113,La Reina,Total nacidos fuera del país,6.593
13,Metropolitana de Santiago,131,Santiago,13113,La Reina,Argentina,545
13,Metropolitana de Santiago,131,Santiago,13113,La Reina,Bolivia (Estado Plurinacional de),225
13,Metropolitana de Santiago,131,Santiago,13113,La Reina,Colombia,542
13,Metropolitana de Santiago,131,Santiago,13113,La Reina,Haití,121
13,Metropolitana de Santiago,131,Santiago,13113,La Reina,Perú,1.025
13,Metropolitana de Santiago,131,Santiago,13113,La Reina,Venezuela (República Bolivariana de),1.918
13,Metropolitana de Santiago,131,Santiago,13113,La Reina,Otros países de América del Sur,520
13,Metropolitana de Santiago,131,Santiago,13113,La Reina,Otros países de América Central y El Caribe,329
13,Metropolitana de Santiago,131,Santiago,13113,La Reina,América del Norte,315
13,Metropolitana de Santiago,131,Santiago,13113,La Reina,Europa,778
13,Metropolitana de Santiago,131,Santiago,13113,La Reina,Asia,197
13,Metropolitana de Santiago,131,Santiago,13113,La Reina,África,*
13,Metropolitana de Santiago,131,Santiago,13113,La Reina,Oceanía,*
13,Metropolitana de Santiago,131,Santiago,13113,La Reina,País de nacimiento no declarado,16
13,Metropolitana de Santiago,131,Santiago,13114,Las Condes,Total nacidos fuera del país,31.069
13,Metropolitana de Santiago,131,Santiago,13114,Las Condes,Argentina,4.418
13,Metropolitana de Santiago,131,Santiago,13114,Las Condes,Bolivia (Estado Plurinacional de),816
13,Metropolitana de Santiago,131,Santiago,13114,Las Condes,Colombia,2.556
13,Metropolitana de Santiago,131,Santiago,13114,Las Condes,Haití,*
13,Metropolitana de Santiago,131,Santiago,13114,Las Condes,Perú,3.570
13,Metropolitana de Santiago,131,Santiago,13114,Las Condes,Venezuela (República Bolivariana de),6.494
13,Metropolitana de Santiago,131,Santiago,13114,Las Condes,Otros países de América del Sur,3.255
13,Metropolitana de Santiago,131,Santiago,13114,Las Condes,Otros países de América Central y El Caribe,1.697
13,Metropolitana de Santiago,131,Santiago,13114,Las Condes,América del Norte,1.467
13,Metropolitana de Santiago,131,Santiago,13114,Las Condes,Europa,4.130
13,Metropolitana de Santiago,131,Santiago,13114,Las Condes,Asia,2.176
13,Metropolitana de Santiago,131,Santiago,13114,Las Condes,África,*
13,Metropolitana de Santiago,131,Santiago,13114,Las Condes,Oceanía,185
13,Metropolitana de Santiago,131,Santiago,13114,Las Condes,País de nacimiento no declarado,101
13,Metropolitana de Santiago,131,Santiago,13115,Lo Barnechea,Total nacidos fuera del país,12.198
13,Metropolitana de Santiago,131,Santiago,13115,Lo Barnechea,Argentina,1.719
13,Metropolitana de Santiago,131,Santiago,13115,Lo Barnechea,Bolivia (Estado Plurinacional de),433
13,Metropolitana de Santiago,131,Santiago,13115,Lo Barnechea,Colombia,1.068
13,Metropolitana de Santiago,131,Santiago,13115,Lo Barnechea,Haití,68
13,Metropolitana de Santiago,131,Santiago,13115,Lo Barnechea,Perú,2.345
13,Metropolitana de Santiago,131,Santiago,13115,Lo Barnechea,Venezuela (República Bolivariana de),1.338
13,Metropolitana de Santiago,131,Santiago,13115,Lo Barnechea,Otros países de América del Sur,1.024
13,Metropolitana de Santiago,131,Santiago,13115,Lo Barnechea,Otros países de América Central y El Caribe,647
13,Metropolitana de Santiago,131,Santiago,13115,Lo Barnechea,América del Norte,1.111
13,Metropolitana de Santiago,131,Santiago,13115,Lo Barnechea,Europa,1.349
13,Metropolitana de Santiago,131,Santiago,13115,Lo Barnechea,Asia,883
13,Metropolitana de Santiago,131,Santiago,13115,Lo Barnechea,África,74
13,Metropolitana de Santiago,131,Santiago,13115,Lo Barnechea,Oceanía,111
13,Metropolitana de Santiago,131,Santiago,13115,Lo Barnechea,País de nacimiento no declarado,28
13,Metropolitana de Santiago,131,Santiago,13116,Lo Espejo,Total nacidos fuera del país,6.818
13,Metropolitana de Santiago,131,Santiago,13116,Lo Espejo,Argentina,224
13,Metropolitana de Santiago,131,Santiago,13116,Lo Espejo,Bolivia (Estado Plurinacional de),111
13,Metropolitana de Santiago,131,Santiago,13116,Lo Espejo,Colombia,663
13,Metropolitana de Santiago,131,Santiago,13116,Lo Espejo,Haití,2.281
13,Metropolitana de Santiago,131,Santiago,13116,Lo Espejo,Perú,993
13,Metropolitana de Santiago,131,Santiago,13116,Lo Espejo,Venezuela (República Bolivariana de),2.041
13,Metropolitana de Santiago,131,Santiago,13116,Lo Espejo,Otros países de América del Sur,265
13,Metropolitana de Santiago,131,Santiago,13116,Lo Espejo,Otros países de América Central y El Caribe,155
13,Metropolitana de Santiago,131,Santiago,13116,Lo Espejo,América del Norte,*
13,Metropolitana de Santiago,131,Santiago,13116,Lo Espejo,Europa,*
13,Metropolitana de Santiago,131,Santiago,13116,Lo Espejo,Asia,*
13,Metropolitana de Santiago,131,Santiago,13116,Lo Espejo,África,*
13,Metropolitana de Santiago,131,Santiago,13116,Lo Espejo,Oceanía,*
13,Metropolitana de Santiago,131,Santiago,13116,Lo Espejo,País de nacimiento no declarado,2
13,Metropolitana de Santiago,131,Santiago,13117,Lo Prado,Total nacidos fuera del país,12.539
13,Metropolitana de Santiago,131,Santiago,13117,Lo Prado,Argentina,242
13,Metropolitana de Santiago,131,Santiago,13117,Lo Prado,Bolivia (Estado Plurinacional de),348
13,Metropolitana de Santiago,131,Santiago,13117,Lo Prado,Colombia,2.250
13,Metropolitana de Santiago,131,Santiago,13117,Lo Prado,Haití,647
13,Metropolitana de Santiago,131,Santiago,13117,Lo Prado,Perú,4.245
13,Metropolitana de Santiago,131,Santiago,13117,Lo Prado,Venezuela (República Bolivariana de),3.841
13,Metropolitana de Santiago,131,Santiago,13117,Lo Prado,Otros países de América del Sur,573
13,Metropolitana de Santiago,131,Santiago,13117,Lo Prado,Otros países de América Central y El Caribe,306
13,Metropolitana de Santiago,131,Santiago,13117,Lo Prado,América del Norte,*
13,Metropolitana de Santiago,131,Santiago,13117,Lo Prado,Europa,*
13,Metropolitana de Santiago,131,Santiago,13117,Lo Prado,Asia,*
13,Metropolitana de Santiago,131,Santiago,13117,Lo Prado,África,*
13,Metropolitana de Santiago,131,Santiago,13117,Lo Prado,Oceanía,*
13,Metropolitana de Santiago,131,Santiago,13117,Lo Prado,País de nacimiento no declarado,4
13,Metropolitana de Santiago,131,Santiago,13118,Macul,Total nacidos fuera del país,17.497
13,Metropolitana de Santiago,131,Santiago,13118,Macul,Argentina,495
13,Metropolitana de Santiago,131,Santiago,13118,Macul,Bolivia (Estado Plurinacional de),228
13,Metropolitana de Santiago,131,Santiago,13118,Macul,Colombia,1.824
13,Metropolitana de Santiago,131,Santiago,13118,Macul,Haití,199
13,Metropolitana de Santiago,131,Santiago,13118,Macul,Perú,2.092
13,Metropolitana de Santiago,131,Santiago,13118,Macul,Venezuela (República Bolivariana de),10.893
13,Metropolitana de Santiago,131,Santiago,13118,Macul,Otros países de América del Sur,752
13,Metropolitana de Santiago,131,Santiago,13118,Macul,Otros países de América Central y El Caribe,467
13,Metropolitana de Santiago,131,Santiago,13118,Macul,América del Norte,76
13,Metropolitana de Santiago,131,Santiago,13118,Macul,Europa,273
13,Metropolitana de Santiago,131,Santiago,13118,Macul,Asia,154
13,Metropolitana de Santiago,131,Santiago,13118,Macul,África,*
13,Metropolitana de Santiago,131,Santiago,13118,Macul,Oceanía,*
13,Metropolitana de Santiago,131,Santiago,13118,Macul,País de nacimiento no declarado,7
13,Metropolitana de Santiago,131,Santiago,13119,Maipú,Total nacidos fuera del país,30.973
13,Metropolitana de Santiago,131,Santiago,13119,Maipú,Argentina,1.385
13,Metropolitana de Santiago,131,Santiago,13119,Maipú,Bolivia (Estado Plurinacional de),550
13,Metropolitana de Santiago,131,Santiago,13119,Maipú,Colombia,3.771
13,Metropolitana de Santiago,131,Santiago,13119,Maipú,Haití,3.034
13,Metropolitana de Santiago,131,Santiago,13119,Maipú,Perú,4.223
13,Metropolitana de Santiago,131,Santiago,13119,Maipú,Venezuela (República Bolivariana de),13.674
13,Metropolitana de Santiago,131,Santiago,13119,Maipú,Otros países de América del Sur,2.475
13,Metropolitana de Santiago,131,Santiago,13119,Maipú,Otros países de América Central y El Caribe,754
13,Metropolitana de Santiago,131,Santiago,13119,Maipú,América del Norte,151
13,Metropolitana de Santiago,131,Santiago,13119,Maipú,Europa,376
13,Metropolitana de Santiago,131,Santiago,13119,Maipú,Asia,523
13,Metropolitana de Santiago,131,Santiago,13119,Maipú,África,*
13,Metropolitana de Santiago,131,Santiago,13119,Maipú,Oceanía,*
13,Metropolitana de Santiago,131,Santiago,13119,Maipú,País de nacimiento no declarado,25
13,Metropolitana de Santiago,131,Santiago,13120,Ñuñoa,Total nacidos fuera del país,33.633
13,Metropolitana de Santiago,131,Santiago,13120,Ñuñoa,Argentina,1.745
13,Metropolitana de Santiago,131,Santiago,13120,Ñuñoa,Bolivia (Estado Plurinacional de),451
13,Metropolitana de Santiago,131,Santiago,13120,Ñuñoa,Colombia,2.820
13,Metropolitana de Santiago,131,Santiago,13120,Ñuñoa,Haití,86
13,Metropolitana de Santiago,131,Santiago,13120,Ñuñoa,Perú,2.195
13,Metropolitana de Santiago,131,Santiago,13120,Ñuñoa,Venezuela (República Bolivariana de),19.981
13,Metropolitana de Santiago,131,Santiago,13120,Ñuñoa,Otros países de América del Sur,2.014
13,Metropolitana de Santiago,131,Santiago,13120,Ñuñoa,Otros países de América Central y El Caribe,1.365
13,Metropolitana de Santiago,131,Santiago,13120,Ñuñoa,América del Norte,484
13,Metropolitana de Santiago,131,Santiago,13120,Ñuñoa,Europa,1.796
13,Metropolitana de Santiago,131,Santiago,13120,Ñuñoa,Asia,531
13,Metropolitana de Santiago,131,Santiago,13120,Ñuñoa,África,74
13,Metropolitana de Santiago,131,Santiago,13120,Ñuñoa,Oceanía,65
13,Metropolitana de Santiago,131,Santiago,13120,Ñuñoa,País de nacimiento no declarado,26
13,Metropolitana de Santiago,131,Santiago,13121,Pedro Aguirre Cerda,Total nacidos fuera del país,9.522
13,Metropolitana de Santiago,131,Santiago,13121,Pedro Aguirre Cerda,Argentina,242
13,Metropolitana de Santiago,131,Santiago,13121,Pedro Aguirre Cerda,Bolivia (Estado Plurinacional de),163
13,Metropolitana de Santiago,131,Santiago,13121,Pedro Aguirre Cerda,Colombia,1.032
13,Metropolitana de Santiago,131,Santiago,13121,Pedro Aguirre Cerda,Haití,2.306
13,Metropolitana de Santiago,131,Santiago,13121,Pedro Aguirre Cerda,Perú,1.678
13,Metropolitana de Santiago,131,Santiago,13121,Pedro Aguirre Cerda,Venezuela (República Bolivariana de),3.426
13,Metropolitana de Santiago,131,Santiago,13121,Pedro Aguirre Cerda,Otros países de América del Sur,326
13,Metropolitana de Santiago,131,Santiago,13121,Pedro Aguirre Cerda,Otros países de América Central y El Caribe,224
13,Metropolitana de Santiago,131,Santiago,13121,Pedro Aguirre Cerda,América del Norte,*
13,Metropolitana de Santiago,131,Santiago,13121,Pedro Aguirre Cerda,Europa,52
13,Metropolitana de Santiago,131,Santiago,13121,Pedro Aguirre Cerda,Asia,*
13,Metropolitana de Santiago,131,Santiago,13121,Pedro Aguirre Cerda,África,*
13,Metropolitana de Santiago,131,Santiago,13121,Pedro Aguirre Cerda,Oceanía,*
13,Metropolitana de Santiago,131,Santiago,13121,Pedro Aguirre Cerda,País de nacimiento no declarado,4
13,Metropolitana de Santiago,131,Santiago,13122,Peñalolén,Total nacidos fuera del país,20.141
13,Metropolitana de Santiago,131,Santiago,13122,Peñalolén,Argentina,874
13,Metropolitana de Santiago,131,Santiago,13122,Peñalolén,Bolivia (Estado Plurinacional de),477
13,Metropolitana de Santiago,131,Santiago,13122,Peñalolén,Colombia,2.441
13,Metropolitana de Santiago,131,Santiago,13122,Peñalolén,Haití,663
13,Metropolitana de Santiago,131,Santiago,13122,Peñalolén,Perú,5.888
13,Metropolitana de Santiago,131,Santiago,13122,Peñalolén,Venezuela (República Bolivariana de),6.989
13,Metropolitana de Santiago,131,Santiago,13122,Peñalolén,Otros países de América del Sur,1.262
13,Metropolitana de Santiago,131,Santiago,13122,Peñalolén,Otros países de América Central y El Caribe,640
13,Metropolitana de Santiago,131,Santiago,13122,Peñalolén,América del Norte,175
13,Metropolitana de Santiago,131,Santiago,13122,Peñalolén,Europa,472
13,Metropolitana de Santiago,131,Santiago,13122,Peñalolén,Asia,204
13,Metropolitana de Santiago,131,Santiago,13122,Peñalolén,África,*
13,Metropolitana de Santiago,131,Santiago,13122,Peñalolén,Oceanía,*
13,Metropolitana de Santiago,131,Santiago,13122,Peñalolén,País de nacimiento no declarado,17
13,Metropolitana de Santiago,131,Santiago,13123,Providencia,Total nacidos fuera del país,16.116
13,Metropolitana de Santiago,131,Santiago,13123,Providencia,Argentina,1.763
13,Metropolitana de Santiago,131,Santiago,13123,Providencia,Bolivia (Estado Plurinacional de),352
13,Metropolitana de Santiago,131,Santiago,13123,Providencia,Colombia,1.250
13,Metropolitana de Santiago,131,Santiago,13123,Providencia,Haití,*
13,Metropolitana de Santiago,131,Santiago,13123,Providencia,Perú,1.635
13,Metropolitana de Santiago,131,Santiago,13123,Providencia,Venezuela (República Bolivariana de),4.491
13,Metropolitana de Santiago,131,Santiago,13123,Providencia,Otros países de América del Sur,1.488
13,Metropolitana de Santiago,131,Santiago,13123,Providencia,Otros países de América Central y El Caribe,952
13,Metropolitana de Santiago,131,Santiago,13123,Providencia,América del Norte,641
13,Metropolitana de Santiago,131,Santiago,13123,Providencia,Europa,2.572
13,Metropolitana de Santiago,131,Santiago,13123,Providencia,Asia,782
13,Metropolitana de Santiago,131,Santiago,13123,Providencia,África,*
13,Metropolitana de Santiago,131,Santiago,13123,Providencia,Oceanía,75
13,Metropolitana de Santiago,131,Santiago,13123,Providencia,País de nacimiento no declarado,13
13,Metropolitana de Santiago,131,Santiago,13124,Pudahuel,Total nacidos fuera del país,16.505
13,Metropolitana de Santiago,131,Santiago,13124,Pudahuel,Argentina,637
13,Metropolitana de Santiago,131,Santiago,13124,Pudahuel,Bolivia (Estado Plurinacional de),475
13,Metropolitana de Santiago,131,Santiago,13124,Pudahuel,Colombia,2.506
13,Metropolitana de Santiago,131,Santiago,13124,Pudahuel,Haití,918
13,Metropolitana de Santiago,131,Santiago,13124,Pudahuel,Perú,3.623
13,Metropolitana de Santiago,131,Santiago,13124,Pudahuel,Venezuela (República Bolivariana de),6.346
13,Metropolitana de Santiago,131,Santiago,13124,Pudahuel,Otros países de América del Sur,1.213
13,Metropolitana de Santiago,131,Santiago,13124,Pudahuel,Otros países de América Central y El Caribe,406
13,Metropolitana de Santiago,131,Santiago,13124,Pudahuel,América del Norte,*
13,Metropolitana de Santiago,131,Santiago,13124,Pudahuel,Europa,106
13,Metropolitana de Santiago,131,Santiago,13124,Pudahuel,Asia,199
13,Metropolitana de Santiago,131,Santiago,13124,Pudahuel,África,*
13,Metropolitana de Santiago,131,Santiago,13124,Pudahuel,Oceanía,*
13,Metropolitana de Santiago,131,Santiago,13124,Pudahuel,País de nacimiento no declarado,18
13,Metropolitana de Santiago,131,Santiago,13125,Quilicura,Total nacidos fuera del país,27.310
13,Metropolitana de Santiago,131,Santiago,13125,Quilicura,Argentina,708
13,Metropolitana de Santiago,131,Santiago,13125,Quilicura,Bolivia (Estado Plurinacional de),462
13,Metropolitana de Santiago,131,Santiago,13125,Quilicura,Colombia,2.325
13,Metropolitana de Santiago,131,Santiago,13125,Quilicura,Haití,8.002
13,Metropolitana de Santiago,131,Santiago,13125,Quilicura,Perú,4.330
13,Metropolitana de Santiago,131,Santiago,13125,Quilicura,Venezuela (República Bolivariana de),9.674
13,Metropolitana de Santiago,131,Santiago,13125,Quilicura,Otros países de América del Sur,946
13,Metropolitana de Santiago,131,Santiago,13125,Quilicura,Otros países de América Central y El Caribe,514
13,Metropolitana de Santiago,131,Santiago,13125,Quilicura,América del Norte,*
13,Metropolitana de Santiago,131,Santiago,13125,Quilicura,Europa,121
13,Metropolitana de Santiago,131,Santiago,13125,Quilicura,Asia,154
13,Metropolitana de Santiago,131,Santiago,13125,Quilicura,África,*
13,Metropolitana de Santiago,131,Santiago,13125,Quilicura,Oceanía,*
13,Metropolitana de Santiago,131,Santiago,13125,Quilicura,País de nacimiento no declarado,16
13,Metropolitana de Santiago,131,Santiago,13126,Quinta Normal,Total nacidos fuera del país,35.630
13,Metropolitana de Santiago,131,Santiago,13126,Quinta Normal,Argentina,329
13,Metropolitana de Santiago,131,Santiago,13126,Quinta Normal,Bolivia (Estado Plurinacional de),407
13,Metropolitana de Santiago,131,Santiago,13126,Quinta Normal,Colombia,5.082
13,Metropolitana de Santiago,131,Santiago,13126,Quinta Normal,Haití,1.160
13,Metropolitana de Santiago,131,Santiago,13126,Quinta Normal,Perú,7.684
13,Metropolitana de Santiago,131,Santiago,13126,Quinta Normal,Venezuela (República Bolivariana de),18.587
13,Metropolitana de Santiago,131,Santiago,13126,Quinta Normal,Otros países de América del Sur,1.483
13,Metropolitana de Santiago,131,Santiago,13126,Quinta Normal,Otros países de América Central y El Caribe,650
13,Metropolitana de Santiago,131,Santiago,13126,Quinta Normal,América del Norte,*
13,Metropolitana de Santiago,131,Santiago,13126,Quinta Normal,Europa,89
13,Metropolitana de Santiago,131,Santiago,13126,Quinta Normal,Asia,110
13,Metropolitana de Santiago,131,Santiago,13126,Quinta Normal,África,*
13,Metropolitana de Santiago,131,Santiago,13126,Quinta Normal,Oceanía,*
13,Metropolitana de Santiago,131,Santiago,13126,Quinta Normal,País de nacimiento no declarado,7
13,Metropolitana de Santiago,131,Santiago,13127,Recoleta,Total nacidos fuera del país,34.009
13,Metropolitana de Santiago,131,Santiago,13127,Recoleta,Argentina,523
13,Metropolitana de Santiago,131,Santiago,13127,Recoleta,Bolivia (Estado Plurinacional de),2.979
13,Metropolitana de Santiago,131,Santiago,13127,Recoleta,Colombia,2.785
13,Metropolitana de Santiago,131,Santiago,13127,Recoleta,Haití,1.620
13,Metropolitana de Santiago,131,Santiago,13127,Recoleta,Perú,15.209
13,Metropolitana de Santiago,131,Santiago,13127,Recoleta,Venezuela (República Bolivariana de),7.431
13,Metropolitana de Santiago,131,Santiago,13127,Recoleta,Otros países de América del Sur,1.631
13,Metropolitana de Santiago,131,Santiago,13127,Recoleta,Otros países de América Central y El Caribe,1.085
13,Metropolitana de Santiago,131,Santiago,13127,Recoleta,América del Norte,*
13,Metropolitana de Santiago,131,Santiago,13127,Recoleta,Europa,163
13,Metropolitana de Santiago,131,Santiago,13127,Recoleta,Asia,468
13,Metropolitana de Santiago,131,Santiago,13127,Recoleta,África,*
13,Metropolitana de Santiago,131,Santiago,13127,Recoleta,Oceanía,*
13,Metropolitana de Santiago,131,Santiago,13127,Recoleta,País de nacimiento no declarado,42
13,Metropolitana de Santiago,131,Santiago,13128,Renca,Total nacidos fuera del país,12.523
13,Metropolitana de Santiago,131,Santiago,13128,Renca,Argentina,404
13,Metropolitana de Santiago,131,Santiago,13128,Renca,Bolivia (Estado Plurinacional de),271
13,Metropolitana de Santiago,131,Santiago,13128,Renca,Colombia,1.497
13,Metropolitana de Santiago,131,Santiago,13128,Renca,Haití,1.379
13,Metropolitana de Santiago,131,Santiago,13128,Renca,Perú,3.555
13,Metropolitana de Santiago,131,Santiago,13128,Renca,Venezuela (República Bolivariana de),4.140
13,Metropolitana de Santiago,131,Santiago,13128,Renca,Otros países de América del Sur,583
13,Metropolitana de Santiago,131,Santiago,13128,Renca,Otros países de América Central y El Caribe,564
13,Metropolitana de Santiago,131,Santiago,13128,Renca,América del Norte,*
13,Metropolitana de Santiago,131,Santiago,13128,Renca,Europa,57
13,Metropolitana de Santiago,131,Santiago,13128,Renca,Asia,*
13,Metropolitana de Santiago,131,Santiago,13128,Renca,África,*
13,Metropolitana de Santiago,131,Santiago,13128,Renca,Oceanía,0
13,Metropolitana de Santiago,131,Santiago,13128,Renca,País de nacimiento no declarado,7
13,Metropolitana de Santiago,131,Santiago,13129,San Joaquín,Total nacidos fuera del país,14.088
13,Metropolitana de Santiago,131,Santiago,13129,San Joaquín,Argentina,330
13,Metropolitana de Santiago,131,Santiago,13129,San Joaquín,Bolivia (Estado Plurinacional de),290
13,Metropolitana de Santiago,131,Santiago,13129,San Joaquín,Colombia,1.566
13,Metropolitana de Santiago,131,Santiago,13129,San Joaquín,Haití,484
13,Metropolitana de Santiago,131,Santiago,13129,San Joaquín,Perú,2.722
13,Metropolitana de Santiago,131,Santiago,13129,San Joaquín,Venezuela (República Bolivariana de),7.504
13,Metropolitana de Santiago,131,Santiago,13129,San Joaquín,Otros países de América del Sur,662
13,Metropolitana de Santiago,131,Santiago,13129,San Joaquín,Otros países de América Central y El Caribe,294
13,Metropolitana de Santiago,131,Santiago,13129,San Joaquín,América del Norte,*
13,Metropolitana de Santiago,131,Santiago,13129,San Joaquín,Europa,111
13,Metropolitana de Santiago,131,Santiago,13129,San Joaquín,Asia,81
13,Metropolitana de Santiago,131,Santiago,13129,San Joaquín,África,*
13,Metropolitana de Santiago,131,Santiago,13129,San Joaquín,Oceanía,*
13,Metropolitana de Santiago,131,Santiago,13129,San Joaquín,País de nacimiento no declarado,10
13,Metropolitana de Santiago,131,Santiago,13130,San Miguel,Total nacidos fuera del país,39.266
13,Metropolitana de Santiago,131,Santiago,13130,San Miguel,Argentina,559
13,Metropolitana de Santiago,131,Santiago,13130,San Miguel,Bolivia (Estado Plurinacional de),372
13,Metropolitana de Santiago,131,Santiago,13130,San Miguel,Colombia,3.904
13,Metropolitana de Santiago,131,Santiago,13130,San Miguel,Haití,263
13,Metropolitana de Santiago,131,Santiago,13130,San Miguel,Perú,2.420
13,Metropolitana de Santiago,131,Santiago,13130,San Miguel,Venezuela (República Bolivariana de),29.418
13,Metropolitana de Santiago,131,Santiago,13130,San Miguel,Otros países de América del Sur,1.106
13,Metropolitana de Santiago,131,Santiago,13130,San Miguel,Otros países de América Central y El Caribe,576
13,Metropolitana de Santiago,131,Santiago,13130,San Miguel,América del Norte,99
13,Metropolitana de Santiago,131,Santiago,13130,San Miguel,Europa,288
13,Metropolitana de Santiago,131,Santiago,13130,San Miguel,Asia,204
13,Metropolitana de Santiago,131,Santiago,13130,San Miguel,África,*
13,Metropolitana de Santiago,131,Santiago,13130,San Miguel,Oceanía,*
13,Metropolitana de Santiago,131,Santiago,13130,San Miguel,País de nacimiento no declarado,35
13,Metropolitana de Santiago,131,Santiago,13131,San Ramón,Total nacidos fuera del país,6.214
13,Metropolitana de Santiago,131,Santiago,13131,San Ramón,Argentina,184
13,Metropolitana de Santiago,131,Santiago,13131,San Ramón,Bolivia (Estado Plurinacional de),132
13,Metropolitana de Santiago,131,Santiago,13131,San Ramón,Colombia,558
13,Metropolitana de Santiago,131,Santiago,13131,San Ramón,Haití,714
13,Metropolitana de Santiago,131,Santiago,13131,San Ramón,Perú,1.364
13,Metropolitana de Santiago,131,Santiago,13131,San Ramón,Venezuela (República Bolivariana de),2.757
13,Metropolitana de Santiago,131,Santiago,13131,San Ramón,Otros países de América del Sur,251
13,Metropolitana de Santiago,131,Santiago,13131,San Ramón,Otros países de América Central y El Caribe,153
13,Metropolitana de Santiago,131,Santiago,13131,San Ramón,América del Norte,*
13,Metropolitana de Santiago,131,Santiago,13131,San Ramón,Europa,*
13,Metropolitana de Santiago,131,Santiago,13131,San Ramón,Asia,*
13,Metropolitana de Santiago,131,Santiago,13131,San Ramón,África,*
13,Metropolitana de Santiago,131,Santiago,13131,San Ramón,Oceanía,*
13,Metropolitana de Santiago,131,Santiago,13131,San Ramón,País de nacimiento no declarado,8
13,Metropolitana de Santiago,131,Santiago,13132,Vitacura,Total nacidos fuera del país,9.401
13,Metropolitana de Santiago,131,Santiago,13132,Vitacura,Argentina,1.340
13,Metropolitana de Santiago,131,Santiago,13132,Vitacura,Bolivia (Estado Plurinacional de),191
13,Metropolitana de Santiago,131,Santiago,13132,Vitacura,Colombia,678
13,Metropolitana de Santiago,131,Santiago,13132,Vitacura,Haití,*
13,Metropolitana de Santiago,131,Santiago,13132,Vitacura,Perú,1.152
13,Metropolitana de Santiago,131,Santiago,13132,Vitacura,Venezuela (República Bolivariana de),840
13,Metropolitana de Santiago,131,Santiago,13132,Vitacura,Otros países de América del Sur,941
13,Metropolitana de Santiago,131,Santiago,13132,Vitacura,Otros países de América Central y El Caribe,399
13,Metropolitana de Santiago,131,Santiago,13132,Vitacura,América del Norte,839
13,Metropolitana de Santiago,131,Santiago,13132,Vitacura,Europa,2.197
13,Metropolitana de Santiago,131,Santiago,13132,Vitacura,Asia,627
13,Metropolitana de Santiago,131,Santiago,13132,Vitacura,África,*
13,Metropolitana de Santiago,131,Santiago,13132,Vitacura,Oceanía,95
13,Metropolitana de Santiago,131,Santiago,13132,Vitacura,País de nacimiento no declarado,19
13,Metropolitana de Santiago,132,Cordillera,13201,Puente Alto,Total nacidos fuera del país,29.760
13,Metropolitana de Santiago,132,Cordillera,13201,Puente Alto,Argentina,1.702
13,Metropolitana de Santiago,132,Cordillera,13201,Puente Alto,Bolivia (Estado Plurinacional de),562
13,Metropolitana de Santiago,132,Cordillera,13201,Puente Alto,Colombia,3.950
13,Metropolitana de Santiago,132,Cordillera,13201,Puente Alto,Haití,2.633
13,Metropolitana de Santiago,132,Cordillera,13201,Puente Alto,Perú,5.306
13,Metropolitana de Santiago,132,Cordillera,13201,Puente Alto,Venezuela (República Bolivariana de),11.608
13,Metropolitana de Santiago,132,Cordillera,13201,Puente Alto,Otros países de América del Sur,2.238
13,Metropolitana de Santiago,132,Cordillera,13201,Puente Alto,Otros países de América Central y El Caribe,863
13,Metropolitana de Santiago,132,Cordillera,13201,Puente Alto,América del Norte,96
13,Metropolitana de Santiago,132,Cordillera,13201,Puente Alto,Europa,332
13,Metropolitana de Santiago,132,Cordillera,13201,Puente Alto,Asia,398
13,Metropolitana de Santiago,132,Cordillera,13201,Puente Alto,África,*
13,Metropolitana de Santiago,132,Cordillera,13201,Puente Alto,Oceanía,*
13,Metropolitana de Santiago,132,Cordillera,13201,Puente Alto,País de nacimiento no declarado,30
13,Metropolitana de Santiago,132,Cordillera,13202,Pirque,Total nacidos fuera del país,637
13,Metropolitana de Santiago,132,Cordillera,13202,Pirque,Argentina,82
13,Metropolitana de Santiago,132,Cordillera,13202,Pirque,Bolivia (Estado Plurinacional de),*
13,Metropolitana de Santiago,132,Cordillera,13202,Pirque,Colombia,56
13,Metropolitana de Santiago,132,Cordillera,13202,Pirque,Haití,*
13,Metropolitana de Santiago,132,Cordillera,13202,Pirque,Perú,80
13,Metropolitana de Santiago,132,Cordillera,13202,Pirque,Venezuela (República Bolivariana de),149
13,Metropolitana de Santiago,132,Cordillera,13202,Pirque,Otros países de América del Sur,65
13,Metropolitana de Santiago,132,Cordillera,13202,Pirque,Otros países de América Central y El Caribe,*
13,Metropolitana de Santiago,132,Cordillera,13202,Pirque,América del Norte,*
13,Metropolitana de Santiago,132,Cordillera,13202,Pirque,Europa,88
13,Metropolitana de Santiago,132,Cordillera,13202,Pirque,Asia,*
13,Metropolitana de Santiago,132,Cordillera,13202,Pirque,África,*
13,Metropolitana de Santiago,132,Cordillera,13202,Pirque,Oceanía,*
13,Metropolitana de Santiago,132,Cordillera,13202,Pirque,País de nacimiento no declarado,1
13,Metropolitana de Santiago,132,Cordillera,13203,San José de Maipo,Total nacidos fuera del país,823
13,Metropolitana de Santiago,132,Cordillera,13203,San José de Maipo,Argentina,83
13,Metropolitana de Santiago,132,Cordillera,13203,San José de Maipo,Bolivia (Estado Plurinacional de),*
13,Metropolitana de Santiago,132,Cordillera,13203,San José de Maipo,Colombia,115
13,Metropolitana de Santiago,132,Cordillera,13203,San José de Maipo,Haití,*
13,Metropolitana de Santiago,132,Cordillera,13203,San José de Maipo,Perú,*
13,Metropolitana de Santiago,132,Cordillera,13203,San José de Maipo,Venezuela (República Bolivariana de),347
13,Metropolitana de Santiago,132,Cordillera,13203,San José de Maipo,Otros países de América del Sur,70
13,Metropolitana de Santiago,132,Cordillera,13203,San José de Maipo,Otros países de América Central y El Caribe,*
13,Metropolitana de Santiago,132,Cordillera,13203,San José de Maipo,América del Norte,*
13,Metropolitana de Santiago,132,Cordillera,13203,San José de Maipo,Europa,60
13,Metropolitana de Santiago,132,Cordillera,13203,San José de Maipo,Asia,*
13,Metropolitana de Santiago,132,Cordillera,13203,San José de Maipo,África,*
13,Metropolitana de Santiago,132,Cordillera,13203,San José de Maipo,Oceanía,*
13,Metropolitana de Santiago,132,Cordillera,13203,San José de Maipo,País de nacimiento no declarado,2
13,Metropolitana de Santiago,133,Chacabuco,13301,Colina,Total nacidos fuera del país,22.498
13,Metropolitana de Santiago,133,Chacabuco,13301,Colina,Argentina,1.665
13,Metropolitana de Santiago,133,Chacabuco,13301,Colina,Bolivia (Estado Plurinacional de),3.039
13,Metropolitana de Santiago,133,Chacabuco,13301,Colina,Colombia,3.068
13,Metropolitana de Santiago,133,Chacabuco,13301,Colina,Haití,2.120
13,Metropolitana de Santiago,133,Chacabuco,13301,Colina,Perú,3.678
13,Metropolitana de Santiago,133,Chacabuco,13301,Colina,Venezuela (República Bolivariana de),4.459
13,Metropolitana de Santiago,133,Chacabuco,13301,Colina,Otros países de América del Sur,1.689
13,Metropolitana de Santiago,133,Chacabuco,13301,Colina,Otros países de América Central y El Caribe,1.390
13,Metropolitana de Santiago,133,Chacabuco,13301,Colina,América del Norte,322
13,Metropolitana de Santiago,133,Chacabuco,13301,Colina,Europa,718
13,Metropolitana de Santiago,133,Chacabuco,13301,Colina,Asia,238
13,Metropolitana de Santiago,133,Chacabuco,13301,Colina,África,*
13,Metropolitana de Santiago,133,Chacabuco,13301,Colina,Oceanía,*
13,Metropolitana de Santiago,133,Chacabuco,13301,Colina,País de nacimiento no declarado,30
13,Metropolitana de Santiago,133,Chacabuco,13302,Lampa,Total nacidos fuera del país,18.608
13,Metropolitana de Santiago,133,Chacabuco,13302,Lampa,Argentina,575
13,Metropolitana de Santiago,133,Chacabuco,13302,Lampa,Bolivia (Estado Plurinacional de),651
13,Metropolitana de Santiago,133,Chacabuco,13302,Lampa,Colombia,1.806
13,Metropolitana de Santiago,133,Chacabuco,13302,Lampa,Haití,2.379
13,Metropolitana de Santiago,133,Chacabuco,13302,Lampa,Perú,3.376
13,Metropolitana de Santiago,133,Chacabuco,13302,Lampa,Venezuela (República Bolivariana de),8.238
13,Metropolitana de Santiago,133,Chacabuco,13302,Lampa,Otros países de América del Sur,939
13,Metropolitana de Santiago,133,Chacabuco,13302,Lampa,Otros países de América Central y El Caribe,338
13,Metropolitana de Santiago,133,Chacabuco,13302,Lampa,América del Norte,51
13,Metropolitana de Santiago,133,Chacabuco,13302,Lampa,Europa,148
13,Metropolitana de Santiago,133,Chacabuco,13302,Lampa,Asia,90
13,Metropolitana de Santiago,133,Chacabuco,13302,Lampa,África,*
13,Metropolitana de Santiago,133,Chacabuco,13302,Lampa,Oceanía,*
13,Metropolitana de Santiago,133,Chacabuco,13302,Lampa,País de nacimiento no declarado,13
13,Metropolitana de Santiago,133,Chacabuco,13303,Tiltil,Total nacidos fuera del país,1.133
13,Metropolitana de Santiago,133,Chacabuco,13303,Tiltil,Argentina,68
13,Metropolitana de Santiago,133,Chacabuco,13303,Tiltil,Bolivia (Estado Plurinacional de),136
13,Metropolitana de Santiago,133,Chacabuco,13303,Tiltil,Colombia,140
13,Metropolitana de Santiago,133,Chacabuco,13303,Tiltil,Haití,143
13,Metropolitana de Santiago,133,Chacabuco,13303,Tiltil,Perú,118
13,Metropolitana de Santiago,133,Chacabuco,13303,Tiltil,Venezuela (República Bolivariana de),338
13,Metropolitana de Santiago,133,Chacabuco,13303,Tiltil,Otros países de América del Sur,127
13,Metropolitana de Santiago,133,Chacabuco,13303,Tiltil,Otros países de América Central y El Caribe,*
13,Metropolitana de Santiago,133,Chacabuco,13303,Tiltil,América del Norte,*
13,Metropolitana de Santiago,133,Chacabuco,13303,Tiltil,Europa,*
13,Metropolitana de Santiago,133,Chacabuco,13303,Tiltil,Asia,*
13,Metropolitana de Santiago,133,Chacabuco,13303,Tiltil,África,0
13,Metropolitana de Santiago,133,Chacabuco,13303,Tiltil,Oceanía,0
13,Metropolitana de Santiago,133,Chacabuco,13303,Tiltil,País de nacimiento no declarado,0
13,Metropolitana de Santiago,134,Maipo,13401,San Bernardo,Total nacidos fuera del país,19.544
13,Metropolitana de Santiago,134,Maipo,13401,San Bernardo,Argentina,930
13,Metropolitana de Santiago,134,Maipo,13401,San Bernardo,Bolivia (Estado Plurinacional de),295
13,Metropolitana de Santiago,134,Maipo,13401,San Bernardo,Colombia,1.550
13,Metropolitana de Santiago,134,Maipo,13401,San Bernardo,Haití,4.539
13,Metropolitana de Santiago,134,Maipo,13401,San Bernardo,Perú,2.262
13,Metropolitana de Santiago,134,Maipo,13401,San Bernardo,Venezuela (República Bolivariana de),7.752
13,Metropolitana de Santiago,134,Maipo,13401,San Bernardo,Otros países de América del Sur,1.288
13,Metropolitana de Santiago,134,Maipo,13401,San Bernardo,Otros países de América Central y El Caribe,412
13,Metropolitana de Santiago,134,Maipo,13401,San Bernardo,América del Norte,78
13,Metropolitana de Santiago,134,Maipo,13401,San Bernardo,Europa,174
13,Metropolitana de Santiago,134,Maipo,13401,San Bernardo,Asia,235
13,Metropolitana de Santiago,134,Maipo,13401,San Bernardo,África,*
13,Metropolitana de Santiago,134,Maipo,13401,San Bernardo,Oceanía,*
13,Metropolitana de Santiago,134,Maipo,13401,San Bernardo,País de nacimiento no declarado,11
13,Metropolitana de Santiago,134,Maipo,13402,Buin,Total nacidos fuera del país,5.960
13,Metropolitana de Santiago,134,Maipo,13402,Buin,Argentina,291
13,Metropolitana de Santiago,134,Maipo,13402,Buin,Bolivia (Estado Plurinacional de),370
13,Metropolitana de Santiago,134,Maipo,13402,Buin,Colombia,611
13,Metropolitana de Santiago,134,Maipo,13402,Buin,Haití,516
13,Metropolitana de Santiago,134,Maipo,13402,Buin,Perú,506
13,Metropolitana de Santiago,134,Maipo,13402,Buin,Venezuela (República Bolivariana de),2.719
13,Metropolitana de Santiago,134,Maipo,13402,Buin,Otros países de América del Sur,546
13,Metropolitana de Santiago,134,Maipo,13402,Buin,Otros países de América Central y El Caribe,130
13,Metropolitana de Santiago,134,Maipo,13402,Buin,América del Norte,*
13,Metropolitana de Santiago,134,Maipo,13402,Buin,Europa,142
13,Metropolitana de Santiago,134,Maipo,13402,Buin,Asia,61
13,Metropolitana de Santiago,134,Maipo,13402,Buin,África,*
13,Metropolitana de Santiago,134,Maipo,13402,Buin,Oceanía,*
13,Metropolitana de Santiago,134,Maipo,13402,Buin,País de nacimiento no declarado,16
13,Metropolitana de Santiago,134,Maipo,13403,Calera de Tango,Total nacidos fuera del país,898
13,Metropolitana de Santiago,134,Maipo,13403,Calera de Tango,Argentina,67
13,Metropolitana de Santiago,134,Maipo,13403,Calera de Tango,Bolivia (Estado Plurinacional de),57
13,Metropolitana de Santiago,134,Maipo,13403,Calera de Tango,Colombia,95
13,Metropolitana de Santiago,134,Maipo,13403,Calera de Tango,Haití,173
13,Metropolitana de Santiago,134,Maipo,13403,Calera de Tango,Perú,114
13,Metropolitana de Santiago,134,Maipo,13403,Calera de Tango,Venezuela (República Bolivariana de),235
13,Metropolitana de Santiago,134,Maipo,13403,Calera de Tango,Otros países de América del Sur,57
13,Metropolitana de Santiago,134,Maipo,13403,Calera de Tango,Otros países de América Central y El Caribe,*
13,Metropolitana de Santiago,134,Maipo,13403,Calera de Tango,América del Norte,*
13,Metropolitana de Santiago,134,Maipo,13403,Calera de Tango,Europa,*
13,Metropolitana de Santiago,134,Maipo,13403,Calera de Tango,Asia,*
13,Metropolitana de Santiago,134,Maipo,13403,Calera de Tango,África,0
13,Metropolitana de Santiago,134,Maipo,13403,Calera de Tango,Oceanía,*
13,Metropolitana de Santiago,134,Maipo,13403,Calera de Tango,País de nacimiento no declarado,3
13,Metropolitana de Santiago,134,Maipo,13404,Paine,Total nacidos fuera del país,5.365
13,Metropolitana de Santiago,134,Maipo,13404,Paine,Argentina,177
13,Metropolitana de Santiago,134,Maipo,13404,Paine,Bolivia (Estado Plurinacional de),1.917
13,Metropolitana de Santiago,134,Maipo,13404,Paine,Colombia,236
13,Metropolitana de Santiago,134,Maipo,13404,Paine,Haití,674
13,Metropolitana de Santiago,134,Maipo,13404,Paine,Perú,405
13,Metropolitana de Santiago,134,Maipo,13404,Paine,Venezuela (República Bolivariana de),1.382
13,Metropolitana de Santiago,134,Maipo,13404,Paine,Otros países de América del Sur,345
13,Metropolitana de Santiago,134,Maipo,13404,Paine,Otros países de América Central y El Caribe,79
13,Metropolitana de Santiago,134,Maipo,13404,Paine,América del Norte,*
13,Metropolitana de Santiago,134,Maipo,13404,Paine,Europa,74
13,Metropolitana de Santiago,134,Maipo,13404,Paine,Asia,*
13,Metropolitana de Santiago,134,Maipo,13404,Paine,África,*
13,Metropolitana de Santiago,134,Maipo,13404,Paine,Oceanía,*
13,Metropolitana de Santiago,134,Maipo,13404,Paine,País de nacimiento no declarado,6
13,Metropolitana de Santiago,135,Melipilla,13501,Melipilla,Total nacidos fuera del país,11.069
13,Metropolitana de Santiago,135,Melipilla,13501,Melipilla,Argentina,283
13,Metropolitana de Santiago,135,Melipilla,13501,Melipilla,Bolivia (Estado Plurinacional de),4.777
13,Metropolitana de Santiago,135,Melipilla,13501,Melipilla,Colombia,643
13,Metropolitana de Santiago,135,Melipilla,13501,Melipilla,Haití,1.301
13,Metropolitana de Santiago,135,Melipilla,13501,Melipilla,Perú,605
13,Metropolitana de Santiago,135,Melipilla,13501,Melipilla,Venezuela (República Bolivariana de),2.722
13,Metropolitana de Santiago,135,Melipilla,13501,Melipilla,Otros países de América del Sur,350
13,Metropolitana de Santiago,135,Melipilla,13501,Melipilla,Otros países de América Central y El Caribe,206
13,Metropolitana de Santiago,135,Melipilla,13501,Melipilla,América del Norte,*
13,Metropolitana de Santiago,135,Melipilla,13501,Melipilla,Europa,107
13,Metropolitana de Santiago,135,Melipilla,13501,Melipilla,Asia,*
13,Metropolitana de Santiago,135,Melipilla,13501,Melipilla,África,*
13,Metropolitana de Santiago,135,Melipilla,13501,Melipilla,Oceanía,*
13,Metropolitana de Santiago,135,Melipilla,13501,Melipilla,País de nacimiento no declarado,2
13,Metropolitana de Santiago,135,Melipilla,13502,Alhué,Total nacidos fuera del país,918
13,Metropolitana de Santiago,135,Melipilla,13502,Alhué,Argentina,*
13,Metropolitana de Santiago,135,Melipilla,13502,Alhué,Bolivia (Estado Plurinacional de),357
13,Metropolitana de Santiago,135,Melipilla,13502,Alhué,Colombia,*
13,Metropolitana de Santiago,135,Melipilla,13502,Alhué,Haití,60
13,Metropolitana de Santiago,135,Melipilla,13502,Alhué,Perú,217
13,Metropolitana de Santiago,135,Melipilla,13502,Alhué,Venezuela (República Bolivariana de),169
13,Metropolitana de Santiago,135,Melipilla,13502,Alhué,Otros países de América del Sur,56
13,Metropolitana de Santiago,135,Melipilla,13502,Alhué,Otros países de América Central y El Caribe,*
13,Metropolitana de Santiago,135,Melipilla,13502,Alhué,América del Norte,0
13,Metropolitana de Santiago,135,Melipilla,13502,Alhué,Europa,*
13,Metropolitana de Santiago,135,Melipilla,13502,Alhué,Asia,*
13,Metropolitana de Santiago,135,Melipilla,13502,Alhué,África,0
13,Metropolitana de Santiago,135,Melipilla,13502,Alhué,Oceanía,0
13,Metropolitana de Santiago,135,Melipilla,13502,Alhué,País de nacimiento no declarado,0
13,Metropolitana de Santiago,135,Melipilla,13503,Curacaví,Total nacidos fuera del país,1.460
13,Metropolitana de Santiago,135,Melipilla,13503,Curacaví,Argentina,139
13,Metropolitana de Santiago,135,Melipilla,13503,Curacaví,Bolivia (Estado Plurinacional de),*
13,Metropolitana de Santiago,135,Melipilla,13503,Curacaví,Colombia,129
13,Metropolitana de Santiago,135,Melipilla,13503,Curacaví,Haití,139
13,Metropolitana de Santiago,135,Melipilla,13503,Curacaví,Perú,163
13,Metropolitana de Santiago,135,Melipilla,13503,Curacaví,Venezuela (República Bolivariana de),564
13,Metropolitana de Santiago,135,Melipilla,13503,Curacaví,Otros países de América del Sur,100
13,Metropolitana de Santiago,135,Melipilla,13503,Curacaví,Otros países de América Central y El Caribe,73
13,Metropolitana de Santiago,135,Melipilla,13503,Curacaví,América del Norte,*
13,Metropolitana de Santiago,135,Melipilla,13503,Curacaví,Europa,73
13,Metropolitana de Santiago,135,Melipilla,13503,Curacaví,Asia,*
13,Metropolitana de Santiago,135,Melipilla,13503,Curacaví,África,*
13,Metropolitana de Santiago,135,Melipilla,13503,Curacaví,Oceanía,*
13,Metropolitana de Santiago,135,Melipilla,13503,Curacaví,País de nacimiento no declarado,0
13,Metropolitana de Santiago,135,Melipilla,13504,María Pinto,Total nacidos fuera del país,356
13,Metropolitana de Santiago,135,Melipilla,13504,María Pinto,Argentina,*
13,Metropolitana de Santiago,135,Melipilla,13504,María Pinto,Bolivia (Estado Plurinacional de),66
13,Metropolitana de Santiago,135,Melipilla,13504,María Pinto,Colombia,*
13,Metropolitana de Santiago,135,Melipilla,13504,María Pinto,Haití,*
13,Metropolitana de Santiago,135,Melipilla,13504,María Pinto,Perú,*
13,Metropolitana de Santiago,135,Melipilla,13504,María Pinto,Venezuela (República Bolivariana de),117
13,Metropolitana de Santiago,135,Melipilla,13504,María Pinto,Otros países de América del Sur,*
13,Metropolitana de Santiago,135,Melipilla,13504,María Pinto,Otros países de América Central y El Caribe,*
13,Metropolitana de Santiago,135,Melipilla,13504,María Pinto,América del Norte,*
13,Metropolitana de Santiago,135,Melipilla,13504,María Pinto,Europa,*
13,Metropolitana de Santiago,135,Melipilla,13504,María Pinto,Asia,*
13,Metropolitana de Santiago,135,Melipilla,13504,María Pinto,África,*
13,Metropolitana de Santiago,135,Melipilla,13504,María Pinto,Oceanía,0
13,Metropolitana de Santiago,135,Melipilla,13504,María Pinto,País de nacimiento no declarado,0
13,Metropolitana de Santiago,135,Melipilla,13505,San Pedro,Total nacidos fuera del país,1.260
13,Metropolitana de Santiago,135,Melipilla,13505,San Pedro,Argentina,*
13,Metropolitana de Santiago,135,Melipilla,13505,San Pedro,Bolivia (Estado Plurinacional de),799
13,Metropolitana de Santiago,135,Melipilla,13505,San Pedro,Colombia,*
13,Metropolitana de Santiago,135,Melipilla,13505,San Pedro,Haití,113
13,Metropolitana de Santiago,135,Melipilla,13505,San Pedro,Perú,142
13,Metropolitana de Santiago,135,Melipilla,13505,San Pedro,Venezuela (República Bolivariana de),121
13,Metropolitana de Santiago,135,Melipilla,13505,San Pedro,Otros países de América del Sur,*
13,Metropolitana de Santiago,135,Melipilla,13505,San Pedro,Otros países de América Central y El Caribe,0
13,Metropolitana de Santiago,135,Melipilla,13505,San Pedro,América del Norte,0
13,Metropolitana de Santiago,135,Melipilla,13505,San Pedro,Europa,*
13,Metropolitana de Santiago,135,Melipilla,13505,San Pedro,Asia,0
13,Metropolitana de Santiago,135,Melipilla,13505,San Pedro,África,0
13,Metropolitana de Santiago,135,Melipilla,13505,San Pedro,Oceanía,0
13,Metropolitana de Santiago,135,Melipilla,13505,San Pedro,País de nacimiento no declarado,0
13,Metropolitana de Santiago,136,Talagante,13601,Talagante,Total nacidos fuera del país,4.559
13,Metropolitana de Santiago,136,Talagante,13601,Talagante,Argentina,169
13,Metropolitana de Santiago,136,Talagante,13601,Talagante,Bolivia (Estado Plurinacional de),164
13,Metropolitana de Santiago,136,Talagante,13601,Talagante,Colombia,529
13,Metropolitana de Santiago,136,Talagante,13601,Talagante,Haití,644
13,Metropolitana de Santiago,136,Talagante,13601,Talagante,Perú,341
13,Metropolitana de Santiago,136,Talagante,13601,Talagante,Venezuela (República Bolivariana de),2.000
13,Metropolitana de Santiago,136,Talagante,13601,Talagante,Otros países de América del Sur,342
13,Metropolitana de Santiago,136,Talagante,13601,Talagante,Otros países de América Central y El Caribe,165
13,Metropolitana de Santiago,136,Talagante,13601,Talagante,América del Norte,*
13,Metropolitana de Santiago,136,Talagante,13601,Talagante,Europa,97
13,Metropolitana de Santiago,136,Talagante,13601,Talagante,Asia,59
13,Metropolitana de Santiago,136,Talagante,13601,Talagante,África,*
13,Metropolitana de Santiago,136,Talagante,13601,Talagante,Oceanía,*
13,Metropolitana de Santiago,136,Talagante,13601,Talagante,País de nacimiento no declarado,5
13,Metropolitana de Santiago,136,Talagante,13602,El Monte,Total nacidos fuera del país,1.090
13,Metropolitana de Santiago,136,Talagante,13602,El Monte,Argentina,73
13,Metropolitana de Santiago,136,Talagante,13602,El Monte,Bolivia (Estado Plurinacional de),*
13,Metropolitana de Santiago,136,Talagante,13602,El Monte,Colombia,110
13,Metropolitana de Santiago,136,Talagante,13602,El Monte,Haití,166
13,Metropolitana de Santiago,136,Talagante,13602,El Monte,Perú,128
13,Metropolitana de Santiago,136,Talagante,13602,El Monte,Venezuela (República Bolivariana de),371
13,Metropolitana de Santiago,136,Talagante,13602,El Monte,Otros países de América del Sur,93
13,Metropolitana de Santiago,136,Talagante,13602,El Monte,Otros países de América Central y El Caribe,*
13,Metropolitana de Santiago,136,Talagante,13602,El Monte,América del Norte,*
13,Metropolitana de Santiago,136,Talagante,13602,El Monte,Europa,*
13,Metropolitana de Santiago,136,Talagante,13602,El Monte,Asia,*
13,Metropolitana de Santiago,136,Talagante,13602,El Monte,África,*
13,Metropolitana de Santiago,136,Talagante,13602,El Monte,Oceanía,*
13,Metropolitana de Santiago,136,Talagante,13602,El Monte,País de nacimiento no declarado,0
13,Metropolitana de Santiago,136,Talagante,13603,Isla de Maipo,Total nacidos fuera del país,1.502
13,Metropolitana de Santiago,136,Talagante,13603,Isla de Maipo,Argentina,105
13,Metropolitana de Santiago,136,Talagante,13603,Isla de Maipo,Bolivia (Estado Plurinacional de),489
13,Metropolitana de Santiago,136,Talagante,13603,Isla de Maipo,Colombia,149
13,Metropolitana de Santiago,136,Talagante,13603,Isla de Maipo,Haití,96
13,Metropolitana de Santiago,136,Talagante,13603,Isla de Maipo,Perú,96
13,Metropolitana de Santiago,136,Talagante,13603,Isla de Maipo,Venezuela (República Bolivariana de),358
13,Metropolitana de Santiago,136,Talagante,13603,Isla de Maipo,Otros países de América del Sur,82
13,Metropolitana de Santiago,136,Talagante,13603,Isla de Maipo,Otros países de América Central y El Caribe,*
13,Metropolitana de Santiago,136,Talagante,13603,Isla de Maipo,América del Norte,*
13,Metropolitana de Santiago,136,Talagante,13603,Isla de Maipo,Europa,*
13,Metropolitana de Santiago,136,Talagante,13603,Isla de Maipo,Asia,*
13,Metropolitana de Santiago,136,Talagante,13603,Isla de Maipo,África,*
13,Metropolitana de Santiago,136,Talagante,13603,Isla de Maipo,Oceanía,*
13,Metropolitana de Santiago,136,Talagante,13603,Isla de Maipo,País de nacimiento no declarado,13
13,Metropolitana de Santiago,136,Talagante,13604,Padre Hurtado,Total nacidos fuera del país,5.296
13,Metropolitana de Santiago,136,Talagante,13604,Padre Hurtado,Argentina,210
13,Metropolitana de Santiago,136,Talagante,13604,Padre Hurtado,Bolivia (Estado Plurinacional de),89
13,Metropolitana de Santiago,136,Talagante,13604,Padre Hurtado,Colombia,658
13,Metropolitana de Santiago,136,Talagante,13604,Padre Hurtado,Haití,252
13,Metropolitana de Santiago,136,Talagante,13604,Padre Hurtado,Perú,540
13,Metropolitana de Santiago,136,Talagante,13604,Padre Hurtado,Venezuela (República Bolivariana de),2.893
13,Metropolitana de Santiago,136,Talagante,13604,Padre Hurtado,Otros países de América del Sur,375
13,Metropolitana de Santiago,136,Talagante,13604,Padre Hurtado,Otros países de América Central y El Caribe,120
13,Metropolitana de Santiago,136,Talagante,13604,Padre Hurtado,América del Norte,*
13,Metropolitana de Santiago,136,Talagante,13604,Padre Hurtado,Europa,76
13,Metropolitana de Santiago,136,Talagante,13604,Padre Hurtado,Asia,53
13,Metropolitana de Santiago,136,Talagante,13604,Padre Hurtado,África,*
13,Metropolitana de Santiago,136,Talagante,13604,Padre Hurtado,Oceanía,*
13,Metropolitana de Santiago,136,Talagante,13604,Padre Hurtado,País de nacimiento no declarado,6
13,Metropolitana de Santiago,136,Talagante,13605,Peñaflor,Total nacidos fuera del país,3.731
13,Metropolitana de Santiago,136,Talagante,13605,Peñaflor,Argentina,257
13,Metropolitana de Santiago,136,Talagante,13605,Peñaflor,Bolivia (Estado Plurinacional de),135
13,Metropolitana de Santiago,136,Talagante,13605,Peñaflor,Colombia,543
13,Metropolitana de Santiago,136,Talagante,13605,Peñaflor,Haití,220
13,Metropolitana de Santiago,136,Talagante,13605,Peñaflor,Perú,391
13,Metropolitana de Santiago,136,Talagante,13605,Peñaflor,Venezuela (República Bolivariana de),1.482
13,Metropolitana de Santiago,136,Talagante,13605,Peñaflor,Otros países de América del Sur,357
13,Metropolitana de Santiago,136,Talagante,13605,Peñaflor,Otros países de América Central y El Caribe,172
13,Metropolitana de Santiago,136,Talagante,13605,Peñaflor,América del Norte,*
13,Metropolitana de Santiago,136,Talagante,13605,Peñaflor,Europa,92
13,Metropolitana de Santiago,136,Talagante,13605,Peñaflor,Asia,54
13,Metropolitana de Santiago,136,Talagante,13605,Peñaflor,África,*
13,Metropolitana de Santiago,136,Talagante,13605,Peñaflor,Oceanía,*
13,Metropolitana de Santiago,136,Talagante,13605,Peñaflor,País de nacimiento no declarado,1
6,Libertador General Bernardo O'Higgins,61,Cachapoal,6101,Rancagua,Total nacidos fuera del país,20.640
6,Libertador General Bernardo O'Higgins,61,Cachapoal,6101,Rancagua,Argentina,655
6,Libertador General Bernardo O'Higgins,61,Cachapoal,6101,Rancagua,Bolivia (Estado Plurinacional de),417
6,Libertador General Bernardo O'Higgins,61,Cachapoal,6101,Rancagua,Colombia,2.408
6,Libertador General Bernardo O'Higgins,61,Cachapoal,6101,Rancagua,Haití,991
6,Libertador General Bernardo O'Higgins,61,Cachapoal,6101,Rancagua,Perú,825
6,Libertador General Bernardo O'Higgins,61,Cachapoal,6101,Rancagua,Venezuela (República Bolivariana de),13.319
6,Libertador General Bernardo O'Higgins,61,Cachapoal,6101,Rancagua,Otros países de América del Sur,926
6,Libertador General Bernardo O'Higgins,61,Cachapoal,6101,Rancagua,Otros países de América Central y El Caribe,562
6,Libertador General Bernardo O'Higgins,61,Cachapoal,6101,Rancagua,América del Norte,75
6,Libertador General Bernardo O'Higgins,61,Cachapoal,6101,Rancagua,Europa,229
6,Libertador General Bernardo O'Higgins,61,Cachapoal,6101,Rancagua,Asia,196
6,Libertador General Bernardo O'Higgins,61,Cachapoal,6101,Rancagua,África,*
6,Libertador General Bernardo O'Higgins,61,Cachapoal,6101,Rancagua,Oceanía,*
6,Libertador General Bernardo O'Higgins,61,Cachapoal,6101,Rancagua,País de nacimiento no declarado,18
6,Libertador General Bernardo O'Higgins,61,Cachapoal,6102,Codegua,Total nacidos fuera del país,371
6,Libertador General Bernardo O'Higgins,61,Cachapoal,6102,Codegua,Argentina,*
6,Libertador General Bernardo O'Higgins,61,Cachapoal,6102,Codegua,Bolivia (Estado Plurinacional de),96
6,Libertador General Bernardo O'Higgins,61,Cachapoal,6102,Codegua,Colombia,*
6,Libertador General Bernardo O'Higgins,61,Cachapoal,6102,Codegua,Haití,*
6,Libertador General Bernardo O'Higgins,61,Cachapoal,6102,Codegua,Perú,*
6,Libertador General Bernardo O'Higgins,61,Cachapoal,6102,Codegua,Venezuela (República Bolivariana de),148
6,Libertador General Bernardo O'Higgins,61,Cachapoal,6102,Codegua,Otros países de América del Sur,*
6,Libertador General Bernardo O'Higgins,61,Cachapoal,6102,Codegua,Otros países de América Central y El Caribe,*
6,Libertador General Bernardo O'Higgins,61,Cachapoal,6102,Codegua,América del Norte,*
6,Libertador General Bernardo O'Higgins,61,Cachapoal,6102,Codegua,Europa,*
6,Libertador General Bernardo O'Higgins,61,Cachapoal,6102,Codegua,Asia,0
6,Libertador General Bernardo O'Higgins,61,Cachapoal,6102,Codegua,África,0
6,Libertador General Bernardo O'Higgins,61,Cachapoal,6102,Codegua,Oceanía,*
6,Libertador General Bernardo O'Higgins,61,Cachapoal,6102,Codegua,País de nacimiento no declarado,0
6,Libertador General Bernardo O'Higgins,61,Cachapoal,6103,Coinco,Total nacidos fuera del país,107
6,Libertador General Bernardo O'Higgins,61,Cachapoal,6103,Coinco,Argentina,*
6,Libertador General Bernardo O'Higgins,61,Cachapoal,6103,Coinco,Bolivia (Estado Plurinacional de),*
6,Libertador General Bernardo O'Higgins,61,Cachapoal,6103,Coinco,Colombia,*
6,Libertador General Bernardo O'Higgins,61,Cachapoal,6103,Coinco,Haití,*
6,Libertador General Bernardo O'Higgins,61,Cachapoal,6103,Coinco,Perú,*
6,Libertador General Bernardo O'Higgins,61,Cachapoal,6103,Coinco,Venezuela (República Bolivariana de),*
6,Libertador General Bernardo O'Higgins,61,Cachapoal,6103,Coinco,Otros países de América del Sur,*
6,Libertador General Bernardo O'Higgins,61,Cachapoal,6103,Coinco,Otros países de América Central y El Caribe,*
6,Libertador General Bernardo O'Higgins,61,Cachapoal,6103,Coinco,América del Norte,*
6,Libertador General Bernardo O'Higgins,61,Cachapoal,6103,Coinco,Europa,*
6,Libertador General Bernardo O'Higgins,61,Cachapoal,6103,Coinco,Asia,*
6,Libertador General Bernardo O'Higgins,61,Cachapoal,6103,Coinco,África,0
6,Libertador General Bernardo O'Higgins,61,Cachapoal,6103,Coinco,Oceanía,*
6,Libertador General Bernardo O'Higgins,61,Cachapoal,6103,Coinco,País de nacimiento no declarado,1
6,Libertador General Bernardo O'Higgins,61,Cachapoal,6104,Coltauco,Total nacidos fuera del país,591
6,Libertador General Bernardo O'Higgins,61,Cachapoal,6104,Coltauco,Argentina,*
6,Libertador General Bernardo O'Higgins,61,Cachapoal,6104,Coltauco,Bolivia (Estado Plurinacional de),152
6,Libertador General Bernardo O'Higgins,61,Cachapoal,6104,Coltauco,Colombia,*
6,Libertador General Bernardo O'Higgins,61,Cachapoal,6104,Coltauco,Haití,153
6,Libertador General Bernardo O'Higgins,61,Cachapoal,6104,Coltauco,Perú,*
6,Libertador General Bernardo O'Higgins,61,Cachapoal,6104,Coltauco,Venezuela (República Bolivariana de),126
6,Libertador General Bernardo O'Higgins,61,Cachapoal,6104,Coltauco,Otros países de América del Sur,*
6,Libertador General Bernardo O'Higgins,61,Cachapoal,6104,Coltauco,Otros países de América Central y El Caribe,*
6,Libertador General Bernardo O'Higgins,61,Cachapoal,6104,Coltauco,América del Norte,*
6,Libertador General Bernardo O'Higgins,61,Cachapoal,6104,Coltauco,Europa,*
6,Libertador General Bernardo O'Higgins,61,Cachapoal,6104,Coltauco,Asia,*
6,Libertador General Bernardo O'Higgins,61,Cachapoal,6104,Coltauco,África,*
6,Libertador General Bernardo O'Higgins,61,Cachapoal,6104,Coltauco,Oceanía,0
6,Libertador General Bernardo O'Higgins,61,Cachapoal,6104,Coltauco,País de nacimiento no declarado,0
6,Libertador General Bernardo O'Higgins,61,Cachapoal,6105,Doñihue,Total nacidos fuera del país,728
6,Libertador General Bernardo O'Higgins,61,Cachapoal,6105,Doñihue,Argentina,*
6,Libertador General Bernardo O'Higgins,61,Cachapoal,6105,Doñihue,Bolivia (Estado Plurinacional de),79
6,Libertador General Bernardo O'Higgins,61,Cachapoal,6105,Doñihue,Colombia,75
6,Libertador General Bernardo O'Higgins,61,Cachapoal,6105,Doñihue,Haití,144
6,Libertador General Bernardo O'Higgins,61,Cachapoal,6105,Doñihue,Perú,*
6,Libertador General Bernardo O'Higgins,61,Cachapoal,6105,Doñihue,Venezuela (República Bolivariana de),204
6,Libertador General Bernardo O'Higgins,61,Cachapoal,6105,Doñihue,Otros países de América del Sur,74
6,Libertador General Bernardo O'Higgins,61,Cachapoal,6105,Doñihue,Otros países de América Central y El Caribe,57
6,Libertador General Bernardo O'Higgins,61,Cachapoal,6105,Doñihue,América del Norte,*
6,Libertador General Bernardo O'Higgins,61,Cachapoal,6105,Doñihue,Europa,*
6,Libertador General Bernardo O'Higgins,61,Cachapoal,6105,Doñihue,Asia,*
6,Libertador General Bernardo O'Higgins,61,Cachapoal,6105,Doñihue,África,*
6,Libertador General Bernardo O'Higgins,61,Cachapoal,6105,Doñihue,Oceanía,*
6,Libertador General Bernardo O'Higgins,61,Cachapoal,6105,Doñihue,País de nacimiento no declarado,0
6,Libertador General Bernardo O'Higgins,61,Cachapoal,6106,Graneros,Total nacidos fuera del país,2.068
6,Libertador General Bernardo O'Higgins,61,Cachapoal,6106,Graneros,Argentina,74
6,Libertador General Bernardo O'Higgins,61,Cachapoal,6106,Graneros,Bolivia (Estado Plurinacional de),955
6,Libertador General Bernardo O'Higgins,61,Cachapoal,6106,Graneros,Colombia,95
6,Libertador General Bernardo O'Higgins,61,Cachapoal,6106,Graneros,Haití,200
6,Libertador General Bernardo O'Higgins,61,Cachapoal,6106,Graneros,Perú,59
6,Libertador General Bernardo O'Higgins,61,Cachapoal,6106,Graneros,Venezuela (República Bolivariana de),558
6,Libertador General Bernardo O'Higgins,61,Cachapoal,6106,Graneros,Otros países de América del Sur,58
6,Libertador General Bernardo O'Higgins,61,Cachapoal,6106,Graneros,Otros países de América Central y El Caribe,*
6,Libertador General Bernardo O'Higgins,61,Cachapoal,6106,Graneros,América del Norte,*
6,Libertador General Bernardo O'Higgins,61,Cachapoal,6106,Graneros,Europa,*
6,Libertador General Bernardo O'Higgins,61,Cachapoal,6106,Graneros,Asia,*
6,Libertador General Bernardo O'Higgins,61,Cachapoal,6106,Graneros,África,*
6,Libertador General Bernardo O'Higgins,61,Cachapoal,6106,Graneros,Oceanía,0
6,Libertador General Bernardo O'Higgins,61,Cachapoal,6106,Graneros,País de nacimiento no declarado,2
6,Libertador General Bernardo O'Higgins,61,Cachapoal,6107,Las Cabras,Total nacidos fuera del país,1.653
6,Libertador General Bernardo O'Higgins,61,Cachapoal,6107,Las Cabras,Argentina,66
6,Libertador General Bernardo O'Higgins,61,Cachapoal,6107,Las Cabras,Bolivia (Estado Plurinacional de),568
6,Libertador General Bernardo O'Higgins,61,Cachapoal,6107,Las Cabras,Colombia,77
6,Libertador General Bernardo O'Higgins,61,Cachapoal,6107,Las Cabras,Haití,142
6,Libertador General Bernardo O'Higgins,61,Cachapoal,6107,Las Cabras,Perú,108
6,Libertador General Bernardo O'Higgins,61,Cachapoal,6107,Las Cabras,Venezuela (República Bolivariana de),543
6,Libertador General Bernardo O'Higgins,61,Cachapoal,6107,Las Cabras,Otros países de América del Sur,75
6,Libertador General Bernardo O'Higgins,61,Cachapoal,6107,Las Cabras,Otros países de América Central y El Caribe,*
6,Libertador General Bernardo O'Higgins,61,Cachapoal,6107,Las Cabras,América del Norte,*
6,Libertador General Bernardo O'Higgins,61,Cachapoal,6107,Las Cabras,Europa,*
6,Libertador General Bernardo O'Higgins,61,Cachapoal,6107,Las Cabras,Asia,*
6,Libertador General Bernardo O'Higgins,61,Cachapoal,6107,Las Cabras,África,*
6,Libertador General Bernardo O'Higgins,61,Cachapoal,6107,Las Cabras,Oceanía,0
6,Libertador General Bernardo O'Higgins,61,Cachapoal,6107,Las Cabras,País de nacimiento no declarado,1
6,Libertador General Bernardo O'Higgins,61,Cachapoal,6108,Machalí,Total nacidos fuera del país,3.093
6,Libertador General Bernardo O'Higgins,61,Cachapoal,6108,Machalí,Argentina,187
6,Libertador General Bernardo O'Higgins,61,Cachapoal,6108,Machalí,Bolivia (Estado Plurinacional de),*
6,Libertador General Bernardo O'Higgins,61,Cachapoal,6108,Machalí,Colombia,364
6,Libertador General Bernardo O'Higgins,61,Cachapoal,6108,Machalí,Haití,*
6,Libertador General Bernardo O'Higgins,61,Cachapoal,6108,Machalí,Perú,164
6,Libertador General Bernardo O'Higgins,61,Cachapoal,6108,Machalí,Venezuela (República Bolivariana de),1.747
6,Libertador General Bernardo O'Higgins,61,Cachapoal,6108,Machalí,Otros países de América del Sur,272
6,Libertador General Bernardo O'Higgins,61,Cachapoal,6108,Machalí,Otros países de América Central y El Caribe,108
6,Libertador General Bernardo O'Higgins,61,Cachapoal,6108,Machalí,América del Norte,*
6,Libertador General Bernardo O'Higgins,61,Cachapoal,6108,Machalí,Europa,97
6,Libertador General Bernardo O'Higgins,61,Cachapoal,6108,Machalí,Asia,*
6,Libertador General Bernardo O'Higgins,61,Cachapoal,6108,Machalí,África,*
6,Libertador General Bernardo O'Higgins,61,Cachapoal,6108,Machalí,Oceanía,*
6,Libertador General Bernardo O'Higgins,61,Cachapoal,6108,Machalí,País de nacimiento no declarado,3
6,Libertador General Bernardo O'Higgins,61,Cachapoal,6109,Malloa,Total nacidos fuera del país,266
6,Libertador General Bernardo O'Higgins,61,Cachapoal,6109,Malloa,Argentina,*
6,Libertador General Bernardo O'Higgins,61,Cachapoal,6109,Malloa,Bolivia (Estado Plurinacional de),73
6,Libertador General Bernardo O'Higgins,61,Cachapoal,6109,Malloa,Colombia,*
6,Libertador General Bernardo O'Higgins,61,Cachapoal,6109,Malloa,Haití,*
6,Libertador General Bernardo O'Higgins,61,Cachapoal,6109,Malloa,Perú,*
6,Libertador General Bernardo O'Higgins,61,Cachapoal,6109,Malloa,Venezuela (República Bolivariana de),*
6,Libertador General Bernardo O'Higgins,61,Cachapoal,6109,Malloa,Otros países de América del Sur,*
6,Libertador General Bernardo O'Higgins,61,Cachapoal,6109,Malloa,Otros países de América Central y El Caribe,*
6,Libertador General Bernardo O'Higgins,61,Cachapoal,6109,Malloa,América del Norte,*
6,Libertador General Bernardo O'Higgins,61,Cachapoal,6109,Malloa,Europa,*
6,Libertador General Bernardo O'Higgins,61,Cachapoal,6109,Malloa,Asia,*
6,Libertador General Bernardo O'Higgins,61,Cachapoal,6109,Malloa,África,0
6,Libertador General Bernardo O'Higgins,61,Cachapoal,6109,Malloa,Oceanía,0
6,Libertador General Bernardo O'Higgins,61,Cachapoal,6109,Malloa,País de nacimiento no declarado,0
6,Libertador General Bernardo O'Higgins,61,Cachapoal,6110,Mostazal,Total nacidos fuera del país,625
6,Libertador General Bernardo O'Higgins,61,Cachapoal,6110,Mostazal,Argentina,*
6,Libertador General Bernardo O'Higgins,61,Cachapoal,6110,Mostazal,Bolivia (Estado Plurinacional de),92
6,Libertador General Bernardo O'Higgins,61,Cachapoal,6110,Mostazal,Colombia,63
6,Libertador General Bernardo O'Higgins,61,Cachapoal,6110,Mostazal,Haití,71
6,Libertador General Bernardo O'Higgins,61,Cachapoal,6110,Mostazal,Perú,*
6,Libertador General Bernardo O'Higgins,61,Cachapoal,6110,Mostazal,Venezuela (República Bolivariana de),226
6,Libertador General Bernardo O'Higgins,61,Cachapoal,6110,Mostazal,Otros países de América del Sur,*
6,Libertador General Bernardo O'Higgins,61,Cachapoal,6110,Mostazal,Otros países de América Central y El Caribe,*
6,Libertador General Bernardo O'Higgins,61,Cachapoal,6110,Mostazal,América del Norte,*
6,Libertador General Bernardo O'Higgins,61,Cachapoal,6110,Mostazal,Europa,*
6,Libertador General Bernardo O'Higgins,61,Cachapoal,6110,Mostazal,Asia,*
6,Libertador General Bernardo O'Higgins,61,Cachapoal,6110,Mostazal,África,*
6,Libertador General Bernardo O'Higgins,61,Cachapoal,6110,Mostazal,Oceanía,*
6,Libertador General Bernardo O'Higgins,61,Cachapoal,6110,Mostazal,País de nacimiento no declarado,0
6,Libertador General Bernardo O'Higgins,61,Cachapoal,6111,Olivar,Total nacidos fuera del país,333
6,Libertador General Bernardo O'Higgins,61,Cachapoal,6111,Olivar,Argentina,*
6,Libertador General Bernardo O'Higgins,61,Cachapoal,6111,Olivar,Bolivia (Estado Plurinacional de),*
6,Libertador General Bernardo O'Higgins,61,Cachapoal,6111,Olivar,Colombia,*
6,Libertador General Bernardo O'Higgins,61,Cachapoal,6111,Olivar,Haití,71
6,Libertador General Bernardo O'Higgins,61,Cachapoal,6111,Olivar,Perú,*
6,Libertador General Bernardo O'Higgins,61,Cachapoal,6111,Olivar,Venezuela (República Bolivariana de),133
6,Libertador General Bernardo O'Higgins,61,Cachapoal,6111,Olivar,Otros países de América del Sur,*
6,Libertador General Bernardo O'Higgins,61,Cachapoal,6111,Olivar,Otros países de América Central y El Caribe,*
6,Libertador General Bernardo O'Higgins,61,Cachapoal,6111,Olivar,América del Norte,*
6,Libertador General Bernardo O'Higgins,61,Cachapoal,6111,Olivar,Europa,*
6,Libertador General Bernardo O'Higgins,61,Cachapoal,6111,Olivar,Asia,*
6,Libertador General Bernardo O'Higgins,61,Cachapoal,6111,Olivar,África,0
6,Libertador General Bernardo O'Higgins,61,Cachapoal,6111,Olivar,Oceanía,0
6,Libertador General Bernardo O'Higgins,61,Cachapoal,6111,Olivar,País de nacimiento no declarado,4
6,Libertador General Bernardo O'Higgins,61,Cachapoal,6112,Peumo,Total nacidos fuera del país,154
6,Libertador General Bernardo O'Higgins,61,Cachapoal,6112,Peumo,Argentina,*
6,Libertador General Bernardo O'Higgins,61,Cachapoal,6112,Peumo,Bolivia (Estado Plurinacional de),*
6,Libertador General Bernardo O'Higgins,61,Cachapoal,6112,Peumo,Colombia,*
6,Libertador General Bernardo O'Higgins,61,Cachapoal,6112,Peumo,Haití,*
6,Libertador General Bernardo O'Higgins,61,Cachapoal,6112,Peumo,Perú,*
6,Libertador General Bernardo O'Higgins,61,Cachapoal,6112,Peumo,Venezuela (República Bolivariana de),*
6,Libertador General Bernardo O'Higgins,61,Cachapoal,6112,Peumo,Otros países de América del Sur,*
6,Libertador General Bernardo O'Higgins,61,Cachapoal,6112,Peumo,Otros países de América Central y El Caribe,*
6,Libertador General Bernardo O'Higgins,61,Cachapoal,6112,Peumo,América del Norte,0
6,Libertador General Bernardo O'Higgins,61,Cachapoal,6112,Peumo,Europa,0
6,Libertador General Bernardo O'Higgins,61,Cachapoal,6112,Peumo,Asia,*
6,Libertador General Bernardo O'Higgins,61,Cachapoal,6112,Peumo,África,0
6,Libertador General Bernardo O'Higgins,61,Cachapoal,6112,Peumo,Oceanía,0
6,Libertador General Bernardo O'Higgins,61,Cachapoal,6112,Peumo,País de nacimiento no declarado,0
6,Libertador General Bernardo O'Higgins,61,Cachapoal,6113,Pichidegua,Total nacidos fuera del país,414
6,Libertador General Bernardo O'Higgins,61,Cachapoal,6113,Pichidegua,Argentina,*
6,Libertador General Bernardo O'Higgins,61,Cachapoal,6113,Pichidegua,Bolivia (Estado Plurinacional de),144
6,Libertador General Bernardo O'Higgins,61,Cachapoal,6113,Pichidegua,Colombia,*
6,Libertador General Bernardo O'Higgins,61,Cachapoal,6113,Pichidegua,Haití,82
6,Libertador General Bernardo O'Higgins,61,Cachapoal,6113,Pichidegua,Perú,*
6,Libertador General Bernardo O'Higgins,61,Cachapoal,6113,Pichidegua,Venezuela (República Bolivariana de),62
6,Libertador General Bernardo O'Higgins,61,Cachapoal,6113,Pichidegua,Otros países de América del Sur,*
6,Libertador General Bernardo O'Higgins,61,Cachapoal,6113,Pichidegua,Otros países de América Central y El Caribe,*
6,Libertador General Bernardo O'Higgins,61,Cachapoal,6113,Pichidegua,América del Norte,*
6,Libertador General Bernardo O'Higgins,61,Cachapoal,6113,Pichidegua,Europa,*
6,Libertador General Bernardo O'Higgins,61,Cachapoal,6113,Pichidegua,Asia,*
6,Libertador General Bernardo O'Higgins,61,Cachapoal,6113,Pichidegua,África,0
6,Libertador General Bernardo O'Higgins,61,Cachapoal,6113,Pichidegua,Oceanía,0
6,Libertador General Bernardo O'Higgins,61,Cachapoal,6113,Pichidegua,País de nacimiento no declarado,0
6,Libertador General Bernardo O'Higgins,61,Cachapoal,6114,Quinta de Tilcoco,Total nacidos fuera del país,506
6,Libertador General Bernardo O'Higgins,61,Cachapoal,6114,Quinta de Tilcoco,Argentina,*
6,Libertador General Bernardo O'Higgins,61,Cachapoal,6114,Quinta de Tilcoco,Bolivia (Estado Plurinacional de),196
6,Libertador General Bernardo O'Higgins,61,Cachapoal,6114,Quinta de Tilcoco,Colombia,*
6,Libertador General Bernardo O'Higgins,61,Cachapoal,6114,Quinta de Tilcoco,Haití,*
6,Libertador General Bernardo O'Higgins,61,Cachapoal,6114,Quinta de Tilcoco,Perú,*
6,Libertador General Bernardo O'Higgins,61,Cachapoal,6114,Quinta de Tilcoco,Venezuela (República Bolivariana de),176
6,Libertador General Bernardo O'Higgins,61,Cachapoal,6114,Quinta de Tilcoco,Otros países de América del Sur,*
6,Libertador General Bernardo O'Higgins,61,Cachapoal,6114,Quinta de Tilcoco,Otros países de América Central y El Caribe,*
6,Libertador General Bernardo O'Higgins,61,Cachapoal,6114,Quinta de Tilcoco,América del Norte,*
6,Libertador General Bernardo O'Higgins,61,Cachapoal,6114,Quinta de Tilcoco,Europa,*
6,Libertador General Bernardo O'Higgins,61,Cachapoal,6114,Quinta de Tilcoco,Asia,*
6,Libertador General Bernardo O'Higgins,61,Cachapoal,6114,Quinta de Tilcoco,África,0
6,Libertador General Bernardo O'Higgins,61,Cachapoal,6114,Quinta de Tilcoco,Oceanía,0
6,Libertador General Bernardo O'Higgins,61,Cachapoal,6114,Quinta de Tilcoco,País de nacimiento no declarado,0
6,Libertador General Bernardo O'Higgins,61,Cachapoal,6115,Rengo,Total nacidos fuera del país,3.217
6,Libertador General Bernardo O'Higgins,61,Cachapoal,6115,Rengo,Argentina,92
6,Libertador General Bernardo O'Higgins,61,Cachapoal,6115,Rengo,Bolivia (Estado Plurinacional de),810
6,Libertador General Bernardo O'Higgins,61,Cachapoal,6115,Rengo,Colombia,225
6,Libertador General Bernardo O'Higgins,61,Cachapoal,6115,Rengo,Haití,387
6,Libertador General Bernardo O'Higgins,61,Cachapoal,6115,Rengo,Perú,113
6,Libertador General Bernardo O'Higgins,61,Cachapoal,6115,Rengo,Venezuela (República Bolivariana de),1.191
6,Libertador General Bernardo O'Higgins,61,Cachapoal,6115,Rengo,Otros países de América del Sur,294
6,Libertador General Bernardo O'Higgins,61,Cachapoal,6115,Rengo,Otros países de América Central y El Caribe,*
6,Libertador General Bernardo O'Higgins,61,Cachapoal,6115,Rengo,América del Norte,*
6,Libertador General Bernardo O'Higgins,61,Cachapoal,6115,Rengo,Europa,*
6,Libertador General Bernardo O'Higgins,61,Cachapoal,6115,Rengo,Asia,*
6,Libertador General Bernardo O'Higgins,61,Cachapoal,6115,Rengo,África,*
6,Libertador General Bernardo O'Higgins,61,Cachapoal,6115,Rengo,Oceanía,0
6,Libertador General Bernardo O'Higgins,61,Cachapoal,6115,Rengo,País de nacimiento no declarado,1
6,Libertador General Bernardo O'Higgins,61,Cachapoal,6116,Requínoa,Total nacidos fuera del país,1.003
6,Libertador General Bernardo O'Higgins,61,Cachapoal,6116,Requínoa,Argentina,69
6,Libertador General Bernardo O'Higgins,61,Cachapoal,6116,Requínoa,Bolivia (Estado Plurinacional de),235
6,Libertador General Bernardo O'Higgins,61,Cachapoal,6116,Requínoa,Colombia,80
6,Libertador General Bernardo O'Higgins,61,Cachapoal,6116,Requínoa,Haití,201
6,Libertador General Bernardo O'Higgins,61,Cachapoal,6116,Requínoa,Perú,53
6,Libertador General Bernardo O'Higgins,61,Cachapoal,6116,Requínoa,Venezuela (República Bolivariana de),242
6,Libertador General Bernardo O'Higgins,61,Cachapoal,6116,Requínoa,Otros países de América del Sur,55
6,Libertador General Bernardo O'Higgins,61,Cachapoal,6116,Requínoa,Otros países de América Central y El Caribe,*
6,Libertador General Bernardo O'Higgins,61,Cachapoal,6116,Requínoa,América del Norte,*
6,Libertador General Bernardo O'Higgins,61,Cachapoal,6116,Requínoa,Europa,*
6,Libertador General Bernardo O'Higgins,61,Cachapoal,6116,Requínoa,Asia,*
6,Libertador General Bernardo O'Higgins,61,Cachapoal,6116,Requínoa,África,*
6,Libertador General Bernardo O'Higgins,61,Cachapoal,6116,Requínoa,Oceanía,*
6,Libertador General Bernardo O'Higgins,61,Cachapoal,6116,Requínoa,País de nacimiento no declarado,0
6,Libertador General Bernardo O'Higgins,61,Cachapoal,6117,San Vicente,Total nacidos fuera del país,1.755
6,Libertador General Bernardo O'Higgins,61,Cachapoal,6117,San Vicente,Argentina,71
6,Libertador General Bernardo O'Higgins,61,Cachapoal,6117,San Vicente,Bolivia (Estado Plurinacional de),470
6,Libertador General Bernardo O'Higgins,61,Cachapoal,6117,San Vicente,Colombia,141
6,Libertador General Bernardo O'Higgins,61,Cachapoal,6117,San Vicente,Haití,320
6,Libertador General Bernardo O'Higgins,61,Cachapoal,6117,San Vicente,Perú,66
6,Libertador General Bernardo O'Higgins,61,Cachapoal,6117,San Vicente,Venezuela (República Bolivariana de),407
6,Libertador General Bernardo O'Higgins,61,Cachapoal,6117,San Vicente,Otros países de América del Sur,153
6,Libertador General Bernardo O'Higgins,61,Cachapoal,6117,San Vicente,Otros países de América Central y El Caribe,*
6,Libertador General Bernardo O'Higgins,61,Cachapoal,6117,San Vicente,América del Norte,*
6,Libertador General Bernardo O'Higgins,61,Cachapoal,6117,San Vicente,Europa,*
6,Libertador General Bernardo O'Higgins,61,Cachapoal,6117,San Vicente,Asia,*
6,Libertador General Bernardo O'Higgins,61,Cachapoal,6117,San Vicente,África,*
6,Libertador General Bernardo O'Higgins,61,Cachapoal,6117,San Vicente,Oceanía,*
6,Libertador General Bernardo O'Higgins,61,Cachapoal,6117,San Vicente,País de nacimiento no declarado,0
6,Libertador General Bernardo O'Higgins,62,Cardenal Caro,6201,Pichilemu,Total nacidos fuera del país,1.033
6,Libertador General Bernardo O'Higgins,62,Cardenal Caro,6201,Pichilemu,Argentina,104
6,Libertador General Bernardo O'Higgins,62,Cardenal Caro,6201,Pichilemu,Bolivia (Estado Plurinacional de),*
6,Libertador General Bernardo O'Higgins,62,Cardenal Caro,6201,Pichilemu,Colombia,135
6,Libertador General Bernardo O'Higgins,62,Cardenal Caro,6201,Pichilemu,Haití,*
6,Libertador General Bernardo O'Higgins,62,Cardenal Caro,6201,Pichilemu,Perú,52
6,Libertador General Bernardo O'Higgins,62,Cardenal Caro,6201,Pichilemu,Venezuela (República Bolivariana de),442
6,Libertador General Bernardo O'Higgins,62,Cardenal Caro,6201,Pichilemu,Otros países de América del Sur,85
6,Libertador General Bernardo O'Higgins,62,Cardenal Caro,6201,Pichilemu,Otros países de América Central y El Caribe,*
6,Libertador General Bernardo O'Higgins,62,Cardenal Caro,6201,Pichilemu,América del Norte,*
6,Libertador General Bernardo O'Higgins,62,Cardenal Caro,6201,Pichilemu,Europa,79
6,Libertador General Bernardo O'Higgins,62,Cardenal Caro,6201,Pichilemu,Asia,*
6,Libertador General Bernardo O'Higgins,62,Cardenal Caro,6201,Pichilemu,África,*
6,Libertador General Bernardo O'Higgins,62,Cardenal Caro,6201,Pichilemu,Oceanía,*
6,Libertador General Bernardo O'Higgins,62,Cardenal Caro,6201,Pichilemu,País de nacimiento no declarado,4
6,Libertador General Bernardo O'Higgins,62,Cardenal Caro,6202,La Estrella,Total nacidos fuera del país,186
6,Libertador General Bernardo O'Higgins,62,Cardenal Caro,6202,La Estrella,Argentina,*
6,Libertador General Bernardo O'Higgins,62,Cardenal Caro,6202,La Estrella,Bolivia (Estado Plurinacional de),*
6,Libertador General Bernardo O'Higgins,62,Cardenal Caro,6202,La Estrella,Colombia,*
6,Libertador General Bernardo O'Higgins,62,Cardenal Caro,6202,La Estrella,Haití,*
6,Libertador General Bernardo O'Higgins,62,Cardenal Caro,6202,La Estrella,Perú,*
6,Libertador General Bernardo O'Higgins,62,Cardenal Caro,6202,La Estrella,Venezuela (República Bolivariana de),67
6,Libertador General Bernardo O'Higgins,62,Cardenal Caro,6202,La Estrella,Otros países de América del Sur,*
6,Libertador General Bernardo O'Higgins,62,Cardenal Caro,6202,La Estrella,Otros países de América Central y El Caribe,*
6,Libertador General Bernardo O'Higgins,62,Cardenal Caro,6202,La Estrella,América del Norte,0
6,Libertador General Bernardo O'Higgins,62,Cardenal Caro,6202,La Estrella,Europa,*
6,Libertador General Bernardo O'Higgins,62,Cardenal Caro,6202,La Estrella,Asia,0
6,Libertador General Bernardo O'Higgins,62,Cardenal Caro,6202,La Estrella,África,*
6,Libertador General Bernardo O'Higgins,62,Cardenal Caro,6202,La Estrella,Oceanía,0
6,Libertador General Bernardo O'Higgins,62,Cardenal Caro,6202,La Estrella,País de nacimiento no declarado,0
6,Libertador General Bernardo O'Higgins,62,Cardenal Caro,6203,Litueche,Total nacidos fuera del país,324
6,Libertador General Bernardo O'Higgins,62,Cardenal Caro,6203,Litueche,Argentina,*
6,Libertador General Bernardo O'Higgins,62,Cardenal Caro,6203,Litueche,Bolivia (Estado Plurinacional de),54
6,Libertador General Bernardo O'Higgins,62,Cardenal Caro,6203,Litueche,Colombia,*
6,Libertador General Bernardo O'Higgins,62,Cardenal Caro,6203,Litueche,Haití,61
6,Libertador General Bernardo O'Higgins,62,Cardenal Caro,6203,Litueche,Perú,*
6,Libertador General Bernardo O'Higgins,62,Cardenal Caro,6203,Litueche,Venezuela (República Bolivariana de),112
6,Libertador General Bernardo O'Higgins,62,Cardenal Caro,6203,Litueche,Otros países de América del Sur,*
6,Libertador General Bernardo O'Higgins,62,Cardenal Caro,6203,Litueche,Otros países de América Central y El Caribe,*
6,Libertador General Bernardo O'Higgins,62,Cardenal Caro,6203,Litueche,América del Norte,*
6,Libertador General Bernardo O'Higgins,62,Cardenal Caro,6203,Litueche,Europa,*
6,Libertador General Bernardo O'Higgins,62,Cardenal Caro,6203,Litueche,Asia,*
6,Libertador General Bernardo O'Higgins,62,Cardenal Caro,6203,Litueche,África,*
6,Libertador General Bernardo O'Higgins,62,Cardenal Caro,6203,Litueche,Oceanía,0
6,Libertador General Bernardo O'Higgins,62,Cardenal Caro,6203,Litueche,País de nacimiento no declarado,0
6,Libertador General Bernardo O'Higgins,62,Cardenal Caro,6204,Marchihue,Total nacidos fuera del país,154
6,Libertador General Bernardo O'Higgins,62,Cardenal Caro,6204,Marchihue,Argentina,*
6,Libertador General Bernardo O'Higgins,62,Cardenal Caro,6204,Marchihue,Bolivia (Estado Plurinacional de),*
6,Libertador General Bernardo O'Higgins,62,Cardenal Caro,6204,Marchihue,Colombia,*
6,Libertador General Bernardo O'Higgins,62,Cardenal Caro,6204,Marchihue,Haití,*
6,Libertador General Bernardo O'Higgins,62,Cardenal Caro,6204,Marchihue,Perú,*
6,Libertador General Bernardo O'Higgins,62,Cardenal Caro,6204,Marchihue,Venezuela (República Bolivariana de),*
6,Libertador General Bernardo O'Higgins,62,Cardenal Caro,6204,Marchihue,Otros países de América del Sur,*
6,Libertador General Bernardo O'Higgins,62,Cardenal Caro,6204,Marchihue,Otros países de América Central y El Caribe,*
6,Libertador General Bernardo O'Higgins,62,Cardenal Caro,6204,Marchihue,América del Norte,0
6,Libertador General Bernardo O'Higgins,62,Cardenal Caro,6204,Marchihue,Europa,*
6,Libertador General Bernardo O'Higgins,62,Cardenal Caro,6204,Marchihue,Asia,0
6,Libertador General Bernardo O'Higgins,62,Cardenal Caro,6204,Marchihue,África,0
6,Libertador General Bernardo O'Higgins,62,Cardenal Caro,6204,Marchihue,Oceanía,*
6,Libertador General Bernardo O'Higgins,62,Cardenal Caro,6204,Marchihue,País de nacimiento no declarado,0
6,Libertador General Bernardo O'Higgins,62,Cardenal Caro,6205,Navidad,Total nacidos fuera del país,319
6,Libertador General Bernardo O'Higgins,62,Cardenal Caro,6205,Navidad,Argentina,*
6,Libertador General Bernardo O'Higgins,62,Cardenal Caro,6205,Navidad,Bolivia (Estado Plurinacional de),*
6,Libertador General Bernardo O'Higgins,62,Cardenal Caro,6205,Navidad,Colombia,*
6,Libertador General Bernardo O'Higgins,62,Cardenal Caro,6205,Navidad,Haití,*
6,Libertador General Bernardo O'Higgins,62,Cardenal Caro,6205,Navidad,Perú,*
6,Libertador General Bernardo O'Higgins,62,Cardenal Caro,6205,Navidad,Venezuela (República Bolivariana de),125
6,Libertador General Bernardo O'Higgins,62,Cardenal Caro,6205,Navidad,Otros países de América del Sur,*
6,Libertador General Bernardo O'Higgins,62,Cardenal Caro,6205,Navidad,Otros países de América Central y El Caribe,*
6,Libertador General Bernardo O'Higgins,62,Cardenal Caro,6205,Navidad,América del Norte,*
6,Libertador General Bernardo O'Higgins,62,Cardenal Caro,6205,Navidad,Europa,*
6,Libertador General Bernardo O'Higgins,62,Cardenal Caro,6205,Navidad,Asia,*
6,Libertador General Bernardo O'Higgins,62,Cardenal Caro,6205,Navidad,África,*
6,Libertador General Bernardo O'Higgins,62,Cardenal Caro,6205,Navidad,Oceanía,*
6,Libertador General Bernardo O'Higgins,62,Cardenal Caro,6205,Navidad,País de nacimiento no declarado,0
6,Libertador General Bernardo O'Higgins,62,Cardenal Caro,6206,Paredones,Total nacidos fuera del país,92
6,Libertador General Bernardo O'Higgins,62,Cardenal Caro,6206,Paredones,Argentina,*
6,Libertador General Bernardo O'Higgins,62,Cardenal Caro,6206,Paredones,Bolivia (Estado Plurinacional de),*
6,Libertador General Bernardo O'Higgins,62,Cardenal Caro,6206,Paredones,Colombia,*
6,Libertador General Bernardo O'Higgins,62,Cardenal Caro,6206,Paredones,Haití,0
6,Libertador General Bernardo O'Higgins,62,Cardenal Caro,6206,Paredones,Perú,*
6,Libertador General Bernardo O'Higgins,62,Cardenal Caro,6206,Paredones,Venezuela (República Bolivariana de),*
6,Libertador General Bernardo O'Higgins,62,Cardenal Caro,6206,Paredones,Otros países de América del Sur,*
6,Libertador General Bernardo O'Higgins,62,Cardenal Caro,6206,Paredones,Otros países de América Central y El Caribe,*
6,Libertador General Bernardo O'Higgins,62,Cardenal Caro,6206,Paredones,América del Norte,*
6,Libertador General Bernardo O'Higgins,62,Cardenal Caro,6206,Paredones,Europa,*
6,Libertador General Bernardo O'Higgins,62,Cardenal Caro,6206,Paredones,Asia,*
6,Libertador General Bernardo O'Higgins,62,Cardenal Caro,6206,Paredones,África,0
6,Libertador General Bernardo O'Higgins,62,Cardenal Caro,6206,Paredones,Oceanía,*
6,Libertador General Bernardo O'Higgins,62,Cardenal Caro,6206,Paredones,País de nacimiento no declarado,0
6,Libertador General Bernardo O'Higgins,63,Colchagua,6301,San Fernando,Total nacidos fuera del país,3.706
6,Libertador General Bernardo O'Higgins,63,Colchagua,6301,San Fernando,Argentina,169
6,Libertador General Bernardo O'Higgins,63,Colchagua,6301,San Fernando,Bolivia (Estado Plurinacional de),267
6,Libertador General Bernardo O'Higgins,63,Colchagua,6301,San Fernando,Colombia,555
6,Libertador General Bernardo O'Higgins,63,Colchagua,6301,San Fernando,Haití,372
6,Libertador General Bernardo O'Higgins,63,Colchagua,6301,San Fernando,Perú,156
6,Libertador General Bernardo O'Higgins,63,Colchagua,6301,San Fernando,Venezuela (República Bolivariana de),1.777
6,Libertador General Bernardo O'Higgins,63,Colchagua,6301,San Fernando,Otros países de América del Sur,226
6,Libertador General Bernardo O'Higgins,63,Colchagua,6301,San Fernando,Otros países de América Central y El Caribe,68
6,Libertador General Bernardo O'Higgins,63,Colchagua,6301,San Fernando,América del Norte,*
6,Libertador General Bernardo O'Higgins,63,Colchagua,6301,San Fernando,Europa,*
6,Libertador General Bernardo O'Higgins,63,Colchagua,6301,San Fernando,Asia,*
6,Libertador General Bernardo O'Higgins,63,Colchagua,6301,San Fernando,África,*
6,Libertador General Bernardo O'Higgins,63,Colchagua,6301,San Fernando,Oceanía,*
6,Libertador General Bernardo O'Higgins,63,Colchagua,6301,San Fernando,País de nacimiento no declarado,4
6,Libertador General Bernardo O'Higgins,63,Colchagua,6302,Chépica,Total nacidos fuera del país,311
6,Libertador General Bernardo O'Higgins,63,Colchagua,6302,Chépica,Argentina,*
6,Libertador General Bernardo O'Higgins,63,Colchagua,6302,Chépica,Bolivia (Estado Plurinacional de),67
6,Libertador General Bernardo O'Higgins,63,Colchagua,6302,Chépica,Colombia,*
6,Libertador General Bernardo O'Higgins,63,Colchagua,6302,Chépica,Haití,57
6,Libertador General Bernardo O'Higgins,63,Colchagua,6302,Chépica,Perú,*
6,Libertador General Bernardo O'Higgins,63,Colchagua,6302,Chépica,Venezuela (República Bolivariana de),89
6,Libertador General Bernardo O'Higgins,63,Colchagua,6302,Chépica,Otros países de América del Sur,*
6,Libertador General Bernardo O'Higgins,63,Colchagua,6302,Chépica,Otros países de América Central y El Caribe,*
6,Libertador General Bernardo O'Higgins,63,Colchagua,6302,Chépica,América del Norte,*
6,Libertador General Bernardo O'Higgins,63,Colchagua,6302,Chépica,Europa,*
6,Libertador General Bernardo O'Higgins,63,Colchagua,6302,Chépica,Asia,*
6,Libertador General Bernardo O'Higgins,63,Colchagua,6302,Chépica,África,0
6,Libertador General Bernardo O'Higgins,63,Colchagua,6302,Chépica,Oceanía,0
6,Libertador General Bernardo O'Higgins,63,Colchagua,6302,Chépica,País de nacimiento no declarado,0
6,Libertador General Bernardo O'Higgins,63,Colchagua,6303,Chimbarongo,Total nacidos fuera del país,790
6,Libertador General Bernardo O'Higgins,63,Colchagua,6303,Chimbarongo,Argentina,59
6,Libertador General Bernardo O'Higgins,63,Colchagua,6303,Chimbarongo,Bolivia (Estado Plurinacional de),118
6,Libertador General Bernardo O'Higgins,63,Colchagua,6303,Chimbarongo,Colombia,90
6,Libertador General Bernardo O'Higgins,63,Colchagua,6303,Chimbarongo,Haití,191
6,Libertador General Bernardo O'Higgins,63,Colchagua,6303,Chimbarongo,Perú,86
6,Libertador General Bernardo O'Higgins,63,Colchagua,6303,Chimbarongo,Venezuela (República Bolivariana de),169
6,Libertador General Bernardo O'Higgins,63,Colchagua,6303,Chimbarongo,Otros países de América del Sur,*
6,Libertador General Bernardo O'Higgins,63,Colchagua,6303,Chimbarongo,Otros países de América Central y El Caribe,*
6,Libertador General Bernardo O'Higgins,63,Colchagua,6303,Chimbarongo,América del Norte,*
6,Libertador General Bernardo O'Higgins,63,Colchagua,6303,Chimbarongo,Europa,*
6,Libertador General Bernardo O'Higgins,63,Colchagua,6303,Chimbarongo,Asia,*
6,Libertador General Bernardo O'Higgins,63,Colchagua,6303,Chimbarongo,África,*
6,Libertador General Bernardo O'Higgins,63,Colchagua,6303,Chimbarongo,Oceanía,*
6,Libertador General Bernardo O'Higgins,63,Colchagua,6303,Chimbarongo,País de nacimiento no declarado,0
6,Libertador General Bernardo O'Higgins,63,Colchagua,6304,Lolol,Total nacidos fuera del país,122
6,Libertador General Bernardo O'Higgins,63,Colchagua,6304,Lolol,Argentina,0
6,Libertador General Bernardo O'Higgins,63,Colchagua,6304,Lolol,Bolivia (Estado Plurinacional de),55
6,Libertador General Bernardo O'Higgins,63,Colchagua,6304,Lolol,Colombia,*
6,Libertador General Bernardo O'Higgins,63,Colchagua,6304,Lolol,Haití,*
6,Libertador General Bernardo O'Higgins,63,Colchagua,6304,Lolol,Perú,0
6,Libertador General Bernardo O'Higgins,63,Colchagua,6304,Lolol,Venezuela (República Bolivariana de),*
6,Libertador General Bernardo O'Higgins,63,Colchagua,6304,Lolol,Otros países de América del Sur,*
6,Libertador General Bernardo O'Higgins,63,Colchagua,6304,Lolol,Otros países de América Central y El Caribe,*
6,Libertador General Bernardo O'Higgins,63,Colchagua,6304,Lolol,América del Norte,*
6,Libertador General Bernardo O'Higgins,63,Colchagua,6304,Lolol,Europa,*
6,Libertador General Bernardo O'Higgins,63,Colchagua,6304,Lolol,Asia,0
6,Libertador General Bernardo O'Higgins,63,Colchagua,6304,Lolol,África,0
6,Libertador General Bernardo O'Higgins,63,Colchagua,6304,Lolol,Oceanía,0
6,Libertador General Bernardo O'Higgins,63,Colchagua,6304,Lolol,País de nacimiento no declarado,0
6,Libertador General Bernardo O'Higgins,63,Colchagua,6305,Nancagua,Total nacidos fuera del país,1.178
6,Libertador General Bernardo O'Higgins,63,Colchagua,6305,Nancagua,Argentina,*
6,Libertador General Bernardo O'Higgins,63,Colchagua,6305,Nancagua,Bolivia (Estado Plurinacional de),362
6,Libertador General Bernardo O'Higgins,63,Colchagua,6305,Nancagua,Colombia,60
6,Libertador General Bernardo O'Higgins,63,Colchagua,6305,Nancagua,Haití,*
6,Libertador General Bernardo O'Higgins,63,Colchagua,6305,Nancagua,Perú,*
6,Libertador General Bernardo O'Higgins,63,Colchagua,6305,Nancagua,Venezuela (República Bolivariana de),597
6,Libertador General Bernardo O'Higgins,63,Colchagua,6305,Nancagua,Otros países de América del Sur,*
6,Libertador General Bernardo O'Higgins,63,Colchagua,6305,Nancagua,Otros países de América Central y El Caribe,*
6,Libertador General Bernardo O'Higgins,63,Colchagua,6305,Nancagua,América del Norte,*
6,Libertador General Bernardo O'Higgins,63,Colchagua,6305,Nancagua,Europa,*
6,Libertador General Bernardo O'Higgins,63,Colchagua,6305,Nancagua,Asia,*
6,Libertador General Bernardo O'Higgins,63,Colchagua,6305,Nancagua,África,0
6,Libertador General Bernardo O'Higgins,63,Colchagua,6305,Nancagua,Oceanía,0
6,Libertador General Bernardo O'Higgins,63,Colchagua,6305,Nancagua,País de nacimiento no declarado,0
6,Libertador General Bernardo O'Higgins,63,Colchagua,6306,Palmilla,Total nacidos fuera del país,183
6,Libertador General Bernardo O'Higgins,63,Colchagua,6306,Palmilla,Argentina,*
6,Libertador General Bernardo O'Higgins,63,Colchagua,6306,Palmilla,Bolivia (Estado Plurinacional de),66
6,Libertador General Bernardo O'Higgins,63,Colchagua,6306,Palmilla,Colombia,*
6,Libertador General Bernardo O'Higgins,63,Colchagua,6306,Palmilla,Haití,*
6,Libertador General Bernardo O'Higgins,63,Colchagua,6306,Palmilla,Perú,*
6,Libertador General Bernardo O'Higgins,63,Colchagua,6306,Palmilla,Venezuela (República Bolivariana de),55
6,Libertador General Bernardo O'Higgins,63,Colchagua,6306,Palmilla,Otros países de América del Sur,*
6,Libertador General Bernardo O'Higgins,63,Colchagua,6306,Palmilla,Otros países de América Central y El Caribe,*
6,Libertador General Bernardo O'Higgins,63,Colchagua,6306,Palmilla,América del Norte,*
6,Libertador General Bernardo O'Higgins,63,Colchagua,6306,Palmilla,Europa,*
6,Libertador General Bernardo O'Higgins,63,Colchagua,6306,Palmilla,Asia,0
6,Libertador General Bernardo O'Higgins,63,Colchagua,6306,Palmilla,África,0
6,Libertador General Bernardo O'Higgins,63,Colchagua,6306,Palmilla,Oceanía,0
6,Libertador General Bernardo O'Higgins,63,Colchagua,6306,Palmilla,País de nacimiento no declarado,0
6,Libertador General Bernardo O'Higgins,63,Colchagua,6307,Peralillo,Total nacidos fuera del país,494
6,Libertador General Bernardo O'Higgins,63,Colchagua,6307,Peralillo,Argentina,*
6,Libertador General Bernardo O'Higgins,63,Colchagua,6307,Peralillo,Bolivia (Estado Plurinacional de),51
6,Libertador General Bernardo O'Higgins,63,Colchagua,6307,Peralillo,Colombia,*
6,Libertador General Bernardo O'Higgins,63,Colchagua,6307,Peralillo,Haití,*
6,Libertador General Bernardo O'Higgins,63,Colchagua,6307,Peralillo,Perú,*
6,Libertador General Bernardo O'Higgins,63,Colchagua,6307,Peralillo,Venezuela (República Bolivariana de),292
6,Libertador General Bernardo O'Higgins,63,Colchagua,6307,Peralillo,Otros países de América del Sur,*
6,Libertador General Bernardo O'Higgins,63,Colchagua,6307,Peralillo,Otros países de América Central y El Caribe,*
6,Libertador General Bernardo O'Higgins,63,Colchagua,6307,Peralillo,América del Norte,0
6,Libertador General Bernardo O'Higgins,63,Colchagua,6307,Peralillo,Europa,*
6,Libertador General Bernardo O'Higgins,63,Colchagua,6307,Peralillo,Asia,*
6,Libertador General Bernardo O'Higgins,63,Colchagua,6307,Peralillo,África,0
6,Libertador General Bernardo O'Higgins,63,Colchagua,6307,Peralillo,Oceanía,*
6,Libertador General Bernardo O'Higgins,63,Colchagua,6307,Peralillo,País de nacimiento no declarado,0
6,Libertador General Bernardo O'Higgins,63,Colchagua,6308,Placilla,Total nacidos fuera del país,380
6,Libertador General Bernardo O'Higgins,63,Colchagua,6308,Placilla,Argentina,*
6,Libertador General Bernardo O'Higgins,63,Colchagua,6308,Placilla,Bolivia (Estado Plurinacional de),219
6,Libertador General Bernardo O'Higgins,63,Colchagua,6308,Placilla,Colombia,*
6,Libertador General Bernardo O'Higgins,63,Colchagua,6308,Placilla,Haití,*
6,Libertador General Bernardo O'Higgins,63,Colchagua,6308,Placilla,Perú,*
6,Libertador General Bernardo O'Higgins,63,Colchagua,6308,Placilla,Venezuela (República Bolivariana de),68
6,Libertador General Bernardo O'Higgins,63,Colchagua,6308,Placilla,Otros países de América del Sur,*
6,Libertador General Bernardo O'Higgins,63,Colchagua,6308,Placilla,Otros países de América Central y El Caribe,*
6,Libertador General Bernardo O'Higgins,63,Colchagua,6308,Placilla,América del Norte,0
6,Libertador General Bernardo O'Higgins,63,Colchagua,6308,Placilla,Europa,*
6,Libertador General Bernardo O'Higgins,63,Colchagua,6308,Placilla,Asia,0
6,Libertador General Bernardo O'Higgins,63,Colchagua,6308,Placilla,África,0
6,Libertador General Bernardo O'Higgins,63,Colchagua,6308,Placilla,Oceanía,*
6,Libertador General Bernardo O'Higgins,63,Colchagua,6308,Placilla,País de nacimiento no declarado,0
6,Libertador General Bernardo O'Higgins,63,Colchagua,6309,Pumanque,Total nacidos fuera del país,91
6,Libertador General Bernardo O'Higgins,63,Colchagua,6309,Pumanque,Argentina,*
6,Libertador General Bernardo O'Higgins,63,Colchagua,6309,Pumanque,Bolivia (Estado Plurinacional de),*
6,Libertador General Bernardo O'Higgins,63,Colchagua,6309,Pumanque,Colombia,*
6,Libertador General Bernardo O'Higgins,63,Colchagua,6309,Pumanque,Haití,*
6,Libertador General Bernardo O'Higgins,63,Colchagua,6309,Pumanque,Perú,*
6,Libertador General Bernardo O'Higgins,63,Colchagua,6309,Pumanque,Venezuela (República Bolivariana de),*
6,Libertador General Bernardo O'Higgins,63,Colchagua,6309,Pumanque,Otros países de América del Sur,*
6,Libertador General Bernardo O'Higgins,63,Colchagua,6309,Pumanque,Otros países de América Central y El Caribe,*
6,Libertador General Bernardo O'Higgins,63,Colchagua,6309,Pumanque,América del Norte,*
6,Libertador General Bernardo O'Higgins,63,Colchagua,6309,Pumanque,Europa,*
6,Libertador General Bernardo O'Higgins,63,Colchagua,6309,Pumanque,Asia,*
6,Libertador General Bernardo O'Higgins,63,Colchagua,6309,Pumanque,África,0
6,Libertador General Bernardo O'Higgins,63,Colchagua,6309,Pumanque,Oceanía,0
6,Libertador General Bernardo O'Higgins,63,Colchagua,6309,Pumanque,País de nacimiento no declarado,0
6,Libertador General Bernardo O'Higgins,63,Colchagua,6310,Santa Cruz,Total nacidos fuera del país,2.385
6,Libertador General Bernardo O'Higgins,63,Colchagua,6310,Santa Cruz,Argentina,101
6,Libertador General Bernardo O'Higgins,63,Colchagua,6310,Santa Cruz,Bolivia (Estado Plurinacional de),229
6,Libertador General Bernardo O'Higgins,63,Colchagua,6310,Santa Cruz,Colombia,206
6,Libertador General Bernardo O'Higgins,63,Colchagua,6310,Santa Cruz,Haití,237
6,Libertador General Bernardo O'Higgins,63,Colchagua,6310,Santa Cruz,Perú,99
6,Libertador General Bernardo O'Higgins,63,Colchagua,6310,Santa Cruz,Venezuela (República Bolivariana de),1.298
6,Libertador General Bernardo O'Higgins,63,Colchagua,6310,Santa Cruz,Otros países de América del Sur,93
6,Libertador General Bernardo O'Higgins,63,Colchagua,6310,Santa Cruz,Otros países de América Central y El Caribe,57
6,Libertador General Bernardo O'Higgins,63,Colchagua,6310,Santa Cruz,América del Norte,*
6,Libertador General Bernardo O'Higgins,63,Colchagua,6310,Santa Cruz,Europa,*
6,Libertador General Bernardo O'Higgins,63,Colchagua,6310,Santa Cruz,Asia,*
6,Libertador General Bernardo O'Higgins,63,Colchagua,6310,Santa Cruz,África,*
6,Libertador General Bernardo O'Higgins,63,Colchagua,6310,Santa Cruz,Oceanía,*
6,Libertador General Bernardo O'Higgins,63,Colchagua,6310,Santa Cruz,País de nacimiento no declarado,1
7,Maule,71,Talca,7101,Talca,Total nacidos fuera del país,15.844
7,Maule,71,Talca,7101,Talca,Argentina,520
7,Maule,71,Talca,7101,Talca,Bolivia (Estado Plurinacional de),202
7,Maule,71,Talca,7101,Talca,Colombia,1.321
7,Maule,71,Talca,7101,Talca,Haití,961
7,Maule,71,Talca,7101,Talca,Perú,474
7,Maule,71,Talca,7101,Talca,Venezuela (República Bolivariana de),10.738
7,Maule,71,Talca,7101,Talca,Otros países de América del Sur,572
7,Maule,71,Talca,7101,Talca,Otros países de América Central y El Caribe,486
7,Maule,71,Talca,7101,Talca,América del Norte,98
7,Maule,71,Talca,7101,Talca,Europa,313
7,Maule,71,Talca,7101,Talca,Asia,123
7,Maule,71,Talca,7101,Talca,África,*
7,Maule,71,Talca,7101,Talca,Oceanía,*
7,Maule,71,Talca,7101,Talca,País de nacimiento no declarado,15
7,Maule,71,Talca,7102,Constitución,Total nacidos fuera del país,1.315
7,Maule,71,Talca,7102,Constitución,Argentina,*
7,Maule,71,Talca,7102,Constitución,Bolivia (Estado Plurinacional de),*
7,Maule,71,Talca,7102,Constitución,Colombia,91
7,Maule,71,Talca,7102,Constitución,Haití,100
7,Maule,71,Talca,7102,Constitución,Perú,174
7,Maule,71,Talca,7102,Constitución,Venezuela (República Bolivariana de),761
7,Maule,71,Talca,7102,Constitución,Otros países de América del Sur,62
7,Maule,71,Talca,7102,Constitución,Otros países de América Central y El Caribe,*
7,Maule,71,Talca,7102,Constitución,América del Norte,*
7,Maule,71,Talca,7102,Constitución,Europa,*
7,Maule,71,Talca,7102,Constitución,Asia,*
7,Maule,71,Talca,7102,Constitución,África,0
7,Maule,71,Talca,7102,Constitución,Oceanía,*
7,Maule,71,Talca,7102,Constitución,País de nacimiento no declarado,5
7,Maule,71,Talca,7103,Curepto,Total nacidos fuera del país,58
7,Maule,71,Talca,7103,Curepto,Argentina,*
7,Maule,71,Talca,7103,Curepto,Bolivia (Estado Plurinacional de),*
7,Maule,71,Talca,7103,Curepto,Colombia,*
7,Maule,71,Talca,7103,Curepto,Haití,*
7,Maule,71,Talca,7103,Curepto,Perú,*
7,Maule,71,Talca,7103,Curepto,Venezuela (República Bolivariana de),*
7,Maule,71,Talca,7103,Curepto,Otros países de América del Sur,*
7,Maule,71,Talca,7103,Curepto,Otros países de América Central y El Caribe,*
7,Maule,71,Talca,7103,Curepto,América del Norte,0
7,Maule,71,Talca,7103,Curepto,Europa,*
7,Maule,71,Talca,7103,Curepto,Asia,*
7,Maule,71,Talca,7103,Curepto,África,*
7,Maule,71,Talca,7103,Curepto,Oceanía,0
7,Maule,71,Talca,7103,Curepto,País de nacimiento no declarado,0
7,Maule,71,Talca,7104,Empedrado,Total nacidos fuera del país,*
7,Maule,71,Talca,7104,Empedrado,Argentina,*
7,Maule,71,Talca,7104,Empedrado,Bolivia (Estado Plurinacional de),0
7,Maule,71,Talca,7104,Empedrado,Colombia,*
7,Maule,71,Talca,7104,Empedrado,Haití,*
7,Maule,71,Talca,7104,Empedrado,Perú,*
7,Maule,71,Talca,7104,Empedrado,Venezuela (República Bolivariana de),*
7,Maule,71,Talca,7104,Empedrado,Otros países de América del Sur,0
7,Maule,71,Talca,7104,Empedrado,Otros países de América Central y El Caribe,*
7,Maule,71,Talca,7104,Empedrado,América del Norte,0
7,Maule,71,Talca,7104,Empedrado,Europa,*
7,Maule,71,Talca,7104,Empedrado,Asia,*
7,Maule,71,Talca,7104,Empedrado,África,0
7,Maule,71,Talca,7104,Empedrado,Oceanía,0
7,Maule,71,Talca,7104,Empedrado,País de nacimiento no declarado,0
7,Maule,71,Talca,7105,Maule,Total nacidos fuera del país,2.683
7,Maule,71,Talca,7105,Maule,Argentina,138
7,Maule,71,Talca,7105,Maule,Bolivia (Estado Plurinacional de),*
7,Maule,71,Talca,7105,Maule,Colombia,240
7,Maule,71,Talca,7105,Maule,Haití,185
7,Maule,71,Talca,7105,Maule,Perú,70
7,Maule,71,Talca,7105,Maule,Venezuela (República Bolivariana de),1.761
7,Maule,71,Talca,7105,Maule,Otros países de América del Sur,109
7,Maule,71,Talca,7105,Maule,Otros países de América Central y El Caribe,81
7,Maule,71,Talca,7105,Maule,América del Norte,*
7,Maule,71,Talca,7105,Maule,Europa,*
7,Maule,71,Talca,7105,Maule,Asia,*
7,Maule,71,Talca,7105,Maule,África,*
7,Maule,71,Talca,7105,Maule,Oceanía,*
7,Maule,71,Talca,7105,Maule,País de nacimiento no declarado,2
7,Maule,71,Talca,7106,Pelarco,Total nacidos fuera del país,145
7,Maule,71,Talca,7106,Pelarco,Argentina,*
7,Maule,71,Talca,7106,Pelarco,Bolivia (Estado Plurinacional de),*
7,Maule,71,Talca,7106,Pelarco,Colombia,*
7,Maule,71,Talca,7106,Pelarco,Haití,*
7,Maule,71,Talca,7106,Pelarco,Perú,*
7,Maule,71,Talca,7106,Pelarco,Venezuela (República Bolivariana de),*
7,Maule,71,Talca,7106,Pelarco,Otros países de América del Sur,*
7,Maule,71,Talca,7106,Pelarco,Otros países de América Central y El Caribe,*
7,Maule,71,Talca,7106,Pelarco,América del Norte,0
7,Maule,71,Talca,7106,Pelarco,Europa,*
7,Maule,71,Talca,7106,Pelarco,Asia,*
7,Maule,71,Talca,7106,Pelarco,África,0
7,Maule,71,Talca,7106,Pelarco,Oceanía,0
7,Maule,71,Talca,7106,Pelarco,País de nacimiento no declarado,0
7,Maule,71,Talca,7107,Pencahue,Total nacidos fuera del país,210
7,Maule,71,Talca,7107,Pencahue,Argentina,*
7,Maule,71,Talca,7107,Pencahue,Bolivia (Estado Plurinacional de),79
7,Maule,71,Talca,7107,Pencahue,Colombia,*
7,Maule,71,Talca,7107,Pencahue,Haití,*
7,Maule,71,Talca,7107,Pencahue,Perú,*
7,Maule,71,Talca,7107,Pencahue,Venezuela (República Bolivariana de),*
7,Maule,71,Talca,7107,Pencahue,Otros países de América del Sur,*
7,Maule,71,Talca,7107,Pencahue,Otros países de América Central y El Caribe,*
7,Maule,71,Talca,7107,Pencahue,América del Norte,*
7,Maule,71,Talca,7107,Pencahue,Europa,*
7,Maule,71,Talca,7107,Pencahue,Asia,*
7,Maule,71,Talca,7107,Pencahue,África,*
7,Maule,71,Talca,7107,Pencahue,Oceanía,*
7,Maule,71,Talca,7107,Pencahue,País de nacimiento no declarado,0
7,Maule,71,Talca,7108,Río Claro,Total nacidos fuera del país,194
7,Maule,71,Talca,7108,Río Claro,Argentina,*
7,Maule,71,Talca,7108,Río Claro,Bolivia (Estado Plurinacional de),*
7,Maule,71,Talca,7108,Río Claro,Colombia,*
7,Maule,71,Talca,7108,Río Claro,Haití,*
7,Maule,71,Talca,7108,Río Claro,Perú,*
7,Maule,71,Talca,7108,Río Claro,Venezuela (República Bolivariana de),95
7,Maule,71,Talca,7108,Río Claro,Otros países de América del Sur,*
7,Maule,71,Talca,7108,Río Claro,Otros países de América Central y El Caribe,*
7,Maule,71,Talca,7108,Río Claro,América del Norte,*
7,Maule,71,Talca,7108,Río Claro,Europa,*
7,Maule,71,Talca,7108,Río Claro,Asia,*
7,Maule,71,Talca,7108,Río Claro,África,*
7,Maule,71,Talca,7108,Río Claro,Oceanía,*
7,Maule,71,Talca,7108,Río Claro,País de nacimiento no declarado,0
7,Maule,71,Talca,7109,San Clemente,Total nacidos fuera del país,912
7,Maule,71,Talca,7109,San Clemente,Argentina,107
7,Maule,71,Talca,7109,San Clemente,Bolivia (Estado Plurinacional de),157
7,Maule,71,Talca,7109,San Clemente,Colombia,67
7,Maule,71,Talca,7109,San Clemente,Haití,158
7,Maule,71,Talca,7109,San Clemente,Perú,*
7,Maule,71,Talca,7109,San Clemente,Venezuela (República Bolivariana de),278
7,Maule,71,Talca,7109,San Clemente,Otros países de América del Sur,*
7,Maule,71,Talca,7109,San Clemente,Otros países de América Central y El Caribe,*
7,Maule,71,Talca,7109,San Clemente,América del Norte,*
7,Maule,71,Talca,7109,San Clemente,Europa,*
7,Maule,71,Talca,7109,San Clemente,Asia,*
7,Maule,71,Talca,7109,San Clemente,África,*
7,Maule,71,Talca,7109,San Clemente,Oceanía,0
7,Maule,71,Talca,7109,San Clemente,País de nacimiento no declarado,1
7,Maule,71,Talca,7110,San Rafael,Total nacidos fuera del país,174
7,Maule,71,Talca,7110,San Rafael,Argentina,*
7,Maule,71,Talca,7110,San Rafael,Bolivia (Estado Plurinacional de),*
7,Maule,71,Talca,7110,San Rafael,Colombia,*
7,Maule,71,Talca,7110,San Rafael,Haití,*
7,Maule,71,Talca,7110,San Rafael,Perú,*
7,Maule,71,Talca,7110,San Rafael,Venezuela (República Bolivariana de),75
7,Maule,71,Talca,7110,San Rafael,Otros países de América del Sur,*
7,Maule,71,Talca,7110,San Rafael,Otros países de América Central y El Caribe,*
7,Maule,71,Talca,7110,San Rafael,América del Norte,*
7,Maule,71,Talca,7110,San Rafael,Europa,*
7,Maule,71,Talca,7110,San Rafael,Asia,*
7,Maule,71,Talca,7110,San Rafael,África,0
7,Maule,71,Talca,7110,San Rafael,Oceanía,0
7,Maule,71,Talca,7110,San Rafael,País de nacimiento no declarado,1
7,Maule,72,Cauquenes,7201,Cauquenes,Total nacidos fuera del país,592
7,Maule,72,Cauquenes,7201,Cauquenes,Argentina,*
7,Maule,72,Cauquenes,7201,Cauquenes,Bolivia (Estado Plurinacional de),*
7,Maule,72,Cauquenes,7201,Cauquenes,Colombia,71
7,Maule,72,Cauquenes,7201,Cauquenes,Haití,*
7,Maule,72,Cauquenes,7201,Cauquenes,Perú,66
7,Maule,72,Cauquenes,7201,Cauquenes,Venezuela (República Bolivariana de),259
7,Maule,72,Cauquenes,7201,Cauquenes,Otros países de América del Sur,*
7,Maule,72,Cauquenes,7201,Cauquenes,Otros países de América Central y El Caribe,*
7,Maule,72,Cauquenes,7201,Cauquenes,América del Norte,*
7,Maule,72,Cauquenes,7201,Cauquenes,Europa,*
7,Maule,72,Cauquenes,7201,Cauquenes,Asia,*
7,Maule,72,Cauquenes,7201,Cauquenes,África,0
7,Maule,72,Cauquenes,7201,Cauquenes,Oceanía,*
7,Maule,72,Cauquenes,7201,Cauquenes,País de nacimiento no declarado,0
7,Maule,72,Cauquenes,7202,Chanco,Total nacidos fuera del país,176
7,Maule,72,Cauquenes,7202,Chanco,Argentina,*
7,Maule,72,Cauquenes,7202,Chanco,Bolivia (Estado Plurinacional de),54
7,Maule,72,Cauquenes,7202,Chanco,Colombia,*
7,Maule,72,Cauquenes,7202,Chanco,Haití,51
7,Maule,72,Cauquenes,7202,Chanco,Perú,*
7,Maule,72,Cauquenes,7202,Chanco,Venezuela (República Bolivariana de),*
7,Maule,72,Cauquenes,7202,Chanco,Otros países de América del Sur,*
7,Maule,72,Cauquenes,7202,Chanco,Otros países de América Central y El Caribe,*
7,Maule,72,Cauquenes,7202,Chanco,América del Norte,0
7,Maule,72,Cauquenes,7202,Chanco,Europa,*
7,Maule,72,Cauquenes,7202,Chanco,Asia,0
7,Maule,72,Cauquenes,7202,Chanco,África,0
7,Maule,72,Cauquenes,7202,Chanco,Oceanía,0
7,Maule,72,Cauquenes,7202,Chanco,País de nacimiento no declarado,1
7,Maule,72,Cauquenes,7203,Pelluhue,Total nacidos fuera del país,217
7,Maule,72,Cauquenes,7203,Pelluhue,Argentina,*
7,Maule,72,Cauquenes,7203,Pelluhue,Bolivia (Estado Plurinacional de),0
7,Maule,72,Cauquenes,7203,Pelluhue,Colombia,*
7,Maule,72,Cauquenes,7203,Pelluhue,Haití,*
7,Maule,72,Cauquenes,7203,Pelluhue,Perú,*
7,Maule,72,Cauquenes,7203,Pelluhue,Venezuela (República Bolivariana de),114
7,Maule,72,Cauquenes,7203,Pelluhue,Otros países de América del Sur,*
7,Maule,72,Cauquenes,7203,Pelluhue,Otros países de América Central y El Caribe,*
7,Maule,72,Cauquenes,7203,Pelluhue,América del Norte,*
7,Maule,72,Cauquenes,7203,Pelluhue,Europa,*
7,Maule,72,Cauquenes,7203,Pelluhue,Asia,*
7,Maule,72,Cauquenes,7203,Pelluhue,África,0
7,Maule,72,Cauquenes,7203,Pelluhue,Oceanía,*
7,Maule,72,Cauquenes,7203,Pelluhue,País de nacimiento no declarado,1
7,Maule,73,Curicó,7301,Curicó,Total nacidos fuera del país,10.601
7,Maule,73,Curicó,7301,Curicó,Argentina,427
7,Maule,73,Curicó,7301,Curicó,Bolivia (Estado Plurinacional de),190
7,Maule,73,Curicó,7301,Curicó,Colombia,794
7,Maule,73,Curicó,7301,Curicó,Haití,1.555
7,Maule,73,Curicó,7301,Curicó,Perú,276
7,Maule,73,Curicó,7301,Curicó,Venezuela (República Bolivariana de),6.394
7,Maule,73,Curicó,7301,Curicó,Otros países de América del Sur,472
7,Maule,73,Curicó,7301,Curicó,Otros países de América Central y El Caribe,163
7,Maule,73,Curicó,7301,Curicó,América del Norte,52
7,Maule,73,Curicó,7301,Curicó,Europa,187
7,Maule,73,Curicó,7301,Curicó,Asia,76
7,Maule,73,Curicó,7301,Curicó,África,*
7,Maule,73,Curicó,7301,Curicó,Oceanía,*
7,Maule,73,Curicó,7301,Curicó,País de nacimiento no declarado,7
7,Maule,73,Curicó,7302,Hualañé,Total nacidos fuera del país,234
7,Maule,73,Curicó,7302,Hualañé,Argentina,*
7,Maule,73,Curicó,7302,Hualañé,Bolivia (Estado Plurinacional de),*
7,Maule,73,Curicó,7302,Hualañé,Colombia,*
7,Maule,73,Curicó,7302,Hualañé,Haití,*
7,Maule,73,Curicó,7302,Hualañé,Perú,*
7,Maule,73,Curicó,7302,Hualañé,Venezuela (República Bolivariana de),116
7,Maule,73,Curicó,7302,Hualañé,Otros países de América del Sur,*
7,Maule,73,Curicó,7302,Hualañé,Otros países de América Central y El Caribe,*
7,Maule,73,Curicó,7302,Hualañé,América del Norte,*
7,Maule,73,Curicó,7302,Hualañé,Europa,*
7,Maule,73,Curicó,7302,Hualañé,Asia,0
7,Maule,73,Curicó,7302,Hualañé,África,0
7,Maule,73,Curicó,7302,Hualañé,Oceanía,0
7,Maule,73,Curicó,7302,Hualañé,País de nacimiento no declarado,0
7,Maule,73,Curicó,7303,Licantén,Total nacidos fuera del país,152
7,Maule,73,Curicó,7303,Licantén,Argentina,*
7,Maule,73,Curicó,7303,Licantén,Bolivia (Estado Plurinacional de),*
7,Maule,73,Curicó,7303,Licantén,Colombia,*
7,Maule,73,Curicó,7303,Licantén,Haití,*
7,Maule,73,Curicó,7303,Licantén,Perú,*
7,Maule,73,Curicó,7303,Licantén,Venezuela (República Bolivariana de),87
7,Maule,73,Curicó,7303,Licantén,Otros países de América del Sur,*
7,Maule,73,Curicó,7303,Licantén,Otros países de América Central y El Caribe,*
7,Maule,73,Curicó,7303,Licantén,América del Norte,0
7,Maule,73,Curicó,7303,Licantén,Europa,*
7,Maule,73,Curicó,7303,Licantén,Asia,*
7,Maule,73,Curicó,7303,Licantén,África,0
7,Maule,73,Curicó,7303,Licantén,Oceanía,0
7,Maule,73,Curicó,7303,Licantén,País de nacimiento no declarado,0
7,Maule,73,Curicó,7304,Molina,Total nacidos fuera del país,1.632
7,Maule,73,Curicó,7304,Molina,Argentina,69
7,Maule,73,Curicó,7304,Molina,Bolivia (Estado Plurinacional de),474
7,Maule,73,Curicó,7304,Molina,Colombia,123
7,Maule,73,Curicó,7304,Molina,Haití,198
7,Maule,73,Curicó,7304,Molina,Perú,*
7,Maule,73,Curicó,7304,Molina,Venezuela (República Bolivariana de),551
7,Maule,73,Curicó,7304,Molina,Otros países de América del Sur,60
7,Maule,73,Curicó,7304,Molina,Otros países de América Central y El Caribe,69
7,Maule,73,Curicó,7304,Molina,América del Norte,*
7,Maule,73,Curicó,7304,Molina,Europa,*
7,Maule,73,Curicó,7304,Molina,Asia,*
7,Maule,73,Curicó,7304,Molina,África,*
7,Maule,73,Curicó,7304,Molina,Oceanía,0
7,Maule,73,Curicó,7304,Molina,País de nacimiento no declarado,0
7,Maule,73,Curicó,7305,Rauco,Total nacidos fuera del país,205
7,Maule,73,Curicó,7305,Rauco,Argentina,*
7,Maule,73,Curicó,7305,Rauco,Bolivia (Estado Plurinacional de),*
7,Maule,73,Curicó,7305,Rauco,Colombia,*
7,Maule,73,Curicó,7305,Rauco,Haití,56
7,Maule,73,Curicó,7305,Rauco,Perú,*
7,Maule,73,Curicó,7305,Rauco,Venezuela (República Bolivariana de),62
7,Maule,73,Curicó,7305,Rauco,Otros países de América del Sur,*
7,Maule,73,Curicó,7305,Rauco,Otros países de América Central y El Caribe,0
7,Maule,73,Curicó,7305,Rauco,América del Norte,0
7,Maule,73,Curicó,7305,Rauco,Europa,*
7,Maule,73,Curicó,7305,Rauco,Asia,*
7,Maule,73,Curicó,7305,Rauco,África,0
7,Maule,73,Curicó,7305,Rauco,Oceanía,0
7,Maule,73,Curicó,7305,Rauco,País de nacimiento no declarado,2
7,Maule,73,Curicó,7306,Romeral,Total nacidos fuera del país,535
7,Maule,73,Curicó,7306,Romeral,Argentina,*
7,Maule,73,Curicó,7306,Romeral,Bolivia (Estado Plurinacional de),83
7,Maule,73,Curicó,7306,Romeral,Colombia,*
7,Maule,73,Curicó,7306,Romeral,Haití,66
7,Maule,73,Curicó,7306,Romeral,Perú,*
7,Maule,73,Curicó,7306,Romeral,Venezuela (República Bolivariana de),215
7,Maule,73,Curicó,7306,Romeral,Otros países de América del Sur,*
7,Maule,73,Curicó,7306,Romeral,Otros países de América Central y El Caribe,*
7,Maule,73,Curicó,7306,Romeral,América del Norte,*
7,Maule,73,Curicó,7306,Romeral,Europa,*
7,Maule,73,Curicó,7306,Romeral,Asia,*
7,Maule,73,Curicó,7306,Romeral,África,0
7,Maule,73,Curicó,7306,Romeral,Oceanía,0
7,Maule,73,Curicó,7306,Romeral,País de nacimiento no declarado,0
7,Maule,73,Curicó,7307,Sagrada Familia,Total nacidos fuera del país,336
7,Maule,73,Curicó,7307,Sagrada Familia,Argentina,*
7,Maule,73,Curicó,7307,Sagrada Familia,Bolivia (Estado Plurinacional de),*
7,Maule,73,Curicó,7307,Sagrada Familia,Colombia,*
7,Maule,73,Curicó,7307,Sagrada Familia,Haití,91
7,Maule,73,Curicó,7307,Sagrada Familia,Perú,*
7,Maule,73,Curicó,7307,Sagrada Familia,Venezuela (República Bolivariana de),87
7,Maule,73,Curicó,7307,Sagrada Familia,Otros países de América del Sur,*
7,Maule,73,Curicó,7307,Sagrada Familia,Otros países de América Central y El Caribe,*
7,Maule,73,Curicó,7307,Sagrada Familia,América del Norte,0
7,Maule,73,Curicó,7307,Sagrada Familia,Europa,*
7,Maule,73,Curicó,7307,Sagrada Familia,Asia,*
7,Maule,73,Curicó,7307,Sagrada Familia,África,0
7,Maule,73,Curicó,7307,Sagrada Familia,Oceanía,0
7,Maule,73,Curicó,7307,Sagrada Familia,País de nacimiento no declarado,0
7,Maule,73,Curicó,7308,Teno,Total nacidos fuera del país,617
7,Maule,73,Curicó,7308,Teno,Argentina,*
7,Maule,73,Curicó,7308,Teno,Bolivia (Estado Plurinacional de),82
7,Maule,73,Curicó,7308,Teno,Colombia,65
7,Maule,73,Curicó,7308,Teno,Haití,98
7,Maule,73,Curicó,7308,Teno,Perú,*
7,Maule,73,Curicó,7308,Teno,Venezuela (República Bolivariana de),254
7,Maule,73,Curicó,7308,Teno,Otros países de América del Sur,*
7,Maule,73,Curicó,7308,Teno,Otros países de América Central y El Caribe,*
7,Maule,73,Curicó,7308,Teno,América del Norte,*
7,Maule,73,Curicó,7308,Teno,Europa,*
7,Maule,73,Curicó,7308,Teno,Asia,*
7,Maule,73,Curicó,7308,Teno,África,0
7,Maule,73,Curicó,7308,Teno,Oceanía,0
7,Maule,73,Curicó,7308,Teno,País de nacimiento no declarado,0
7,Maule,73,Curicó,7309,Vichuquén,Total nacidos fuera del país,141
7,Maule,73,Curicó,7309,Vichuquén,Argentina,*
7,Maule,73,Curicó,7309,Vichuquén,Bolivia (Estado Plurinacional de),*
7,Maule,73,Curicó,7309,Vichuquén,Colombia,*
7,Maule,73,Curicó,7309,Vichuquén,Haití,*
7,Maule,73,Curicó,7309,Vichuquén,Perú,*
7,Maule,73,Curicó,7309,Vichuquén,Venezuela (República Bolivariana de),76
7,Maule,73,Curicó,7309,Vichuquén,Otros países de América del Sur,*
7,Maule,73,Curicó,7309,Vichuquén,Otros países de América Central y El Caribe,*
7,Maule,73,Curicó,7309,Vichuquén,América del Norte,*
7,Maule,73,Curicó,7309,Vichuquén,Europa,*
7,Maule,73,Curicó,7309,Vichuquén,Asia,0
7,Maule,73,Curicó,7309,Vichuquén,África,*
7,Maule,73,Curicó,7309,Vichuquén,Oceanía,0
7,Maule,73,Curicó,7309,Vichuquén,País de nacimiento no declarado,0
7,Maule,74,Linares,7401,Linares,Total nacidos fuera del país,2.354
7,Maule,74,Linares,7401,Linares,Argentina,150
7,Maule,74,Linares,7401,Linares,Bolivia (Estado Plurinacional de),147
7,Maule,74,Linares,7401,Linares,Colombia,291
7,Maule,74,Linares,7401,Linares,Haití,210
7,Maule,74,Linares,7401,Linares,Perú,130
7,Maule,74,Linares,7401,Linares,Venezuela (República Bolivariana de),1.038
7,Maule,74,Linares,7401,Linares,Otros países de América del Sur,181
7,Maule,74,Linares,7401,Linares,Otros países de América Central y El Caribe,67
7,Maule,74,Linares,7401,Linares,América del Norte,*
7,Maule,74,Linares,7401,Linares,Europa,63
7,Maule,74,Linares,7401,Linares,Asia,*
7,Maule,74,Linares,7401,Linares,África,*
7,Maule,74,Linares,7401,Linares,Oceanía,*
7,Maule,74,Linares,7401,Linares,País de nacimiento no declarado,6
7,Maule,74,Linares,7402,Colbún,Total nacidos fuera del país,253
7,Maule,74,Linares,7402,Colbún,Argentina,*
7,Maule,74,Linares,7402,Colbún,Bolivia (Estado Plurinacional de),*
7,Maule,74,Linares,7402,Colbún,Colombia,*
7,Maule,74,Linares,7402,Colbún,Haití,*
7,Maule,74,Linares,7402,Colbún,Perú,*
7,Maule,74,Linares,7402,Colbún,Venezuela (República Bolivariana de),68
7,Maule,74,Linares,7402,Colbún,Otros países de América del Sur,*
7,Maule,74,Linares,7402,Colbún,Otros países de América Central y El Caribe,*
7,Maule,74,Linares,7402,Colbún,América del Norte,*
7,Maule,74,Linares,7402,Colbún,Europa,*
7,Maule,74,Linares,7402,Colbún,Asia,*
7,Maule,74,Linares,7402,Colbún,África,*
7,Maule,74,Linares,7402,Colbún,Oceanía,*
7,Maule,74,Linares,7402,Colbún,País de nacimiento no declarado,1
7,Maule,74,Linares,7403,Longaví,Total nacidos fuera del país,447
7,Maule,74,Linares,7403,Longaví,Argentina,*
7,Maule,74,Linares,7403,Longaví,Bolivia (Estado Plurinacional de),94
7,Maule,74,Linares,7403,Longaví,Colombia,*
7,Maule,74,Linares,7403,Longaví,Haití,170
7,Maule,74,Linares,7403,Longaví,Perú,*
7,Maule,74,Linares,7403,Longaví,Venezuela (República Bolivariana de),56
7,Maule,74,Linares,7403,Longaví,Otros países de América del Sur,*
7,Maule,74,Linares,7403,Longaví,Otros países de América Central y El Caribe,*
7,Maule,74,Linares,7403,Longaví,América del Norte,0
7,Maule,74,Linares,7403,Longaví,Europa,*
7,Maule,74,Linares,7403,Longaví,Asia,*
7,Maule,74,Linares,7403,Longaví,África,*
7,Maule,74,Linares,7403,Longaví,Oceanía,*
7,Maule,74,Linares,7403,Longaví,País de nacimiento no declarado,0
7,Maule,74,Linares,7404,Parral,Total nacidos fuera del país,840
7,Maule,74,Linares,7404,Parral,Argentina,*
7,Maule,74,Linares,7404,Parral,Bolivia (Estado Plurinacional de),55
7,Maule,74,Linares,7404,Parral,Colombia,133
7,Maule,74,Linares,7404,Parral,Haití,74
7,Maule,74,Linares,7404,Parral,Perú,108
7,Maule,74,Linares,7404,Parral,Venezuela (República Bolivariana de),230
7,Maule,74,Linares,7404,Parral,Otros países de América del Sur,77
7,Maule,74,Linares,7404,Parral,Otros países de América Central y El Caribe,*
7,Maule,74,Linares,7404,Parral,América del Norte,*
7,Maule,74,Linares,7404,Parral,Europa,64
7,Maule,74,Linares,7404,Parral,Asia,*
7,Maule,74,Linares,7404,Parral,África,*
7,Maule,74,Linares,7404,Parral,Oceanía,0
7,Maule,74,Linares,7404,Parral,País de nacimiento no declarado,1
7,Maule,74,Linares,7405,Retiro,Total nacidos fuera del país,182
7,Maule,74,Linares,7405,Retiro,Argentina,*
7,Maule,74,Linares,7405,Retiro,Bolivia (Estado Plurinacional de),*
7,Maule,74,Linares,7405,Retiro,Colombia,*
7,Maule,74,Linares,7405,Retiro,Haití,*
7,Maule,74,Linares,7405,Retiro,Perú,*
7,Maule,74,Linares,7405,Retiro,Venezuela (República Bolivariana de),57
7,Maule,74,Linares,7405,Retiro,Otros países de América del Sur,*
7,Maule,74,Linares,7405,Retiro,Otros países de América Central y El Caribe,*
7,Maule,74,Linares,7405,Retiro,América del Norte,*
7,Maule,74,Linares,7405,Retiro,Europa,*
7,Maule,74,Linares,7405,Retiro,Asia,*
7,Maule,74,Linares,7405,Retiro,África,0
7,Maule,74,Linares,7405,Retiro,Oceanía,*
7,Maule,74,Linares,7405,Retiro,País de nacimiento no declarado,5
7,Maule,74,Linares,7406,San Javier,Total nacidos fuera del país,918
7,Maule,74,Linares,7406,San Javier,Argentina,60
7,Maule,74,Linares,7406,San Javier,Bolivia (Estado Plurinacional de),59
7,Maule,74,Linares,7406,San Javier,Colombia,97
7,Maule,74,Linares,7406,San Javier,Haití,184
7,Maule,74,Linares,7406,San Javier,Perú,55
7,Maule,74,Linares,7406,San Javier,Venezuela (República Bolivariana de),322
7,Maule,74,Linares,7406,San Javier,Otros países de América del Sur,83
7,Maule,74,Linares,7406,San Javier,Otros países de América Central y El Caribe,*
7,Maule,74,Linares,7406,San Javier,América del Norte,*
7,Maule,74,Linares,7406,San Javier,Europa,*
7,Maule,74,Linares,7406,San Javier,Asia,*
7,Maule,74,Linares,7406,San Javier,África,*
7,Maule,74,Linares,7406,San Javier,Oceanía,0
7,Maule,74,Linares,7406,San Javier,País de nacimiento no declarado,3
7,Maule,74,Linares,7407,Villa Alegre,Total nacidos fuera del país,194
7,Maule,74,Linares,7407,Villa Alegre,Argentina,*
7,Maule,74,Linares,7407,Villa Alegre,Bolivia (Estado Plurinacional de),*
7,Maule,74,Linares,7407,Villa Alegre,Colombia,*
7,Maule,74,Linares,7407,Villa Alegre,Haití,*
7,Maule,74,Linares,7407,Villa Alegre,Perú,*
7,Maule,74,Linares,7407,Villa Alegre,Venezuela (República Bolivariana de),56
7,Maule,74,Linares,7407,Villa Alegre,Otros países de América del Sur,*
7,Maule,74,Linares,7407,Villa Alegre,Otros países de América Central y El Caribe,*
7,Maule,74,Linares,7407,Villa Alegre,América del Norte,*
7,Maule,74,Linares,7407,Villa Alegre,Europa,*
7,Maule,74,Linares,7407,Villa Alegre,Asia,*
7,Maule,74,Linares,7407,Villa Alegre,África,0
7,Maule,74,Linares,7407,Villa Alegre,Oceanía,0
7,Maule,74,Linares,7407,Villa Alegre,País de nacimiento no declarado,2
7,Maule,74,Linares,7408,Yerbas Buenas,Total nacidos fuera del país,149
7,Maule,74,Linares,7408,Yerbas Buenas,Argentina,*
7,Maule,74,Linares,7408,Yerbas Buenas,Bolivia (Estado Plurinacional de),*
7,Maule,74,Linares,7408,Yerbas Buenas,Colombia,*
7,Maule,74,Linares,7408,Yerbas Buenas,Haití,*
7,Maule,74,Linares,7408,Yerbas Buenas,Perú,*
7,Maule,74,Linares,7408,Yerbas Buenas,Venezuela (República Bolivariana de),*
7,Maule,74,Linares,7408,Yerbas Buenas,Otros países de América del Sur,*
7,Maule,74,Linares,7408,Yerbas Buenas,Otros países de América Central y El Caribe,*
7,Maule,74,Linares,7408,Yerbas Buenas,América del Norte,*
7,Maule,74,Linares,7408,Yerbas Buenas,Europa,*
7,Maule,74,Linares,7408,Yerbas Buenas,Asia,*
7,Maule,74,Linares,7408,Yerbas Buenas,África,0
7,Maule,74,Linares,7408,Yerbas Buenas,Oceanía,0
7,Maule,74,Linares,7408,Yerbas Buenas,País de nacimiento no declarado,0
16,Ñuble,161,Diguillín,16101,Chillán,Total nacidos fuera del país,6.928
16,Ñuble,161,Diguillín,16101,Chillán,Argentina,401
16,Ñuble,161,Diguillín,16101,Chillán,Bolivia (Estado Plurinacional de),140
16,Ñuble,161,Diguillín,16101,Chillán,Colombia,644
16,Ñuble,161,Diguillín,16101,Chillán,Haití,375
16,Ñuble,161,Diguillín,16101,Chillán,Perú,316
16,Ñuble,161,Diguillín,16101,Chillán,Venezuela (República Bolivariana de),4.022
16,Ñuble,161,Diguillín,16101,Chillán,Otros países de América del Sur,400
16,Ñuble,161,Diguillín,16101,Chillán,Otros países de América Central y El Caribe,276
16,Ñuble,161,Diguillín,16101,Chillán,América del Norte,61
16,Ñuble,161,Diguillín,16101,Chillán,Europa,183
16,Ñuble,161,Diguillín,16101,Chillán,Asia,69
16,Ñuble,161,Diguillín,16101,Chillán,África,*
16,Ñuble,161,Diguillín,16101,Chillán,Oceanía,*
16,Ñuble,161,Diguillín,16101,Chillán,País de nacimiento no declarado,17
16,Ñuble,161,Diguillín,16102,Bulnes,Total nacidos fuera del país,257
16,Ñuble,161,Diguillín,16102,Bulnes,Argentina,*
16,Ñuble,161,Diguillín,16102,Bulnes,Bolivia (Estado Plurinacional de),*
16,Ñuble,161,Diguillín,16102,Bulnes,Colombia,*
16,Ñuble,161,Diguillín,16102,Bulnes,Haití,*
16,Ñuble,161,Diguillín,16102,Bulnes,Perú,*
16,Ñuble,161,Diguillín,16102,Bulnes,Venezuela (República Bolivariana de),84
16,Ñuble,161,Diguillín,16102,Bulnes,Otros países de América del Sur,*
16,Ñuble,161,Diguillín,16102,Bulnes,Otros países de América Central y El Caribe,*
16,Ñuble,161,Diguillín,16102,Bulnes,América del Norte,*
16,Ñuble,161,Diguillín,16102,Bulnes,Europa,*
16,Ñuble,161,Diguillín,16102,Bulnes,Asia,*
16,Ñuble,161,Diguillín,16102,Bulnes,África,0
16,Ñuble,161,Diguillín,16102,Bulnes,Oceanía,*
16,Ñuble,161,Diguillín,16102,Bulnes,País de nacimiento no declarado,0
16,Ñuble,161,Diguillín,16103,Chillán Viejo,Total nacidos fuera del país,792
16,Ñuble,161,Diguillín,16103,Chillán Viejo,Argentina,64
16,Ñuble,161,Diguillín,16103,Chillán Viejo,Bolivia (Estado Plurinacional de),*
16,Ñuble,161,Diguillín,16103,Chillán Viejo,Colombia,67
16,Ñuble,161,Diguillín,16103,Chillán Viejo,Haití,*
16,Ñuble,161,Diguillín,16103,Chillán Viejo,Perú,*
16,Ñuble,161,Diguillín,16103,Chillán Viejo,Venezuela (República Bolivariana de),500
16,Ñuble,161,Diguillín,16103,Chillán Viejo,Otros países de América del Sur,*
16,Ñuble,161,Diguillín,16103,Chillán Viejo,Otros países de América Central y El Caribe,*
16,Ñuble,161,Diguillín,16103,Chillán Viejo,América del Norte,*
16,Ñuble,161,Diguillín,16103,Chillán Viejo,Europa,*
16,Ñuble,161,Diguillín,16103,Chillán Viejo,Asia,*
16,Ñuble,161,Diguillín,16103,Chillán Viejo,África,0
16,Ñuble,161,Diguillín,16103,Chillán Viejo,Oceanía,*
16,Ñuble,161,Diguillín,16103,Chillán Viejo,País de nacimiento no declarado,1
16,Ñuble,161,Diguillín,16104,El Carmen,Total nacidos fuera del país,103
16,Ñuble,161,Diguillín,16104,El Carmen,Argentina,*
16,Ñuble,161,Diguillín,16104,El Carmen,Bolivia (Estado Plurinacional de),*
16,Ñuble,161,Diguillín,16104,El Carmen,Colombia,*
16,Ñuble,161,Diguillín,16104,El Carmen,Haití,0
16,Ñuble,161,Diguillín,16104,El Carmen,Perú,*
16,Ñuble,161,Diguillín,16104,El Carmen,Venezuela (República Bolivariana de),*
16,Ñuble,161,Diguillín,16104,El Carmen,Otros países de América del Sur,*
16,Ñuble,161,Diguillín,16104,El Carmen,Otros países de América Central y El Caribe,0
16,Ñuble,161,Diguillín,16104,El Carmen,América del Norte,*
16,Ñuble,161,Diguillín,16104,El Carmen,Europa,*
16,Ñuble,161,Diguillín,16104,El Carmen,Asia,0
16,Ñuble,161,Diguillín,16104,El Carmen,África,0
16,Ñuble,161,Diguillín,16104,El Carmen,Oceanía,0
16,Ñuble,161,Diguillín,16104,El Carmen,País de nacimiento no declarado,0
16,Ñuble,161,Diguillín,16105,Pemuco,Total nacidos fuera del país,*
16,Ñuble,161,Diguillín,16105,Pemuco,Argentina,*
16,Ñuble,161,Diguillín,16105,Pemuco,Bolivia (Estado Plurinacional de),0
16,Ñuble,161,Diguillín,16105,Pemuco,Colombia,*
16,Ñuble,161,Diguillín,16105,Pemuco,Haití,*
16,Ñuble,161,Diguillín,16105,Pemuco,Perú,*
16,Ñuble,161,Diguillín,16105,Pemuco,Venezuela (República Bolivariana de),*
16,Ñuble,161,Diguillín,16105,Pemuco,Otros países de América del Sur,*
16,Ñuble,161,Diguillín,16105,Pemuco,Otros países de América Central y El Caribe,*
16,Ñuble,161,Diguillín,16105,Pemuco,América del Norte,0
16,Ñuble,161,Diguillín,16105,Pemuco,Europa,*
16,Ñuble,161,Diguillín,16105,Pemuco,Asia,*
16,Ñuble,161,Diguillín,16105,Pemuco,África,0
16,Ñuble,161,Diguillín,16105,Pemuco,Oceanía,0
16,Ñuble,161,Diguillín,16105,Pemuco,País de nacimiento no declarado,0
16,Ñuble,161,Diguillín,16106,Pinto,Total nacidos fuera del país,212
16,Ñuble,161,Diguillín,16106,Pinto,Argentina,*
16,Ñuble,161,Diguillín,16106,Pinto,Bolivia (Estado Plurinacional de),*
16,Ñuble,161,Diguillín,16106,Pinto,Colombia,*
16,Ñuble,161,Diguillín,16106,Pinto,Haití,*
16,Ñuble,161,Diguillín,16106,Pinto,Perú,*
16,Ñuble,161,Diguillín,16106,Pinto,Venezuela (República Bolivariana de),*
16,Ñuble,161,Diguillín,16106,Pinto,Otros países de América del Sur,*
16,Ñuble,161,Diguillín,16106,Pinto,Otros países de América Central y El Caribe,*
16,Ñuble,161,Diguillín,16106,Pinto,América del Norte,*
16,Ñuble,161,Diguillín,16106,Pinto,Europa,*
16,Ñuble,161,Diguillín,16106,Pinto,Asia,*
16,Ñuble,161,Diguillín,16106,Pinto,África,0
16,Ñuble,161,Diguillín,16106,Pinto,Oceanía,*
16,Ñuble,161,Diguillín,16106,Pinto,País de nacimiento no declarado,1
16,Ñuble,161,Diguillín,16107,Quillón,Total nacidos fuera del país,424
16,Ñuble,161,Diguillín,16107,Quillón,Argentina,*
16,Ñuble,161,Diguillín,16107,Quillón,Bolivia (Estado Plurinacional de),*
16,Ñuble,161,Diguillín,16107,Quillón,Colombia,*
16,Ñuble,161,Diguillín,16107,Quillón,Haití,*
16,Ñuble,161,Diguillín,16107,Quillón,Perú,*
16,Ñuble,161,Diguillín,16107,Quillón,Venezuela (República Bolivariana de),244
16,Ñuble,161,Diguillín,16107,Quillón,Otros países de América del Sur,*
16,Ñuble,161,Diguillín,16107,Quillón,Otros países de América Central y El Caribe,*
16,Ñuble,161,Diguillín,16107,Quillón,América del Norte,*
16,Ñuble,161,Diguillín,16107,Quillón,Europa,*
16,Ñuble,161,Diguillín,16107,Quillón,Asia,*
16,Ñuble,161,Diguillín,16107,Quillón,África,0
16,Ñuble,161,Diguillín,16107,Quillón,Oceanía,*
16,Ñuble,161,Diguillín,16107,Quillón,País de nacimiento no declarado,2
16,Ñuble,161,Diguillín,16108,San Ignacio,Total nacidos fuera del país,114
16,Ñuble,161,Diguillín,16108,San Ignacio,Argentina,*
16,Ñuble,161,Diguillín,16108,San Ignacio,Bolivia (Estado Plurinacional de),*
16,Ñuble,161,Diguillín,16108,San Ignacio,Colombia,*
16,Ñuble,161,Diguillín,16108,San Ignacio,Haití,*
16,Ñuble,161,Diguillín,16108,San Ignacio,Perú,*
16,Ñuble,161,Diguillín,16108,San Ignacio,Venezuela (República Bolivariana de),*
16,Ñuble,161,Diguillín,16108,San Ignacio,Otros países de América del Sur,*
16,Ñuble,161,Diguillín,16108,San Ignacio,Otros países de América Central y El Caribe,*
16,Ñuble,161,Diguillín,16108,San Ignacio,América del Norte,*
16,Ñuble,161,Diguillín,16108,San Ignacio,Europa,*
16,Ñuble,161,Diguillín,16108,San Ignacio,Asia,0
16,Ñuble,161,Diguillín,16108,San Ignacio,África,0
16,Ñuble,161,Diguillín,16108,San Ignacio,Oceanía,0
16,Ñuble,161,Diguillín,16108,San Ignacio,País de nacimiento no declarado,4
16,Ñuble,161,Diguillín,16109,Yungay,Total nacidos fuera del país,171
16,Ñuble,161,Diguillín,16109,Yungay,Argentina,*
16,Ñuble,161,Diguillín,16109,Yungay,Bolivia (Estado Plurinacional de),*
16,Ñuble,161,Diguillín,16109,Yungay,Colombia,*
16,Ñuble,161,Diguillín,16109,Yungay,Haití,*
16,Ñuble,161,Diguillín,16109,Yungay,Perú,*
16,Ñuble,161,Diguillín,16109,Yungay,Venezuela (República Bolivariana de),64
16,Ñuble,161,Diguillín,16109,Yungay,Otros países de América del Sur,*
16,Ñuble,161,Diguillín,16109,Yungay,Otros países de América Central y El Caribe,*
16,Ñuble,161,Diguillín,16109,Yungay,América del Norte,*
16,Ñuble,161,Diguillín,16109,Yungay,Europa,*
16,Ñuble,161,Diguillín,16109,Yungay,Asia,*
16,Ñuble,161,Diguillín,16109,Yungay,África,0
16,Ñuble,161,Diguillín,16109,Yungay,Oceanía,*
16,Ñuble,161,Diguillín,16109,Yungay,País de nacimiento no declarado,0
16,Ñuble,162,Itata,16201,Quirihue,Total nacidos fuera del país,72
16,Ñuble,162,Itata,16201,Quirihue,Argentina,*
16,Ñuble,162,Itata,16201,Quirihue,Bolivia (Estado Plurinacional de),*
16,Ñuble,162,Itata,16201,Quirihue,Colombia,*
16,Ñuble,162,Itata,16201,Quirihue,Haití,*
16,Ñuble,162,Itata,16201,Quirihue,Perú,*
16,Ñuble,162,Itata,16201,Quirihue,Venezuela (República Bolivariana de),*
16,Ñuble,162,Itata,16201,Quirihue,Otros países de América del Sur,*
16,Ñuble,162,Itata,16201,Quirihue,Otros países de América Central y El Caribe,*
16,Ñuble,162,Itata,16201,Quirihue,América del Norte,0
16,Ñuble,162,Itata,16201,Quirihue,Europa,*
16,Ñuble,162,Itata,16201,Quirihue,Asia,*
16,Ñuble,162,Itata,16201,Quirihue,África,0
16,Ñuble,162,Itata,16201,Quirihue,Oceanía,0
16,Ñuble,162,Itata,16201,Quirihue,País de nacimiento no declarado,0
16,Ñuble,162,Itata,16202,Cobquecura,Total nacidos fuera del país,73
16,Ñuble,162,Itata,16202,Cobquecura,Argentina,*
16,Ñuble,162,Itata,16202,Cobquecura,Bolivia (Estado Plurinacional de),*
16,Ñuble,162,Itata,16202,Cobquecura,Colombia,*
16,Ñuble,162,Itata,16202,Cobquecura,Haití,*
16,Ñuble,162,Itata,16202,Cobquecura,Perú,*
16,Ñuble,162,Itata,16202,Cobquecura,Venezuela (República Bolivariana de),*
16,Ñuble,162,Itata,16202,Cobquecura,Otros países de América del Sur,*
16,Ñuble,162,Itata,16202,Cobquecura,Otros países de América Central y El Caribe,*
16,Ñuble,162,Itata,16202,Cobquecura,América del Norte,*
16,Ñuble,162,Itata,16202,Cobquecura,Europa,*
16,Ñuble,162,Itata,16202,Cobquecura,Asia,*
16,Ñuble,162,Itata,16202,Cobquecura,África,0
16,Ñuble,162,Itata,16202,Cobquecura,Oceanía,*
16,Ñuble,162,Itata,16202,Cobquecura,País de nacimiento no declarado,0
16,Ñuble,162,Itata,16203,Coelemu,Total nacidos fuera del país,154
16,Ñuble,162,Itata,16203,Coelemu,Argentina,*
16,Ñuble,162,Itata,16203,Coelemu,Bolivia (Estado Plurinacional de),*
16,Ñuble,162,Itata,16203,Coelemu,Colombia,*
16,Ñuble,162,Itata,16203,Coelemu,Haití,*
16,Ñuble,162,Itata,16203,Coelemu,Perú,*
16,Ñuble,162,Itata,16203,Coelemu,Venezuela (República Bolivariana de),99
16,Ñuble,162,Itata,16203,Coelemu,Otros países de América del Sur,*
16,Ñuble,162,Itata,16203,Coelemu,Otros países de América Central y El Caribe,*
16,Ñuble,162,Itata,16203,Coelemu,América del Norte,*
16,Ñuble,162,Itata,16203,Coelemu,Europa,*
16,Ñuble,162,Itata,16203,Coelemu,Asia,*
16,Ñuble,162,Itata,16203,Coelemu,África,*
16,Ñuble,162,Itata,16203,Coelemu,Oceanía,0
16,Ñuble,162,Itata,16203,Coelemu,País de nacimiento no declarado,0
16,Ñuble,162,Itata,16204,Ninhue,Total nacidos fuera del país,*
16,Ñuble,162,Itata,16204,Ninhue,Argentina,*
16,Ñuble,162,Itata,16204,Ninhue,Bolivia (Estado Plurinacional de),*
16,Ñuble,162,Itata,16204,Ninhue,Colombia,*
16,Ñuble,162,Itata,16204,Ninhue,Haití,*
16,Ñuble,162,Itata,16204,Ninhue,Perú,*
16,Ñuble,162,Itata,16204,Ninhue,Venezuela (República Bolivariana de),*
16,Ñuble,162,Itata,16204,Ninhue,Otros países de América del Sur,*
16,Ñuble,162,Itata,16204,Ninhue,Otros países de América Central y El Caribe,0
16,Ñuble,162,Itata,16204,Ninhue,América del Norte,0
16,Ñuble,162,Itata,16204,Ninhue,Europa,*
16,Ñuble,162,Itata,16204,Ninhue,Asia,0
16,Ñuble,162,Itata,16204,Ninhue,África,0
16,Ñuble,162,Itata,16204,Ninhue,Oceanía,0
16,Ñuble,162,Itata,16204,Ninhue,País de nacimiento no declarado,0
16,Ñuble,162,Itata,16205,Portezuelo,Total nacidos fuera del país,*
16,Ñuble,162,Itata,16205,Portezuelo,Argentina,0
16,Ñuble,162,Itata,16205,Portezuelo,Bolivia (Estado Plurinacional de),*
16,Ñuble,162,Itata,16205,Portezuelo,Colombia,*
16,Ñuble,162,Itata,16205,Portezuelo,Haití,0
16,Ñuble,162,Itata,16205,Portezuelo,Perú,*
16,Ñuble,162,Itata,16205,Portezuelo,Venezuela (República Bolivariana de),*
16,Ñuble,162,Itata,16205,Portezuelo,Otros países de América del Sur,*
16,Ñuble,162,Itata,16205,Portezuelo,Otros países de América Central y El Caribe,0
16,Ñuble,162,Itata,16205,Portezuelo,América del Norte,0
16,Ñuble,162,Itata,16205,Portezuelo,Europa,*
16,Ñuble,162,Itata,16205,Portezuelo,Asia,0
16,Ñuble,162,Itata,16205,Portezuelo,África,0
16,Ñuble,162,Itata,16205,Portezuelo,Oceanía,0
16,Ñuble,162,Itata,16205,Portezuelo,País de nacimiento no declarado,0
16,Ñuble,162,Itata,16206,Ránquil,Total nacidos fuera del país,*
16,Ñuble,162,Itata,16206,Ránquil,Argentina,*
16,Ñuble,162,Itata,16206,Ránquil,Bolivia (Estado Plurinacional de),*
16,Ñuble,162,Itata,16206,Ránquil,Colombia,*
16,Ñuble,162,Itata,16206,Ránquil,Haití,0
16,Ñuble,162,Itata,16206,Ránquil,Perú,*
16,Ñuble,162,Itata,16206,Ránquil,Venezuela (República Bolivariana de),*
16,Ñuble,162,Itata,16206,Ránquil,Otros países de América del Sur,*
16,Ñuble,162,Itata,16206,Ránquil,Otros países de América Central y El Caribe,0
16,Ñuble,162,Itata,16206,Ránquil,América del Norte,0
16,Ñuble,162,Itata,16206,Ránquil,Europa,*
16,Ñuble,162,Itata,16206,Ránquil,Asia,*
16,Ñuble,162,Itata,16206,Ránquil,África,0
16,Ñuble,162,Itata,16206,Ránquil,Oceanía,0
16,Ñuble,162,Itata,16206,Ránquil,País de nacimiento no declarado,0
16,Ñuble,162,Itata,16207,Trehuaco,Total nacidos fuera del país,*
16,Ñuble,162,Itata,16207,Trehuaco,Argentina,*
16,Ñuble,162,Itata,16207,Trehuaco,Bolivia (Estado Plurinacional de),*
16,Ñuble,162,Itata,16207,Trehuaco,Colombia,*
16,Ñuble,162,Itata,16207,Trehuaco,Haití,0
16,Ñuble,162,Itata,16207,Trehuaco,Perú,*
16,Ñuble,162,Itata,16207,Trehuaco,Venezuela (República Bolivariana de),*
16,Ñuble,162,Itata,16207,Trehuaco,Otros países de América del Sur,*
16,Ñuble,162,Itata,16207,Trehuaco,Otros países de América Central y El Caribe,*
16,Ñuble,162,Itata,16207,Trehuaco,América del Norte,0
16,Ñuble,162,Itata,16207,Trehuaco,Europa,*
16,Ñuble,162,Itata,16207,Trehuaco,Asia,0
16,Ñuble,162,Itata,16207,Trehuaco,África,0
16,Ñuble,162,Itata,16207,Trehuaco,Oceanía,0
16,Ñuble,162,Itata,16207,Trehuaco,País de nacimiento no declarado,0
16,Ñuble,163,Punilla,16301,San Carlos,Total nacidos fuera del país,814
16,Ñuble,163,Punilla,16301,San Carlos,Argentina,61
16,Ñuble,163,Punilla,16301,San Carlos,Bolivia (Estado Plurinacional de),*
16,Ñuble,163,Punilla,16301,San Carlos,Colombia,97
16,Ñuble,163,Punilla,16301,San Carlos,Haití,55
16,Ñuble,163,Punilla,16301,San Carlos,Perú,*
16,Ñuble,163,Punilla,16301,San Carlos,Venezuela (República Bolivariana de),377
16,Ñuble,163,Punilla,16301,San Carlos,Otros países de América del Sur,58
16,Ñuble,163,Punilla,16301,San Carlos,Otros países de América Central y El Caribe,*
16,Ñuble,163,Punilla,16301,San Carlos,América del Norte,*
16,Ñuble,163,Punilla,16301,San Carlos,Europa,*
16,Ñuble,163,Punilla,16301,San Carlos,Asia,*
16,Ñuble,163,Punilla,16301,San Carlos,África,0
16,Ñuble,163,Punilla,16301,San Carlos,Oceanía,*
16,Ñuble,163,Punilla,16301,San Carlos,País de nacimiento no declarado,0
16,Ñuble,163,Punilla,16302,Coihueco,Total nacidos fuera del país,314
16,Ñuble,163,Punilla,16302,Coihueco,Argentina,*
16,Ñuble,163,Punilla,16302,Coihueco,Bolivia (Estado Plurinacional de),66
16,Ñuble,163,Punilla,16302,Coihueco,Colombia,*
16,Ñuble,163,Punilla,16302,Coihueco,Haití,*
16,Ñuble,163,Punilla,16302,Coihueco,Perú,*
16,Ñuble,163,Punilla,16302,Coihueco,Venezuela (República Bolivariana de),107
16,Ñuble,163,Punilla,16302,Coihueco,Otros países de América del Sur,*
16,Ñuble,163,Punilla,16302,Coihueco,Otros países de América Central y El Caribe,*
16,Ñuble,163,Punilla,16302,Coihueco,América del Norte,*
16,Ñuble,163,Punilla,16302,Coihueco,Europa,*
16,Ñuble,163,Punilla,16302,Coihueco,Asia,*
16,Ñuble,163,Punilla,16302,Coihueco,África,0
16,Ñuble,163,Punilla,16302,Coihueco,Oceanía,*
16,Ñuble,163,Punilla,16302,Coihueco,País de nacimiento no declarado,0
16,Ñuble,163,Punilla,16303,Ñiquén,Total nacidos fuera del país,70
16,Ñuble,163,Punilla,16303,Ñiquén,Argentina,*
16,Ñuble,163,Punilla,16303,Ñiquén,Bolivia (Estado Plurinacional de),0
16,Ñuble,163,Punilla,16303,Ñiquén,Colombia,*
16,Ñuble,163,Punilla,16303,Ñiquén,Haití,*
16,Ñuble,163,Punilla,16303,Ñiquén,Perú,*
16,Ñuble,163,Punilla,16303,Ñiquén,Venezuela (República Bolivariana de),*
16,Ñuble,163,Punilla,16303,Ñiquén,Otros países de América del Sur,*
16,Ñuble,163,Punilla,16303,Ñiquén,Otros países de América Central y El Caribe,*
16,Ñuble,163,Punilla,16303,Ñiquén,América del Norte,*
16,Ñuble,163,Punilla,16303,Ñiquén,Europa,*
16,Ñuble,163,Punilla,16303,Ñiquén,Asia,0
16,Ñuble,163,Punilla,16303,Ñiquén,África,0
16,Ñuble,163,Punilla,16303,Ñiquén,Oceanía,0
16,Ñuble,163,Punilla,16303,Ñiquén,País de nacimiento no declarado,0
16,Ñuble,163,Punilla,16304,San Fabián,Total nacidos fuera del país,87
16,Ñuble,163,Punilla,16304,San Fabián,Argentina,*
16,Ñuble,163,Punilla,16304,San Fabián,Bolivia (Estado Plurinacional de),*
16,Ñuble,163,Punilla,16304,San Fabián,Colombia,*
16,Ñuble,163,Punilla,16304,San Fabián,Haití,0
16,Ñuble,163,Punilla,16304,San Fabián,Perú,*
16,Ñuble,163,Punilla,16304,San Fabián,Venezuela (República Bolivariana de),*
16,Ñuble,163,Punilla,16304,San Fabián,Otros países de América del Sur,*
16,Ñuble,163,Punilla,16304,San Fabián,Otros países de América Central y El Caribe,*
16,Ñuble,163,Punilla,16304,San Fabián,América del Norte,*
16,Ñuble,163,Punilla,16304,San Fabián,Europa,*
16,Ñuble,163,Punilla,16304,San Fabián,Asia,*
16,Ñuble,163,Punilla,16304,San Fabián,África,0
16,Ñuble,163,Punilla,16304,San Fabián,Oceanía,0
16,Ñuble,163,Punilla,16304,San Fabián,País de nacimiento no declarado,0
16,Ñuble,163,Punilla,16305,San Nicolás,Total nacidos fuera del país,185
16,Ñuble,163,Punilla,16305,San Nicolás,Argentina,*
16,Ñuble,163,Punilla,16305,San Nicolás,Bolivia (Estado Plurinacional de),*
16,Ñuble,163,Punilla,16305,San Nicolás,Colombia,*
16,Ñuble,163,Punilla,16305,San Nicolás,Haití,*
16,Ñuble,163,Punilla,16305,San Nicolás,Perú,*
16,Ñuble,163,Punilla,16305,San Nicolás,Venezuela (República Bolivariana de),52
16,Ñuble,163,Punilla,16305,San Nicolás,Otros países de América del Sur,*
16,Ñuble,163,Punilla,16305,San Nicolás,Otros países de América Central y El Caribe,*
16,Ñuble,163,Punilla,16305,San Nicolás,América del Norte,0
16,Ñuble,163,Punilla,16305,San Nicolás,Europa,*
16,Ñuble,163,Punilla,16305,San Nicolás,Asia,*
16,Ñuble,163,Punilla,16305,San Nicolás,África,*
16,Ñuble,163,Punilla,16305,San Nicolás,Oceanía,0
16,Ñuble,163,Punilla,16305,San Nicolás,País de nacimiento no declarado,0
8,Biobío,81,Concepción,8101,Concepción,Total nacidos fuera del país,15.088
8,Biobío,81,Concepción,8101,Concepción,Argentina,503
8,Biobío,81,Concepción,8101,Concepción,Bolivia (Estado Plurinacional de),113
8,Biobío,81,Concepción,8101,Concepción,Colombia,1.377
8,Biobío,81,Concepción,8101,Concepción,Haití,182
8,Biobío,81,Concepción,8101,Concepción,Perú,659
8,Biobío,81,Concepción,8101,Concepción,Venezuela (República Bolivariana de),10.258
8,Biobío,81,Concepción,8101,Concepción,Otros países de América del Sur,618
8,Biobío,81,Concepción,8101,Concepción,Otros países de América Central y El Caribe,445
8,Biobío,81,Concepción,8101,Concepción,América del Norte,143
8,Biobío,81,Concepción,8101,Concepción,Europa,512
8,Biobío,81,Concepción,8101,Concepción,Asia,223
8,Biobío,81,Concepción,8101,Concepción,África,*
8,Biobío,81,Concepción,8101,Concepción,Oceanía,*
8,Biobío,81,Concepción,8101,Concepción,País de nacimiento no declarado,6
8,Biobío,81,Concepción,8102,Coronel,Total nacidos fuera del país,2.704
8,Biobío,81,Concepción,8102,Coronel,Argentina,251
8,Biobío,81,Concepción,8102,Coronel,Bolivia (Estado Plurinacional de),51
8,Biobío,81,Concepción,8102,Coronel,Colombia,222
8,Biobío,81,Concepción,8102,Coronel,Haití,157
8,Biobío,81,Concepción,8102,Coronel,Perú,111
8,Biobío,81,Concepción,8102,Coronel,Venezuela (República Bolivariana de),1.657
8,Biobío,81,Concepción,8102,Coronel,Otros países de América del Sur,117
8,Biobío,81,Concepción,8102,Coronel,Otros países de América Central y El Caribe,76
8,Biobío,81,Concepción,8102,Coronel,América del Norte,*
8,Biobío,81,Concepción,8102,Coronel,Europa,*
8,Biobío,81,Concepción,8102,Coronel,Asia,*
8,Biobío,81,Concepción,8102,Coronel,África,*
8,Biobío,81,Concepción,8102,Coronel,Oceanía,*
8,Biobío,81,Concepción,8102,Coronel,País de nacimiento no declarado,3
8,Biobío,81,Concepción,8103,Chiguayante,Total nacidos fuera del país,2.155
8,Biobío,81,Concepción,8103,Chiguayante,Argentina,171
8,Biobío,81,Concepción,8103,Chiguayante,Bolivia (Estado Plurinacional de),*
8,Biobío,81,Concepción,8103,Chiguayante,Colombia,174
8,Biobío,81,Concepción,8103,Chiguayante,Haití,*
8,Biobío,81,Concepción,8103,Chiguayante,Perú,93
8,Biobío,81,Concepción,8103,Chiguayante,Venezuela (República Bolivariana de),1.289
8,Biobío,81,Concepción,8103,Chiguayante,Otros países de América del Sur,117
8,Biobío,81,Concepción,8103,Chiguayante,Otros países de América Central y El Caribe,66
8,Biobío,81,Concepción,8103,Chiguayante,América del Norte,*
8,Biobío,81,Concepción,8103,Chiguayante,Europa,109
8,Biobío,81,Concepción,8103,Chiguayante,Asia,*
8,Biobío,81,Concepción,8103,Chiguayante,África,*
8,Biobío,81,Concepción,8103,Chiguayante,Oceanía,*
8,Biobío,81,Concepción,8103,Chiguayante,País de nacimiento no declarado,0
8,Biobío,81,Concepción,8104,Florida,Total nacidos fuera del país,190
8,Biobío,81,Concepción,8104,Florida,Argentina,*
8,Biobío,81,Concepción,8104,Florida,Bolivia (Estado Plurinacional de),*
8,Biobío,81,Concepción,8104,Florida,Colombia,*
8,Biobío,81,Concepción,8104,Florida,Haití,*
8,Biobío,81,Concepción,8104,Florida,Perú,*
8,Biobío,81,Concepción,8104,Florida,Venezuela (República Bolivariana de),80
8,Biobío,81,Concepción,8104,Florida,Otros países de América del Sur,*
8,Biobío,81,Concepción,8104,Florida,Otros países de América Central y El Caribe,*
8,Biobío,81,Concepción,8104,Florida,América del Norte,*
8,Biobío,81,Concepción,8104,Florida,Europa,*
8,Biobío,81,Concepción,8104,Florida,Asia,*
8,Biobío,81,Concepción,8104,Florida,África,0
8,Biobío,81,Concepción,8104,Florida,Oceanía,0
8,Biobío,81,Concepción,8104,Florida,País de nacimiento no declarado,1
8,Biobío,81,Concepción,8105,Hualqui,Total nacidos fuera del país,264
8,Biobío,81,Concepción,8105,Hualqui,Argentina,*
8,Biobío,81,Concepción,8105,Hualqui,Bolivia (Estado Plurinacional de),*
8,Biobío,81,Concepción,8105,Hualqui,Colombia,*
8,Biobío,81,Concepción,8105,Hualqui,Haití,*
8,Biobío,81,Concepción,8105,Hualqui,Perú,*
8,Biobío,81,Concepción,8105,Hualqui,Venezuela (República Bolivariana de),100
8,Biobío,81,Concepción,8105,Hualqui,Otros países de América del Sur,*
8,Biobío,81,Concepción,8105,Hualqui,Otros países de América Central y El Caribe,*
8,Biobío,81,Concepción,8105,Hualqui,América del Norte,*
8,Biobío,81,Concepción,8105,Hualqui,Europa,*
8,Biobío,81,Concepción,8105,Hualqui,Asia,*
8,Biobío,81,Concepción,8105,Hualqui,África,*
8,Biobío,81,Concepción,8105,Hualqui,Oceanía,0
8,Biobío,81,Concepción,8105,Hualqui,País de nacimiento no declarado,0
8,Biobío,81,Concepción,8106,Lota,Total nacidos fuera del país,496
8,Biobío,81,Concepción,8106,Lota,Argentina,76
8,Biobío,81,Concepción,8106,Lota,Bolivia (Estado Plurinacional de),*
8,Biobío,81,Concepción,8106,Lota,Colombia,71
8,Biobío,81,Concepción,8106,Lota,Haití,*
8,Biobío,81,Concepción,8106,Lota,Perú,*
8,Biobío,81,Concepción,8106,Lota,Venezuela (República Bolivariana de),207
8,Biobío,81,Concepción,8106,Lota,Otros países de América del Sur,59
8,Biobío,81,Concepción,8106,Lota,Otros países de América Central y El Caribe,*
8,Biobío,81,Concepción,8106,Lota,América del Norte,*
8,Biobío,81,Concepción,8106,Lota,Europa,*
8,Biobío,81,Concepción,8106,Lota,Asia,*
8,Biobío,81,Concepción,8106,Lota,África,*
8,Biobío,81,Concepción,8106,Lota,Oceanía,0
8,Biobío,81,Concepción,8106,Lota,País de nacimiento no declarado,0
8,Biobío,81,Concepción,8107,Penco,Total nacidos fuera del país,1.039
8,Biobío,81,Concepción,8107,Penco,Argentina,88
8,Biobío,81,Concepción,8107,Penco,Bolivia (Estado Plurinacional de),*
8,Biobío,81,Concepción,8107,Penco,Colombia,76
8,Biobío,81,Concepción,8107,Penco,Haití,*
8,Biobío,81,Concepción,8107,Penco,Perú,*
8,Biobío,81,Concepción,8107,Penco,Venezuela (República Bolivariana de),721
8,Biobío,81,Concepción,8107,Penco,Otros países de América del Sur,*
8,Biobío,81,Concepción,8107,Penco,Otros países de América Central y El Caribe,*
8,Biobío,81,Concepción,8107,Penco,América del Norte,*
8,Biobío,81,Concepción,8107,Penco,Europa,*
8,Biobío,81,Concepción,8107,Penco,Asia,*
8,Biobío,81,Concepción,8107,Penco,África,*
8,Biobío,81,Concepción,8107,Penco,Oceanía,0
8,Biobío,81,Concepción,8107,Penco,País de nacimiento no declarado,0
8,Biobío,81,Concepción,8108,San Pedro de La paz,Total nacidos fuera del país,6.771
8,Biobío,81,Concepción,8108,San Pedro de La paz,Argentina,432
8,Biobío,81,Concepción,8108,San Pedro de La paz,Bolivia (Estado Plurinacional de),73
8,Biobío,81,Concepción,8108,San Pedro de La paz,Colombia,603
8,Biobío,81,Concepción,8108,San Pedro de La paz,Haití,72
8,Biobío,81,Concepción,8108,San Pedro de La paz,Perú,296
8,Biobío,81,Concepción,8108,San Pedro de La paz,Venezuela (República Bolivariana de),4.435
8,Biobío,81,Concepción,8108,San Pedro de La paz,Otros países de América del Sur,307
8,Biobío,81,Concepción,8108,San Pedro de La paz,Otros países de América Central y El Caribe,146
8,Biobío,81,Concepción,8108,San Pedro de La paz,América del Norte,79
8,Biobío,81,Concepción,8108,San Pedro de La paz,Europa,254
8,Biobío,81,Concepción,8108,San Pedro de La paz,Asia,56
8,Biobío,81,Concepción,8108,San Pedro de La paz,África,*
8,Biobío,81,Concepción,8108,San Pedro de La paz,Oceanía,*
8,Biobío,81,Concepción,8108,San Pedro de La paz,País de nacimiento no declarado,2
8,Biobío,81,Concepción,8109,Santa Juana,Total nacidos fuera del país,182
8,Biobío,81,Concepción,8109,Santa Juana,Argentina,*
8,Biobío,81,Concepción,8109,Santa Juana,Bolivia (Estado Plurinacional de),*
8,Biobío,81,Concepción,8109,Santa Juana,Colombia,*
8,Biobío,81,Concepción,8109,Santa Juana,Haití,*
8,Biobío,81,Concepción,8109,Santa Juana,Perú,*
8,Biobío,81,Concepción,8109,Santa Juana,Venezuela (República Bolivariana de),106
8,Biobío,81,Concepción,8109,Santa Juana,Otros países de América del Sur,*
8,Biobío,81,Concepción,8109,Santa Juana,Otros países de América Central y El Caribe,*
8,Biobío,81,Concepción,8109,Santa Juana,América del Norte,*
8,Biobío,81,Concepción,8109,Santa Juana,Europa,*
8,Biobío,81,Concepción,8109,Santa Juana,Asia,*
8,Biobío,81,Concepción,8109,Santa Juana,África,0
8,Biobío,81,Concepción,8109,Santa Juana,Oceanía,0
8,Biobío,81,Concepción,8109,Santa Juana,País de nacimiento no declarado,0
8,Biobío,81,Concepción,8110,Talcahuano,Total nacidos fuera del país,4.512
8,Biobío,81,Concepción,8110,Talcahuano,Argentina,234
8,Biobío,81,Concepción,8110,Talcahuano,Bolivia (Estado Plurinacional de),*
8,Biobío,81,Concepción,8110,Talcahuano,Colombia,366
8,Biobío,81,Concepción,8110,Talcahuano,Haití,181
8,Biobío,81,Concepción,8110,Talcahuano,Perú,126
8,Biobío,81,Concepción,8110,Talcahuano,Venezuela (República Bolivariana de),3.140
8,Biobío,81,Concepción,8110,Talcahuano,Otros países de América del Sur,223
8,Biobío,81,Concepción,8110,Talcahuano,Otros países de América Central y El Caribe,65
8,Biobío,81,Concepción,8110,Talcahuano,América del Norte,*
8,Biobío,81,Concepción,8110,Talcahuano,Europa,86
8,Biobío,81,Concepción,8110,Talcahuano,Asia,*
8,Biobío,81,Concepción,8110,Talcahuano,África,*
8,Biobío,81,Concepción,8110,Talcahuano,Oceanía,*
8,Biobío,81,Concepción,8110,Talcahuano,País de nacimiento no declarado,9
8,Biobío,81,Concepción,8111,Tomé,Total nacidos fuera del país,838
8,Biobío,81,Concepción,8111,Tomé,Argentina,104
8,Biobío,81,Concepción,8111,Tomé,Bolivia (Estado Plurinacional de),*
8,Biobío,81,Concepción,8111,Tomé,Colombia,94
8,Biobío,81,Concepción,8111,Tomé,Haití,*
8,Biobío,81,Concepción,8111,Tomé,Perú,*
8,Biobío,81,Concepción,8111,Tomé,Venezuela (República Bolivariana de),391
8,Biobío,81,Concepción,8111,Tomé,Otros países de América del Sur,85
8,Biobío,81,Concepción,8111,Tomé,Otros países de América Central y El Caribe,*
8,Biobío,81,Concepción,8111,Tomé,América del Norte,*
8,Biobío,81,Concepción,8111,Tomé,Europa,*
8,Biobío,81,Concepción,8111,Tomé,Asia,*
8,Biobío,81,Concepción,8111,Tomé,África,*
8,Biobío,81,Concepción,8111,Tomé,Oceanía,0
8,Biobío,81,Concepción,8111,Tomé,País de nacimiento no declarado,2
8,Biobío,81,Concepción,8112,Hualpén,Total nacidos fuera del país,2.726
8,Biobío,81,Concepción,8112,Hualpén,Argentina,153
8,Biobío,81,Concepción,8112,Hualpén,Bolivia (Estado Plurinacional de),*
8,Biobío,81,Concepción,8112,Hualpén,Colombia,188
8,Biobío,81,Concepción,8112,Hualpén,Haití,*
8,Biobío,81,Concepción,8112,Hualpén,Perú,102
8,Biobío,81,Concepción,8112,Hualpén,Venezuela (República Bolivariana de),2.026
8,Biobío,81,Concepción,8112,Hualpén,Otros países de América del Sur,94
8,Biobío,81,Concepción,8112,Hualpén,Otros países de América Central y El Caribe,*
8,Biobío,81,Concepción,8112,Hualpén,América del Norte,*
8,Biobío,81,Concepción,8112,Hualpén,Europa,*
8,Biobío,81,Concepción,8112,Hualpén,Asia,*
8,Biobío,81,Concepción,8112,Hualpén,África,*
8,Biobío,81,Concepción,8112,Hualpén,Oceanía,0
8,Biobío,81,Concepción,8112,Hualpén,País de nacimiento no declarado,0
8,Biobío,82,Arauco,8201,Lebu,Total nacidos fuera del país,426
8,Biobío,82,Arauco,8201,Lebu,Argentina,*
8,Biobío,82,Arauco,8201,Lebu,Bolivia (Estado Plurinacional de),*
8,Biobío,82,Arauco,8201,Lebu,Colombia,*
8,Biobío,82,Arauco,8201,Lebu,Haití,*
8,Biobío,82,Arauco,8201,Lebu,Perú,*
8,Biobío,82,Arauco,8201,Lebu,Venezuela (República Bolivariana de),283
8,Biobío,82,Arauco,8201,Lebu,Otros países de América del Sur,*
8,Biobío,82,Arauco,8201,Lebu,Otros países de América Central y El Caribe,*
8,Biobío,82,Arauco,8201,Lebu,América del Norte,*
8,Biobío,82,Arauco,8201,Lebu,Europa,*
8,Biobío,82,Arauco,8201,Lebu,Asia,*
8,Biobío,82,Arauco,8201,Lebu,África,0
8,Biobío,82,Arauco,8201,Lebu,Oceanía,0
8,Biobío,82,Arauco,8201,Lebu,País de nacimiento no declarado,0
8,Biobío,82,Arauco,8202,Arauco,Total nacidos fuera del país,382
8,Biobío,82,Arauco,8202,Arauco,Argentina,*
8,Biobío,82,Arauco,8202,Arauco,Bolivia (Estado Plurinacional de),*
8,Biobío,82,Arauco,8202,Arauco,Colombia,51
8,Biobío,82,Arauco,8202,Arauco,Haití,*
8,Biobío,82,Arauco,8202,Arauco,Perú,*
8,Biobío,82,Arauco,8202,Arauco,Venezuela (República Bolivariana de),194
8,Biobío,82,Arauco,8202,Arauco,Otros países de América del Sur,*
8,Biobío,82,Arauco,8202,Arauco,Otros países de América Central y El Caribe,*
8,Biobío,82,Arauco,8202,Arauco,América del Norte,*
8,Biobío,82,Arauco,8202,Arauco,Europa,*
8,Biobío,82,Arauco,8202,Arauco,Asia,*
8,Biobío,82,Arauco,8202,Arauco,África,*
8,Biobío,82,Arauco,8202,Arauco,Oceanía,0
8,Biobío,82,Arauco,8202,Arauco,País de nacimiento no declarado,0
8,Biobío,82,Arauco,8203,Cañete,Total nacidos fuera del país,259
8,Biobío,82,Arauco,8203,Cañete,Argentina,*
8,Biobío,82,Arauco,8203,Cañete,Bolivia (Estado Plurinacional de),*
8,Biobío,82,Arauco,8203,Cañete,Colombia,52
8,Biobío,82,Arauco,8203,Cañete,Haití,*
8,Biobío,82,Arauco,8203,Cañete,Perú,*
8,Biobío,82,Arauco,8203,Cañete,Venezuela (República Bolivariana de),61
8,Biobío,82,Arauco,8203,Cañete,Otros países de América del Sur,60
8,Biobío,82,Arauco,8203,Cañete,Otros países de América Central y El Caribe,*
8,Biobío,82,Arauco,8203,Cañete,América del Norte,0
8,Biobío,82,Arauco,8203,Cañete,Europa,*
8,Biobío,82,Arauco,8203,Cañete,Asia,*
8,Biobío,82,Arauco,8203,Cañete,África,*
8,Biobío,82,Arauco,8203,Cañete,Oceanía,*
8,Biobío,82,Arauco,8203,Cañete,País de nacimiento no declarado,1
8,Biobío,82,Arauco,8204,Contulmo,Total nacidos fuera del país,*
8,Biobío,82,Arauco,8204,Contulmo,Argentina,*
8,Biobío,82,Arauco,8204,Contulmo,Bolivia (Estado Plurinacional de),*
8,Biobío,82,Arauco,8204,Contulmo,Colombia,*
8,Biobío,82,Arauco,8204,Contulmo,Haití,0
8,Biobío,82,Arauco,8204,Contulmo,Perú,*
8,Biobío,82,Arauco,8204,Contulmo,Venezuela (República Bolivariana de),*
8,Biobío,82,Arauco,8204,Contulmo,Otros países de América del Sur,*
8,Biobío,82,Arauco,8204,Contulmo,Otros países de América Central y El Caribe,0
8,Biobío,82,Arauco,8204,Contulmo,América del Norte,*
8,Biobío,82,Arauco,8204,Contulmo,Europa,*
8,Biobío,82,Arauco,8204,Contulmo,Asia,0
8,Biobío,82,Arauco,8204,Contulmo,África,*
8,Biobío,82,Arauco,8204,Contulmo,Oceanía,0
8,Biobío,82,Arauco,8204,Contulmo,País de nacimiento no declarado,0
8,Biobío,82,Arauco,8205,Curanilahue,Total nacidos fuera del país,281
8,Biobío,82,Arauco,8205,Curanilahue,Argentina,*
8,Biobío,82,Arauco,8205,Curanilahue,Bolivia (Estado Plurinacional de),*
8,Biobío,82,Arauco,8205,Curanilahue,Colombia,*
8,Biobío,82,Arauco,8205,Curanilahue,Haití,*
8,Biobío,82,Arauco,8205,Curanilahue,Perú,*
8,Biobío,82,Arauco,8205,Curanilahue,Venezuela (República Bolivariana de),122
8,Biobío,82,Arauco,8205,Curanilahue,Otros países de América del Sur,*
8,Biobío,82,Arauco,8205,Curanilahue,Otros países de América Central y El Caribe,*
8,Biobío,82,Arauco,8205,Curanilahue,América del Norte,0
8,Biobío,82,Arauco,8205,Curanilahue,Europa,*
8,Biobío,82,Arauco,8205,Curanilahue,Asia,*
8,Biobío,82,Arauco,8205,Curanilahue,África,0
8,Biobío,82,Arauco,8205,Curanilahue,Oceanía,0
8,Biobío,82,Arauco,8205,Curanilahue,País de nacimiento no declarado,0
8,Biobío,82,Arauco,8206,Los Álamos,Total nacidos fuera del país,109
8,Biobío,82,Arauco,8206,Los Álamos,Argentina,*
8,Biobío,82,Arauco,8206,Los Álamos,Bolivia (Estado Plurinacional de),*
8,Biobío,82,Arauco,8206,Los Álamos,Colombia,*
8,Biobío,82,Arauco,8206,Los Álamos,Haití,*
8,Biobío,82,Arauco,8206,Los Álamos,Perú,*
8,Biobío,82,Arauco,8206,Los Álamos,Venezuela (República Bolivariana de),*
8,Biobío,82,Arauco,8206,Los Álamos,Otros países de América del Sur,*
8,Biobío,82,Arauco,8206,Los Álamos,Otros países de América Central y El Caribe,*
8,Biobío,82,Arauco,8206,Los Álamos,América del Norte,*
8,Biobío,82,Arauco,8206,Los Álamos,Europa,*
8,Biobío,82,Arauco,8206,Los Álamos,Asia,*
8,Biobío,82,Arauco,8206,Los Álamos,África,*
8,Biobío,82,Arauco,8206,Los Álamos,Oceanía,0
8,Biobío,82,Arauco,8206,Los Álamos,País de nacimiento no declarado,0
8,Biobío,82,Arauco,8207,Tirúa,Total nacidos fuera del país,*
8,Biobío,82,Arauco,8207,Tirúa,Argentina,*
8,Biobío,82,Arauco,8207,Tirúa,Bolivia (Estado Plurinacional de),*
8,Biobío,82,Arauco,8207,Tirúa,Colombia,*
8,Biobío,82,Arauco,8207,Tirúa,Haití,*
8,Biobío,82,Arauco,8207,Tirúa,Perú,*
8,Biobío,82,Arauco,8207,Tirúa,Venezuela (República Bolivariana de),*
8,Biobío,82,Arauco,8207,Tirúa,Otros países de América del Sur,*
8,Biobío,82,Arauco,8207,Tirúa,Otros países de América Central y El Caribe,*
8,Biobío,82,Arauco,8207,Tirúa,América del Norte,*
8,Biobío,82,Arauco,8207,Tirúa,Europa,*
8,Biobío,82,Arauco,8207,Tirúa,Asia,*
8,Biobío,82,Arauco,8207,Tirúa,África,0
8,Biobío,82,Arauco,8207,Tirúa,Oceanía,0
8,Biobío,82,Arauco,8207,Tirúa,País de nacimiento no declarado,0
8,Biobío,83,Biobío,8301,Los Ángeles,Total nacidos fuera del país,6.583
8,Biobío,83,Biobío,8301,Los Ángeles,Argentina,382
8,Biobío,83,Biobío,8301,Los Ángeles,Bolivia (Estado Plurinacional de),98
8,Biobío,83,Biobío,8301,Los Ángeles,Colombia,732
8,Biobío,83,Biobío,8301,Los Ángeles,Haití,349
8,Biobío,83,Biobío,8301,Los Ángeles,Perú,239
8,Biobío,83,Biobío,8301,Los Ángeles,Venezuela (República Bolivariana de),3.924
8,Biobío,83,Biobío,8301,Los Ángeles,Otros países de América del Sur,462
8,Biobío,83,Biobío,8301,Los Ángeles,Otros países de América Central y El Caribe,107
8,Biobío,83,Biobío,8301,Los Ángeles,América del Norte,*
8,Biobío,83,Biobío,8301,Los Ángeles,Europa,160
8,Biobío,83,Biobío,8301,Los Ángeles,Asia,59
8,Biobío,83,Biobío,8301,Los Ángeles,África,*
8,Biobío,83,Biobío,8301,Los Ángeles,Oceanía,*
8,Biobío,83,Biobío,8301,Los Ángeles,País de nacimiento no declarado,8
8,Biobío,83,Biobío,8302,Antuco,Total nacidos fuera del país,*
8,Biobío,83,Biobío,8302,Antuco,Argentina,*
8,Biobío,83,Biobío,8302,Antuco,Bolivia (Estado Plurinacional de),*
8,Biobío,83,Biobío,8302,Antuco,Colombia,*
8,Biobío,83,Biobío,8302,Antuco,Haití,0
8,Biobío,83,Biobío,8302,Antuco,Perú,0
8,Biobío,83,Biobío,8302,Antuco,Venezuela (República Bolivariana de),*
8,Biobío,83,Biobío,8302,Antuco,Otros países de América del Sur,*
8,Biobío,83,Biobío,8302,Antuco,Otros países de América Central y El Caribe,0
8,Biobío,83,Biobío,8302,Antuco,América del Norte,*
8,Biobío,83,Biobío,8302,Antuco,Europa,0
8,Biobío,83,Biobío,8302,Antuco,Asia,0
8,Biobío,83,Biobío,8302,Antuco,África,0
8,Biobío,83,Biobío,8302,Antuco,Oceanía,0
8,Biobío,83,Biobío,8302,Antuco,País de nacimiento no declarado,2
8,Biobío,83,Biobío,8303,Cabrero,Total nacidos fuera del país,561
8,Biobío,83,Biobío,8303,Cabrero,Argentina,*
8,Biobío,83,Biobío,8303,Cabrero,Bolivia (Estado Plurinacional de),*
8,Biobío,83,Biobío,8303,Cabrero,Colombia,*
8,Biobío,83,Biobío,8303,Cabrero,Haití,*
8,Biobío,83,Biobío,8303,Cabrero,Perú,*
8,Biobío,83,Biobío,8303,Cabrero,Venezuela (República Bolivariana de),376
8,Biobío,83,Biobío,8303,Cabrero,Otros países de América del Sur,*
8,Biobío,83,Biobío,8303,Cabrero,Otros países de América Central y El Caribe,*
8,Biobío,83,Biobío,8303,Cabrero,América del Norte,*
8,Biobío,83,Biobío,8303,Cabrero,Europa,*
8,Biobío,83,Biobío,8303,Cabrero,Asia,*
8,Biobío,83,Biobío,8303,Cabrero,África,0
8,Biobío,83,Biobío,8303,Cabrero,Oceanía,0
8,Biobío,83,Biobío,8303,Cabrero,País de nacimiento no declarado,0
8,Biobío,83,Biobío,8304,Laja,Total nacidos fuera del país,272
8,Biobío,83,Biobío,8304,Laja,Argentina,54
8,Biobío,83,Biobío,8304,Laja,Bolivia (Estado Plurinacional de),*
8,Biobío,83,Biobío,8304,Laja,Colombia,*
8,Biobío,83,Biobío,8304,Laja,Haití,*
8,Biobío,83,Biobío,8304,Laja,Perú,*
8,Biobío,83,Biobío,8304,Laja,Venezuela (República Bolivariana de),118
8,Biobío,83,Biobío,8304,Laja,Otros países de América del Sur,*
8,Biobío,83,Biobío,8304,Laja,Otros países de América Central y El Caribe,*
8,Biobío,83,Biobío,8304,Laja,América del Norte,*
8,Biobío,83,Biobío,8304,Laja,Europa,*
8,Biobío,83,Biobío,8304,Laja,Asia,*
8,Biobío,83,Biobío,8304,Laja,África,0
8,Biobío,83,Biobío,8304,Laja,Oceanía,0
8,Biobío,83,Biobío,8304,Laja,País de nacimiento no declarado,0
8,Biobío,83,Biobío,8305,Mulchén,Total nacidos fuera del país,109
8,Biobío,83,Biobío,8305,Mulchén,Argentina,*
8,Biobío,83,Biobío,8305,Mulchén,Bolivia (Estado Plurinacional de),*
8,Biobío,83,Biobío,8305,Mulchén,Colombia,*
8,Biobío,83,Biobío,8305,Mulchén,Haití,*
8,Biobío,83,Biobío,8305,Mulchén,Perú,*
8,Biobío,83,Biobío,8305,Mulchén,Venezuela (República Bolivariana de),*
8,Biobío,83,Biobío,8305,Mulchén,Otros países de América del Sur,*
8,Biobío,83,Biobío,8305,Mulchén,Otros países de América Central y El Caribe,*
8,Biobío,83,Biobío,8305,Mulchén,América del Norte,*
8,Biobío,83,Biobío,8305,Mulchén,Europa,*
8,Biobío,83,Biobío,8305,Mulchén,Asia,*
8,Biobío,83,Biobío,8305,Mulchén,África,0
8,Biobío,83,Biobío,8305,Mulchén,Oceanía,0
8,Biobío,83,Biobío,8305,Mulchén,País de nacimiento no declarado,0
8,Biobío,83,Biobío,8306,Nacimiento,Total nacidos fuera del país,251
8,Biobío,83,Biobío,8306,Nacimiento,Argentina,*
8,Biobío,83,Biobío,8306,Nacimiento,Bolivia (Estado Plurinacional de),*
8,Biobío,83,Biobío,8306,Nacimiento,Colombia,*
8,Biobío,83,Biobío,8306,Nacimiento,Haití,*
8,Biobío,83,Biobío,8306,Nacimiento,Perú,*
8,Biobío,83,Biobío,8306,Nacimiento,Venezuela (República Bolivariana de),85
8,Biobío,83,Biobío,8306,Nacimiento,Otros países de América del Sur,*
8,Biobío,83,Biobío,8306,Nacimiento,Otros países de América Central y El Caribe,*
8,Biobío,83,Biobío,8306,Nacimiento,América del Norte,*
8,Biobío,83,Biobío,8306,Nacimiento,Europa,*
8,Biobío,83,Biobío,8306,Nacimiento,Asia,*
8,Biobío,83,Biobío,8306,Nacimiento,África,0
8,Biobío,83,Biobío,8306,Nacimiento,Oceanía,*
8,Biobío,83,Biobío,8306,Nacimiento,País de nacimiento no declarado,0
8,Biobío,83,Biobío,8307,Negrete,Total nacidos fuera del país,78
8,Biobío,83,Biobío,8307,Negrete,Argentina,*
8,Biobío,83,Biobío,8307,Negrete,Bolivia (Estado Plurinacional de),0
8,Biobío,83,Biobío,8307,Negrete,Colombia,*
8,Biobío,83,Biobío,8307,Negrete,Haití,*
8,Biobío,83,Biobío,8307,Negrete,Perú,*
8,Biobío,83,Biobío,8307,Negrete,Venezuela (República Bolivariana de),*
8,Biobío,83,Biobío,8307,Negrete,Otros países de América del Sur,*
8,Biobío,83,Biobío,8307,Negrete,Otros países de América Central y El Caribe,*
8,Biobío,83,Biobío,8307,Negrete,América del Norte,*
8,Biobío,83,Biobío,8307,Negrete,Europa,*
8,Biobío,83,Biobío,8307,Negrete,Asia,*
8,Biobío,83,Biobío,8307,Negrete,África,0
8,Biobío,83,Biobío,8307,Negrete,Oceanía,0
8,Biobío,83,Biobío,8307,Negrete,País de nacimiento no declarado,0
8,Biobío,83,Biobío,8308,Quilaco,Total nacidos fuera del país,*
8,Biobío,83,Biobío,8308,Quilaco,Argentina,*
8,Biobío,83,Biobío,8308,Quilaco,Bolivia (Estado Plurinacional de),0
8,Biobío,83,Biobío,8308,Quilaco,Colombia,*
8,Biobío,83,Biobío,8308,Quilaco,Haití,0
8,Biobío,83,Biobío,8308,Quilaco,Perú,0
8,Biobío,83,Biobío,8308,Quilaco,Venezuela (República Bolivariana de),*
8,Biobío,83,Biobío,8308,Quilaco,Otros países de América del Sur,*
8,Biobío,83,Biobío,8308,Quilaco,Otros países de América Central y El Caribe,*
8,Biobío,83,Biobío,8308,Quilaco,América del Norte,0
8,Biobío,83,Biobío,8308,Quilaco,Europa,*
8,Biobío,83,Biobío,8308,Quilaco,Asia,*
8,Biobío,83,Biobío,8308,Quilaco,África,0
8,Biobío,83,Biobío,8308,Quilaco,Oceanía,0
8,Biobío,83,Biobío,8308,Quilaco,País de nacimiento no declarado,0
8,Biobío,83,Biobío,8309,Quilleco,Total nacidos fuera del país,*
8,Biobío,83,Biobío,8309,Quilleco,Argentina,*
8,Biobío,83,Biobío,8309,Quilleco,Bolivia (Estado Plurinacional de),*
8,Biobío,83,Biobío,8309,Quilleco,Colombia,*
8,Biobío,83,Biobío,8309,Quilleco,Haití,0
8,Biobío,83,Biobío,8309,Quilleco,Perú,*
8,Biobío,83,Biobío,8309,Quilleco,Venezuela (República Bolivariana de),*
8,Biobío,83,Biobío,8309,Quilleco,Otros países de América del Sur,*
8,Biobío,83,Biobío,8309,Quilleco,Otros países de América Central y El Caribe,*
8,Biobío,83,Biobío,8309,Quilleco,América del Norte,*
8,Biobío,83,Biobío,8309,Quilleco,Europa,*
8,Biobío,83,Biobío,8309,Quilleco,Asia,0
8,Biobío,83,Biobío,8309,Quilleco,África,0
8,Biobío,83,Biobío,8309,Quilleco,Oceanía,*
8,Biobío,83,Biobío,8309,Quilleco,País de nacimiento no declarado,0
8,Biobío,83,Biobío,8310,San Rosendo,Total nacidos fuera del país,*
8,Biobío,83,Biobío,8310,San Rosendo,Argentina,*
8,Biobío,83,Biobío,8310,San Rosendo,Bolivia (Estado Plurinacional de),0
8,Biobío,83,Biobío,8310,San Rosendo,Colombia,0
8,Biobío,83,Biobío,8310,San Rosendo,Haití,0
8,Biobío,83,Biobío,8310,San Rosendo,Perú,*
8,Biobío,83,Biobío,8310,San Rosendo,Venezuela (República Bolivariana de),*
8,Biobío,83,Biobío,8310,San Rosendo,Otros países de América del Sur,*
8,Biobío,83,Biobío,8310,San Rosendo,Otros países de América Central y El Caribe,0
8,Biobío,83,Biobío,8310,San Rosendo,América del Norte,0
8,Biobío,83,Biobío,8310,San Rosendo,Europa,*
8,Biobío,83,Biobío,8310,San Rosendo,Asia,*
8,Biobío,83,Biobío,8310,San Rosendo,África,0
8,Biobío,83,Biobío,8310,San Rosendo,Oceanía,0
8,Biobío,83,Biobío,8310,San Rosendo,País de nacimiento no declarado,0
8,Biobío,83,Biobío,8311,Santa Bárbara,Total nacidos fuera del país,97
8,Biobío,83,Biobío,8311,Santa Bárbara,Argentina,*
8,Biobío,83,Biobío,8311,Santa Bárbara,Bolivia (Estado Plurinacional de),*
8,Biobío,83,Biobío,8311,Santa Bárbara,Colombia,*
8,Biobío,83,Biobío,8311,Santa Bárbara,Haití,*
8,Biobío,83,Biobío,8311,Santa Bárbara,Perú,0
8,Biobío,83,Biobío,8311,Santa Bárbara,Venezuela (República Bolivariana de),*
8,Biobío,83,Biobío,8311,Santa Bárbara,Otros países de América del Sur,*
8,Biobío,83,Biobío,8311,Santa Bárbara,Otros países de América Central y El Caribe,*
8,Biobío,83,Biobío,8311,Santa Bárbara,América del Norte,*
8,Biobío,83,Biobío,8311,Santa Bárbara,Europa,*
8,Biobío,83,Biobío,8311,Santa Bárbara,Asia,*
8,Biobío,83,Biobío,8311,Santa Bárbara,África,0
8,Biobío,83,Biobío,8311,Santa Bárbara,Oceanía,0
8,Biobío,83,Biobío,8311,Santa Bárbara,País de nacimiento no declarado,0
8,Biobío,83,Biobío,8312,Tucapel,Total nacidos fuera del país,120
8,Biobío,83,Biobío,8312,Tucapel,Argentina,*
8,Biobío,83,Biobío,8312,Tucapel,Bolivia (Estado Plurinacional de),*
8,Biobío,83,Biobío,8312,Tucapel,Colombia,*
8,Biobío,83,Biobío,8312,Tucapel,Haití,*
8,Biobío,83,Biobío,8312,Tucapel,Perú,*
8,Biobío,83,Biobío,8312,Tucapel,Venezuela (República Bolivariana de),*
8,Biobío,83,Biobío,8312,Tucapel,Otros países de América del Sur,*
8,Biobío,83,Biobío,8312,Tucapel,Otros países de América Central y El Caribe,*
8,Biobío,83,Biobío,8312,Tucapel,América del Norte,*
8,Biobío,83,Biobío,8312,Tucapel,Europa,*
8,Biobío,83,Biobío,8312,Tucapel,Asia,*
8,Biobío,83,Biobío,8312,Tucapel,África,0
8,Biobío,83,Biobío,8312,Tucapel,Oceanía,*
8,Biobío,83,Biobío,8312,Tucapel,País de nacimiento no declarado,0
8,Biobío,83,Biobío,8313,Yumbel,Total nacidos fuera del país,214
8,Biobío,83,Biobío,8313,Yumbel,Argentina,*
8,Biobío,83,Biobío,8313,Yumbel,Bolivia (Estado Plurinacional de),*
8,Biobío,83,Biobío,8313,Yumbel,Colombia,*
8,Biobío,83,Biobío,8313,Yumbel,Haití,*
8,Biobío,83,Biobío,8313,Yumbel,Perú,*
8,Biobío,83,Biobío,8313,Yumbel,Venezuela (República Bolivariana de),91
8,Biobío,83,Biobío,8313,Yumbel,Otros países de América del Sur,*
8,Biobío,83,Biobío,8313,Yumbel,Otros países de América Central y El Caribe,*
8,Biobío,83,Biobío,8313,Yumbel,América del Norte,*
8,Biobío,83,Biobío,8313,Yumbel,Europa,*
8,Biobío,83,Biobío,8313,Yumbel,Asia,*
8,Biobío,83,Biobío,8313,Yumbel,África,*
8,Biobío,83,Biobío,8313,Yumbel,Oceanía,0
8,Biobío,83,Biobío,8313,Yumbel,País de nacimiento no declarado,3
8,Biobío,83,Biobío,8314,Alto Biobío,Total nacidos fuera del país,*
8,Biobío,83,Biobío,8314,Alto Biobío,Argentina,*
8,Biobío,83,Biobío,8314,Alto Biobío,Bolivia (Estado Plurinacional de),*
8,Biobío,83,Biobío,8314,Alto Biobío,Colombia,*
8,Biobío,83,Biobío,8314,Alto Biobío,Haití,0
8,Biobío,83,Biobío,8314,Alto Biobío,Perú,0
8,Biobío,83,Biobío,8314,Alto Biobío,Venezuela (República Bolivariana de),*
8,Biobío,83,Biobío,8314,Alto Biobío,Otros países de América del Sur,*
8,Biobío,83,Biobío,8314,Alto Biobío,Otros países de América Central y El Caribe,0
8,Biobío,83,Biobío,8314,Alto Biobío,América del Norte,0
8,Biobío,83,Biobío,8314,Alto Biobío,Europa,*
8,Biobío,83,Biobío,8314,Alto Biobío,Asia,*
8,Biobío,83,Biobío,8314,Alto Biobío,África,0
8,Biobío,83,Biobío,8314,Alto Biobío,Oceanía,0
8,Biobío,83,Biobío,8314,Alto Biobío,País de nacimiento no declarado,0
9,La Araucanía,91,Cautín,9101,Temuco,Total nacidos fuera del país,10.660
9,La Araucanía,91,Cautín,9101,Temuco,Argentina,1.667
9,La Araucanía,91,Cautín,9101,Temuco,Bolivia (Estado Plurinacional de),104
9,La Araucanía,91,Cautín,9101,Temuco,Colombia,1.018
9,La Araucanía,91,Cautín,9101,Temuco,Haití,589
9,La Araucanía,91,Cautín,9101,Temuco,Perú,436
9,La Araucanía,91,Cautín,9101,Temuco,Venezuela (República Bolivariana de),5.145
9,La Araucanía,91,Cautín,9101,Temuco,Otros países de América del Sur,568
9,La Araucanía,91,Cautín,9101,Temuco,Otros países de América Central y El Caribe,383
9,La Araucanía,91,Cautín,9101,Temuco,América del Norte,97
9,La Araucanía,91,Cautín,9101,Temuco,Europa,393
9,La Araucanía,91,Cautín,9101,Temuco,Asia,213
9,La Araucanía,91,Cautín,9101,Temuco,África,*
9,La Araucanía,91,Cautín,9101,Temuco,Oceanía,*
9,La Araucanía,91,Cautín,9101,Temuco,País de nacimiento no declarado,6
9,La Araucanía,91,Cautín,9102,Carahue,Total nacidos fuera del país,136
9,La Araucanía,91,Cautín,9102,Carahue,Argentina,65
9,La Araucanía,91,Cautín,9102,Carahue,Bolivia (Estado Plurinacional de),*
9,La Araucanía,91,Cautín,9102,Carahue,Colombia,*
9,La Araucanía,91,Cautín,9102,Carahue,Haití,*
9,La Araucanía,91,Cautín,9102,Carahue,Perú,*
9,La Araucanía,91,Cautín,9102,Carahue,Venezuela (República Bolivariana de),*
9,La Araucanía,91,Cautín,9102,Carahue,Otros países de América del Sur,*
9,La Araucanía,91,Cautín,9102,Carahue,Otros países de América Central y El Caribe,*
9,La Araucanía,91,Cautín,9102,Carahue,América del Norte,*
9,La Araucanía,91,Cautín,9102,Carahue,Europa,*
9,La Araucanía,91,Cautín,9102,Carahue,Asia,*
9,La Araucanía,91,Cautín,9102,Carahue,África,*
9,La Araucanía,91,Cautín,9102,Carahue,Oceanía,0
9,La Araucanía,91,Cautín,9102,Carahue,País de nacimiento no declarado,0
9,La Araucanía,91,Cautín,9103,Cunco,Total nacidos fuera del país,279
9,La Araucanía,91,Cautín,9103,Cunco,Argentina,147
9,La Araucanía,91,Cautín,9103,Cunco,Bolivia (Estado Plurinacional de),*
9,La Araucanía,91,Cautín,9103,Cunco,Colombia,*
9,La Araucanía,91,Cautín,9103,Cunco,Haití,*
9,La Araucanía,91,Cautín,9103,Cunco,Perú,*
9,La Araucanía,91,Cautín,9103,Cunco,Venezuela (República Bolivariana de),*
9,La Araucanía,91,Cautín,9103,Cunco,Otros países de América del Sur,*
9,La Araucanía,91,Cautín,9103,Cunco,Otros países de América Central y El Caribe,*
9,La Araucanía,91,Cautín,9103,Cunco,América del Norte,*
9,La Araucanía,91,Cautín,9103,Cunco,Europa,*
9,La Araucanía,91,Cautín,9103,Cunco,Asia,*
9,La Araucanía,91,Cautín,9103,Cunco,África,0
9,La Araucanía,91,Cautín,9103,Cunco,Oceanía,0
9,La Araucanía,91,Cautín,9103,Cunco,País de nacimiento no declarado,1
9,La Araucanía,91,Cautín,9104,Curarrehue,Total nacidos fuera del país,218
9,La Araucanía,91,Cautín,9104,Curarrehue,Argentina,155
9,La Araucanía,91,Cautín,9104,Curarrehue,Bolivia (Estado Plurinacional de),*
9,La Araucanía,91,Cautín,9104,Curarrehue,Colombia,*
9,La Araucanía,91,Cautín,9104,Curarrehue,Haití,0
9,La Araucanía,91,Cautín,9104,Curarrehue,Perú,*
9,La Araucanía,91,Cautín,9104,Curarrehue,Venezuela (República Bolivariana de),*
9,La Araucanía,91,Cautín,9104,Curarrehue,Otros países de América del Sur,*
9,La Araucanía,91,Cautín,9104,Curarrehue,Otros países de América Central y El Caribe,*
9,La Araucanía,91,Cautín,9104,Curarrehue,América del Norte,*
9,La Araucanía,91,Cautín,9104,Curarrehue,Europa,*
9,La Araucanía,91,Cautín,9104,Curarrehue,Asia,*
9,La Araucanía,91,Cautín,9104,Curarrehue,África,0
9,La Araucanía,91,Cautín,9104,Curarrehue,Oceanía,0
9,La Araucanía,91,Cautín,9104,Curarrehue,País de nacimiento no declarado,0
9,La Araucanía,91,Cautín,9105,Freire,Total nacidos fuera del país,229
9,La Araucanía,91,Cautín,9105,Freire,Argentina,96
9,La Araucanía,91,Cautín,9105,Freire,Bolivia (Estado Plurinacional de),*
9,La Araucanía,91,Cautín,9105,Freire,Colombia,*
9,La Araucanía,91,Cautín,9105,Freire,Haití,*
9,La Araucanía,91,Cautín,9105,Freire,Perú,*
9,La Araucanía,91,Cautín,9105,Freire,Venezuela (República Bolivariana de),*
9,La Araucanía,91,Cautín,9105,Freire,Otros países de América del Sur,*
9,La Araucanía,91,Cautín,9105,Freire,Otros países de América Central y El Caribe,*
9,La Araucanía,91,Cautín,9105,Freire,América del Norte,*
9,La Araucanía,91,Cautín,9105,Freire,Europa,*
9,La Araucanía,91,Cautín,9105,Freire,Asia,*
9,La Araucanía,91,Cautín,9105,Freire,África,0
9,La Araucanía,91,Cautín,9105,Freire,Oceanía,0
9,La Araucanía,91,Cautín,9105,Freire,País de nacimiento no declarado,0
9,La Araucanía,91,Cautín,9106,Galvarino,Total nacidos fuera del país,*
9,La Araucanía,91,Cautín,9106,Galvarino,Argentina,*
9,La Araucanía,91,Cautín,9106,Galvarino,Bolivia (Estado Plurinacional de),*
9,La Araucanía,91,Cautín,9106,Galvarino,Colombia,0
9,La Araucanía,91,Cautín,9106,Galvarino,Haití,*
9,La Araucanía,91,Cautín,9106,Galvarino,Perú,*
9,La Araucanía,91,Cautín,9106,Galvarino,Venezuela (República Bolivariana de),*
9,La Araucanía,91,Cautín,9106,Galvarino,Otros países de América del Sur,*
9,La Araucanía,91,Cautín,9106,Galvarino,Otros países de América Central y El Caribe,*
9,La Araucanía,91,Cautín,9106,Galvarino,América del Norte,*
9,La Araucanía,91,Cautín,9106,Galvarino,Europa,*
9,La Araucanía,91,Cautín,9106,Galvarino,Asia,*
9,La Araucanía,91,Cautín,9106,Galvarino,África,0
9,La Araucanía,91,Cautín,9106,Galvarino,Oceanía,*
9,La Araucanía,91,Cautín,9106,Galvarino,País de nacimiento no declarado,0
9,La Araucanía,91,Cautín,9107,Gorbea,Total nacidos fuera del país,170
9,La Araucanía,91,Cautín,9107,Gorbea,Argentina,73
9,La Araucanía,91,Cautín,9107,Gorbea,Bolivia (Estado Plurinacional de),*
9,La Araucanía,91,Cautín,9107,Gorbea,Colombia,*
9,La Araucanía,91,Cautín,9107,Gorbea,Haití,*
9,La Araucanía,91,Cautín,9107,Gorbea,Perú,*
9,La Araucanía,91,Cautín,9107,Gorbea,Venezuela (República Bolivariana de),*
9,La Araucanía,91,Cautín,9107,Gorbea,Otros países de América del Sur,*
9,La Araucanía,91,Cautín,9107,Gorbea,Otros países de América Central y El Caribe,*
9,La Araucanía,91,Cautín,9107,Gorbea,América del Norte,0
9,La Araucanía,91,Cautín,9107,Gorbea,Europa,*
9,La Araucanía,91,Cautín,9107,Gorbea,Asia,*
9,La Araucanía,91,Cautín,9107,Gorbea,África,0
9,La Araucanía,91,Cautín,9107,Gorbea,Oceanía,0
9,La Araucanía,91,Cautín,9107,Gorbea,País de nacimiento no declarado,0
9,La Araucanía,91,Cautín,9108,Lautaro,Total nacidos fuera del país,564
9,La Araucanía,91,Cautín,9108,Lautaro,Argentina,156
9,La Araucanía,91,Cautín,9108,Lautaro,Bolivia (Estado Plurinacional de),*
9,La Araucanía,91,Cautín,9108,Lautaro,Colombia,*
9,La Araucanía,91,Cautín,9108,Lautaro,Haití,*
9,La Araucanía,91,Cautín,9108,Lautaro,Perú,*
9,La Araucanía,91,Cautín,9108,Lautaro,Venezuela (República Bolivariana de),193
9,La Araucanía,91,Cautín,9108,Lautaro,Otros países de América del Sur,*
9,La Araucanía,91,Cautín,9108,Lautaro,Otros países de América Central y El Caribe,*
9,La Araucanía,91,Cautín,9108,Lautaro,América del Norte,*
9,La Araucanía,91,Cautín,9108,Lautaro,Europa,*
9,La Araucanía,91,Cautín,9108,Lautaro,Asia,*
9,La Araucanía,91,Cautín,9108,Lautaro,África,*
9,La Araucanía,91,Cautín,9108,Lautaro,Oceanía,*
9,La Araucanía,91,Cautín,9108,Lautaro,País de nacimiento no declarado,0
9,La Araucanía,91,Cautín,9109,Loncoche,Total nacidos fuera del país,232
9,La Araucanía,91,Cautín,9109,Loncoche,Argentina,106
9,La Araucanía,91,Cautín,9109,Loncoche,Bolivia (Estado Plurinacional de),*
9,La Araucanía,91,Cautín,9109,Loncoche,Colombia,*
9,La Araucanía,91,Cautín,9109,Loncoche,Haití,*
9,La Araucanía,91,Cautín,9109,Loncoche,Perú,*
9,La Araucanía,91,Cautín,9109,Loncoche,Venezuela (República Bolivariana de),*
9,La Araucanía,91,Cautín,9109,Loncoche,Otros países de América del Sur,*
9,La Araucanía,91,Cautín,9109,Loncoche,Otros países de América Central y El Caribe,*
9,La Araucanía,91,Cautín,9109,Loncoche,América del Norte,0
9,La Araucanía,91,Cautín,9109,Loncoche,Europa,*
9,La Araucanía,91,Cautín,9109,Loncoche,Asia,*
9,La Araucanía,91,Cautín,9109,Loncoche,África,0
9,La Araucanía,91,Cautín,9109,Loncoche,Oceanía,*
9,La Araucanía,91,Cautín,9109,Loncoche,País de nacimiento no declarado,0
9,La Araucanía,91,Cautín,9110,Melipeuco,Total nacidos fuera del país,170
9,La Araucanía,91,Cautín,9110,Melipeuco,Argentina,133
9,La Araucanía,91,Cautín,9110,Melipeuco,Bolivia (Estado Plurinacional de),*
9,La Araucanía,91,Cautín,9110,Melipeuco,Colombia,*
9,La Araucanía,91,Cautín,9110,Melipeuco,Haití,*
9,La Araucanía,91,Cautín,9110,Melipeuco,Perú,*
9,La Araucanía,91,Cautín,9110,Melipeuco,Venezuela (República Bolivariana de),*
9,La Araucanía,91,Cautín,9110,Melipeuco,Otros países de América del Sur,*
9,La Araucanía,91,Cautín,9110,Melipeuco,Otros países de América Central y El Caribe,*
9,La Araucanía,91,Cautín,9110,Melipeuco,América del Norte,*
9,La Araucanía,91,Cautín,9110,Melipeuco,Europa,*
9,La Araucanía,91,Cautín,9110,Melipeuco,Asia,0
9,La Araucanía,91,Cautín,9110,Melipeuco,África,0
9,La Araucanía,91,Cautín,9110,Melipeuco,Oceanía,0
9,La Araucanía,91,Cautín,9110,Melipeuco,País de nacimiento no declarado,0
9,La Araucanía,91,Cautín,9111,Nueva Imperial,Total nacidos fuera del país,211
9,La Araucanía,91,Cautín,9111,Nueva Imperial,Argentina,91
9,La Araucanía,91,Cautín,9111,Nueva Imperial,Bolivia (Estado Plurinacional de),*
9,La Araucanía,91,Cautín,9111,Nueva Imperial,Colombia,*
9,La Araucanía,91,Cautín,9111,Nueva Imperial,Haití,*
9,La Araucanía,91,Cautín,9111,Nueva Imperial,Perú,*
9,La Araucanía,91,Cautín,9111,Nueva Imperial,Venezuela (República Bolivariana de),*
9,La Araucanía,91,Cautín,9111,Nueva Imperial,Otros países de América del Sur,*
9,La Araucanía,91,Cautín,9111,Nueva Imperial,Otros países de América Central y El Caribe,*
9,La Araucanía,91,Cautín,9111,Nueva Imperial,América del Norte,*
9,La Araucanía,91,Cautín,9111,Nueva Imperial,Europa,*
9,La Araucanía,91,Cautín,9111,Nueva Imperial,Asia,*
9,La Araucanía,91,Cautín,9111,Nueva Imperial,África,0
9,La Araucanía,91,Cautín,9111,Nueva Imperial,Oceanía,*
9,La Araucanía,91,Cautín,9111,Nueva Imperial,País de nacimiento no declarado,0
9,La Araucanía,91,Cautín,9112,Padre Las Casas,Total nacidos fuera del país,1.200
9,La Araucanía,91,Cautín,9112,Padre Las Casas,Argentina,343
9,La Araucanía,91,Cautín,9112,Padre Las Casas,Bolivia (Estado Plurinacional de),*
9,La Araucanía,91,Cautín,9112,Padre Las Casas,Colombia,116
9,La Araucanía,91,Cautín,9112,Padre Las Casas,Haití,*
9,La Araucanía,91,Cautín,9112,Padre Las Casas,Perú,*
9,La Araucanía,91,Cautín,9112,Padre Las Casas,Venezuela (República Bolivariana de),530
9,La Araucanía,91,Cautín,9112,Padre Las Casas,Otros países de América del Sur,54
9,La Araucanía,91,Cautín,9112,Padre Las Casas,Otros países de América Central y El Caribe,*
9,La Araucanía,91,Cautín,9112,Padre Las Casas,América del Norte,*
9,La Araucanía,91,Cautín,9112,Padre Las Casas,Europa,*
9,La Araucanía,91,Cautín,9112,Padre Las Casas,Asia,*
9,La Araucanía,91,Cautín,9112,Padre Las Casas,África,*
9,La Araucanía,91,Cautín,9112,Padre Las Casas,Oceanía,*
9,La Araucanía,91,Cautín,9112,Padre Las Casas,País de nacimiento no declarado,0
9,La Araucanía,91,Cautín,9113,Perquenco,Total nacidos fuera del país,*
9,La Araucanía,91,Cautín,9113,Perquenco,Argentina,*
9,La Araucanía,91,Cautín,9113,Perquenco,Bolivia (Estado Plurinacional de),*
9,La Araucanía,91,Cautín,9113,Perquenco,Colombia,0
9,La Araucanía,91,Cautín,9113,Perquenco,Haití,*
9,La Araucanía,91,Cautín,9113,Perquenco,Perú,*
9,La Araucanía,91,Cautín,9113,Perquenco,Venezuela (República Bolivariana de),*
9,La Araucanía,91,Cautín,9113,Perquenco,Otros países de América del Sur,*
9,La Araucanía,91,Cautín,9113,Perquenco,Otros países de América Central y El Caribe,*
9,La Araucanía,91,Cautín,9113,Perquenco,América del Norte,*
9,La Araucanía,91,Cautín,9113,Perquenco,Europa,*
9,La Araucanía,91,Cautín,9113,Perquenco,Asia,0
9,La Araucanía,91,Cautín,9113,Perquenco,África,*
9,La Araucanía,91,Cautín,9113,Perquenco,Oceanía,0
9,La Araucanía,91,Cautín,9113,Perquenco,País de nacimiento no declarado,0
9,La Araucanía,91,Cautín,9114,Pitrufquén,Total nacidos fuera del país,414
9,La Araucanía,91,Cautín,9114,Pitrufquén,Argentina,166
9,La Araucanía,91,Cautín,9114,Pitrufquén,Bolivia (Estado Plurinacional de),*
9,La Araucanía,91,Cautín,9114,Pitrufquén,Colombia,*
9,La Araucanía,91,Cautín,9114,Pitrufquén,Haití,*
9,La Araucanía,91,Cautín,9114,Pitrufquén,Perú,*
9,La Araucanía,91,Cautín,9114,Pitrufquén,Venezuela (República Bolivariana de),96
9,La Araucanía,91,Cautín,9114,Pitrufquén,Otros países de América del Sur,*
9,La Araucanía,91,Cautín,9114,Pitrufquén,Otros países de América Central y El Caribe,*
9,La Araucanía,91,Cautín,9114,Pitrufquén,América del Norte,*
9,La Araucanía,91,Cautín,9114,Pitrufquén,Europa,*
9,La Araucanía,91,Cautín,9114,Pitrufquén,Asia,*
9,La Araucanía,91,Cautín,9114,Pitrufquén,África,*
9,La Araucanía,91,Cautín,9114,Pitrufquén,Oceanía,0
9,La Araucanía,91,Cautín,9114,Pitrufquén,País de nacimiento no declarado,1
9,La Araucanía,91,Cautín,9115,Pucón,Total nacidos fuera del país,1.495
9,La Araucanía,91,Cautín,9115,Pucón,Argentina,539
9,La Araucanía,91,Cautín,9115,Pucón,Bolivia (Estado Plurinacional de),*
9,La Araucanía,91,Cautín,9115,Pucón,Colombia,82
9,La Araucanía,91,Cautín,9115,Pucón,Haití,85
9,La Araucanía,91,Cautín,9115,Pucón,Perú,51
9,La Araucanía,91,Cautín,9115,Pucón,Venezuela (República Bolivariana de),245
9,La Araucanía,91,Cautín,9115,Pucón,Otros países de América del Sur,96
9,La Araucanía,91,Cautín,9115,Pucón,Otros países de América Central y El Caribe,54
9,La Araucanía,91,Cautín,9115,Pucón,América del Norte,62
9,La Araucanía,91,Cautín,9115,Pucón,Europa,210
9,La Araucanía,91,Cautín,9115,Pucón,Asia,*
9,La Araucanía,91,Cautín,9115,Pucón,África,*
9,La Araucanía,91,Cautín,9115,Pucón,Oceanía,*
9,La Araucanía,91,Cautín,9115,Pucón,País de nacimiento no declarado,2
9,La Araucanía,91,Cautín,9116,Saavedra,Total nacidos fuera del país,53
9,La Araucanía,91,Cautín,9116,Saavedra,Argentina,*
9,La Araucanía,91,Cautín,9116,Saavedra,Bolivia (Estado Plurinacional de),*
9,La Araucanía,91,Cautín,9116,Saavedra,Colombia,*
9,La Araucanía,91,Cautín,9116,Saavedra,Haití,0
9,La Araucanía,91,Cautín,9116,Saavedra,Perú,*
9,La Araucanía,91,Cautín,9116,Saavedra,Venezuela (República Bolivariana de),*
9,La Araucanía,91,Cautín,9116,Saavedra,Otros países de América del Sur,*
9,La Araucanía,91,Cautín,9116,Saavedra,Otros países de América Central y El Caribe,*
9,La Araucanía,91,Cautín,9116,Saavedra,América del Norte,*
9,La Araucanía,91,Cautín,9116,Saavedra,Europa,*
9,La Araucanía,91,Cautín,9116,Saavedra,Asia,0
9,La Araucanía,91,Cautín,9116,Saavedra,África,0
9,La Araucanía,91,Cautín,9116,Saavedra,Oceanía,0
9,La Araucanía,91,Cautín,9116,Saavedra,País de nacimiento no declarado,0
9,La Araucanía,91,Cautín,9117,Teodoro Schmidt,Total nacidos fuera del país,133
9,La Araucanía,91,Cautín,9117,Teodoro Schmidt,Argentina,56
9,La Araucanía,91,Cautín,9117,Teodoro Schmidt,Bolivia (Estado Plurinacional de),*
9,La Araucanía,91,Cautín,9117,Teodoro Schmidt,Colombia,*
9,La Araucanía,91,Cautín,9117,Teodoro Schmidt,Haití,*
9,La Araucanía,91,Cautín,9117,Teodoro Schmidt,Perú,*
9,La Araucanía,91,Cautín,9117,Teodoro Schmidt,Venezuela (República Bolivariana de),*
9,La Araucanía,91,Cautín,9117,Teodoro Schmidt,Otros países de América del Sur,*
9,La Araucanía,91,Cautín,9117,Teodoro Schmidt,Otros países de América Central y El Caribe,*
9,La Araucanía,91,Cautín,9117,Teodoro Schmidt,América del Norte,0
9,La Araucanía,91,Cautín,9117,Teodoro Schmidt,Europa,*
9,La Araucanía,91,Cautín,9117,Teodoro Schmidt,Asia,*
9,La Araucanía,91,Cautín,9117,Teodoro Schmidt,África,0
9,La Araucanía,91,Cautín,9117,Teodoro Schmidt,Oceanía,0
9,La Araucanía,91,Cautín,9117,Teodoro Schmidt,País de nacimiento no declarado,1
9,La Araucanía,91,Cautín,9118,Toltén,Total nacidos fuera del país,82
9,La Araucanía,91,Cautín,9118,Toltén,Argentina,57
9,La Araucanía,91,Cautín,9118,Toltén,Bolivia (Estado Plurinacional de),0
9,La Araucanía,91,Cautín,9118,Toltén,Colombia,0
9,La Araucanía,91,Cautín,9118,Toltén,Haití,0
9,La Araucanía,91,Cautín,9118,Toltén,Perú,*
9,La Araucanía,91,Cautín,9118,Toltén,Venezuela (República Bolivariana de),*
9,La Araucanía,91,Cautín,9118,Toltén,Otros países de América del Sur,*
9,La Araucanía,91,Cautín,9118,Toltén,Otros países de América Central y El Caribe,*
9,La Araucanía,91,Cautín,9118,Toltén,América del Norte,0
9,La Araucanía,91,Cautín,9118,Toltén,Europa,*
9,La Araucanía,91,Cautín,9118,Toltén,Asia,0
9,La Araucanía,91,Cautín,9118,Toltén,África,0
9,La Araucanía,91,Cautín,9118,Toltén,Oceanía,0
9,La Araucanía,91,Cautín,9118,Toltén,País de nacimiento no declarado,0
9,La Araucanía,91,Cautín,9119,Vilcún,Total nacidos fuera del país,386
9,La Araucanía,91,Cautín,9119,Vilcún,Argentina,129
9,La Araucanía,91,Cautín,9119,Vilcún,Bolivia (Estado Plurinacional de),*
9,La Araucanía,91,Cautín,9119,Vilcún,Colombia,*
9,La Araucanía,91,Cautín,9119,Vilcún,Haití,*
9,La Araucanía,91,Cautín,9119,Vilcún,Perú,*
9,La Araucanía,91,Cautín,9119,Vilcún,Venezuela (República Bolivariana de),88
9,La Araucanía,91,Cautín,9119,Vilcún,Otros países de América del Sur,*
9,La Araucanía,91,Cautín,9119,Vilcún,Otros países de América Central y El Caribe,*
9,La Araucanía,91,Cautín,9119,Vilcún,América del Norte,*
9,La Araucanía,91,Cautín,9119,Vilcún,Europa,*
9,La Araucanía,91,Cautín,9119,Vilcún,Asia,*
9,La Araucanía,91,Cautín,9119,Vilcún,África,*
9,La Araucanía,91,Cautín,9119,Vilcún,Oceanía,*
9,La Araucanía,91,Cautín,9119,Vilcún,País de nacimiento no declarado,0
9,La Araucanía,91,Cautín,9120,Villarrica,Total nacidos fuera del país,2.126
9,La Araucanía,91,Cautín,9120,Villarrica,Argentina,749
9,La Araucanía,91,Cautín,9120,Villarrica,Bolivia (Estado Plurinacional de),*
9,La Araucanía,91,Cautín,9120,Villarrica,Colombia,158
9,La Araucanía,91,Cautín,9120,Villarrica,Haití,102
9,La Araucanía,91,Cautín,9120,Villarrica,Perú,81
9,La Araucanía,91,Cautín,9120,Villarrica,Venezuela (República Bolivariana de),558
9,La Araucanía,91,Cautín,9120,Villarrica,Otros países de América del Sur,137
9,La Araucanía,91,Cautín,9120,Villarrica,Otros países de América Central y El Caribe,52
9,La Araucanía,91,Cautín,9120,Villarrica,América del Norte,*
9,La Araucanía,91,Cautín,9120,Villarrica,Europa,198
9,La Araucanía,91,Cautín,9120,Villarrica,Asia,*
9,La Araucanía,91,Cautín,9120,Villarrica,África,0
9,La Araucanía,91,Cautín,9120,Villarrica,Oceanía,*
9,La Araucanía,91,Cautín,9120,Villarrica,País de nacimiento no declarado,2
9,La Araucanía,91,Cautín,9121,Cholchol,Total nacidos fuera del país,94
9,La Araucanía,91,Cautín,9121,Cholchol,Argentina,*
9,La Araucanía,91,Cautín,9121,Cholchol,Bolivia (Estado Plurinacional de),*
9,La Araucanía,91,Cautín,9121,Cholchol,Colombia,*
9,La Araucanía,91,Cautín,9121,Cholchol,Haití,*
9,La Araucanía,91,Cautín,9121,Cholchol,Perú,*
9,La Araucanía,91,Cautín,9121,Cholchol,Venezuela (República Bolivariana de),*
9,La Araucanía,91,Cautín,9121,Cholchol,Otros países de América del Sur,*
9,La Araucanía,91,Cautín,9121,Cholchol,Otros países de América Central y El Caribe,*
9,La Araucanía,91,Cautín,9121,Cholchol,América del Norte,*
9,La Araucanía,91,Cautín,9121,Cholchol,Europa,*
9,La Araucanía,91,Cautín,9121,Cholchol,Asia,*
9,La Araucanía,91,Cautín,9121,Cholchol,África,0
9,La Araucanía,91,Cautín,9121,Cholchol,Oceanía,0
9,La Araucanía,91,Cautín,9121,Cholchol,País de nacimiento no declarado,0
9,La Araucanía,92,Malleco,9201,Angol,Total nacidos fuera del país,737
9,La Araucanía,92,Malleco,9201,Angol,Argentina,100
9,La Araucanía,92,Malleco,9201,Angol,Bolivia (Estado Plurinacional de),*
9,La Araucanía,92,Malleco,9201,Angol,Colombia,149
9,La Araucanía,92,Malleco,9201,Angol,Haití,*
9,La Araucanía,92,Malleco,9201,Angol,Perú,53
9,La Araucanía,92,Malleco,9201,Angol,Venezuela (República Bolivariana de),279
9,La Araucanía,92,Malleco,9201,Angol,Otros países de América del Sur,54
9,La Araucanía,92,Malleco,9201,Angol,Otros países de América Central y El Caribe,*
9,La Araucanía,92,Malleco,9201,Angol,América del Norte,*
9,La Araucanía,92,Malleco,9201,Angol,Europa,*
9,La Araucanía,92,Malleco,9201,Angol,Asia,*
9,La Araucanía,92,Malleco,9201,Angol,África,0
9,La Araucanía,92,Malleco,9201,Angol,Oceanía,*
9,La Araucanía,92,Malleco,9201,Angol,País de nacimiento no declarado,1
9,La Araucanía,92,Malleco,9202,Collipulli,Total nacidos fuera del país,197
9,La Araucanía,92,Malleco,9202,Collipulli,Argentina,*
9,La Araucanía,92,Malleco,9202,Collipulli,Bolivia (Estado Plurinacional de),*
9,La Araucanía,92,Malleco,9202,Collipulli,Colombia,*
9,La Araucanía,92,Malleco,9202,Collipulli,Haití,*
9,La Araucanía,92,Malleco,9202,Collipulli,Perú,*
9,La Araucanía,92,Malleco,9202,Collipulli,Venezuela (República Bolivariana de),54
9,La Araucanía,92,Malleco,9202,Collipulli,Otros países de América del Sur,*
9,La Araucanía,92,Malleco,9202,Collipulli,Otros países de América Central y El Caribe,*
9,La Araucanía,92,Malleco,9202,Collipulli,América del Norte,0
9,La Araucanía,92,Malleco,9202,Collipulli,Europa,*
9,La Araucanía,92,Malleco,9202,Collipulli,Asia,*
9,La Araucanía,92,Malleco,9202,Collipulli,África,*
9,La Araucanía,92,Malleco,9202,Collipulli,Oceanía,0
9,La Araucanía,92,Malleco,9202,Collipulli,País de nacimiento no declarado,1
9,La Araucanía,92,Malleco,9203,Curacautín,Total nacidos fuera del país,337
9,La Araucanía,92,Malleco,9203,Curacautín,Argentina,213
9,La Araucanía,92,Malleco,9203,Curacautín,Bolivia (Estado Plurinacional de),*
9,La Araucanía,92,Malleco,9203,Curacautín,Colombia,*
9,La Araucanía,92,Malleco,9203,Curacautín,Haití,0
9,La Araucanía,92,Malleco,9203,Curacautín,Perú,*
9,La Araucanía,92,Malleco,9203,Curacautín,Venezuela (República Bolivariana de),*
9,La Araucanía,92,Malleco,9203,Curacautín,Otros países de América del Sur,*
9,La Araucanía,92,Malleco,9203,Curacautín,Otros países de América Central y El Caribe,*
9,La Araucanía,92,Malleco,9203,Curacautín,América del Norte,*
9,La Araucanía,92,Malleco,9203,Curacautín,Europa,*
9,La Araucanía,92,Malleco,9203,Curacautín,Asia,0
9,La Araucanía,92,Malleco,9203,Curacautín,África,0
9,La Araucanía,92,Malleco,9203,Curacautín,Oceanía,*
9,La Araucanía,92,Malleco,9203,Curacautín,País de nacimiento no declarado,0
9,La Araucanía,92,Malleco,9204,Ercilla,Total nacidos fuera del país,*
9,La Araucanía,92,Malleco,9204,Ercilla,Argentina,*
9,La Araucanía,92,Malleco,9204,Ercilla,Bolivia (Estado Plurinacional de),*
9,La Araucanía,92,Malleco,9204,Ercilla,Colombia,*
9,La Araucanía,92,Malleco,9204,Ercilla,Haití,0
9,La Araucanía,92,Malleco,9204,Ercilla,Perú,*
9,La Araucanía,92,Malleco,9204,Ercilla,Venezuela (República Bolivariana de),*
9,La Araucanía,92,Malleco,9204,Ercilla,Otros países de América del Sur,0
9,La Araucanía,92,Malleco,9204,Ercilla,Otros países de América Central y El Caribe,0
9,La Araucanía,92,Malleco,9204,Ercilla,América del Norte,0
9,La Araucanía,92,Malleco,9204,Ercilla,Europa,*
9,La Araucanía,92,Malleco,9204,Ercilla,Asia,*
9,La Araucanía,92,Malleco,9204,Ercilla,África,0
9,La Araucanía,92,Malleco,9204,Ercilla,Oceanía,0
9,La Araucanía,92,Malleco,9204,Ercilla,País de nacimiento no declarado,0
9,La Araucanía,92,Malleco,9205,Lonquimay,Total nacidos fuera del país,103
9,La Araucanía,92,Malleco,9205,Lonquimay,Argentina,86
9,La Araucanía,92,Malleco,9205,Lonquimay,Bolivia (Estado Plurinacional de),*
9,La Araucanía,92,Malleco,9205,Lonquimay,Colombia,*
9,La Araucanía,92,Malleco,9205,Lonquimay,Haití,0
9,La Araucanía,92,Malleco,9205,Lonquimay,Perú,*
9,La Araucanía,92,Malleco,9205,Lonquimay,Venezuela (República Bolivariana de),*
9,La Araucanía,92,Malleco,9205,Lonquimay,Otros países de América del Sur,*
9,La Araucanía,92,Malleco,9205,Lonquimay,Otros países de América Central y El Caribe,*
9,La Araucanía,92,Malleco,9205,Lonquimay,América del Norte,0
9,La Araucanía,92,Malleco,9205,Lonquimay,Europa,*
9,La Araucanía,92,Malleco,9205,Lonquimay,Asia,*
9,La Araucanía,92,Malleco,9205,Lonquimay,África,0
9,La Araucanía,92,Malleco,9205,Lonquimay,Oceanía,0
9,La Araucanía,92,Malleco,9205,Lonquimay,País de nacimiento no declarado,0
9,La Araucanía,92,Malleco,9206,Los Sauces,Total nacidos fuera del país,*
9,La Araucanía,92,Malleco,9206,Los Sauces,Argentina,*
9,La Araucanía,92,Malleco,9206,Los Sauces,Bolivia (Estado Plurinacional de),*
9,La Araucanía,92,Malleco,9206,Los Sauces,Colombia,*
9,La Araucanía,92,Malleco,9206,Los Sauces,Haití,0
9,La Araucanía,92,Malleco,9206,Los Sauces,Perú,*
9,La Araucanía,92,Malleco,9206,Los Sauces,Venezuela (República Bolivariana de),*
9,La Araucanía,92,Malleco,9206,Los Sauces,Otros países de América del Sur,*
9,La Araucanía,92,Malleco,9206,Los Sauces,Otros países de América Central y El Caribe,*
9,La Araucanía,92,Malleco,9206,Los Sauces,América del Norte,*
9,La Araucanía,92,Malleco,9206,Los Sauces,Europa,*
9,La Araucanía,92,Malleco,9206,Los Sauces,Asia,*
9,La Araucanía,92,Malleco,9206,Los Sauces,África,0
9,La Araucanía,92,Malleco,9206,Los Sauces,Oceanía,0
9,La Araucanía,92,Malleco,9206,Los Sauces,País de nacimiento no declarado,0
9,La Araucanía,92,Malleco,9207,Lumaco,Total nacidos fuera del país,*
9,La Araucanía,92,Malleco,9207,Lumaco,Argentina,*
9,La Araucanía,92,Malleco,9207,Lumaco,Bolivia (Estado Plurinacional de),0
9,La Araucanía,92,Malleco,9207,Lumaco,Colombia,*
9,La Araucanía,92,Malleco,9207,Lumaco,Haití,0
9,La Araucanía,92,Malleco,9207,Lumaco,Perú,0
9,La Araucanía,92,Malleco,9207,Lumaco,Venezuela (República Bolivariana de),*
9,La Araucanía,92,Malleco,9207,Lumaco,Otros países de América del Sur,0
9,La Araucanía,92,Malleco,9207,Lumaco,Otros países de América Central y El Caribe,*
9,La Araucanía,92,Malleco,9207,Lumaco,América del Norte,*
9,La Araucanía,92,Malleco,9207,Lumaco,Europa,*
9,La Araucanía,92,Malleco,9207,Lumaco,Asia,*
9,La Araucanía,92,Malleco,9207,Lumaco,África,0
9,La Araucanía,92,Malleco,9207,Lumaco,Oceanía,*
9,La Araucanía,92,Malleco,9207,Lumaco,País de nacimiento no declarado,0
9,La Araucanía,92,Malleco,9208,Purén,Total nacidos fuera del país,*
9,La Araucanía,92,Malleco,9208,Purén,Argentina,*
9,La Araucanía,92,Malleco,9208,Purén,Bolivia (Estado Plurinacional de),*
9,La Araucanía,92,Malleco,9208,Purén,Colombia,*
9,La Araucanía,92,Malleco,9208,Purén,Haití,0
9,La Araucanía,92,Malleco,9208,Purén,Perú,*
9,La Araucanía,92,Malleco,9208,Purén,Venezuela (República Bolivariana de),*
9,La Araucanía,92,Malleco,9208,Purén,Otros países de América del Sur,*
9,La Araucanía,92,Malleco,9208,Purén,Otros países de América Central y El Caribe,*
9,La Araucanía,92,Malleco,9208,Purén,América del Norte,0
9,La Araucanía,92,Malleco,9208,Purén,Europa,*
9,La Araucanía,92,Malleco,9208,Purén,Asia,*
9,La Araucanía,92,Malleco,9208,Purén,África,0
9,La Araucanía,92,Malleco,9208,Purén,Oceanía,0
9,La Araucanía,92,Malleco,9208,Purén,País de nacimiento no declarado,0
9,La Araucanía,92,Malleco,9209,Renaico,Total nacidos fuera del país,69
9,La Araucanía,92,Malleco,9209,Renaico,Argentina,*
9,La Araucanía,92,Malleco,9209,Renaico,Bolivia (Estado Plurinacional de),*
9,La Araucanía,92,Malleco,9209,Renaico,Colombia,*
9,La Araucanía,92,Malleco,9209,Renaico,Haití,*
9,La Araucanía,92,Malleco,9209,Renaico,Perú,*
9,La Araucanía,92,Malleco,9209,Renaico,Venezuela (República Bolivariana de),*
9,La Araucanía,92,Malleco,9209,Renaico,Otros países de América del Sur,*
9,La Araucanía,92,Malleco,9209,Renaico,Otros países de América Central y El Caribe,*
9,La Araucanía,92,Malleco,9209,Renaico,América del Norte,0
9,La Araucanía,92,Malleco,9209,Renaico,Europa,*
9,La Araucanía,92,Malleco,9209,Renaico,Asia,*
9,La Araucanía,92,Malleco,9209,Renaico,África,0
9,La Araucanía,92,Malleco,9209,Renaico,Oceanía,*
9,La Araucanía,92,Malleco,9209,Renaico,País de nacimiento no declarado,0
9,La Araucanía,92,Malleco,9210,Traiguén,Total nacidos fuera del país,155
9,La Araucanía,92,Malleco,9210,Traiguén,Argentina,*
9,La Araucanía,92,Malleco,9210,Traiguén,Bolivia (Estado Plurinacional de),*
9,La Araucanía,92,Malleco,9210,Traiguén,Colombia,*
9,La Araucanía,92,Malleco,9210,Traiguén,Haití,*
9,La Araucanía,92,Malleco,9210,Traiguén,Perú,*
9,La Araucanía,92,Malleco,9210,Traiguén,Venezuela (República Bolivariana de),54
9,La Araucanía,92,Malleco,9210,Traiguén,Otros países de América del Sur,*
9,La Araucanía,92,Malleco,9210,Traiguén,Otros países de América Central y El Caribe,*
9,La Araucanía,92,Malleco,9210,Traiguén,América del Norte,*
9,La Araucanía,92,Malleco,9210,Traiguén,Europa,*
9,La Araucanía,92,Malleco,9210,Traiguén,Asia,*
9,La Araucanía,92,Malleco,9210,Traiguén,África,0
9,La Araucanía,92,Malleco,9210,Traiguén,Oceanía,0
9,La Araucanía,92,Malleco,9210,Traiguén,País de nacimiento no declarado,9
9,La Araucanía,92,Malleco,9211,Victoria,Total nacidos fuera del país,401
9,La Araucanía,92,Malleco,9211,Victoria,Argentina,99
9,La Araucanía,92,Malleco,9211,Victoria,Bolivia (Estado Plurinacional de),*
9,La Araucanía,92,Malleco,9211,Victoria,Colombia,*
9,La Araucanía,92,Malleco,9211,Victoria,Haití,*
9,La Araucanía,92,Malleco,9211,Victoria,Perú,*
9,La Araucanía,92,Malleco,9211,Victoria,Venezuela (República Bolivariana de),160
9,La Araucanía,92,Malleco,9211,Victoria,Otros países de América del Sur,*
9,La Araucanía,92,Malleco,9211,Victoria,Otros países de América Central y El Caribe,*
9,La Araucanía,92,Malleco,9211,Victoria,América del Norte,*
9,La Araucanía,92,Malleco,9211,Victoria,Europa,*
9,La Araucanía,92,Malleco,9211,Victoria,Asia,*
9,La Araucanía,92,Malleco,9211,Victoria,África,*
9,La Araucanía,92,Malleco,9211,Victoria,Oceanía,0
9,La Araucanía,92,Malleco,9211,Victoria,País de nacimiento no declarado,0
14,Los Ríos,141,Valdivia,14101,Valdivia,Total nacidos fuera del país,5.099
14,Los Ríos,141,Valdivia,14101,Valdivia,Argentina,712
14,Los Ríos,141,Valdivia,14101,Valdivia,Bolivia (Estado Plurinacional de),107
14,Los Ríos,141,Valdivia,14101,Valdivia,Colombia,612
14,Los Ríos,141,Valdivia,14101,Valdivia,Haití,347
14,Los Ríos,141,Valdivia,14101,Valdivia,Perú,128
14,Los Ríos,141,Valdivia,14101,Valdivia,Venezuela (República Bolivariana de),2.035
14,Los Ríos,141,Valdivia,14101,Valdivia,Otros países de América del Sur,279
14,Los Ríos,141,Valdivia,14101,Valdivia,Otros países de América Central y El Caribe,193
14,Los Ríos,141,Valdivia,14101,Valdivia,América del Norte,98
14,Los Ríos,141,Valdivia,14101,Valdivia,Europa,471
14,Los Ríos,141,Valdivia,14101,Valdivia,Asia,88
14,Los Ríos,141,Valdivia,14101,Valdivia,África,*
14,Los Ríos,141,Valdivia,14101,Valdivia,Oceanía,*
14,Los Ríos,141,Valdivia,14101,Valdivia,País de nacimiento no declarado,2
14,Los Ríos,141,Valdivia,14102,Corral,Total nacidos fuera del país,52
14,Los Ríos,141,Valdivia,14102,Corral,Argentina,*
14,Los Ríos,141,Valdivia,14102,Corral,Bolivia (Estado Plurinacional de),*
14,Los Ríos,141,Valdivia,14102,Corral,Colombia,*
14,Los Ríos,141,Valdivia,14102,Corral,Haití,0
14,Los Ríos,141,Valdivia,14102,Corral,Perú,*
14,Los Ríos,141,Valdivia,14102,Corral,Venezuela (República Bolivariana de),*
14,Los Ríos,141,Valdivia,14102,Corral,Otros países de América del Sur,*
14,Los Ríos,141,Valdivia,14102,Corral,Otros países de América Central y El Caribe,*
14,Los Ríos,141,Valdivia,14102,Corral,América del Norte,*
14,Los Ríos,141,Valdivia,14102,Corral,Europa,*
14,Los Ríos,141,Valdivia,14102,Corral,Asia,*
14,Los Ríos,141,Valdivia,14102,Corral,África,0
14,Los Ríos,141,Valdivia,14102,Corral,Oceanía,0
14,Los Ríos,141,Valdivia,14102,Corral,País de nacimiento no declarado,0
14,Los Ríos,141,Valdivia,14103,Lanco,Total nacidos fuera del país,140
14,Los Ríos,141,Valdivia,14103,Lanco,Argentina,73
14,Los Ríos,141,Valdivia,14103,Lanco,Bolivia (Estado Plurinacional de),*
14,Los Ríos,141,Valdivia,14103,Lanco,Colombia,*
14,Los Ríos,141,Valdivia,14103,Lanco,Haití,*
14,Los Ríos,141,Valdivia,14103,Lanco,Perú,*
14,Los Ríos,141,Valdivia,14103,Lanco,Venezuela (República Bolivariana de),*
14,Los Ríos,141,Valdivia,14103,Lanco,Otros países de América del Sur,*
14,Los Ríos,141,Valdivia,14103,Lanco,Otros países de América Central y El Caribe,*
14,Los Ríos,141,Valdivia,14103,Lanco,América del Norte,*
14,Los Ríos,141,Valdivia,14103,Lanco,Europa,*
14,Los Ríos,141,Valdivia,14103,Lanco,Asia,*
14,Los Ríos,141,Valdivia,14103,Lanco,África,0
14,Los Ríos,141,Valdivia,14103,Lanco,Oceanía,0
14,Los Ríos,141,Valdivia,14103,Lanco,País de nacimiento no declarado,0
14,Los Ríos,141,Valdivia,14104,Los Lagos,Total nacidos fuera del país,258
14,Los Ríos,141,Valdivia,14104,Los Lagos,Argentina,66
14,Los Ríos,141,Valdivia,14104,Los Lagos,Bolivia (Estado Plurinacional de),*
14,Los Ríos,141,Valdivia,14104,Los Lagos,Colombia,*
14,Los Ríos,141,Valdivia,14104,Los Lagos,Haití,*
14,Los Ríos,141,Valdivia,14104,Los Lagos,Perú,*
14,Los Ríos,141,Valdivia,14104,Los Lagos,Venezuela (República Bolivariana de),70
14,Los Ríos,141,Valdivia,14104,Los Lagos,Otros países de América del Sur,*
14,Los Ríos,141,Valdivia,14104,Los Lagos,Otros países de América Central y El Caribe,*
14,Los Ríos,141,Valdivia,14104,Los Lagos,América del Norte,*
14,Los Ríos,141,Valdivia,14104,Los Lagos,Europa,*
14,Los Ríos,141,Valdivia,14104,Los Lagos,Asia,*
14,Los Ríos,141,Valdivia,14104,Los Lagos,África,0
14,Los Ríos,141,Valdivia,14104,Los Lagos,Oceanía,*
14,Los Ríos,141,Valdivia,14104,Los Lagos,País de nacimiento no declarado,0
14,Los Ríos,141,Valdivia,14105,Máfil,Total nacidos fuera del país,77
14,Los Ríos,141,Valdivia,14105,Máfil,Argentina,*
14,Los Ríos,141,Valdivia,14105,Máfil,Bolivia (Estado Plurinacional de),*
14,Los Ríos,141,Valdivia,14105,Máfil,Colombia,*
14,Los Ríos,141,Valdivia,14105,Máfil,Haití,*
14,Los Ríos,141,Valdivia,14105,Máfil,Perú,*
14,Los Ríos,141,Valdivia,14105,Máfil,Venezuela (República Bolivariana de),*
14,Los Ríos,141,Valdivia,14105,Máfil,Otros países de América del Sur,*
14,Los Ríos,141,Valdivia,14105,Máfil,Otros países de América Central y El Caribe,*
14,Los Ríos,141,Valdivia,14105,Máfil,América del Norte,0
14,Los Ríos,141,Valdivia,14105,Máfil,Europa,*
14,Los Ríos,141,Valdivia,14105,Máfil,Asia,0
14,Los Ríos,141,Valdivia,14105,Máfil,África,0
14,Los Ríos,141,Valdivia,14105,Máfil,Oceanía,0
14,Los Ríos,141,Valdivia,14105,Máfil,País de nacimiento no declarado,0
14,Los Ríos,141,Valdivia,14106,Mariquina,Total nacidos fuera del país,212
14,Los Ríos,141,Valdivia,14106,Mariquina,Argentina,85
14,Los Ríos,141,Valdivia,14106,Mariquina,Bolivia (Estado Plurinacional de),*
14,Los Ríos,141,Valdivia,14106,Mariquina,Colombia,*
14,Los Ríos,141,Valdivia,14106,Mariquina,Haití,*
14,Los Ríos,141,Valdivia,14106,Mariquina,Perú,*
14,Los Ríos,141,Valdivia,14106,Mariquina,Venezuela (República Bolivariana de),61
14,Los Ríos,141,Valdivia,14106,Mariquina,Otros países de América del Sur,*
14,Los Ríos,141,Valdivia,14106,Mariquina,Otros países de América Central y El Caribe,*
14,Los Ríos,141,Valdivia,14106,Mariquina,América del Norte,*
14,Los Ríos,141,Valdivia,14106,Mariquina,Europa,*
14,Los Ríos,141,Valdivia,14106,Mariquina,Asia,*
14,Los Ríos,141,Valdivia,14106,Mariquina,África,*
14,Los Ríos,141,Valdivia,14106,Mariquina,Oceanía,*
14,Los Ríos,141,Valdivia,14106,Mariquina,País de nacimiento no declarado,0
14,Los Ríos,141,Valdivia,14107,Paillaco,Total nacidos fuera del país,222
14,Los Ríos,141,Valdivia,14107,Paillaco,Argentina,54
14,Los Ríos,141,Valdivia,14107,Paillaco,Bolivia (Estado Plurinacional de),*
14,Los Ríos,141,Valdivia,14107,Paillaco,Colombia,*
14,Los Ríos,141,Valdivia,14107,Paillaco,Haití,*
14,Los Ríos,141,Valdivia,14107,Paillaco,Perú,*
14,Los Ríos,141,Valdivia,14107,Paillaco,Venezuela (República Bolivariana de),108
14,Los Ríos,141,Valdivia,14107,Paillaco,Otros países de América del Sur,*
14,Los Ríos,141,Valdivia,14107,Paillaco,Otros países de América Central y El Caribe,*
14,Los Ríos,141,Valdivia,14107,Paillaco,América del Norte,*
14,Los Ríos,141,Valdivia,14107,Paillaco,Europa,*
14,Los Ríos,141,Valdivia,14107,Paillaco,Asia,*
14,Los Ríos,141,Valdivia,14107,Paillaco,África,*
14,Los Ríos,141,Valdivia,14107,Paillaco,Oceanía,*
14,Los Ríos,141,Valdivia,14107,Paillaco,País de nacimiento no declarado,0
14,Los Ríos,141,Valdivia,14108,Panguipulli,Total nacidos fuera del país,493
14,Los Ríos,141,Valdivia,14108,Panguipulli,Argentina,190
14,Los Ríos,141,Valdivia,14108,Panguipulli,Bolivia (Estado Plurinacional de),*
14,Los Ríos,141,Valdivia,14108,Panguipulli,Colombia,*
14,Los Ríos,141,Valdivia,14108,Panguipulli,Haití,*
14,Los Ríos,141,Valdivia,14108,Panguipulli,Perú,*
14,Los Ríos,141,Valdivia,14108,Panguipulli,Venezuela (República Bolivariana de),101
14,Los Ríos,141,Valdivia,14108,Panguipulli,Otros países de América del Sur,*
14,Los Ríos,141,Valdivia,14108,Panguipulli,Otros países de América Central y El Caribe,*
14,Los Ríos,141,Valdivia,14108,Panguipulli,América del Norte,*
14,Los Ríos,141,Valdivia,14108,Panguipulli,Europa,*
14,Los Ríos,141,Valdivia,14108,Panguipulli,Asia,*
14,Los Ríos,141,Valdivia,14108,Panguipulli,África,0
14,Los Ríos,141,Valdivia,14108,Panguipulli,Oceanía,*
14,Los Ríos,141,Valdivia,14108,Panguipulli,País de nacimiento no declarado,0
14,Los Ríos,142,Ranco,14201,La Unión,Total nacidos fuera del país,321
14,Los Ríos,142,Ranco,14201,La Unión,Argentina,68
14,Los Ríos,142,Ranco,14201,La Unión,Bolivia (Estado Plurinacional de),*
14,Los Ríos,142,Ranco,14201,La Unión,Colombia,66
14,Los Ríos,142,Ranco,14201,La Unión,Haití,*
14,Los Ríos,142,Ranco,14201,La Unión,Perú,*
14,Los Ríos,142,Ranco,14201,La Unión,Venezuela (República Bolivariana de),75
14,Los Ríos,142,Ranco,14201,La Unión,Otros países de América del Sur,*
14,Los Ríos,142,Ranco,14201,La Unión,Otros países de América Central y El Caribe,*
14,Los Ríos,142,Ranco,14201,La Unión,América del Norte,*
14,Los Ríos,142,Ranco,14201,La Unión,Europa,*
14,Los Ríos,142,Ranco,14201,La Unión,Asia,*
14,Los Ríos,142,Ranco,14201,La Unión,África,*
14,Los Ríos,142,Ranco,14201,La Unión,Oceanía,*
14,Los Ríos,142,Ranco,14201,La Unión,País de nacimiento no declarado,1
14,Los Ríos,142,Ranco,14202,Futrono,Total nacidos fuera del país,216
14,Los Ríos,142,Ranco,14202,Futrono,Argentina,68
14,Los Ríos,142,Ranco,14202,Futrono,Bolivia (Estado Plurinacional de),*
14,Los Ríos,142,Ranco,14202,Futrono,Colombia,*
14,Los Ríos,142,Ranco,14202,Futrono,Haití,*
14,Los Ríos,142,Ranco,14202,Futrono,Perú,*
14,Los Ríos,142,Ranco,14202,Futrono,Venezuela (República Bolivariana de),78
14,Los Ríos,142,Ranco,14202,Futrono,Otros países de América del Sur,*
14,Los Ríos,142,Ranco,14202,Futrono,Otros países de América Central y El Caribe,*
14,Los Ríos,142,Ranco,14202,Futrono,América del Norte,*
14,Los Ríos,142,Ranco,14202,Futrono,Europa,*
14,Los Ríos,142,Ranco,14202,Futrono,Asia,*
14,Los Ríos,142,Ranco,14202,Futrono,África,0
14,Los Ríos,142,Ranco,14202,Futrono,Oceanía,0
14,Los Ríos,142,Ranco,14202,Futrono,País de nacimiento no declarado,0
14,Los Ríos,142,Ranco,14203,Lago Ranco,Total nacidos fuera del país,93
14,Los Ríos,142,Ranco,14203,Lago Ranco,Argentina,*
14,Los Ríos,142,Ranco,14203,Lago Ranco,Bolivia (Estado Plurinacional de),0
14,Los Ríos,142,Ranco,14203,Lago Ranco,Colombia,*
14,Los Ríos,142,Ranco,14203,Lago Ranco,Haití,0
14,Los Ríos,142,Ranco,14203,Lago Ranco,Perú,*
14,Los Ríos,142,Ranco,14203,Lago Ranco,Venezuela (República Bolivariana de),*
14,Los Ríos,142,Ranco,14203,Lago Ranco,Otros países de América del Sur,*
14,Los Ríos,142,Ranco,14203,Lago Ranco,Otros países de América Central y El Caribe,*
14,Los Ríos,142,Ranco,14203,Lago Ranco,América del Norte,*
14,Los Ríos,142,Ranco,14203,Lago Ranco,Europa,*
14,Los Ríos,142,Ranco,14203,Lago Ranco,Asia,*
14,Los Ríos,142,Ranco,14203,Lago Ranco,África,*
14,Los Ríos,142,Ranco,14203,Lago Ranco,Oceanía,*
14,Los Ríos,142,Ranco,14203,Lago Ranco,País de nacimiento no declarado,0
14,Los Ríos,142,Ranco,14204,Río Bueno,Total nacidos fuera del país,325
14,Los Ríos,142,Ranco,14204,Río Bueno,Argentina,98
14,Los Ríos,142,Ranco,14204,Río Bueno,Bolivia (Estado Plurinacional de),*
14,Los Ríos,142,Ranco,14204,Río Bueno,Colombia,*
14,Los Ríos,142,Ranco,14204,Río Bueno,Haití,*
14,Los Ríos,142,Ranco,14204,Río Bueno,Perú,*
14,Los Ríos,142,Ranco,14204,Río Bueno,Venezuela (República Bolivariana de),65
14,Los Ríos,142,Ranco,14204,Río Bueno,Otros países de América del Sur,*
14,Los Ríos,142,Ranco,14204,Río Bueno,Otros países de América Central y El Caribe,*
14,Los Ríos,142,Ranco,14204,Río Bueno,América del Norte,*
14,Los Ríos,142,Ranco,14204,Río Bueno,Europa,*
14,Los Ríos,142,Ranco,14204,Río Bueno,Asia,*
14,Los Ríos,142,Ranco,14204,Río Bueno,África,*
14,Los Ríos,142,Ranco,14204,Río Bueno,Oceanía,*
14,Los Ríos,142,Ranco,14204,Río Bueno,País de nacimiento no declarado,2
10,Los Lagos,101,Llanquihue,10101,Puerto Montt,Total nacidos fuera del país,18.588
10,Los Lagos,101,Llanquihue,10101,Puerto Montt,Argentina,1.602
10,Los Lagos,101,Llanquihue,10101,Puerto Montt,Bolivia (Estado Plurinacional de),114
10,Los Lagos,101,Llanquihue,10101,Puerto Montt,Colombia,1.967
10,Los Lagos,101,Llanquihue,10101,Puerto Montt,Haití,613
10,Los Lagos,101,Llanquihue,10101,Puerto Montt,Perú,487
10,Los Lagos,101,Llanquihue,10101,Puerto Montt,Venezuela (República Bolivariana de),12.460
10,Los Lagos,101,Llanquihue,10101,Puerto Montt,Otros países de América del Sur,573
10,Los Lagos,101,Llanquihue,10101,Puerto Montt,Otros países de América Central y El Caribe,266
10,Los Lagos,101,Llanquihue,10101,Puerto Montt,América del Norte,73
10,Los Lagos,101,Llanquihue,10101,Puerto Montt,Europa,227
10,Los Lagos,101,Llanquihue,10101,Puerto Montt,Asia,170
10,Los Lagos,101,Llanquihue,10101,Puerto Montt,África,*
10,Los Lagos,101,Llanquihue,10101,Puerto Montt,Oceanía,*
10,Los Lagos,101,Llanquihue,10101,Puerto Montt,País de nacimiento no declarado,11
10,Los Lagos,101,Llanquihue,10102,Calbuco,Total nacidos fuera del país,956
10,Los Lagos,101,Llanquihue,10102,Calbuco,Argentina,231
10,Los Lagos,101,Llanquihue,10102,Calbuco,Bolivia (Estado Plurinacional de),*
10,Los Lagos,101,Llanquihue,10102,Calbuco,Colombia,84
10,Los Lagos,101,Llanquihue,10102,Calbuco,Haití,*
10,Los Lagos,101,Llanquihue,10102,Calbuco,Perú,*
10,Los Lagos,101,Llanquihue,10102,Calbuco,Venezuela (República Bolivariana de),495
10,Los Lagos,101,Llanquihue,10102,Calbuco,Otros países de América del Sur,*
10,Los Lagos,101,Llanquihue,10102,Calbuco,Otros países de América Central y El Caribe,*
10,Los Lagos,101,Llanquihue,10102,Calbuco,América del Norte,*
10,Los Lagos,101,Llanquihue,10102,Calbuco,Europa,*
10,Los Lagos,101,Llanquihue,10102,Calbuco,Asia,*
10,Los Lagos,101,Llanquihue,10102,Calbuco,África,*
10,Los Lagos,101,Llanquihue,10102,Calbuco,Oceanía,0
10,Los Lagos,101,Llanquihue,10102,Calbuco,País de nacimiento no declarado,0
10,Los Lagos,101,Llanquihue,10103,Cochamó,Total nacidos fuera del país,111
10,Los Lagos,101,Llanquihue,10103,Cochamó,Argentina,57
10,Los Lagos,101,Llanquihue,10103,Cochamó,Bolivia (Estado Plurinacional de),*
10,Los Lagos,101,Llanquihue,10103,Cochamó,Colombia,*
10,Los Lagos,101,Llanquihue,10103,Cochamó,Haití,0
10,Los Lagos,101,Llanquihue,10103,Cochamó,Perú,*
10,Los Lagos,101,Llanquihue,10103,Cochamó,Venezuela (República Bolivariana de),*
10,Los Lagos,101,Llanquihue,10103,Cochamó,Otros países de América del Sur,*
10,Los Lagos,101,Llanquihue,10103,Cochamó,Otros países de América Central y El Caribe,0
10,Los Lagos,101,Llanquihue,10103,Cochamó,América del Norte,*
10,Los Lagos,101,Llanquihue,10103,Cochamó,Europa,*
10,Los Lagos,101,Llanquihue,10103,Cochamó,Asia,*
10,Los Lagos,101,Llanquihue,10103,Cochamó,África,0
10,Los Lagos,101,Llanquihue,10103,Cochamó,Oceanía,*
10,Los Lagos,101,Llanquihue,10103,Cochamó,País de nacimiento no declarado,0
10,Los Lagos,101,Llanquihue,10104,Fresia,Total nacidos fuera del país,167
10,Los Lagos,101,Llanquihue,10104,Fresia,Argentina,*
10,Los Lagos,101,Llanquihue,10104,Fresia,Bolivia (Estado Plurinacional de),79
10,Los Lagos,101,Llanquihue,10104,Fresia,Colombia,*
10,Los Lagos,101,Llanquihue,10104,Fresia,Haití,*
10,Los Lagos,101,Llanquihue,10104,Fresia,Perú,*
10,Los Lagos,101,Llanquihue,10104,Fresia,Venezuela (República Bolivariana de),*
10,Los Lagos,101,Llanquihue,10104,Fresia,Otros países de América del Sur,*
10,Los Lagos,101,Llanquihue,10104,Fresia,Otros países de América Central y El Caribe,*
10,Los Lagos,101,Llanquihue,10104,Fresia,América del Norte,*
10,Los Lagos,101,Llanquihue,10104,Fresia,Europa,*
10,Los Lagos,101,Llanquihue,10104,Fresia,Asia,*
10,Los Lagos,101,Llanquihue,10104,Fresia,África,*
10,Los Lagos,101,Llanquihue,10104,Fresia,Oceanía,*
10,Los Lagos,101,Llanquihue,10104,Fresia,País de nacimiento no declarado,0
10,Los Lagos,101,Llanquihue,10105,Frutillar,Total nacidos fuera del país,531
10,Los Lagos,101,Llanquihue,10105,Frutillar,Argentina,95
10,Los Lagos,101,Llanquihue,10105,Frutillar,Bolivia (Estado Plurinacional de),*
10,Los Lagos,101,Llanquihue,10105,Frutillar,Colombia,*
10,Los Lagos,101,Llanquihue,10105,Frutillar,Haití,*
10,Los Lagos,101,Llanquihue,10105,Frutillar,Perú,*
10,Los Lagos,101,Llanquihue,10105,Frutillar,Venezuela (República Bolivariana de),199
10,Los Lagos,101,Llanquihue,10105,Frutillar,Otros países de América del Sur,*
10,Los Lagos,101,Llanquihue,10105,Frutillar,Otros países de América Central y El Caribe,*
10,Los Lagos,101,Llanquihue,10105,Frutillar,América del Norte,*
10,Los Lagos,101,Llanquihue,10105,Frutillar,Europa,*
10,Los Lagos,101,Llanquihue,10105,Frutillar,Asia,*
10,Los Lagos,101,Llanquihue,10105,Frutillar,África,*
10,Los Lagos,101,Llanquihue,10105,Frutillar,Oceanía,*
10,Los Lagos,101,Llanquihue,10105,Frutillar,País de nacimiento no declarado,2
10,Los Lagos,101,Llanquihue,10106,Los Muermos,Total nacidos fuera del país,365
10,Los Lagos,101,Llanquihue,10106,Los Muermos,Argentina,*
10,Los Lagos,101,Llanquihue,10106,Los Muermos,Bolivia (Estado Plurinacional de),78
10,Los Lagos,101,Llanquihue,10106,Los Muermos,Colombia,*
10,Los Lagos,101,Llanquihue,10106,Los Muermos,Haití,*
10,Los Lagos,101,Llanquihue,10106,Los Muermos,Perú,*
10,Los Lagos,101,Llanquihue,10106,Los Muermos,Venezuela (República Bolivariana de),185
10,Los Lagos,101,Llanquihue,10106,Los Muermos,Otros países de América del Sur,*
10,Los Lagos,101,Llanquihue,10106,Los Muermos,Otros países de América Central y El Caribe,*
10,Los Lagos,101,Llanquihue,10106,Los Muermos,América del Norte,*
10,Los Lagos,101,Llanquihue,10106,Los Muermos,Europa,*
10,Los Lagos,101,Llanquihue,10106,Los Muermos,Asia,*
10,Los Lagos,101,Llanquihue,10106,Los Muermos,África,0
10,Los Lagos,101,Llanquihue,10106,Los Muermos,Oceanía,0
10,Los Lagos,101,Llanquihue,10106,Los Muermos,País de nacimiento no declarado,0
10,Los Lagos,101,Llanquihue,10107,Llanquihue,Total nacidos fuera del país,446
10,Los Lagos,101,Llanquihue,10107,Llanquihue,Argentina,76
10,Los Lagos,101,Llanquihue,10107,Llanquihue,Bolivia (Estado Plurinacional de),*
10,Los Lagos,101,Llanquihue,10107,Llanquihue,Colombia,*
10,Los Lagos,101,Llanquihue,10107,Llanquihue,Haití,0
10,Los Lagos,101,Llanquihue,10107,Llanquihue,Perú,*
10,Los Lagos,101,Llanquihue,10107,Llanquihue,Venezuela (República Bolivariana de),247
10,Los Lagos,101,Llanquihue,10107,Llanquihue,Otros países de América del Sur,*
10,Los Lagos,101,Llanquihue,10107,Llanquihue,Otros países de América Central y El Caribe,*
10,Los Lagos,101,Llanquihue,10107,Llanquihue,América del Norte,*
10,Los Lagos,101,Llanquihue,10107,Llanquihue,Europa,*
10,Los Lagos,101,Llanquihue,10107,Llanquihue,Asia,*
10,Los Lagos,101,Llanquihue,10107,Llanquihue,África,0
10,Los Lagos,101,Llanquihue,10107,Llanquihue,Oceanía,0
10,Los Lagos,101,Llanquihue,10107,Llanquihue,País de nacimiento no declarado,1
10,Los Lagos,101,Llanquihue,10108,Maullín,Total nacidos fuera del país,209
10,Los Lagos,101,Llanquihue,10108,Maullín,Argentina,53
10,Los Lagos,101,Llanquihue,10108,Maullín,Bolivia (Estado Plurinacional de),*
10,Los Lagos,101,Llanquihue,10108,Maullín,Colombia,*
10,Los Lagos,101,Llanquihue,10108,Maullín,Haití,*
10,Los Lagos,101,Llanquihue,10108,Maullín,Perú,*
10,Los Lagos,101,Llanquihue,10108,Maullín,Venezuela (República Bolivariana de),85
10,Los Lagos,101,Llanquihue,10108,Maullín,Otros países de América del Sur,*
10,Los Lagos,101,Llanquihue,10108,Maullín,Otros países de América Central y El Caribe,*
10,Los Lagos,101,Llanquihue,10108,Maullín,América del Norte,*
10,Los Lagos,101,Llanquihue,10108,Maullín,Europa,*
10,Los Lagos,101,Llanquihue,10108,Maullín,Asia,*
10,Los Lagos,101,Llanquihue,10108,Maullín,África,0
10,Los Lagos,101,Llanquihue,10108,Maullín,Oceanía,*
10,Los Lagos,101,Llanquihue,10108,Maullín,País de nacimiento no declarado,0
10,Los Lagos,101,Llanquihue,10109,Puerto Varas,Total nacidos fuera del país,2.872
10,Los Lagos,101,Llanquihue,10109,Puerto Varas,Argentina,345
10,Los Lagos,101,Llanquihue,10109,Puerto Varas,Bolivia (Estado Plurinacional de),*
10,Los Lagos,101,Llanquihue,10109,Puerto Varas,Colombia,220
10,Los Lagos,101,Llanquihue,10109,Puerto Varas,Haití,*
10,Los Lagos,101,Llanquihue,10109,Puerto Varas,Perú,117
10,Los Lagos,101,Llanquihue,10109,Puerto Varas,Venezuela (República Bolivariana de),1.500
10,Los Lagos,101,Llanquihue,10109,Puerto Varas,Otros países de América del Sur,132
10,Los Lagos,101,Llanquihue,10109,Puerto Varas,Otros países de América Central y El Caribe,95
10,Los Lagos,101,Llanquihue,10109,Puerto Varas,América del Norte,109
10,Los Lagos,101,Llanquihue,10109,Puerto Varas,Europa,223
10,Los Lagos,101,Llanquihue,10109,Puerto Varas,Asia,54
10,Los Lagos,101,Llanquihue,10109,Puerto Varas,África,*
10,Los Lagos,101,Llanquihue,10109,Puerto Varas,Oceanía,*
10,Los Lagos,101,Llanquihue,10109,Puerto Varas,País de nacimiento no declarado,2
10,Los Lagos,102,Chiloé,10201,Castro,Total nacidos fuera del país,2.573
10,Los Lagos,102,Chiloé,10201,Castro,Argentina,302
10,Los Lagos,102,Chiloé,10201,Castro,Bolivia (Estado Plurinacional de),57
10,Los Lagos,102,Chiloé,10201,Castro,Colombia,388
10,Los Lagos,102,Chiloé,10201,Castro,Haití,72
10,Los Lagos,102,Chiloé,10201,Castro,Perú,86
10,Los Lagos,102,Chiloé,10201,Castro,Venezuela (República Bolivariana de),1.234
10,Los Lagos,102,Chiloé,10201,Castro,Otros países de América del Sur,181
10,Los Lagos,102,Chiloé,10201,Castro,Otros países de América Central y El Caribe,159
10,Los Lagos,102,Chiloé,10201,Castro,América del Norte,*
10,Los Lagos,102,Chiloé,10201,Castro,Europa,*
10,Los Lagos,102,Chiloé,10201,Castro,Asia,*
10,Los Lagos,102,Chiloé,10201,Castro,África,*
10,Los Lagos,102,Chiloé,10201,Castro,Oceanía,0
10,Los Lagos,102,Chiloé,10201,Castro,País de nacimiento no declarado,3
10,Los Lagos,102,Chiloé,10202,Ancud,Total nacidos fuera del país,1.033
10,Los Lagos,102,Chiloé,10202,Ancud,Argentina,137
10,Los Lagos,102,Chiloé,10202,Ancud,Bolivia (Estado Plurinacional de),*
10,Los Lagos,102,Chiloé,10202,Ancud,Colombia,124
10,Los Lagos,102,Chiloé,10202,Ancud,Haití,69
10,Los Lagos,102,Chiloé,10202,Ancud,Perú,*
10,Los Lagos,102,Chiloé,10202,Ancud,Venezuela (República Bolivariana de),455
10,Los Lagos,102,Chiloé,10202,Ancud,Otros países de América del Sur,88
10,Los Lagos,102,Chiloé,10202,Ancud,Otros países de América Central y El Caribe,58
10,Los Lagos,102,Chiloé,10202,Ancud,América del Norte,*
10,Los Lagos,102,Chiloé,10202,Ancud,Europa,*
10,Los Lagos,102,Chiloé,10202,Ancud,Asia,*
10,Los Lagos,102,Chiloé,10202,Ancud,África,*
10,Los Lagos,102,Chiloé,10202,Ancud,Oceanía,*
10,Los Lagos,102,Chiloé,10202,Ancud,País de nacimiento no declarado,2
10,Los Lagos,102,Chiloé,10203,Chonchi,Total nacidos fuera del país,260
10,Los Lagos,102,Chiloé,10203,Chonchi,Argentina,80
10,Los Lagos,102,Chiloé,10203,Chonchi,Bolivia (Estado Plurinacional de),*
10,Los Lagos,102,Chiloé,10203,Chonchi,Colombia,*
10,Los Lagos,102,Chiloé,10203,Chonchi,Haití,*
10,Los Lagos,102,Chiloé,10203,Chonchi,Perú,*
10,Los Lagos,102,Chiloé,10203,Chonchi,Venezuela (República Bolivariana de),62
10,Los Lagos,102,Chiloé,10203,Chonchi,Otros países de América del Sur,*
10,Los Lagos,102,Chiloé,10203,Chonchi,Otros países de América Central y El Caribe,*
10,Los Lagos,102,Chiloé,10203,Chonchi,América del Norte,*
10,Los Lagos,102,Chiloé,10203,Chonchi,Europa,*
10,Los Lagos,102,Chiloé,10203,Chonchi,Asia,*
10,Los Lagos,102,Chiloé,10203,Chonchi,África,*
10,Los Lagos,102,Chiloé,10203,Chonchi,Oceanía,0
10,Los Lagos,102,Chiloé,10203,Chonchi,País de nacimiento no declarado,2
10,Los Lagos,102,Chiloé,10204,Curaco de Vélez,Total nacidos fuera del país,*
10,Los Lagos,102,Chiloé,10204,Curaco de Vélez,Argentina,*
10,Los Lagos,102,Chiloé,10204,Curaco de Vélez,Bolivia (Estado Plurinacional de),*
10,Los Lagos,102,Chiloé,10204,Curaco de Vélez,Colombia,*
10,Los Lagos,102,Chiloé,10204,Curaco de Vélez,Haití,0
10,Los Lagos,102,Chiloé,10204,Curaco de Vélez,Perú,*
10,Los Lagos,102,Chiloé,10204,Curaco de Vélez,Venezuela (República Bolivariana de),*
10,Los Lagos,102,Chiloé,10204,Curaco de Vélez,Otros países de América del Sur,*
10,Los Lagos,102,Chiloé,10204,Curaco de Vélez,Otros países de América Central y El Caribe,*
10,Los Lagos,102,Chiloé,10204,Curaco de Vélez,América del Norte,*
10,Los Lagos,102,Chiloé,10204,Curaco de Vélez,Europa,*
10,Los Lagos,102,Chiloé,10204,Curaco de Vélez,Asia,0
10,Los Lagos,102,Chiloé,10204,Curaco de Vélez,África,0
10,Los Lagos,102,Chiloé,10204,Curaco de Vélez,Oceanía,0
10,Los Lagos,102,Chiloé,10204,Curaco de Vélez,País de nacimiento no declarado,0
10,Los Lagos,102,Chiloé,10205,Dalcahue,Total nacidos fuera del país,307
10,Los Lagos,102,Chiloé,10205,Dalcahue,Argentina,93
10,Los Lagos,102,Chiloé,10205,Dalcahue,Bolivia (Estado Plurinacional de),0
10,Los Lagos,102,Chiloé,10205,Dalcahue,Colombia,*
10,Los Lagos,102,Chiloé,10205,Dalcahue,Haití,*
10,Los Lagos,102,Chiloé,10205,Dalcahue,Perú,*
10,Los Lagos,102,Chiloé,10205,Dalcahue,Venezuela (República Bolivariana de),100
10,Los Lagos,102,Chiloé,10205,Dalcahue,Otros países de América del Sur,*
10,Los Lagos,102,Chiloé,10205,Dalcahue,Otros países de América Central y El Caribe,*
10,Los Lagos,102,Chiloé,10205,Dalcahue,América del Norte,*
10,Los Lagos,102,Chiloé,10205,Dalcahue,Europa,*
10,Los Lagos,102,Chiloé,10205,Dalcahue,Asia,*
10,Los Lagos,102,Chiloé,10205,Dalcahue,África,0
10,Los Lagos,102,Chiloé,10205,Dalcahue,Oceanía,0
10,Los Lagos,102,Chiloé,10205,Dalcahue,País de nacimiento no declarado,0
10,Los Lagos,102,Chiloé,10206,Puqueldón,Total nacidos fuera del país,*
10,Los Lagos,102,Chiloé,10206,Puqueldón,Argentina,*
10,Los Lagos,102,Chiloé,10206,Puqueldón,Bolivia (Estado Plurinacional de),0
10,Los Lagos,102,Chiloé,10206,Puqueldón,Colombia,*
10,Los Lagos,102,Chiloé,10206,Puqueldón,Haití,*
10,Los Lagos,102,Chiloé,10206,Puqueldón,Perú,*
10,Los Lagos,102,Chiloé,10206,Puqueldón,Venezuela (República Bolivariana de),*
10,Los Lagos,102,Chiloé,10206,Puqueldón,Otros países de América del Sur,*
10,Los Lagos,102,Chiloé,10206,Puqueldón,Otros países de América Central y El Caribe,*
10,Los Lagos,102,Chiloé,10206,Puqueldón,América del Norte,*
10,Los Lagos,102,Chiloé,10206,Puqueldón,Europa,*
10,Los Lagos,102,Chiloé,10206,Puqueldón,Asia,*
10,Los Lagos,102,Chiloé,10206,Puqueldón,África,0
10,Los Lagos,102,Chiloé,10206,Puqueldón,Oceanía,0
10,Los Lagos,102,Chiloé,10206,Puqueldón,País de nacimiento no declarado,0
10,Los Lagos,102,Chiloé,10207,Queilén,Total nacidos fuera del país,76
10,Los Lagos,102,Chiloé,10207,Queilén,Argentina,*
10,Los Lagos,102,Chiloé,10207,Queilén,Bolivia (Estado Plurinacional de),*
10,Los Lagos,102,Chiloé,10207,Queilén,Colombia,*
10,Los Lagos,102,Chiloé,10207,Queilén,Haití,0
10,Los Lagos,102,Chiloé,10207,Queilén,Perú,*
10,Los Lagos,102,Chiloé,10207,Queilén,Venezuela (República Bolivariana de),*
10,Los Lagos,102,Chiloé,10207,Queilén,Otros países de América del Sur,*
10,Los Lagos,102,Chiloé,10207,Queilén,Otros países de América Central y El Caribe,*
10,Los Lagos,102,Chiloé,10207,Queilén,América del Norte,*
10,Los Lagos,102,Chiloé,10207,Queilén,Europa,*
10,Los Lagos,102,Chiloé,10207,Queilén,Asia,0
10,Los Lagos,102,Chiloé,10207,Queilén,África,0
10,Los Lagos,102,Chiloé,10207,Queilén,Oceanía,0
10,Los Lagos,102,Chiloé,10207,Queilén,País de nacimiento no declarado,0
10,Los Lagos,102,Chiloé,10208,Quellón,Total nacidos fuera del país,1.234
10,Los Lagos,102,Chiloé,10208,Quellón,Argentina,172
10,Los Lagos,102,Chiloé,10208,Quellón,Bolivia (Estado Plurinacional de),*
10,Los Lagos,102,Chiloé,10208,Quellón,Colombia,285
10,Los Lagos,102,Chiloé,10208,Quellón,Haití,181
10,Los Lagos,102,Chiloé,10208,Quellón,Perú,*
10,Los Lagos,102,Chiloé,10208,Quellón,Venezuela (República Bolivariana de),419
10,Los Lagos,102,Chiloé,10208,Quellón,Otros países de América del Sur,*
10,Los Lagos,102,Chiloé,10208,Quellón,Otros países de América Central y El Caribe,67
10,Los Lagos,102,Chiloé,10208,Quellón,América del Norte,*
10,Los Lagos,102,Chiloé,10208,Quellón,Europa,*
10,Los Lagos,102,Chiloé,10208,Quellón,Asia,*
10,Los Lagos,102,Chiloé,10208,Quellón,África,0
10,Los Lagos,102,Chiloé,10208,Quellón,Oceanía,0
10,Los Lagos,102,Chiloé,10208,Quellón,País de nacimiento no declarado,1
10,Los Lagos,102,Chiloé,10209,Quemchi,Total nacidos fuera del país,130
10,Los Lagos,102,Chiloé,10209,Quemchi,Argentina,82
10,Los Lagos,102,Chiloé,10209,Quemchi,Bolivia (Estado Plurinacional de),*
10,Los Lagos,102,Chiloé,10209,Quemchi,Colombia,*
10,Los Lagos,102,Chiloé,10209,Quemchi,Haití,*
10,Los Lagos,102,Chiloé,10209,Quemchi,Perú,*
10,Los Lagos,102,Chiloé,10209,Quemchi,Venezuela (República Bolivariana de),*
10,Los Lagos,102,Chiloé,10209,Quemchi,Otros países de América del Sur,*
10,Los Lagos,102,Chiloé,10209,Quemchi,Otros países de América Central y El Caribe,*
10,Los Lagos,102,Chiloé,10209,Quemchi,América del Norte,*
10,Los Lagos,102,Chiloé,10209,Quemchi,Europa,*
10,Los Lagos,102,Chiloé,10209,Quemchi,Asia,*
10,Los Lagos,102,Chiloé,10209,Quemchi,África,0
10,Los Lagos,102,Chiloé,10209,Quemchi,Oceanía,0
10,Los Lagos,102,Chiloé,10209,Quemchi,País de nacimiento no declarado,0
10,Los Lagos,102,Chiloé,10210,Quinchao,Total nacidos fuera del país,72
10,Los Lagos,102,Chiloé,10210,Quinchao,Argentina,*
10,Los Lagos,102,Chiloé,10210,Quinchao,Bolivia (Estado Plurinacional de),0
10,Los Lagos,102,Chiloé,10210,Quinchao,Colombia,*
10,Los Lagos,102,Chiloé,10210,Quinchao,Haití,0
10,Los Lagos,102,Chiloé,10210,Quinchao,Perú,*
10,Los Lagos,102,Chiloé,10210,Quinchao,Venezuela (República Bolivariana de),*
10,Los Lagos,102,Chiloé,10210,Quinchao,Otros países de América del Sur,*
10,Los Lagos,102,Chiloé,10210,Quinchao,Otros países de América Central y El Caribe,*
10,Los Lagos,102,Chiloé,10210,Quinchao,América del Norte,0
10,Los Lagos,102,Chiloé,10210,Quinchao,Europa,*
10,Los Lagos,102,Chiloé,10210,Quinchao,Asia,*
10,Los Lagos,102,Chiloé,10210,Quinchao,África,*
10,Los Lagos,102,Chiloé,10210,Quinchao,Oceanía,0
10,Los Lagos,102,Chiloé,10210,Quinchao,País de nacimiento no declarado,0
10,Los Lagos,103,Osorno,10301,Osorno,Total nacidos fuera del país,3.779
10,Los Lagos,103,Osorno,10301,Osorno,Argentina,631
10,Los Lagos,103,Osorno,10301,Osorno,Bolivia (Estado Plurinacional de),60
10,Los Lagos,103,Osorno,10301,Osorno,Colombia,442
10,Los Lagos,103,Osorno,10301,Osorno,Haití,424
10,Los Lagos,103,Osorno,10301,Osorno,Perú,144
10,Los Lagos,103,Osorno,10301,Osorno,Venezuela (República Bolivariana de),1.504
10,Los Lagos,103,Osorno,10301,Osorno,Otros países de América del Sur,186
10,Los Lagos,103,Osorno,10301,Osorno,Otros países de América Central y El Caribe,111
10,Los Lagos,103,Osorno,10301,Osorno,América del Norte,*
10,Los Lagos,103,Osorno,10301,Osorno,Europa,151
10,Los Lagos,103,Osorno,10301,Osorno,Asia,67
10,Los Lagos,103,Osorno,10301,Osorno,África,*
10,Los Lagos,103,Osorno,10301,Osorno,Oceanía,*
10,Los Lagos,103,Osorno,10301,Osorno,País de nacimiento no declarado,2
10,Los Lagos,103,Osorno,10302,Puerto Octay,Total nacidos fuera del país,165
10,Los Lagos,103,Osorno,10302,Puerto Octay,Argentina,*
10,Los Lagos,103,Osorno,10302,Puerto Octay,Bolivia (Estado Plurinacional de),*
10,Los Lagos,103,Osorno,10302,Puerto Octay,Colombia,*
10,Los Lagos,103,Osorno,10302,Puerto Octay,Haití,*
10,Los Lagos,103,Osorno,10302,Puerto Octay,Perú,*
10,Los Lagos,103,Osorno,10302,Puerto Octay,Venezuela (República Bolivariana de),71
10,Los Lagos,103,Osorno,10302,Puerto Octay,Otros países de América del Sur,*
10,Los Lagos,103,Osorno,10302,Puerto Octay,Otros países de América Central y El Caribe,*
10,Los Lagos,103,Osorno,10302,Puerto Octay,América del Norte,*
10,Los Lagos,103,Osorno,10302,Puerto Octay,Europa,*
10,Los Lagos,103,Osorno,10302,Puerto Octay,Asia,*
10,Los Lagos,103,Osorno,10302,Puerto Octay,África,0
10,Los Lagos,103,Osorno,10302,Puerto Octay,Oceanía,*
10,Los Lagos,103,Osorno,10302,Puerto Octay,País de nacimiento no declarado,0
10,Los Lagos,103,Osorno,10303,Purranque,Total nacidos fuera del país,229
10,Los Lagos,103,Osorno,10303,Purranque,Argentina,61
10,Los Lagos,103,Osorno,10303,Purranque,Bolivia (Estado Plurinacional de),*
10,Los Lagos,103,Osorno,10303,Purranque,Colombia,*
10,Los Lagos,103,Osorno,10303,Purranque,Haití,*
10,Los Lagos,103,Osorno,10303,Purranque,Perú,*
10,Los Lagos,103,Osorno,10303,Purranque,Venezuela (República Bolivariana de),57
10,Los Lagos,103,Osorno,10303,Purranque,Otros países de América del Sur,*
10,Los Lagos,103,Osorno,10303,Purranque,Otros países de América Central y El Caribe,*
10,Los Lagos,103,Osorno,10303,Purranque,América del Norte,*
10,Los Lagos,103,Osorno,10303,Purranque,Europa,*
10,Los Lagos,103,Osorno,10303,Purranque,Asia,*
10,Los Lagos,103,Osorno,10303,Purranque,África,*
10,Los Lagos,103,Osorno,10303,Purranque,Oceanía,0
10,Los Lagos,103,Osorno,10303,Purranque,País de nacimiento no declarado,0
10,Los Lagos,103,Osorno,10304,Puyehue,Total nacidos fuera del país,191
10,Los Lagos,103,Osorno,10304,Puyehue,Argentina,*
10,Los Lagos,103,Osorno,10304,Puyehue,Bolivia (Estado Plurinacional de),*
10,Los Lagos,103,Osorno,10304,Puyehue,Colombia,*
10,Los Lagos,103,Osorno,10304,Puyehue,Haití,*
10,Los Lagos,103,Osorno,10304,Puyehue,Perú,*
10,Los Lagos,103,Osorno,10304,Puyehue,Venezuela (República Bolivariana de),54
10,Los Lagos,103,Osorno,10304,Puyehue,Otros países de América del Sur,*
10,Los Lagos,103,Osorno,10304,Puyehue,Otros países de América Central y El Caribe,*
10,Los Lagos,103,Osorno,10304,Puyehue,América del Norte,*
10,Los Lagos,103,Osorno,10304,Puyehue,Europa,*
10,Los Lagos,103,Osorno,10304,Puyehue,Asia,*
10,Los Lagos,103,Osorno,10304,Puyehue,África,*
10,Los Lagos,103,Osorno,10304,Puyehue,Oceanía,*
10,Los Lagos,103,Osorno,10304,Puyehue,País de nacimiento no declarado,2
10,Los Lagos,103,Osorno,10305,Río Negro,Total nacidos fuera del país,107
10,Los Lagos,103,Osorno,10305,Río Negro,Argentina,*
10,Los Lagos,103,Osorno,10305,Río Negro,Bolivia (Estado Plurinacional de),*
10,Los Lagos,103,Osorno,10305,Río Negro,Colombia,*
10,Los Lagos,103,Osorno,10305,Río Negro,Haití,*
10,Los Lagos,103,Osorno,10305,Río Negro,Perú,*
10,Los Lagos,103,Osorno,10305,Río Negro,Venezuela (República Bolivariana de),*
10,Los Lagos,103,Osorno,10305,Río Negro,Otros países de América del Sur,*
10,Los Lagos,103,Osorno,10305,Río Negro,Otros países de América Central y El Caribe,*
10,Los Lagos,103,Osorno,10305,Río Negro,América del Norte,*
10,Los Lagos,103,Osorno,10305,Río Negro,Europa,*
10,Los Lagos,103,Osorno,10305,Río Negro,Asia,*
10,Los Lagos,103,Osorno,10305,Río Negro,África,0
10,Los Lagos,103,Osorno,10305,Río Negro,Oceanía,*
10,Los Lagos,103,Osorno,10305,Río Negro,País de nacimiento no declarado,0
10,Los Lagos,103,Osorno,10306,San Juan de la Costa,Total nacidos fuera del país,*
10,Los Lagos,103,Osorno,10306,San Juan de la Costa,Argentina,*
10,Los Lagos,103,Osorno,10306,San Juan de la Costa,Bolivia (Estado Plurinacional de),*
10,Los Lagos,103,Osorno,10306,San Juan de la Costa,Colombia,*
10,Los Lagos,103,Osorno,10306,San Juan de la Costa,Haití,0
10,Los Lagos,103,Osorno,10306,San Juan de la Costa,Perú,*
10,Los Lagos,103,Osorno,10306,San Juan de la Costa,Venezuela (República Bolivariana de),*
10,Los Lagos,103,Osorno,10306,San Juan de la Costa,Otros países de América del Sur,*
10,Los Lagos,103,Osorno,10306,San Juan de la Costa,Otros países de América Central y El Caribe,*
10,Los Lagos,103,Osorno,10306,San Juan de la Costa,América del Norte,*
10,Los Lagos,103,Osorno,10306,San Juan de la Costa,Europa,*
10,Los Lagos,103,Osorno,10306,San Juan de la Costa,Asia,*
10,Los Lagos,103,Osorno,10306,San Juan de la Costa,África,*
10,Los Lagos,103,Osorno,10306,San Juan de la Costa,Oceanía,0
10,Los Lagos,103,Osorno,10306,San Juan de la Costa,País de nacimiento no declarado,0
10,Los Lagos,103,Osorno,10307,San Pablo,Total nacidos fuera del país,96
10,Los Lagos,103,Osorno,10307,San Pablo,Argentina,*
10,Los Lagos,103,Osorno,10307,San Pablo,Bolivia (Estado Plurinacional de),0
10,Los Lagos,103,Osorno,10307,San Pablo,Colombia,*
10,Los Lagos,103,Osorno,10307,San Pablo,Haití,*
10,Los Lagos,103,Osorno,10307,San Pablo,Perú,*
10,Los Lagos,103,Osorno,10307,San Pablo,Venezuela (República Bolivariana de),*
10,Los Lagos,103,Osorno,10307,San Pablo,Otros países de América del Sur,*
10,Los Lagos,103,Osorno,10307,San Pablo,Otros países de América Central y El Caribe,*
10,Los Lagos,103,Osorno,10307,San Pablo,América del Norte,0
10,Los Lagos,103,Osorno,10307,San Pablo,Europa,*
10,Los Lagos,103,Osorno,10307,San Pablo,Asia,*
10,Los Lagos,103,Osorno,10307,San Pablo,África,*
10,Los Lagos,103,Osorno,10307,San Pablo,Oceanía,0
10,Los Lagos,103,Osorno,10307,San Pablo,País de nacimiento no declarado,1
10,Los Lagos,104,Palena,10401,Chaitén,Total nacidos fuera del país,110
10,Los Lagos,104,Palena,10401,Chaitén,Argentina,*
10,Los Lagos,104,Palena,10401,Chaitén,Bolivia (Estado Plurinacional de),*
10,Los Lagos,104,Palena,10401,Chaitén,Colombia,*
10,Los Lagos,104,Palena,10401,Chaitén,Haití,0
10,Los Lagos,104,Palena,10401,Chaitén,Perú,*
10,Los Lagos,104,Palena,10401,Chaitén,Venezuela (República Bolivariana de),*
10,Los Lagos,104,Palena,10401,Chaitén,Otros países de América del Sur,*
10,Los Lagos,104,Palena,10401,Chaitén,Otros países de América Central y El Caribe,*
10,Los Lagos,104,Palena,10401,Chaitén,América del Norte,*
10,Los Lagos,104,Palena,10401,Chaitén,Europa,*
10,Los Lagos,104,Palena,10401,Chaitén,Asia,0
10,Los Lagos,104,Palena,10401,Chaitén,África,*
10,Los Lagos,104,Palena,10401,Chaitén,Oceanía,*
10,Los Lagos,104,Palena,10401,Chaitén,País de nacimiento no declarado,1
10,Los Lagos,104,Palena,10402,Futaleufú,Total nacidos fuera del país,324
10,Los Lagos,104,Palena,10402,Futaleufú,Argentina,222
10,Los Lagos,104,Palena,10402,Futaleufú,Bolivia (Estado Plurinacional de),*
10,Los Lagos,104,Palena,10402,Futaleufú,Colombia,*
10,Los Lagos,104,Palena,10402,Futaleufú,Haití,*
10,Los Lagos,104,Palena,10402,Futaleufú,Perú,*
10,Los Lagos,104,Palena,10402,Futaleufú,Venezuela (República Bolivariana de),*
10,Los Lagos,104,Palena,10402,Futaleufú,Otros países de América del Sur,*
10,Los Lagos,104,Palena,10402,Futaleufú,Otros países de América Central y El Caribe,*
10,Los Lagos,104,Palena,10402,Futaleufú,América del Norte,*
10,Los Lagos,104,Palena,10402,Futaleufú,Europa,*
10,Los Lagos,104,Palena,10402,Futaleufú,Asia,0
10,Los Lagos,104,Palena,10402,Futaleufú,África,0
10,Los Lagos,104,Palena,10402,Futaleufú,Oceanía,*
10,Los Lagos,104,Palena,10402,Futaleufú,País de nacimiento no declarado,0
10,Los Lagos,104,Palena,10403,Hualaihué,Total nacidos fuera del país,155
10,Los Lagos,104,Palena,10403,Hualaihué,Argentina,*
10,Los Lagos,104,Palena,10403,Hualaihué,Bolivia (Estado Plurinacional de),*
10,Los Lagos,104,Palena,10403,Hualaihué,Colombia,*
10,Los Lagos,104,Palena,10403,Hualaihué,Haití,*
10,Los Lagos,104,Palena,10403,Hualaihué,Perú,*
10,Los Lagos,104,Palena,10403,Hualaihué,Venezuela (República Bolivariana de),84
10,Los Lagos,104,Palena,10403,Hualaihué,Otros países de América del Sur,*
10,Los Lagos,104,Palena,10403,Hualaihué,Otros países de América Central y El Caribe,*
10,Los Lagos,104,Palena,10403,Hualaihué,América del Norte,*
10,Los Lagos,104,Palena,10403,Hualaihué,Europa,*
10,Los Lagos,104,Palena,10403,Hualaihué,Asia,*
10,Los Lagos,104,Palena,10403,Hualaihué,África,*
10,Los Lagos,104,Palena,10403,Hualaihué,Oceanía,*
10,Los Lagos,104,Palena,10403,Hualaihué,País de nacimiento no declarado,0
10,Los Lagos,104,Palena,10404,Palena,Total nacidos fuera del país,88
10,Los Lagos,104,Palena,10404,Palena,Argentina,61
10,Los Lagos,104,Palena,10404,Palena,Bolivia (Estado Plurinacional de),0
10,Los Lagos,104,Palena,10404,Palena,Colombia,*
10,Los Lagos,104,Palena,10404,Palena,Haití,0
10,Los Lagos,104,Palena,10404,Palena,Perú,0
10,Los Lagos,104,Palena,10404,Palena,Venezuela (República Bolivariana de),*
10,Los Lagos,104,Palena,10404,Palena,Otros países de América del Sur,0
10,Los Lagos,104,Palena,10404,Palena,Otros países de América Central y El Caribe,0
10,Los Lagos,104,Palena,10404,Palena,América del Norte,0
10,Los Lagos,104,Palena,10404,Palena,Europa,*
10,Los Lagos,104,Palena,10404,Palena,Asia,0
10,Los Lagos,104,Palena,10404,Palena,África,0
10,Los Lagos,104,Palena,10404,Palena,Oceanía,0
10,Los Lagos,104,Palena,10404,Palena,País de nacimiento no declarado,0
11,Aysén del General Carlos Ibáñez del Campo,111,Coyhaique,11101,Coyhaique,Total nacidos fuera del país,2.505
11,Aysén del General Carlos Ibáñez del Campo,111,Coyhaique,11101,Coyhaique,Argentina,641
11,Aysén del General Carlos Ibáñez del Campo,111,Coyhaique,11101,Coyhaique,Bolivia (Estado Plurinacional de),*
11,Aysén del General Carlos Ibáñez del Campo,111,Coyhaique,11101,Coyhaique,Colombia,563
11,Aysén del General Carlos Ibáñez del Campo,111,Coyhaique,11101,Coyhaique,Haití,*
11,Aysén del General Carlos Ibáñez del Campo,111,Coyhaique,11101,Coyhaique,Perú,81
11,Aysén del General Carlos Ibáñez del Campo,111,Coyhaique,11101,Coyhaique,Venezuela (República Bolivariana de),810
11,Aysén del General Carlos Ibáñez del Campo,111,Coyhaique,11101,Coyhaique,Otros países de América del Sur,118
11,Aysén del General Carlos Ibáñez del Campo,111,Coyhaique,11101,Coyhaique,Otros países de América Central y El Caribe,83
11,Aysén del General Carlos Ibáñez del Campo,111,Coyhaique,11101,Coyhaique,América del Norte,*
11,Aysén del General Carlos Ibáñez del Campo,111,Coyhaique,11101,Coyhaique,Europa,96
11,Aysén del General Carlos Ibáñez del Campo,111,Coyhaique,11101,Coyhaique,Asia,*
11,Aysén del General Carlos Ibáñez del Campo,111,Coyhaique,11101,Coyhaique,África,*
11,Aysén del General Carlos Ibáñez del Campo,111,Coyhaique,11101,Coyhaique,Oceanía,*
11,Aysén del General Carlos Ibáñez del Campo,111,Coyhaique,11101,Coyhaique,País de nacimiento no declarado,3
11,Aysén del General Carlos Ibáñez del Campo,111,Coyhaique,11102,Lago Verde,Total nacidos fuera del país,*
11,Aysén del General Carlos Ibáñez del Campo,111,Coyhaique,11102,Lago Verde,Argentina,*
11,Aysén del General Carlos Ibáñez del Campo,111,Coyhaique,11102,Lago Verde,Bolivia (Estado Plurinacional de),*
11,Aysén del General Carlos Ibáñez del Campo,111,Coyhaique,11102,Lago Verde,Colombia,*
11,Aysén del General Carlos Ibáñez del Campo,111,Coyhaique,11102,Lago Verde,Haití,0
11,Aysén del General Carlos Ibáñez del Campo,111,Coyhaique,11102,Lago Verde,Perú,*
11,Aysén del General Carlos Ibáñez del Campo,111,Coyhaique,11102,Lago Verde,Venezuela (República Bolivariana de),*
11,Aysén del General Carlos Ibáñez del Campo,111,Coyhaique,11102,Lago Verde,Otros países de América del Sur,0
11,Aysén del General Carlos Ibáñez del Campo,111,Coyhaique,11102,Lago Verde,Otros países de América Central y El Caribe,0
11,Aysén del General Carlos Ibáñez del Campo,111,Coyhaique,11102,Lago Verde,América del Norte,*
11,Aysén del General Carlos Ibáñez del Campo,111,Coyhaique,11102,Lago Verde,Europa,*
11,Aysén del General Carlos Ibáñez del Campo,111,Coyhaique,11102,Lago Verde,Asia,0
11,Aysén del General Carlos Ibáñez del Campo,111,Coyhaique,11102,Lago Verde,África,0
11,Aysén del General Carlos Ibáñez del Campo,111,Coyhaique,11102,Lago Verde,Oceanía,0
11,Aysén del General Carlos Ibáñez del Campo,111,Coyhaique,11102,Lago Verde,País de nacimiento no declarado,0
11,Aysén del General Carlos Ibáñez del Campo,112,Aysén,11201,Aysén,Total nacidos fuera del país,727
11,Aysén del General Carlos Ibáñez del Campo,112,Aysén,11201,Aysén,Argentina,190
11,Aysén del General Carlos Ibáñez del Campo,112,Aysén,11201,Aysén,Bolivia (Estado Plurinacional de),*
11,Aysén del General Carlos Ibáñez del Campo,112,Aysén,11201,Aysén,Colombia,196
11,Aysén del General Carlos Ibáñez del Campo,112,Aysén,11201,Aysén,Haití,*
11,Aysén del General Carlos Ibáñez del Campo,112,Aysén,11201,Aysén,Perú,*
11,Aysén del General Carlos Ibáñez del Campo,112,Aysén,11201,Aysén,Venezuela (República Bolivariana de),149
11,Aysén del General Carlos Ibáñez del Campo,112,Aysén,11201,Aysén,Otros países de América del Sur,*
11,Aysén del General Carlos Ibáñez del Campo,112,Aysén,11201,Aysén,Otros países de América Central y El Caribe,*
11,Aysén del General Carlos Ibáñez del Campo,112,Aysén,11201,Aysén,América del Norte,*
11,Aysén del General Carlos Ibáñez del Campo,112,Aysén,11201,Aysén,Europa,*
11,Aysén del General Carlos Ibáñez del Campo,112,Aysén,11201,Aysén,Asia,*
11,Aysén del General Carlos Ibáñez del Campo,112,Aysén,11201,Aysén,África,0
11,Aysén del General Carlos Ibáñez del Campo,112,Aysén,11201,Aysén,Oceanía,*
11,Aysén del General Carlos Ibáñez del Campo,112,Aysén,11201,Aysén,País de nacimiento no declarado,1
11,Aysén del General Carlos Ibáñez del Campo,112,Aysén,11202,Cisnes,Total nacidos fuera del país,129
11,Aysén del General Carlos Ibáñez del Campo,112,Aysén,11202,Cisnes,Argentina,*
11,Aysén del General Carlos Ibáñez del Campo,112,Aysén,11202,Cisnes,Bolivia (Estado Plurinacional de),*
11,Aysén del General Carlos Ibáñez del Campo,112,Aysén,11202,Cisnes,Colombia,*
11,Aysén del General Carlos Ibáñez del Campo,112,Aysén,11202,Cisnes,Haití,*
11,Aysén del General Carlos Ibáñez del Campo,112,Aysén,11202,Cisnes,Perú,*
11,Aysén del General Carlos Ibáñez del Campo,112,Aysén,11202,Cisnes,Venezuela (República Bolivariana de),*
11,Aysén del General Carlos Ibáñez del Campo,112,Aysén,11202,Cisnes,Otros países de América del Sur,*
11,Aysén del General Carlos Ibáñez del Campo,112,Aysén,11202,Cisnes,Otros países de América Central y El Caribe,*
11,Aysén del General Carlos Ibáñez del Campo,112,Aysén,11202,Cisnes,América del Norte,*
11,Aysén del General Carlos Ibáñez del Campo,112,Aysén,11202,Cisnes,Europa,*
11,Aysén del General Carlos Ibáñez del Campo,112,Aysén,11202,Cisnes,Asia,*
11,Aysén del General Carlos Ibáñez del Campo,112,Aysén,11202,Cisnes,África,0
11,Aysén del General Carlos Ibáñez del Campo,112,Aysén,11202,Cisnes,Oceanía,*
11,Aysén del General Carlos Ibáñez del Campo,112,Aysén,11202,Cisnes,País de nacimiento no declarado,0
11,Aysén del General Carlos Ibáñez del Campo,112,Aysén,11203,Guaitecas,Total nacidos fuera del país,65
11,Aysén del General Carlos Ibáñez del Campo,112,Aysén,11203,Guaitecas,Argentina,*
11,Aysén del General Carlos Ibáñez del Campo,112,Aysén,11203,Guaitecas,Bolivia (Estado Plurinacional de),*
11,Aysén del General Carlos Ibáñez del Campo,112,Aysén,11203,Guaitecas,Colombia,*
11,Aysén del General Carlos Ibáñez del Campo,112,Aysén,11203,Guaitecas,Haití,*
11,Aysén del General Carlos Ibáñez del Campo,112,Aysén,11203,Guaitecas,Perú,0
11,Aysén del General Carlos Ibáñez del Campo,112,Aysén,11203,Guaitecas,Venezuela (República Bolivariana de),*
11,Aysén del General Carlos Ibáñez del Campo,112,Aysén,11203,Guaitecas,Otros países de América del Sur,*
11,Aysén del General Carlos Ibáñez del Campo,112,Aysén,11203,Guaitecas,Otros países de América Central y El Caribe,0
11,Aysén del General Carlos Ibáñez del Campo,112,Aysén,11203,Guaitecas,América del Norte,0
11,Aysén del General Carlos Ibáñez del Campo,112,Aysén,11203,Guaitecas,Europa,0
11,Aysén del General Carlos Ibáñez del Campo,112,Aysén,11203,Guaitecas,Asia,0
11,Aysén del General Carlos Ibáñez del Campo,112,Aysén,11203,Guaitecas,África,0
11,Aysén del General Carlos Ibáñez del Campo,112,Aysén,11203,Guaitecas,Oceanía,0
11,Aysén del General Carlos Ibáñez del Campo,112,Aysén,11203,Guaitecas,País de nacimiento no declarado,0
11,Aysén del General Carlos Ibáñez del Campo,113,Capitán Prat,11301,Cochrane,Total nacidos fuera del país,89
11,Aysén del General Carlos Ibáñez del Campo,113,Capitán Prat,11301,Cochrane,Argentina,*
11,Aysén del General Carlos Ibáñez del Campo,113,Capitán Prat,11301,Cochrane,Bolivia (Estado Plurinacional de),*
11,Aysén del General Carlos Ibáñez del Campo,113,Capitán Prat,11301,Cochrane,Colombia,*
11,Aysén del General Carlos Ibáñez del Campo,113,Capitán Prat,11301,Cochrane,Haití,*
11,Aysén del General Carlos Ibáñez del Campo,113,Capitán Prat,11301,Cochrane,Perú,0
11,Aysén del General Carlos Ibáñez del Campo,113,Capitán Prat,11301,Cochrane,Venezuela (República Bolivariana de),*
11,Aysén del General Carlos Ibáñez del Campo,113,Capitán Prat,11301,Cochrane,Otros países de América del Sur,*
11,Aysén del General Carlos Ibáñez del Campo,113,Capitán Prat,11301,Cochrane,Otros países de América Central y El Caribe,0
11,Aysén del General Carlos Ibáñez del Campo,113,Capitán Prat,11301,Cochrane,América del Norte,*
11,Aysén del General Carlos Ibáñez del Campo,113,Capitán Prat,11301,Cochrane,Europa,*
11,Aysén del General Carlos Ibáñez del Campo,113,Capitán Prat,11301,Cochrane,Asia,*
11,Aysén del General Carlos Ibáñez del Campo,113,Capitán Prat,11301,Cochrane,África,0
11,Aysén del General Carlos Ibáñez del Campo,113,Capitán Prat,11301,Cochrane,Oceanía,0
11,Aysén del General Carlos Ibáñez del Campo,113,Capitán Prat,11301,Cochrane,País de nacimiento no declarado,0
11,Aysén del General Carlos Ibáñez del Campo,113,Capitán Prat,11302,O'Higgins,Total nacidos fuera del país,*
11,Aysén del General Carlos Ibáñez del Campo,113,Capitán Prat,11302,O'Higgins,Argentina,*
11,Aysén del General Carlos Ibáñez del Campo,113,Capitán Prat,11302,O'Higgins,Bolivia (Estado Plurinacional de),0
11,Aysén del General Carlos Ibáñez del Campo,113,Capitán Prat,11302,O'Higgins,Colombia,0
11,Aysén del General Carlos Ibáñez del Campo,113,Capitán Prat,11302,O'Higgins,Haití,0
11,Aysén del General Carlos Ibáñez del Campo,113,Capitán Prat,11302,O'Higgins,Perú,0
11,Aysén del General Carlos Ibáñez del Campo,113,Capitán Prat,11302,O'Higgins,Venezuela (República Bolivariana de),*
11,Aysén del General Carlos Ibáñez del Campo,113,Capitán Prat,11302,O'Higgins,Otros países de América del Sur,*
11,Aysén del General Carlos Ibáñez del Campo,113,Capitán Prat,11302,O'Higgins,Otros países de América Central y El Caribe,0
11,Aysén del General Carlos Ibáñez del Campo,113,Capitán Prat,11302,O'Higgins,América del Norte,*
11,Aysén del General Carlos Ibáñez del Campo,113,Capitán Prat,11302,O'Higgins,Europa,*
11,Aysén del General Carlos Ibáñez del Campo,113,Capitán Prat,11302,O'Higgins,Asia,0
11,Aysén del General Carlos Ibáñez del Campo,113,Capitán Prat,11302,O'Higgins,África,0
11,Aysén del General Carlos Ibáñez del Campo,113,Capitán Prat,11302,O'Higgins,Oceanía,0
11,Aysén del General Carlos Ibáñez del Campo,113,Capitán Prat,11302,O'Higgins,País de nacimiento no declarado,0
11,Aysén del General Carlos Ibáñez del Campo,113,Capitán Prat,11303,Tortel,Total nacidos fuera del país,*
11,Aysén del General Carlos Ibáñez del Campo,113,Capitán Prat,11303,Tortel,Argentina,0
11,Aysén del General Carlos Ibáñez del Campo,113,Capitán Prat,11303,Tortel,Bolivia (Estado Plurinacional de),0
11,Aysén del General Carlos Ibáñez del Campo,113,Capitán Prat,11303,Tortel,Colombia,0
11,Aysén del General Carlos Ibáñez del Campo,113,Capitán Prat,11303,Tortel,Haití,0
11,Aysén del General Carlos Ibáñez del Campo,113,Capitán Prat,11303,Tortel,Perú,0
11,Aysén del General Carlos Ibáñez del Campo,113,Capitán Prat,11303,Tortel,Venezuela (República Bolivariana de),0
11,Aysén del General Carlos Ibáñez del Campo,113,Capitán Prat,11303,Tortel,Otros países de América del Sur,*
11,Aysén del General Carlos Ibáñez del Campo,113,Capitán Prat,11303,Tortel,Otros países de América Central y El Caribe,0
11,Aysén del General Carlos Ibáñez del Campo,113,Capitán Prat,11303,Tortel,América del Norte,0
11,Aysén del General Carlos Ibáñez del Campo,113,Capitán Prat,11303,Tortel,Europa,*
11,Aysén del General Carlos Ibáñez del Campo,113,Capitán Prat,11303,Tortel,Asia,0
11,Aysén del General Carlos Ibáñez del Campo,113,Capitán Prat,11303,Tortel,África,0
11,Aysén del General Carlos Ibáñez del Campo,113,Capitán Prat,11303,Tortel,Oceanía,0
11,Aysén del General Carlos Ibáñez del Campo,113,Capitán Prat,11303,Tortel,País de nacimiento no declarado,0
11,Aysén del General Carlos Ibáñez del Campo,114,General Carrera,11401,Chile Chico,Total nacidos fuera del país,253
11,Aysén del General Carlos Ibáñez del Campo,114,General Carrera,11401,Chile Chico,Argentina,136
11,Aysén del General Carlos Ibáñez del Campo,114,General Carrera,11401,Chile Chico,Bolivia (Estado Plurinacional de),*
11,Aysén del General Carlos Ibáñez del Campo,114,General Carrera,11401,Chile Chico,Colombia,*
11,Aysén del General Carlos Ibáñez del Campo,114,General Carrera,11401,Chile Chico,Haití,0
11,Aysén del General Carlos Ibáñez del Campo,114,General Carrera,11401,Chile Chico,Perú,*
11,Aysén del General Carlos Ibáñez del Campo,114,General Carrera,11401,Chile Chico,Venezuela (República Bolivariana de),*
11,Aysén del General Carlos Ibáñez del Campo,114,General Carrera,11401,Chile Chico,Otros países de América del Sur,*
11,Aysén del General Carlos Ibáñez del Campo,114,General Carrera,11401,Chile Chico,Otros países de América Central y El Caribe,*
11,Aysén del General Carlos Ibáñez del Campo,114,General Carrera,11401,Chile Chico,América del Norte,*
11,Aysén del General Carlos Ibáñez del Campo,114,General Carrera,11401,Chile Chico,Europa,*
11,Aysén del General Carlos Ibáñez del Campo,114,General Carrera,11401,Chile Chico,Asia,*
11,Aysén del General Carlos Ibáñez del Campo,114,General Carrera,11401,Chile Chico,África,*
11,Aysén del General Carlos Ibáñez del Campo,114,General Carrera,11401,Chile Chico,Oceanía,0
11,Aysén del General Carlos Ibáñez del Campo,114,General Carrera,11401,Chile Chico,País de nacimiento no declarado,2
11,Aysén del General Carlos Ibáñez del Campo,114,General Carrera,11402,Río Ibáñez,Total nacidos fuera del país,104
11,Aysén del General Carlos Ibáñez del Campo,114,General Carrera,11402,Río Ibáñez,Argentina,*
11,Aysén del General Carlos Ibáñez del Campo,114,General Carrera,11402,Río Ibáñez,Bolivia (Estado Plurinacional de),0
11,Aysén del General Carlos Ibáñez del Campo,114,General Carrera,11402,Río Ibáñez,Colombia,*
11,Aysén del General Carlos Ibáñez del Campo,114,General Carrera,11402,Río Ibáñez,Haití,0
11,Aysén del General Carlos Ibáñez del Campo,114,General Carrera,11402,Río Ibáñez,Perú,*
11,Aysén del General Carlos Ibáñez del Campo,114,General Carrera,11402,Río Ibáñez,Venezuela (República Bolivariana de),*
11,Aysén del General Carlos Ibáñez del Campo,114,General Carrera,11402,Río Ibáñez,Otros países de América del Sur,*
11,Aysén del General Carlos Ibáñez del Campo,114,General Carrera,11402,Río Ibáñez,Otros países de América Central y El Caribe,*
11,Aysén del General Carlos Ibáñez del Campo,114,General Carrera,11402,Río Ibáñez,América del Norte,*
11,Aysén del General Carlos Ibáñez del Campo,114,General Carrera,11402,Río Ibáñez,Europa,*
11,Aysén del General Carlos Ibáñez del Campo,114,General Carrera,11402,Río Ibáñez,Asia,*
11,Aysén del General Carlos Ibáñez del Campo,114,General Carrera,11402,Río Ibáñez,África,0
11,Aysén del General Carlos Ibáñez del Campo,114,General Carrera,11402,Río Ibáñez,Oceanía,0
11,Aysén del General Carlos Ibáñez del Campo,114,General Carrera,11402,Río Ibáñez,País de nacimiento no declarado,0
12,Magallanes y de la Antártica Chilena,121,Magallanes,12101,Punta Arenas,Total nacidos fuera del país,7.991
12,Magallanes y de la Antártica Chilena,121,Magallanes,12101,Punta Arenas,Argentina,1.497
12,Magallanes y de la Antártica Chilena,121,Magallanes,12101,Punta Arenas,Bolivia (Estado Plurinacional de),69
12,Magallanes y de la Antártica Chilena,121,Magallanes,12101,Punta Arenas,Colombia,1.988
12,Magallanes y de la Antártica Chilena,121,Magallanes,12101,Punta Arenas,Haití,*
12,Magallanes y de la Antártica Chilena,121,Magallanes,12101,Punta Arenas,Perú,192
12,Magallanes y de la Antártica Chilena,121,Magallanes,12101,Punta Arenas,Venezuela (República Bolivariana de),2.705
12,Magallanes y de la Antártica Chilena,121,Magallanes,12101,Punta Arenas,Otros países de América del Sur,758
12,Magallanes y de la Antártica Chilena,121,Magallanes,12101,Punta Arenas,Otros países de América Central y El Caribe,451
12,Magallanes y de la Antártica Chilena,121,Magallanes,12101,Punta Arenas,América del Norte,*
12,Magallanes y de la Antártica Chilena,121,Magallanes,12101,Punta Arenas,Europa,171
12,Magallanes y de la Antártica Chilena,121,Magallanes,12101,Punta Arenas,Asia,66
12,Magallanes y de la Antártica Chilena,121,Magallanes,12101,Punta Arenas,África,*
12,Magallanes y de la Antártica Chilena,121,Magallanes,12101,Punta Arenas,Oceanía,*
12,Magallanes y de la Antártica Chilena,121,Magallanes,12101,Punta Arenas,País de nacimiento no declarado,12
12,Magallanes y de la Antártica Chilena,121,Magallanes,12102,Laguna Blanca,Total nacidos fuera del país,*
12,Magallanes y de la Antártica Chilena,121,Magallanes,12102,Laguna Blanca,Argentina,*
12,Magallanes y de la Antártica Chilena,121,Magallanes,12102,Laguna Blanca,Bolivia (Estado Plurinacional de),0
12,Magallanes y de la Antártica Chilena,121,Magallanes,12102,Laguna Blanca,Colombia,*
12,Magallanes y de la Antártica Chilena,121,Magallanes,12102,Laguna Blanca,Haití,0
12,Magallanes y de la Antártica Chilena,121,Magallanes,12102,Laguna Blanca,Perú,0
12,Magallanes y de la Antártica Chilena,121,Magallanes,12102,Laguna Blanca,Venezuela (República Bolivariana de),0
12,Magallanes y de la Antártica Chilena,121,Magallanes,12102,Laguna Blanca,Otros países de América del Sur,0
12,Magallanes y de la Antártica Chilena,121,Magallanes,12102,Laguna Blanca,Otros países de América Central y El Caribe,*
12,Magallanes y de la Antártica Chilena,121,Magallanes,12102,Laguna Blanca,América del Norte,0
12,Magallanes y de la Antártica Chilena,121,Magallanes,12102,Laguna Blanca,Europa,0
12,Magallanes y de la Antártica Chilena,121,Magallanes,12102,Laguna Blanca,Asia,0
12,Magallanes y de la Antártica Chilena,121,Magallanes,12102,Laguna Blanca,África,0
12,Magallanes y de la Antártica Chilena,121,Magallanes,12102,Laguna Blanca,Oceanía,0
12,Magallanes y de la Antártica Chilena,121,Magallanes,12102,Laguna Blanca,País de nacimiento no declarado,0
12,Magallanes y de la Antártica Chilena,121,Magallanes,12103,Río Verde,Total nacidos fuera del país,*
12,Magallanes y de la Antártica Chilena,121,Magallanes,12103,Río Verde,Argentina,*
12,Magallanes y de la Antártica Chilena,121,Magallanes,12103,Río Verde,Bolivia (Estado Plurinacional de),0
12,Magallanes y de la Antártica Chilena,121,Magallanes,12103,Río Verde,Colombia,*
12,Magallanes y de la Antártica Chilena,121,Magallanes,12103,Río Verde,Haití,0
12,Magallanes y de la Antártica Chilena,121,Magallanes,12103,Río Verde,Perú,*
12,Magallanes y de la Antártica Chilena,121,Magallanes,12103,Río Verde,Venezuela (República Bolivariana de),0
12,Magallanes y de la Antártica Chilena,121,Magallanes,12103,Río Verde,Otros países de América del Sur,0
12,Magallanes y de la Antártica Chilena,121,Magallanes,12103,Río Verde,Otros países de América Central y El Caribe,0
12,Magallanes y de la Antártica Chilena,121,Magallanes,12103,Río Verde,América del Norte,*
12,Magallanes y de la Antártica Chilena,121,Magallanes,12103,Río Verde,Europa,0
12,Magallanes y de la Antártica Chilena,121,Magallanes,12103,Río Verde,Asia,0
12,Magallanes y de la Antártica Chilena,121,Magallanes,12103,Río Verde,África,0
12,Magallanes y de la Antártica Chilena,121,Magallanes,12103,Río Verde,Oceanía,0
12,Magallanes y de la Antártica Chilena,121,Magallanes,12103,Río Verde,País de nacimiento no declarado,0
12,Magallanes y de la Antártica Chilena,121,Magallanes,12104,San Gregorio,Total nacidos fuera del país,*
12,Magallanes y de la Antártica Chilena,121,Magallanes,12104,San Gregorio,Argentina,*
12,Magallanes y de la Antártica Chilena,121,Magallanes,12104,San Gregorio,Bolivia (Estado Plurinacional de),0
12,Magallanes y de la Antártica Chilena,121,Magallanes,12104,San Gregorio,Colombia,0
12,Magallanes y de la Antártica Chilena,121,Magallanes,12104,San Gregorio,Haití,0
12,Magallanes y de la Antártica Chilena,121,Magallanes,12104,San Gregorio,Perú,0
12,Magallanes y de la Antártica Chilena,121,Magallanes,12104,San Gregorio,Venezuela (República Bolivariana de),0
12,Magallanes y de la Antártica Chilena,121,Magallanes,12104,San Gregorio,Otros países de América del Sur,*
12,Magallanes y de la Antártica Chilena,121,Magallanes,12104,San Gregorio,Otros países de América Central y El Caribe,0
12,Magallanes y de la Antártica Chilena,121,Magallanes,12104,San Gregorio,América del Norte,0
12,Magallanes y de la Antártica Chilena,121,Magallanes,12104,San Gregorio,Europa,0
12,Magallanes y de la Antártica Chilena,121,Magallanes,12104,San Gregorio,Asia,0
12,Magallanes y de la Antártica Chilena,121,Magallanes,12104,San Gregorio,África,0
12,Magallanes y de la Antártica Chilena,121,Magallanes,12104,San Gregorio,Oceanía,0
12,Magallanes y de la Antártica Chilena,121,Magallanes,12104,San Gregorio,País de nacimiento no declarado,0
12,Magallanes y de la Antártica Chilena,122,Antártica Chilena,12201,Cabo de Hornos,Total nacidos fuera del país,*
12,Magallanes y de la Antártica Chilena,122,Antártica Chilena,12201,Cabo de Hornos,Argentina,*
12,Magallanes y de la Antártica Chilena,122,Antártica Chilena,12201,Cabo de Hornos,Bolivia (Estado Plurinacional de),0
12,Magallanes y de la Antártica Chilena,122,Antártica Chilena,12201,Cabo de Hornos,Colombia,*
12,Magallanes y de la Antártica Chilena,122,Antártica Chilena,12201,Cabo de Hornos,Haití,0
12,Magallanes y de la Antártica Chilena,122,Antártica Chilena,12201,Cabo de Hornos,Perú,*
12,Magallanes y de la Antártica Chilena,122,Antártica Chilena,12201,Cabo de Hornos,Venezuela (República Bolivariana de),*
12,Magallanes y de la Antártica Chilena,122,Antártica Chilena,12201,Cabo de Hornos,Otros países de América del Sur,*
12,Magallanes y de la Antártica Chilena,122,Antártica Chilena,12201,Cabo de Hornos,Otros países de América Central y El Caribe,*
12,Magallanes y de la Antártica Chilena,122,Antártica Chilena,12201,Cabo de Hornos,América del Norte,*
12,Magallanes y de la Antártica Chilena,122,Antártica Chilena,12201,Cabo de Hornos,Europa,*
12,Magallanes y de la Antártica Chilena,122,Antártica Chilena,12201,Cabo de Hornos,Asia,*
12,Magallanes y de la Antártica Chilena,122,Antártica Chilena,12201,Cabo de Hornos,África,0
12,Magallanes y de la Antártica Chilena,122,Antártica Chilena,12201,Cabo de Hornos,Oceanía,0
12,Magallanes y de la Antártica Chilena,122,Antártica Chilena,12201,Cabo de Hornos,País de nacimiento no declarado,0
12,Magallanes y de la Antártica Chilena,122,Antártica Chilena,12202,Antártica,Total nacidos fuera del país,0
12,Magallanes y de la Antártica Chilena,122,Antártica Chilena,12202,Antártica,Argentina,0
12,Magallanes y de la Antártica Chilena,122,Antártica Chilena,12202,Antártica,Bolivia (Estado Plurinacional de),0
12,Magallanes y de la Antártica Chilena,122,Antártica Chilena,12202,Antártica,Colombia,0
12,Magallanes y de la Antártica Chilena,122,Antártica Chilena,12202,Antártica,Haití,0
12,Magallanes y de la Antártica Chilena,122,Antártica Chilena,12202,Antártica,Perú,0
12,Magallanes y de la Antártica Chilena,122,Antártica Chilena,12202,Antártica,Venezuela (República Bolivariana de),0
12,Magallanes y de la Antártica Chilena,122,Antártica Chilena,12202,Antártica,Otros países de América del Sur,0
12,Magallanes y de la Antártica Chilena,122,Antártica Chilena,12202,Antártica,Otros países de América Central y El Caribe,0
12,Magallanes y de la Antártica Chilena,122,Antártica Chilena,12202,Antártica,América del Norte,0
12,Magallanes y de la Antártica Chilena,122,Antártica Chilena,12202,Antártica,Europa,0
12,Magallanes y de la Antártica Chilena,122,Antártica Chilena,12202,Antártica,Asia,0
12,Magallanes y de la Antártica Chilena,122,Antártica Chilena,12202,Antártica,África,0
12,Magallanes y de la Antártica Chilena,122,Antártica Chilena,12202,Antártica,Oceanía,0
12,Magallanes y de la Antártica Chilena,122,Antártica Chilena,12202,Antártica,País de nacimiento no declarado,0
12,Magallanes y de la Antártica Chilena,123,Tierra del Fuego,12301,Porvenir,Total nacidos fuera del país,553
12,Magallanes y de la Antártica Chilena,123,Tierra del Fuego,12301,Porvenir,Argentina,97
12,Magallanes y de la Antártica Chilena,123,Tierra del Fuego,12301,Porvenir,Bolivia (Estado Plurinacional de),*
12,Magallanes y de la Antártica Chilena,123,Tierra del Fuego,12301,Porvenir,Colombia,220
12,Magallanes y de la Antártica Chilena,123,Tierra del Fuego,12301,Porvenir,Haití,*
12,Magallanes y de la Antártica Chilena,123,Tierra del Fuego,12301,Porvenir,Perú,*
12,Magallanes y de la Antártica Chilena,123,Tierra del Fuego,12301,Porvenir,Venezuela (República Bolivariana de),71
12,Magallanes y de la Antártica Chilena,123,Tierra del Fuego,12301,Porvenir,Otros países de América del Sur,84
12,Magallanes y de la Antártica Chilena,123,Tierra del Fuego,12301,Porvenir,Otros países de América Central y El Caribe,*
12,Magallanes y de la Antártica Chilena,123,Tierra del Fuego,12301,Porvenir,América del Norte,0
12,Magallanes y de la Antártica Chilena,123,Tierra del Fuego,12301,Porvenir,Europa,*
12,Magallanes y de la Antártica Chilena,123,Tierra del Fuego,12301,Porvenir,Asia,*
12,Magallanes y de la Antártica Chilena,123,Tierra del Fuego,12301,Porvenir,África,0
12,Magallanes y de la Antártica Chilena,123,Tierra del Fuego,12301,Porvenir,Oceanía,0
12,Magallanes y de la Antártica Chilena,123,Tierra del Fuego,12301,Porvenir,País de nacimiento no declarado,0
12,Magallanes y de la Antártica Chilena,123,Tierra del Fuego,12302,Primavera,Total nacidos fuera del país,*
12,Magallanes y de la Antártica Chilena,123,Tierra del Fuego,12302,Primavera,Argentina,*
12,Magallanes y de la Antártica Chilena,123,Tierra del Fuego,12302,Primavera,Bolivia (Estado Plurinacional de),*
12,Magallanes y de la Antártica Chilena,123,Tierra del Fuego,12302,Primavera,Colombia,*
12,Magallanes y de la Antártica Chilena,123,Tierra del Fuego,12302,Primavera,Haití,0
12,Magallanes y de la Antártica Chilena,123,Tierra del Fuego,12302,Primavera,Perú,*
12,Magallanes y de la Antártica Chilena,123,Tierra del Fuego,12302,Primavera,Venezuela (República Bolivariana de),*
12,Magallanes y de la Antártica Chilena,123,Tierra del Fuego,12302,Primavera,Otros países de América del Sur,*
12,Magallanes y de la Antártica Chilena,123,Tierra del Fuego,12302,Primavera,Otros países de América Central y El Caribe,0
12,Magallanes y de la Antártica Chilena,123,Tierra del Fuego,12302,Primavera,América del Norte,0
12,Magallanes y de la Antártica Chilena,123,Tierra del Fuego,12302,Primavera,Europa,*
12,Magallanes y de la Antártica Chilena,123,Tierra del Fuego,12302,Primavera,Asia,0
12,Magallanes y de la Antártica Chilena,123,Tierra del Fuego,12302,Primavera,África,0
12,Magallanes y de la Antártica Chilena,123,Tierra del Fuego,12302,Primavera,Oceanía,0
12,Magallanes y de la Antártica Chilena,123,Tierra del Fuego,12302,Primavera,País de nacimiento no declarado,0
12,Magallanes y de la Antártica Chilena,123,Tierra del Fuego,12303,Timaukel,Total nacidos fuera del país,*
12,Magallanes y de la Antártica Chilena,123,Tierra del Fuego,12303,Timaukel,Argentina,*
12,Magallanes y de la Antártica Chilena,123,Tierra del Fuego,12303,Timaukel,Bolivia (Estado Plurinacional de),0
12,Magallanes y de la Antártica Chilena,123,Tierra del Fuego,12303,Timaukel,Colombia,*
12,Magallanes y de la Antártica Chilena,123,Tierra del Fuego,12303,Timaukel,Haití,0
12,Magallanes y de la Antártica Chilena,123,Tierra del Fuego,12303,Timaukel,Perú,0
12,Magallanes y de la Antártica Chilena,123,Tierra del Fuego,12303,Timaukel,Venezuela (República Bolivariana de),0
12,Magallanes y de la Antártica Chilena,123,Tierra del Fuego,12303,Timaukel,Otros países de América del Sur,0
12,Magallanes y de la Antártica Chilena,123,Tierra del Fuego,12303,Timaukel,Otros países de América Central y El Caribe,0
12,Magallanes y de la Antártica Chilena,123,Tierra del Fuego,12303,Timaukel,América del Norte,0
12,Magallanes y de la Antártica Chilena,123,Tierra del Fuego,12303,Timaukel,Europa,0
12,Magallanes y de la Antártica Chilena,123,Tierra del Fuego,12303,Timaukel,Asia,0
12,Magallanes y de la Antártica Chilena,123,Tierra del Fuego,12303,Timaukel,África,0
12,Magallanes y de la Antártica Chilena,123,Tierra del Fuego,12303,Timaukel,Oceanía,0
12,Magallanes y de la Antártica Chilena,123,Tierra del Fuego,12303,Timaukel,País de nacimiento no declarado,0
12,Magallanes y de la Antártica Chilena,124,Última Esperanza,12401,Natales,Total nacidos fuera del país,2.338
12,Magallanes y de la Antártica Chilena,124,Última Esperanza,12401,Natales,Argentina,380
12,Magallanes y de la Antártica Chilena,124,Última Esperanza,12401,Natales,Bolivia (Estado Plurinacional de),*
12,Magallanes y de la Antártica Chilena,124,Última Esperanza,12401,Natales,Colombia,1.060
12,Magallanes y de la Antártica Chilena,124,Última Esperanza,12401,Natales,Haití,*
12,Magallanes y de la Antártica Chilena,124,Última Esperanza,12401,Natales,Perú,*
12,Magallanes y de la Antártica Chilena,124,Última Esperanza,12401,Natales,Venezuela (República Bolivariana de),589
12,Magallanes y de la Antártica Chilena,124,Última Esperanza,12401,Natales,Otros países de América del Sur,61
12,Magallanes y de la Antártica Chilena,124,Última Esperanza,12401,Natales,Otros países de América Central y El Caribe,78
12,Magallanes y de la Antártica Chilena,124,Última Esperanza,12401,Natales,América del Norte,*
12,Magallanes y de la Antártica Chilena,124,Última Esperanza,12401,Natales,Europa,55
12,Magallanes y de la Antártica Chilena,124,Última Esperanza,12401,Natales,Asia,*
12,Magallanes y de la Antártica Chilena,124,Última Esperanza,12401,Natales,África,*
12,Magallanes y de la Antártica Chilena,124,Última Esperanza,12401,Natales,Oceanía,*
12,Magallanes y de la Antártica Chilena,124,Última Esperanza,12401,Natales,País de nacimiento no declarado,2
12,Magallanes y de la Antártica Chilena,124,Última Esperanza,12402,Torres del Paine,Total nacidos fuera del país,*
12,Magallanes y de la Antártica Chilena,124,Última Esperanza,12402,Torres del Paine,Argentina,*
12,Magallanes y de la Antártica Chilena,124,Última Esperanza,12402,Torres del Paine,Bolivia (Estado Plurinacional de),*
12,Magallanes y de la Antártica Chilena,124,Última Esperanza,12402,Torres del Paine,Colombia,0
12,Magallanes y de la Antártica Chilena,124,Última Esperanza,12402,Torres del Paine,Haití,0
12,Magallanes y de la Antártica Chilena,124,Última Esperanza,12402,Torres del Paine,Perú,0
12,Magallanes y de la Antártica Chilena,124,Última Esperanza,12402,Torres del Paine,Venezuela (República Bolivariana de),*
12,Magallanes y de la Antártica Chilena,124,Última Esperanza,12402,Torres del Paine,Otros países de América del Sur,0
12,Magallanes y de la Antártica Chilena,124,Última Esperanza,12402,Torres del Paine,Otros países de América Central y El Caribe,0
12,Magallanes y de la Antártica Chilena,124,Última Esperanza,12402,Torres del Paine,América del Norte,*
12,Magallanes y de la Antártica Chilena,124,Última Esperanza,12402,Torres del Paine,Europa,*
12,Magallanes y de la Antártica Chilena,124,Última Esperanza,12402,Torres del Paine,Asia,0
12,Magallanes y de la Antártica Chilena,124,Última Esperanza,12402,Torres del Paine,África,0
12,Magallanes y de la Antártica Chilena,124,Última Esperanza,12402,Torres del Paine,Oceanía,0
12,Magallanes y de la Antártica Chilena,124,Última Esperanza,12402,Torres del Paine,País de nacimiento no declarado,0
