adm_region,adm_provincia,adm_comuna,adm_local,lat,lon,direccion_encontrada,fuente
METROPOLITANA DE SANTIAGO,SANTIAGO,CERRO NAVIA,ESCUELA ALIANZA,-33.4149103,-70.7622543,"Escuela Alianza, 8514, La Capilla, Poblacion Alianza, Cerro Navia, Provincia de Santiago, Región Metropolitana de Santiago, 8661521, Chile",nominatim
DEL MAULE,TALCA,PELARCO,ESCUELA PABLO CORREA MONTT,-35.3829638,-71.3480845,"Escuela Pablo Correa Montt, Ruta K-25, Pelarco, Provincia de Talca, Región del Maule, Chile",nominatim
METROPOLITANA DE SANTIAGO,SANTIAGO,PEDRO AGUIRRE CERDA,CENTRO EDUCATIVO REPUBLICA MEXICANA,-33.488774,-70.665251,"8460361 Santiago, Pedro Aguirre Cerda, Santiago Metropolitan Region, Chile",google
METROPOLITANA DE SANTIAGO,TALAGANTE,PEÑAFLOR,ESCUELA TERESA DE CALCUTA,-33.6114021,-70.9035043,"Escuela Teresa de Calcuta, 48, Central, Barrio Unión de Cooperativas, Peñaflor, Provincia de Talagante, Región Metropolitana de Santiago, 9750000, Chile",nominatim
DE VALPARAISO,LOS ANDES,CALLE LARGA,POLIDEPORTIVO MUNICIPAL CALLE LARGA,-32.8503013,-70.6194931,"Polideportivo Municipal Calle Larga, Calle Larga, Villa Los Jardines, Alto del Puerto, Calle Larga, Provincia de Los Andes, Región de Valparaíso, 2100000, Chile",nominatim
METROPOLITANA DE SANTIAGO,TALAGANTE,PADRE HURTADO,LICEO PATRICIO MEKIS DE PADRE HURTADO,-33.574723,-70.8101587,"Av. Primera Transversal 2378, Padre Hurtado, Región Metropolitana, Chile",google
DE COQUIMBO,LIMARI,OVALLE,ESCUELA BASICA ARTURO ALESSANDRI PALMA,-30.6055188,-71.208972,"Benjamin Vicuña Mackenna 799, Ovalle, Coquimbo, Chile",google
DEL LIBERTADOR GENERAL BERNARDO O'HIGGINS,CACHAPOAL,COINCO,ESCUELA MUNICIPAL COPEQUEN,-34.2499512,-70.92658980000002,"Copequen, Coinco, O'Higgins, Chile",google
DE VALPARAISO,MARGA MARGA,QUILPUE,COLEGIO LOS LIBERTADORES L1,-33.0390972,-71.40562349999999,"Almte. Gomez Carreño 593, 2420853 Quilpué, Valparaíso, Chile",google
DE VALPARAISO,VALPARAISO,VIÑA DEL MAR,COLEGIO ANA MARIA JANER,-33.023901,-71.5276801,"Colegio Ana María Janer, 881, Las Rejas, Villa Carlos Condell, Miraflores, Viña del Mar, Provincia de Valparaíso, Región de Valparaíso, 2520534, Chile",nominatim
DE ANTOFAGASTA,ANTOFAGASTA,ANTOFAGASTA,C. P. ANTOFAGASTA,-23.5218993,-70.3975047,"Ruta 1, Antofagasta, Provincia de Antofagasta, Región de Antofagasta, 1272110, Chile",nominatim
DE ANTOFAGASTA,ANTOFAGASTA,ANTOFAGASTA,C. P. FEMENINO ANTOFAGASTA,-23.6509279,-70.39750219999999,"Antofagasta, Chile",google
DE ANTOFAGASTA,ANTOFAGASTA,ANTOFAGASTA,COLEGIO ADVENTISTA DE ANTOFAGASTA,-23.6328308,-70.3952746,"Colegio Adventista, Bellavista, Antofagasta, Provincia de Antofagasta, Región de Antofagasta, 1240000, Chile",nominatim
DE ANTOFAGASTA,ANTOFAGASTA,ANTOFAGASTA,COLEGIO ANTOFAGASTA,-23.5592637,-70.3941754,"Colegio Antofagasta, Oficina Ausonia, Condominio Coigue, Antofagasta, Provincia de Antofagasta, Región de Antofagasta, 1262335, Chile",nominatim
DE ANTOFAGASTA,ANTOFAGASTA,ANTOFAGASTA,COLEGIO CHAÑARES,-23.6943504,-70.4167842,"Colegio Chañares, 0501, Avenida Cerro Paranal, Antofagasta, Provincia de Antofagasta, Región de Antofagasta, 1271987, Chile",nominatim
DE ANTOFAGASTA,ANTOFAGASTA,ANTOFAGASTA,COLEGIO COSTA CORDILLERA,-23.681513,-70.4061509,"Colegio Costa Cordillera, 1002, Antilhue, Población Coviefi, Antofagasta, Provincia de Antofagasta, Región de Antofagasta, 1270460, Chile",nominatim
DE ANTOFAGASTA,ANTOFAGASTA,ANTOFAGASTA,COLEGIO EBEN EZER,-23.5716606,-70.3837854,"Colegio Eben Ezer, 785, Vladimir Saavedra, Villa Las Palmas, Antofagasta, Provincia de Antofagasta, Región de Antofagasta, 1262335, Chile",nominatim
DE ANTOFAGASTA,ANTOFAGASTA,ANTOFAGASTA,COLEGIO INGLES SAN JOSE,-23.6656159,-70.4010885,"Colegio Inglés San José, 999, Galleguillos Lorca, Barrio Gran Vía, Antofagasta, Provincia de Antofagasta, Región de Antofagasta, 1270199, Chile",nominatim
DE ANTOFAGASTA,ANTOFAGASTA,ANTOFAGASTA,COLEGIO INSTITUTO SANTA MARIA,-23.6526706,-70.3951039,"Instituto Santa María Antofagasta, 941, Maipú, Antofagasta, Provincia de Antofagasta, Región de Antofagasta, 1271572, Chile",nominatim
DE ANTOFAGASTA,ANTOFAGASTA,ANTOFAGASTA,COLEGIO MISIONERO JOSE LANCASTER,-23.6610514,-70.3884705,"Colegio Misionero José Lancaster, 2380, Avenida Circunvalación Padre Alberto Hurtado, Campamento Franja Esperanza, Antofagasta, Provincia de Antofagasta, Región de Antofagasta, 1271572, Chile",nominatim
DE ANTOFAGASTA,ANTOFAGASTA,ANTOFAGASTA,COLEGIO SAN AGUSTIN,-23.5909357,-70.3957819,"Colegio San Agustín, 7, Los Pimientos, Antofagasta, Provincia de Antofagasta, Región de Antofagasta, 1200000, Chile",nominatim
DE ANTOFAGASTA,ANTOFAGASTA,ANTOFAGASTA,COLEGIO SAN LUIS,-23.6511282,-70.395061,"Colegio San Luis, 866, Baquedano, Antofagasta, Provincia de Antofagasta, Región de Antofagasta, 1271572, Chile",nominatim
DE ANTOFAGASTA,ANTOFAGASTA,ANTOFAGASTA,COLEGIO SAN MARCOS,-23.5305306,-70.3947256,"Colegio San Marcos De Antofagasta, 13955, Miguel Rosas, Condominio Socaire, Antofagasta, Provincia de Antofagasta, Región de Antofagasta, 1272110, Chile",nominatim
DE ANTOFAGASTA,ANTOFAGASTA,ANTOFAGASTA,COLEGIO SAN PATRICIO,-23.5659521,-70.393865,"Colegio San Patricio, 220, Santiago Humberstone, Condominio Santa Ana, Antofagasta, Provincia de Antofagasta, Región de Antofagasta, 1262335, Chile",nominatim
DE ANTOFAGASTA,ANTOFAGASTA,ANTOFAGASTA,COLEGIO SANTA TERESITA,-23.6504884,-70.3916334,"Colegio Santa Teresita De Lisieux, 1038, Simón Bolívar, Población Matta, Antofagasta, Provincia de Antofagasta, Región de Antofagasta, 1271572, Chile",nominatim
DE ANTOFAGASTA,ANTOFAGASTA,ANTOFAGASTA,COLEGIO TEC. IND. DON BOSCO ANTOFAGASTA,-23.5763804,-70.3824522,"Av. Huamachuco 9567, 1265172 Antofagasta, Chile",google
DE ANTOFAGASTA,ANTOFAGASTA,ANTOFAGASTA,ESCUELA ALCALDE MAXIMILIANO POBLETE CORTES,-23.6607031,-70.3966768,"Av. Argentina 1595, 1270053 Antofagasta, Chile",google
DE ANTOFAGASTA,ANTOFAGASTA,ANTOFAGASTA,ESCUELA ARTURO PRAT,-23.6073735,-70.3819113,"Escuela Básica Arturo Prat Chacón, El Roble, Villa Bulnes, Antofagasta, Provincia de Antofagasta, Región de Antofagasta, 1241241, Chile",nominatim
DE ANTOFAGASTA,ANTOFAGASTA,ANTOFAGASTA,ESCUELA BASICA CLAUDIO MATTE PEREZ,-23.6372184,-70.38758829999999,"Llanquihue 3748, 1242671 Antofagasta, Chile",google
DE ANTOFAGASTA,ANTOFAGASTA,ANTOFAGASTA,ESCUELA BASICA ESPAÑA,-23.6197919,-70.3776062,"Escuela Básica España, Montegrande, Villa Las Condes, Antofagasta, Provincia de Antofagasta, Región de Antofagasta, 1241241, Chile",nominatim
DE ANTOFAGASTA,ANTOFAGASTA,ANTOFAGASTA,ESCUELA BASICA GABRIELA MISTRAL,-23.5957828,-70.3741348,"Escuela Básica Gabriela Mistral, 1015, Juan Gutenberg, Población Balmaceda, Antofagasta, Provincia de Antofagasta, Región de Antofagasta, 1200000, Chile",nominatim
DE ANTOFAGASTA,ANTOFAGASTA,ANTOFAGASTA,ESCUELA BÁSICA HÉROES DE LA CONCEPCIÓN,-23.6258471,-70.3878868,"Escuela Básica Héroes de la Concepción, Calbuco, Antofagasta, Provincia de Antofagasta, Región de Antofagasta, 1241241, Chile",nominatim
DE ANTOFAGASTA,ANTOFAGASTA,ANTOFAGASTA,ESCUELA BASICA JUAN LOPEZ,-23.5691288,-70.3831008,"Escuela Basica Javiera Carrera, Mario Silva Iriarte, Condominio Tacora, Antofagasta, Provincia de Antofagasta, Región de Antofagasta, 1262335, Chile",nominatim
DE ANTOFAGASTA,ANTOFAGASTA,ANTOFAGASTA,ESCUELA BASICA JUAN PABLO II,-23.583692,-70.379744,"Escuela Básica D-129 ""Juan Pablo II"", General Óscar Bonilla, Garbriela Mistral, Antofagasta, Provincia de Antofagasta, Región de Antofagasta, 1262335, Chile",nominatim
DE ANTOFAGASTA,ANTOFAGASTA,ANTOFAGASTA,ESCUELA BÁSICA LA BANDERA,-23.5998195,-70.3780637,"Escuela Básica La Bandera, General Óscar Bonilla, Villa Bulnes, Antofagasta, Provincia de Antofagasta, Región de Antofagasta, 1200000, Chile",nominatim
DE ANTOFAGASTA,ANTOFAGASTA,ANTOFAGASTA,ESCUELA BÁSICA PADRE GUSTAVO LE PAIGE,-23.6183541,-70.3826857,"Maullín 5800, Antofagasta, Chile",google
DE ANTOFAGASTA,ANTOFAGASTA,ANTOFAGASTA,ESCUELA BASICA PROF. ELMO FUNEZ CARRIZO,-23.5817221,-70.3777978,"Detective Solón Salas Fuentealba 1195, Antofagasta, Chile",google
DE ANTOFAGASTA,ANTOFAGASTA,ANTOFAGASTA,ESCUELA DARIO SALAS DIAZ,-23.6613526,-70.3972266,"Escuela Básica Darío Salas Díaz D-75, 1555, Avenida Argentina, Campamento Fuerza Esmeralda, Antofagasta, Provincia de Antofagasta, Región de Antofagasta, 1270199, Chile",nominatim
DE ANTOFAGASTA,ANTOFAGASTA,ANTOFAGASTA,ESCUELA ECOLOGICA HUMBERTO GONZALEZ ECHEGOYEN,-23.5893892,-70.3830648,"Sgto. Manuel Silva 647, 1263128 Antofagasta, Chile",google
DE ANTOFAGASTA,ANTOFAGASTA,ANTOFAGASTA,ESCUELA ECOLOGICA PADRE ALBERTO HURTADO,-23.5884177,-70.3833499,"Escuela Ecológica Padre Alberto Hurtado, 8665, El Roble, Villa Gabriela Mistral, Antofagasta, Provincia de Antofagasta, Región de Antofagasta, 1200000, Chile",nominatim
DE ANTOFAGASTA,ANTOFAGASTA,ANTOFAGASTA,ESCUELA GENERAL MANUEL BAQUEDANO,-23.6231342,-70.385444,"Escuela Básica General Manuel Baquedano, Peñuela, Villa Las Condes, Antofagasta, Provincia de Antofagasta, Región de Antofagasta, 1241241, Chile",nominatim
DE ANTOFAGASTA,ANTOFAGASTA,ANTOFAGASTA,ESCUELA JAPON,-23.6260074,-70.3793035,"Escuela Básica Japón, Zeggers, Villa Las Condes, Antofagasta, Provincia de Antofagasta, Región de Antofagasta, 1241241, Chile",nominatim
DE ANTOFAGASTA,ANTOFAGASTA,ANTOFAGASTA,ESCUELA JOSE PAPIC RADNIC,-23.5958238,-70.3814939,"Escuela Básica José Papic Radnic, 8055, Huamachuco, Población Victoria, Antofagasta, Provincia de Antofagasta, Región de Antofagasta, 1200000, Chile",nominatim
DE ANTOFAGASTA,ANTOFAGASTA,ANTOFAGASTA,ESCUELA LAS AMERICAS PROF. JUSTO VALLADARES,-23.6056404,-70.3891259,"Av. Pedro Aguirre Cerda 7133, 1244231 Antofagasta, Chile",google
DE ANTOFAGASTA,ANTOFAGASTA,ANTOFAGASTA,ESCUELA LAS ROCAS,-23.5886825,-70.3937581,"Escuela Basica Las Rocas, 49, Los Naranjos, Antofagasta, Provincia de Antofagasta, Región de Antofagasta, 1200000, Chile",nominatim
DE ANTOFAGASTA,ANTOFAGASTA,ANTOFAGASTA,ESCUELA PADRE PATRICIO CARIOLA,-23.5693099,-70.3803661,"Escuela D-136 ""Reverendo Padre Patricio Cariola"", Los Carbonatos, Condominio Tacora, Antofagasta, Provincia de Antofagasta, Región de Antofagasta, 1262335, Chile",nominatim
DE ANTOFAGASTA,ANTOFAGASTA,ANTOFAGASTA,ESCUELA PRESBITERIANA,-23.6606737,-70.3883157,"Escuela Presbiteriana, 1070, Uribe, Campamento Franja Esperanza, Antofagasta, Provincia de Antofagasta, Región de Antofagasta, 1271572, Chile",nominatim
DE ANTOFAGASTA,ANTOFAGASTA,ANTOFAGASTA,ESCUELA REPUBLICA DE ITALIA,-23.6280601,-70.3855292,"Escuela Básica República de Italia, Osorno, Villa Las Condes, Antofagasta, Provincia de Antofagasta, Región de Antofagasta, 1241241, Chile",nominatim
DE ANTOFAGASTA,ANTOFAGASTA,ANTOFAGASTA,ESCUELA REPUBLICA DEL ECUADOR,-23.6351179,-70.3950203,"Bellavista 3957, 1243158 Antofagasta, Chile",google
DE ANTOFAGASTA,ANTOFAGASTA,ANTOFAGASTA,ESCUELA ROMULO PEÑA MATURANA,-23.6440073,-70.3842926,"Escuela Romulo J. Pena Maturana, 3194, Solín Juica, Población Matta, Antofagasta, Provincia de Antofagasta, Región de Antofagasta, 1271572, Chile",nominatim
DE ANTOFAGASTA,ANTOFAGASTA,ANTOFAGASTA,ESCUELA SANTIAGO AMENGUAL BALBOTÍN,-23.6282102,-70.3786865,"Pje. A, Antofagasta, Chile",google
DE ANTOFAGASTA,ANTOFAGASTA,ANTOFAGASTA,FUND. EDUC. COLEGIO FEMENINO MADRE DEL ROSARIO,-23.585479,-70.3795403,"Av. Bonilla 8945, 1262740 Antofagasta, Chile",google
DE ANTOFAGASTA,ANTOFAGASTA,ANTOFAGASTA,INACAP ANTOFAGASTA,-23.560059,-70.4001666,"Inacap, Oficina San Gregorio, Condominio Plaza Norte 6, Antofagasta, Provincia de Antofagasta, Región de Antofagasta, 1262335, Chile",nominatim
DE ANTOFAGASTA,ANTOFAGASTA,ANTOFAGASTA,INSTITUTO CIENT. EDUC. JOSE MAZA SANCHO,-23.6509279,-70.39750219999999,"Antofagasta, Chile",google
DE ANTOFAGASTA,ANTOFAGASTA,ANTOFAGASTA,LICEO ANDRES SABELLA GALVEZ,-23.6750045,-70.4099781,"José Blümell 264, 1270594 Antofagasta, Chile",google
DE ANTOFAGASTA,ANTOFAGASTA,ANTOFAGASTA,LICEO ARTISTICO ARMANDO CARRERA GONZALEZ,-23.667462,-70.40101,"Liceo Artistico Armando Carrera Gonzalez, 962, General José Manuel Borgoño, Campameto Familias Unidas, Antofagasta, Provincia de Antofagasta, Región de Antofagasta, 1270199, Chile",nominatim
DE ANTOFAGASTA,ANTOFAGASTA,ANTOFAGASTA,LICEO CIENTIFICO HUMANISTA LA CHIMBA,-23.5589451,-70.3952731,"Av. Rica Aventura 11175, Antofagasta, Chile",google
DE ANTOFAGASTA,ANTOFAGASTA,ANTOFAGASTA,LICEO DE HOMBRES MARIO BAHAMONDE SILVA,-23.6535724,-70.3985048,"Liceo de Hombres Mario BahamonDe Silva, 2168, José Santos Ossa, Antofagasta, Provincia de Antofagasta, Región de Antofagasta, 1271572, Chile",nominatim
DE ANTOFAGASTA,ANTOFAGASTA,ANTOFAGASTA,LICEO DOMINGO HERRERA RIVERA,-23.6307433,-70.3875032,"Liceo Domingo Herrera Rivera, 4350, Llanquihue, Antofagasta, Provincia de Antofagasta, Región de Antofagasta, 1241241, Chile",nominatim
DE ANTOFAGASTA,ANTOFAGASTA,ANTOFAGASTA,LICEO ESTUDIOS CONTABLES Y ADMINISTRATIVOS (LECYA),-23.6410718,-70.3905276,"460, - Huanchaca 442, Antofagasta, Chile",google
DE ANTOFAGASTA,ANTOFAGASTA,ANTOFAGASTA,LICEO EXPERIMENTAL ARTISTICO Y DE APLICACION,-23.6551588,-70.4006385,"José Santos Ossa 1930, 1271744 Antofagasta, Chile",google
DE ANTOFAGASTA,ANTOFAGASTA,ANTOFAGASTA,LICEO INDUSTRIAL EULOGIO GORDO MONEO,-23.6136911,-70.3829197,"Liceo Industrial Eulogio Gordo Moneo, Avenida Antonio Rendic, Villa Las Condes, Antofagasta, Provincia de Antofagasta, Región de Antofagasta, 1241241, Chile",nominatim
DE ANTOFAGASTA,ANTOFAGASTA,ANTOFAGASTA,LICEO LA PORTADA,-23.6088558,-70.3817243,"Liceo La Portada, Caliche, Villa Bulnes, Antofagasta, Provincia de Antofagasta, Región de Antofagasta, 1241241, Chile",nominatim
DE ANTOFAGASTA,ANTOFAGASTA,ANTOFAGASTA,LICEO MAYOR GRAL. OSCAR BONILLA B.,-23.5894635,-70.3838578,"Sgto. Manuel Silva 542, Antofagasta, Chile",google
DE ANTOFAGASTA,ANTOFAGASTA,ANTOFAGASTA,LICEO NEW HEAVEN HIGH SCHOOL,-23.5707817,-70.3837669,"Félix García 820, 1262356 Antofagasta, Chile",google
DE ANTOFAGASTA,ANTOFAGASTA,ANTOFAGASTA,THE ANTOFAGASTA BAPTIST COLLEGE,-23.5807753,-70.3896061,"The Antofagasta Baptist College, Avenida Pedro Aguirre Cerda, Villa Panorama, Antofagasta, Provincia de Antofagasta, Región de Antofagasta, 1262335, Chile",nominatim
DE ANTOFAGASTA,ANTOFAGASTA,ANTOFAGASTA,UNIVERSIDAD CATOLICA DEL NORTE,-23.6816302,-70.4102017,"Universidad de Católica del Norte, 0610, Avenida Angamos, Barrio Gran Vía, Antofagasta, Provincia de Antofagasta, Región de Antofagasta, 1270460, Chile",nominatim
DE ANTOFAGASTA,ANTOFAGASTA,ANTOFAGASTA,UNIVERSIDAD DE ANTOFAGASTA,-23.7029974,-70.4222161,"Universidad de Antofagasta, Avenida Universidad de Antofagasta, Jardines del Sur, Antofagasta, Provincia de Antofagasta, Región de Antofagasta, 1271987, Chile",nominatim
DE ANTOFAGASTA,ANTOFAGASTA,MEJILLONES,COMPLEJO EDUCATIVO JUAN JOSE LATORRE,-23.1055537,-70.4407957,"Av. Serrano 1000, Mejillones, Antofagasta, Chile",google
DE ANTOFAGASTA,ANTOFAGASTA,MEJILLONES,ESCUELA JULIA HERRERA VARAS,-23.1037253,-70.4476575,"Escuela Básica Julia Herrera Varas, 555, Avenida Bernardo O'Higgins, Campamento Villa Esfuerzo, Mejillones, Provincia de Antofagasta, Región de Antofagasta, 1310000, Chile",nominatim
DE ANTOFAGASTA,ANTOFAGASTA,SIERRA GORDA,COMPLEJO EDUCATIVO CARACOLES,-22.8914855,-69.3203707,"Eduardo Frei 256, Sierra Gorda, Antofagasta, Chile",google
DE ANTOFAGASTA,ANTOFAGASTA,SIERRA GORDA,ESCUELA BASICA ESTACION BAQUEDANO,-22.8909304,-69.3195724,"Sierra Gorda, Antofagasta, Chile",google
DE ANTOFAGASTA,ANTOFAGASTA,TALTAL,ESCUELA HOGAR VICTORIANO QUINTEROS,-25.4042891,-70.4734393,"Victoriano Quintero Soto, Taltal, Antofagasta, Chile",google
DE ANTOFAGASTA,ANTOFAGASTA,TALTAL,ESCUELA HUMANISTA VICTOR HUGO CARVAJAL MEZA,-25.4064379,-70.48642149999999,"Esmeralda 596, Taltal, Antofagasta, Chile",google
DE ANTOFAGASTA,EL LOA,CALAMA,C. D. P. CALAMA,-22.4594566,-68.9283864,"Av. Granaderos 2107, Calama, Antofagasta, Chile",google
DE ANTOFAGASTA,EL LOA,CALAMA,COLEGIO CALAMA,-22.4443883,-68.9292391,"Colegio Calama, 3597, Brasil, Villa Independencia Norte, Calama, Provincia de El Loa, Región de Antofagasta, 1390726, Chile",nominatim
DE ANTOFAGASTA,EL LOA,CALAMA,COLEGIO PADRE ALBERTO HURTADO,-22.4687974,-68.9327806,"Colegio Padre Alberto Hurtado, Avenida Grecia, Villa Vista Hermosa, Calama, Provincia de El Loa, Región de Antofagasta, 1390726, Chile",nominatim
DE ANTOFAGASTA,EL LOA,CALAMA,COLEGIO RIO LOA,-22.4584429,-68.9487957,"Colegio Río Loa, Coquimbo, Portal del Inca V, Calama, Provincia de El Loa, Región de Antofagasta, 1390726, Chile",nominatim
DE ANTOFAGASTA,EL LOA,CALAMA,COLEGIO TEC. IND. DON BOSCO CALAMA,-22.4544123,-68.9218666,"Calama, Antofagasta, Chile",google
DE ANTOFAGASTA,EL LOA,CALAMA,ESCUELA BASICA 21 DE MAYO,-22.4508159,-68.9321318,"Escuela Básica 21 de Mayo (F-41), 2926, Colombia, Calama, Provincia de El Loa, Región de Antofagasta, 1390726, Chile",nominatim
DE ANTOFAGASTA,EL LOA,CALAMA,ESCUELA BASICA CLAUDIO ARRAU,-22.4494104,-68.9264324,"Escuela Básica Claudio Arrau (D-32), 3150, Almirante Latorre, Calama, Provincia de El Loa, Región de Antofagasta, 1390726, Chile",nominatim
DE ANTOFAGASTA,EL LOA,CALAMA,ESCUELA BASICA EMILIO SOTOMAYOR,-22.4381885,-68.9222775,"Escuela Basica Emilio Sotomayor (D-45), 4073, Limón Verde, Villa Huaytiquina, Calama, Provincia de El Loa, Región de Antofagasta, 1390726, Chile",nominatim
DE ANTOFAGASTA,EL LOA,CALAMA,ESCUELA BASICA JOHN FITZGERALD KENNEDY,-22.454567,-68.92009209999999,"Av. Chorrillos 1391, 1392181 Calama, Antofagasta, Chile",google
DE ANTOFAGASTA,EL LOA,CALAMA,ESCUELA BASICA KAMAC MAYU,-22.4382447,-68.9100113,"Escuela Básica Kamac Mayu (D-126), Aymani, Villa Kamac Mayu, Calama, Provincia de El Loa, Región de Antofagasta, 1390726, Chile",nominatim
DE ANTOFAGASTA,EL LOA,CALAMA,ESCUELA BASICA PEDRO VERGARA KELLER,-22.4420266,-68.9327744,"Escuela Basica Pedro Vergara Keller (E-42), 3686, Guatemala, Villa Independencia Norte, Calama, Provincia de El Loa, Región de Antofagasta, 1390726, Chile",nominatim
DE ANTOFAGASTA,EL LOA,CALAMA,ESCUELA BASICA REPUBLICA DE BOLIVIA,-22.4626303,-68.9284906,"Escuela Básica República de Bolivia (D-37), 2254, Emilio Sotomayor, Villa Covadonga, Calama, Provincia de El Loa, Región de Antofagasta, 1390726, Chile",nominatim
DE ANTOFAGASTA,EL LOA,CALAMA,ESCUELA BASICA REPUBLICA DE CHILE,-22.4437109,-68.9072677,"Escuela Básica República de Chile (D-54), 4263, El Litio, Villa Kamac Mayu, Calama, Provincia de El Loa, Región de Antofagasta, 1390726, Chile",nominatim
DE ANTOFAGASTA,EL LOA,CALAMA,ESCUELA BASICA REPUBLICA DE GRECIA,-22.4603651,-68.9341933,"Escuela Básica República de Grecia (D-35), 2128, Avenida Grecia, Villa Vista Hermosa, Calama, Provincia de El Loa, Región de Antofagasta, 1390726, Chile",nominatim
DE ANTOFAGASTA,EL LOA,CALAMA,ESCUELA BASICA VADO DE TOPATER,-22.476849,-68.9293074,"Escuela Básica Vado de Topater (D-49), 573, Avenida Grecia, Villa Vista Hermosa, Calama, Provincia de El Loa, Región de Antofagasta, 1390726, Chile",nominatim
DE ANTOFAGASTA,EL LOA,CALAMA,ESCUELA BASICA VALENTIN LETELIER,-22.4626314,-68.9460514,"Escuela Basica Valentín Letelier (D-131), Pucón, Villa Los Transportistas, Calama, Provincia de El Loa, Región de Antofagasta, 1390726, Chile",nominatim
DE ANTOFAGASTA,EL LOA,CALAMA,ESCUELA SAN FRANCISCO DE CHIU CHIU,-22.4544123,-68.9218666,"Calama, Antofagasta, Chile",google
DE ANTOFAGASTA,EL LOA,CALAMA,FUND. EDUC. COLEGIO CHUQUICAMATA,-22.4785226,-68.9116121,"Av. Jorge Alessandri Rodríguez 1290, 1395237 Calama, Antofagasta, Chile",google
DE ANTOFAGASTA,EL LOA,CALAMA,INSTITUTO OBISPO SILVA LEZAETA,-22.4699063,-68.9275687,"Instituto Obispo Silva Lezaeta, 1256, Avenida Libertador Bernardo O'Higgins, Gran Avenida Sur, Calama, Provincia de El Loa, Región de Antofagasta, 1390726, Chile",nominatim
DE ANTOFAGASTA,EL LOA,CALAMA,LICEO DIEGO PORTALES PALAZUELOS,-22.470359,-68.9292189,"Valdivia 1201, 1394297 Calama, Antofagasta, Chile",google
DE ANTOFAGASTA,EL LOA,CALAMA,LICEO FRANCISCO DE AGUIRRE,-22.458356,-68.9316348,"Liceo Francisco de Aguirre (B-8), Aníbal Pinto, Calama, Provincia de El Loa, Región de Antofagasta, 1390726, Chile",nominatim
DE ANTOFAGASTA,EL LOA,CALAMA,LICEO JORGE ALESSANDRI RODRIGUEZ,-22.4460697,-68.9280776,"Av. Granaderos 3464, 1393162 Calama, Antofagasta, Chile",google
DE ANTOFAGASTA,EL LOA,CALAMA,LICEO LUIS CRUZ MARTINEZ,-22.4551593,-68.9268207,"Liceo Luis Cruz Martínez, Hurtado de Mendoza, Calama, Provincia de El Loa, Región de Antofagasta, 1390726, Chile",nominatim
DE ANTOFAGASTA,EL LOA,CALAMA,LICEO MINERO AMERICA,-22.4378704,-68.9246068,"Liceo Minero América (B-10), 4050, Riquelme, Villa Huaytiquina, Calama, Provincia de El Loa, Región de Antofagasta, 1390726, Chile",nominatim
DE ANTOFAGASTA,EL LOA,CALAMA,LICEO POLITECNICO CESAREO AGUIRRE GOYENECHEA,-22.4580565,-68.9193508,"Liceo Bicentenario Politécnico Cesareo Aguirre Goyenechea (B-9), Avenida Matta, Calama, Provincia de El Loa, Región de Antofagasta, 1390726, Chile",nominatim
DE ANTOFAGASTA,EL LOA,OLLAGUE,ESCUELA SAN ANTONIO DE PADUA,-21.2248711,-68.2551343,"Ollagüe, Ollague, Antofagasta, Chile",google
DE ANTOFAGASTA,EL LOA,SAN PEDRO DE ATACAMA,ESCUELA SAN PEDRO DE ATACAMA,-22.9126859,-68.1971913,"Escuela Básica E-26 San Pedro De Atacama, 500, Ignacio Carrera Pinto, Población Licancabur, Solcor, San Pedro de Atacama, Provincia de El Loa, Región de Antofagasta, 1410000, Chile",nominatim
DE ANTOFAGASTA,EL LOA,SAN PEDRO DE ATACAMA,LICEO AGROPECUARIO LIKAN ANTAI,-22.9136344,-68.19174269999999,"Unnamed Road, San Pedro de Atacama, Antofagasta, Chile",google
DE ANTOFAGASTA,TOCOPILLA,MARIA ELENA,ESCUELA ARTURO PEREZ CANTO,-22.3454477,-69.66668039999999,"S.N., - C. Gabriela Mistral, María Elena, Antofagasta, Chile",google
DE ANTOFAGASTA,TOCOPILLA,MARIA ELENA,ESCUELA IGNACIO CARRERA PINTO,-22.3448948,-69.6631378,"Av. Ignacio Carrera Pinto, María Elena, Antofagasta, Chile",google
DE ANTOFAGASTA,TOCOPILLA,TOCOPILLA,C. D. P. TOCOPILLA,-22.0888423,-70.1961437,"Tocopilla, Antofagasta, Chile",google
DE ANTOFAGASTA,TOCOPILLA,TOCOPILLA,ESCUELA CARLOS CONDELL DE LA HAZA,-22.094307,-70.2045328,"Escuela Carlos Condell de la Haza, S/ N, Baquedano, Tocopilla, Provincia de Tocopilla, Región de Antofagasta, Chile",nominatim
DE ANTOFAGASTA,TOCOPILLA,TOCOPILLA,ESCUELA ESPECIAL PEDRO AGUIRRE CERDA,-22.0859885,-70.188819,"Escuela Especial Pedro Aguirre Cerda, Gómez Carreño, Villa Ayquina, Tocopilla, Provincia de Tocopilla, Región de Antofagasta, Chile",nominatim
DE ANTOFAGASTA,TOCOPILLA,TOCOPILLA,ESCUELA ESTADOS UNIDOS DE NORTEAMERICA,-22.1082195,-70.2102298,"Escuela Estados Unidos de Norteamerica, 0460, Pasaje Corbeta Covadonga, Caleta Boy, Tocopilla, Provincia de Tocopilla, Región de Antofagasta, Chile",nominatim
DE ANTOFAGASTA,TOCOPILLA,TOCOPILLA,LICEO POLITECNICO DIEGO PORTALES PALAZUELOS,-22.0850569,-70.19568129999999,"Ruta 1 1183, 1340798 Tocopilla, Antofagasta, Chile",google
DE ANTOFAGASTA,TOCOPILLA,TOCOPILLA,LICEO POLIVALENTE DOMINGO LATRILLE,-22.0884328,-70.1947833,"Av. 18 de Septiembre 2431, Tocopilla, Antofagasta, Chile",google
DE ARICA Y PARINACOTA,ARICA,ARICA,AZAPA VALLEY SCHOOL,-18.5006184,-70.2575524,"Azapa Valley School, 6200, Ruta A-27, Pago de Gómez, Arica, Provincia de Arica, Región de Arica y Parinacota, 1001110, Chile",nominatim
DE ARICA Y PARINACOTA,ARICA,ARICA,C.P. DE ARICA,-18.4536749,-70.2830685,"Paseo Central Calle Canteras, Villa Los Industriales, Arica, Provincia de Arica, Región de Arica y Parinacota, Chile",nominatim
DE ARICA Y PARINACOTA,ARICA,ARICA,CENTRO DE CAPACITACION LABORAL REINO DE BELGICA,-18.4752657,-70.2980713,"Nuremberg 1368-1398, 1020987 Arica, Arica y Parinacota, Chile",google
DE ARICA Y PARINACOTA,ARICA,ARICA,COLEGIO ALEMAN DE ARICA,-18.4921505,-70.2802473,"Colegio Alemán de Arica, 3727, Avenida Senador Humberto Palza Corvacho, Población Nueva Esperanza, Arica, Provincia de Arica, Región de Arica y Parinacota, 1001110, Chile",nominatim
DE ARICA Y PARINACOTA,ARICA,ARICA,COLEGIO BICENTENARIO MIRAMAR DE EXCELENCIA,-18.4932705,-70.3149033,"Miramar, Arica, Arica y Parinacota, Chile",google
DE ARICA Y PARINACOTA,ARICA,ARICA,COLEGIO CARDENAL ANTONIO SAMORE,-18.4914502,-70.2837075,"Colegio Cardenal Antonio Samoré, Avenida Senador Humberto Palza Corvacho, Población Cabo Roca, Arica, Provincia de Arica, Región de Arica y Parinacota, 1001110, Chile",nominatim
DE ARICA Y PARINACOTA,ARICA,ARICA,COLEGIO CARDENAL RAUL SILVA HENRIQUEZ,-18.4377445,-70.2874831,"Colegio Cardenal Raúl Silva Henríquez, 4090, Francisco Urzúa, Punta Norte, Arica, Provincia de Arica, Región de Arica y Parinacota, 1020759, Chile",nominatim
DE ARICA Y PARINACOTA,ARICA,ARICA,COLEGIO CENTENARIO,-18.4398496,-70.2930206,"Colegio Centenario de Arica, 4016, Avenida El Roble, Población Raúl Silva Henríquez, Arica, Provincia de Arica, Región de Arica y Parinacota, 1020759, Chile",nominatim
DE ARICA Y PARINACOTA,ARICA,ARICA,COLEGIO CHILE NORTE,-18.4461267,-70.28467479999999,"Linderos 3650, 1032095 Arica, Arica y Parinacota, Chile",google
DE ARICA Y PARINACOTA,ARICA,ARICA,COLEGIO DEL ALBA,-18.4972529,-70.2974147,"Colegio del Alba, 2222, Chamonate, Las Tucapeles, Arica, Provincia de Arica, Región de Arica y Parinacota, 1001110, Chile",nominatim
DE ARICA Y PARINACOTA,ARICA,ARICA,COLEGIO INTEGRADO EDUARDO FREI MONTALVA,-18.4822309,-70.31722669999999,"San Marcos 611, 1000807 Arica, Arica y Parinacota, Chile",google
DE ARICA Y PARINACOTA,ARICA,ARICA,COLEGIO ITALIANO SANTA ANA,-18.483477,-70.314486,"Colegio Italiano Santa Ana, Arturo Gallo, Magisterio, Arica, Provincia de Arica, Región de Arica y Parinacota, 1000434, Chile",nominatim
DE ARICA Y PARINACOTA,ARICA,ARICA,COLEGIO JOHN WALL HOLCOMB,-18.4466257,-70.2960118,"Colegio John Wall Holcomb, 3628, Ginebra, Villa Pedro Lagos, Arica, Provincia de Arica, Región de Arica y Parinacota, 1020759, Chile",nominatim
DE ARICA Y PARINACOTA,ARICA,ARICA,COLEGIO LEONARDO DA VINCI,-18.4567329,-70.2827654,"Colegio Leonardo Da Vinci, Avenida Alejandro Azola, Villa Los Industriales, Arica, Provincia de Arica, Región de Arica y Parinacota, 1020759, Chile",nominatim
DE ARICA Y PARINACOTA,ARICA,ARICA,COLEGIO SAN MARCOS DE ARICA,-18.4709364,-70.304087,"Colegio San Marcos de Arica, 2140, Avenida Santa María, Arica, Provincia de Arica, Región de Arica y Parinacota, 1020759, Chile",nominatim
DE ARICA Y PARINACOTA,ARICA,ARICA,COLEGIO SAUCACHE,-18.4930607,-70.2900686,"Colegio Saucache, 24, Flamenco, Arica, Provincia de Arica, Región de Arica y Parinacota, 1001110, Chile",nominatim
DE ARICA Y PARINACOTA,ARICA,ARICA,COLEGIO TECNOLOGICO DON BOSCO DE ARICA,-18.43796,-70.2861118,"Anacleto Lagos 1101-1199, Arica, Arica y Parinacota, Chile",google
DE ARICA Y PARINACOTA,ARICA,ARICA,COMPLEJO DEPORTIVO SAUCACHE UNIVERSIDAD DE TARAPACA,-18.4876726,-70.2851316,"Saucache, Arica, Arica y Parinacota, Chile",google
DE ARICA Y PARINACOTA,ARICA,ARICA,ESCUELA AMERICA,-18.4776808,-70.282653,"Capitán Ávalos 2606, Arica, Arica y Parinacota, Chile",google
DE ARICA Y PARINACOTA,ARICA,ARICA,ESCUELA COMANDANTE JUAN JOSE SAN MARTIN,-18.4767141,-70.2878102,"Escuela Comandante Juan José San Martin, 2545, Ángel Brass, Ampliación Olivarera, Arica, Provincia de Arica, Región de Arica y Parinacota, 1020759, Chile",nominatim
DE ARICA Y PARINACOTA,ARICA,ARICA,ESCUELA DOCTOR RICARDO OLEA GUERRA,-18.4805054,-70.2840527,"Escuela Doctor Ricardo Olea Guerra, 2480, José Manuel Balmaceda, Ampliación Olivarera, Arica, Provincia de Arica, Región de Arica y Parinacota, 1020759, Chile",nominatim
DE ARICA Y PARINACOTA,ARICA,ARICA,ESCUELA EJERCITO DE SALVACION,-18.4435184,-70.2895838,"Escuela Ejercito de Salvación, 3839, Avenida Cancha Rayada, Población Raúl Silva Henríquez, Arica, Provincia de Arica, Región de Arica y Parinacota, 1000000, Chile",nominatim
DE ARICA Y PARINACOTA,ARICA,ARICA,ESCUELA ESMERALDA,-18.4830392,-70.3082148,"Escuela ESMERALDA, 106, José Joaquín Vallejos, Magisterio, Arica, Provincia de Arica, Región de Arica y Parinacota, 1001110, Chile",nominatim
DE ARICA Y PARINACOTA,ARICA,ARICA,ESCUELA ESPAÑA,-18.5742521,-70.0554155,"Escuela España, Km. 28, Ruta A-27, La Ribera, San Miguel de Azapa, Arica, Provincia de Arica, Región de Arica y Parinacota, Chile",nominatim
DE ARICA Y PARINACOTA,ARICA,ARICA,ESCUELA GABRIELA MISTRAL L1,-18.4477318,-70.2908709,"Cancha Rayada, Arica, Arica y Parinacota, Chile",google
DE ARICA Y PARINACOTA,ARICA,ARICA,ESCUELA GABRIELA MISTRAL L2,-18.4477318,-70.2908709,"Cancha Rayada, Arica, Arica y Parinacota, Chile",google
DE ARICA Y PARINACOTA,ARICA,ARICA,ESCUELA GENERAL JOSE MIGUEL CARRERA,-18.4917332,-70.2938996,"Escuela José Miguel Carrera, 230, Óscar Belmar, Las Tucapeles, Arica, Provincia de Arica, Región de Arica y Parinacota, 1001110, Chile",nominatim
DE ARICA Y PARINACOTA,ARICA,ARICA,ESCUELA GENERAL MANUEL BAQUEDANO,-18.4517193,-70.0682238,"Escuela General Manuel Baquedano, Km. 27, Ruta 11 CH, Poconchile, Santa Rosa, Arica, Provincia de Arica, Región de Arica y Parinacota, Chile",nominatim
DE ARICA Y PARINACOTA,ARICA,ARICA,ESCUELA GENERAL PEDRO LAGOS MARCHANT,-18.4908225,-70.3113705,"Escuela General Pedro Lagos Marchant, 1639, Rafael Sotomayor, Magisterio, Arica, Provincia de Arica, Región de Arica y Parinacota, 1001110, Chile",nominatim
DE ARICA Y PARINACOTA,ARICA,ARICA,ESCUELA IGNACIO CARRERA PINTO,-18.4971818,-70.2839324,"Escuela Ignacio Carrera Pinto, 3680, El Pedregal, Población Nueva Esperanza, Arica, Provincia de Arica, Región de Arica y Parinacota, 1001110, Chile",nominatim
DE ARICA Y PARINACOTA,ARICA,ARICA,ESCUELA JORGE ALESSANDRI RODRIGUEZ,-18.4279164,-70.2935862,"Escuela Jorge Alessandri Rodríguez, 881, Diaguitas, Punta Norte, Arica, Provincia de Arica, Región de Arica y Parinacota, 1020759, Chile",nominatim
DE ARICA Y PARINACOTA,ARICA,ARICA,ESCUELA MANUEL RODRIGUEZ ERDOYZA,-18.4813239,-70.2845843,"Escuela Manuel Rodriguez Erdoyza, 2450, José Manuel Balmaceda, Ampliación Olivarera, Arica, Provincia de Arica, Región de Arica y Parinacota, 1020759, Chile",nominatim
DE ARICA Y PARINACOTA,ARICA,ARICA,ESCUELA REGIMIENTO RANCAGUA,-18.4748831,-70.3089139,"Escuela Regimiento Rancagua, 1550, Avenida Santa María, Edificio Vicuña Mackena, Arica, Provincia de Arica, Región de Arica y Parinacota, 1000434, Chile",nominatim
DE ARICA Y PARINACOTA,ARICA,ARICA,ESCUELA REPUBLICA DE ARGENTINA,-18.4780109,-70.3038946,"Escuela República de Argentina, 1275, Rómulo Peña, Población Maipú Oriente, Arica, Provincia de Arica, Región de Arica y Parinacota, 1020759, Chile",nominatim
DE ARICA Y PARINACOTA,ARICA,ARICA,ESCUELA REPUBLICA DE ISRAEL,-18.4870042,-70.3025223,"Colegio República de Israel, 1860, Magallanes, Villa Albergue, Arica, Provincia de Arica, Región de Arica y Parinacota, 1001110, Chile",nominatim
DE ARICA Y PARINACOTA,ARICA,ARICA,ESCUELA ROMULO PEÑA MATURANA,-18.48098,-70.2901973,"Escuela Romulo J. Pena Maturana, Arica, 2883, Las Acacias, Ampliación Olivarera, Arica, Provincia de Arica, Región de Arica y Parinacota, 1001110, Chile",nominatim
DE ARICA Y PARINACOTA,ARICA,ARICA,ESCUELA SUBTENIENTE LUIS CRUZ MARTINEZ,-18.4672639,-70.2907152,"D-16 Subteniente Luis Cruz Martínez, 1459, Real Armada, Barrio San José, Arica, Provincia de Arica, Región de Arica y Parinacota, 1020759, Chile",nominatim
DE ARICA Y PARINACOTA,ARICA,ARICA,ESCUELA TUCAPEL,-18.4792501,-70.2958084,"Escuela Tucapel D-21, 2075, María Elena, Población Olivarera, Arica, Provincia de Arica, Región de Arica y Parinacota, 1020759, Chile",nominatim
DE ARICA Y PARINACOTA,ARICA,ARICA,GIMNASIO AUGUSTO ZUBIRI (EX EPICENTRO I),-18.4938295,-70.29886800000001,"Pablo Picasso 2150, 1010266 Arica, Arica y Parinacota, Chile",google
DE ARICA Y PARINACOTA,ARICA,ARICA,JARDIN INFANTIL MIRAMAR,-18.483283,-70.2819672,"Ramón Barros Luco, Arica, Arica y Parinacota, Chile",google
DE ARICA Y PARINACOTA,ARICA,ARICA,JARDIN INFANTIL QUEBRADA DE ACHA,-18.4746982,-70.2923985,"Quebrada de Acha, Arica, Arica y Parinacota, Chile",google
DE ARICA Y PARINACOTA,ARICA,ARICA,LICEO AGRICOLA JOSE ABELARDO NUÑEZ,-18.5192905,-70.17838569999999,"Ruta A- 27 Km. 12 Valle de Azapa, 1009001 Arica, Arica y Parinacota, Chile",google
DE ARICA Y PARINACOTA,ARICA,ARICA,LICEO AGRICOLA PADRE FRANCISCO NAPOLITANO,-18.414687,-70.2004225,"Arica, Arica y Parinacota, Chile",google
DE ARICA Y PARINACOTA,ARICA,ARICA,LICEO ARTISTICO JUAN NOE CREVANI,-18.4723189,-70.300569,"Liceo Artistico Doctor Juan Noe Crevani, 2154, Barros Arana, Barrio San José, Arica, Provincia de Arica, Región de Arica y Parinacota, 1020759, Chile",nominatim
DE ARICA Y PARINACOTA,ARICA,ARICA,LICEO BICENTENARIO PABLO NERUDA L1,-18.4459046,-70.2938703,"Av. El Roble, 1030829 Arica, Arica y Parinacota, Chile",google
DE ARICA Y PARINACOTA,ARICA,ARICA,LICEO BICENTENARIO PABLO NERUDA L2,-18.4459046,-70.2938703,"Av. El Roble, 1030829 Arica, Arica y Parinacota, Chile",google
DE ARICA Y PARINACOTA,ARICA,ARICA,LICEO INSTITUTO COMERCIAL DE ARICA,-18.4630423,-70.2920508,"Barros Arana 2930, 1031673 Arica, Arica y Parinacota, Chile",google
DE ARICA Y PARINACOTA,ARICA,ARICA,LICEO JOVINA NARANJO FERNANDEZ,-18.4764501,-70.3130476,"Liceo Jovina Naranjo Fernandez, 555, Doctor Juan Noé, Edificio Vicuña Mackena, Arica, Provincia de Arica, Región de Arica y Parinacota, 1000434, Chile",nominatim
DE ARICA Y PARINACOTA,ARICA,ARICA,LICEO OCTAVIO PALMA PEREZ,-18.4739585,-70.3084812,"Liceo A-1 Octavio Palma Pérez, 1697, Avenida Santa María, Conjunto Habitacional Pukara, Arica, Provincia de Arica, Región de Arica y Parinacota, 1020759, Chile",nominatim
DE ARICA Y PARINACOTA,ARICA,ARICA,LICEO POLITECNICO ANTONIO VARAS DE LA BARRA,-18.4759964,-70.287943,"Loa 2200, 1021118 Arica, Arica y Parinacota, Chile",google
DE ARICA Y PARINACOTA,ARICA,ARICA,LICEO POLITECNICO ARICA,-18.4864756,-70.2944321,"Liceo Politécnico Arica A-2, 2221, 18 de Septiembre, Villa Albergue, Arica, Provincia de Arica, Región de Arica y Parinacota, 1001110, Chile",nominatim
DE ARICA Y PARINACOTA,ARICA,ARICA,UNIVERSIDAD ARTURO PRAT,-18.4599496,-70.2948363,"Universidad Arturo Prat, 2998, Avenida Santa María, Condominio San Marcos, Arica, Provincia de Arica, Región de Arica y Parinacota, 1020759, Chile",nominatim
DE ARICA Y PARINACOTA,ARICA,CAMARONES,ESCUELA VALLE DE CUYA,-19.1595227,-70.180444,"Escuela G-121 Valle de Cuya, Ruta A-355, Aduana de Cuya, Camarones, Provincia de Arica, Región de Arica y Parinacota, Chile",nominatim
DE ARICA Y PARINACOTA,ARICA,CAMARONES,LICEO VALLE DE CODPA,-18.8337846,-69.7445585,"Liceo Valle de Codpa, 7 de Junio, Codpa, Camarones, Provincia de Arica, Región de Arica y Parinacota, Chile",nominatim
DE ARICA Y PARINACOTA,PARINACOTA,GENERAL LAGOS,ESCUELA INTERNADO VISVIRI,-17.5944024,-69.47895,"Escuela Internado Visviri, Ruta Andina, Visviri, General Lagos, Provincia de Parinacota, Región de Arica y Parinacota, Chile",nominatim
DE ARICA Y PARINACOTA,PARINACOTA,PUTRE,ESCUELA SAN SANTIAGO DE BELEN,-18.4670333,-69.5150189,"Escuela San Santiago de Belén, Avenida El Peral, Belén, Putre, Provincia de Parinacota, Región de Arica y Parinacota, Chile",nominatim
DE ARICA Y PARINACOTA,PARINACOTA,PUTRE,LICEO GRANADEROS DE PUTRE,-18.1956999,-69.5618847,"Liceo Granaderos, 242, Teniente del Campo, Putre, Provincia de Parinacota, Región de Arica y Parinacota, Chile",nominatim
DE ATACAMA,CHAÑARAL,CHAÑARAL,ESCUELA BASICA IGNACIO DOMEYKO,-26.3377318,-70.61121659999999,"Arturo Pérez Canto 515, Chañaral, Atacama, Chile",google
DE ATACAMA,CHAÑARAL,CHAÑARAL,ESCUELA BASICA PEDRO LUJAN,-26.3450046,-70.624193,"Chañaral, Atacama, Chile",google
DE ATACAMA,CHAÑARAL,CHAÑARAL,LICEO FEDERICO VARELA,-26.3459043,-70.6160176,"Liceo Federico Varela, 221, Zuleta, Villa Miramar, Chañaral, Provincia de Chañaral, Región de Atacama, 1490000, Chile",nominatim
DE ATACAMA,CHAÑARAL,DIEGO DE ALMAGRO,ESCUELA BASICA SARA CORTES CORTES,-26.3951089,-70.05549979999999,"Inca de Oro 901, Diego de Almagro, Atacama, Chile",google
DE ATACAMA,CHAÑARAL,DIEGO DE ALMAGRO,ESCUELA ESPECIAL DE LENGUAJE AYLLU,-26.3902116,-70.045402,"Diego de Almagro, Atacama, Chile",google
DE ATACAMA,COPIAPO,CALDERA,COLEGIO PARROQUIAL PADRE NEGRO,-27.069194,-70.8105075,"Colegio Parroquial Padre Negro, 601, Paipote, Caldera, Provincia de Copiapó, Región de Atacama, 0000157, Chile",nominatim
DE ATACAMA,COPIAPO,CALDERA,ESCUELA BYRON GIGOUX JAMES,-27.0713187,-70.8142225,"Escuela Byron Gigoux James, 885, Avenida Arica, Villa Las Playas, Caldera, Provincia de Copiapó, Región de Atacama, 1570000, Chile",nominatim
DE ATACAMA,COPIAPO,CALDERA,ESCUELA MANUEL ORELLA ECHANEZ,-27.0726588,-70.8188709,"Escuela Manuel Orella Echanez, 307, Los Gladiolos, Villa Las Playas, Caldera, Provincia de Copiapó, Región de Atacama, 1570000, Chile",nominatim
DE ATACAMA,COPIAPO,COPIAPO,COLEGIO ESTACION,-27.4121432,-70.28021489999999,"11 de Septiembre 6449, 1534164 Paipote, Copiapó, Atacama, Chile",google
DE ATACAMA,COPIAPO,COPIAPO,COLEGIO PARTICULAR SAN LORENZO,-27.3944219,-70.2996926,"Callejon Pedro Leon Gallo 450, Copiapó, Atacama, Chile",google
DE ATACAMA,COPIAPO,COPIAPO,COLEGIO SAN AGUSTIN DE ATACAMA,-27.3866317,-70.3107541,"Leónidas Pérez 2986, 1534452 Copiapó, Atacama, Chile",google
DE ATACAMA,COPIAPO,COPIAPO,ESCUELA BERNARDO O HIGGINS,-27.3625531,-70.3292795,"Diego Portales 599, Copiapó, Atacama, Chile",google
DE ATACAMA,COPIAPO,COPIAPO,ESCUELA BRUNO ZAVALA FREDES,-27.3801909,-70.3232858,"Los Aromos s/n, 1532754 Copiapó, Atacama, Chile",google
DE ATACAMA,COPIAPO,COPIAPO,ESCUELA DIFERENCIAL MARIA LUZ LANZA PIZARRO,-27.3716265,-70.3211163,"Los Heroes, 1530393 Copiapó, Atacama, Chile",google
DE ATACAMA,COPIAPO,COPIAPO,ESCUELA EL CHAÑAR,-27.3575851,-70.31114579999999,"El Chañar 1245, 1530065 Copiapó, Atacama, Chile",google
DE ATACAMA,COPIAPO,COPIAPO,ESCUELA ISABEL PENA MORALES,-27.3842541,-70.3075779,"Los Carrera, 1534471 Copiapó, Atacama, Chile",google
DE ATACAMA,COPIAPO,COPIAPO,ESCUELA JOSE MANSO DE VELASCO,-27.3632134,-70.3186139,"Manso de Velasco 1046, 1530013 Copiapó, Atacama, Chile",google
DE ATACAMA,COPIAPO,COPIAPO,ESCUELA LAURA ROBLES SILVA,-27.37356,-70.306371,"Corcovado 1345, 1533195 Copiapó, Atacama, Chile",google
DE ATACAMA,COPIAPO,COPIAPO,ESCUELA SAN PEDRO,-27.3253606,-70.53658519999999,"Copiapó, Atacama, Chile",google
DE ATACAMA,COPIAPO,COPIAPO,ESCUELA TECNICO PROFESIONAL,-27.3624475,-70.3458127,"Ramón Freire 100, Copiapó, Atacama, Chile",google
DE ATACAMA,COPIAPO,COPIAPO,LICEO BICENTENARIO MERCEDES FRITIS MACKENNEY,-27.36962,-70.32536999999999,"Camilo Henríquez 575, Copiapó, Atacama, Chile",google
DE ATACAMA,COPIAPO,COPIAPO,LICEO CATOLICO ATACAMA,-27.3672218,-70.337677,"Yerbas Buenas 160, Copiapó, Atacama, Chile",google
DE ATACAMA,COPIAPO,COPIAPO,LICEO DE MUSICA,-27.374032,-70.3280048,"Andrés Bello 170, Copiapó, Atacama, Chile",google
DE ATACAMA,COPIAPO,COPIAPO,LICEO EL PALOMAR,-27.3830903,-70.329674,"Av. El Palomar 1786, Copiapó, Atacama, Chile",google
DE ATACAMA,COPIAPO,COPIAPO,LICEO FERNANDO ARIZTIA RUIZ,-27.4064012,-70.26950649999999,"Collipulli 1601, 1534592 Paipote, Copiapó, Atacama, Chile",google
DE ATACAMA,COPIAPO,COPIAPO,LICEO POLITECNICO BELEN,-27.3615251,-70.33335939999999,"José M. Infante 407, 1530507 Copiapó, Atacama, Chile",google
DE ATACAMA,COPIAPO,COPIAPO,LICEO TECNICO PROFESIONAL HEROES DE ATACAMA,-27.3798999,-70.3118221,"Los Carrera 2531, 1533557 Copiapó, Atacama, Chile",google
DE ATACAMA,COPIAPO,COPIAPO,LICEO TECNOLOGICO DE COPIAPO,-27.3694668,-70.3178089,"Circunvalación 1605, 1530693 Copiapó, Atacama, Chile",google
DE ATACAMA,COPIAPO,COPIAPO,SCUOLA ITALIANA GIUSSEPPE VERDI,-27.3472454,-70.35395969999999,"Volcán Doña Inés 542, Copiapó, Atacama, Chile",google
DE ATACAMA,COPIAPO,TIERRA AMARILLA,ESC. BASICA MARTA EMILIANA AGUILAR ZERON,-27.4665287,-70.2624178,"Tierra Amarilla, Atacama, Chile",google
DE ATACAMA,COPIAPO,TIERRA AMARILLA,ESCUELA LUIS URIBE ORREGO,-27.491921,-70.2637144,"Escuela Luis Uribe Orrego, 157, Ferrocarril, Villa Las Vertientes, Tierra Amarilla, Provincia de Copiapó, Región de Atacama, 1580000, Chile",nominatim
DE ATACAMA,COPIAPO,TIERRA AMARILLA,JARDIN INFANTIL LOS ZORZALITOS,-27.4662455,-70.26294229999999,"Tierra Amarilla, Atacama, Chile",google
DE ATACAMA,HUASCO,ALTO DEL CARMEN,EDUCADOR ARTURO ALVEAR RAMOS,-28.8746598,-70.2821015,"Escuela Educador Arturo Alvear Ramos, Ruta C-477, Villa Prat, Chanchoquín Grande, El Tránsito, Alto del Carmen, Provincia de Huasco, Región de Atacama, Chile",nominatim
DE ATACAMA,HUASCO,ALTO DEL CARMEN,ESCUELA FRONTERIZA,-28.9325765,-70.4631043,"Escuela Fronteriza San Félix, Camino Villa Horcón Quemado - San Félix, Villa Horcón Quemado, Alto del Carmen, Provincia de Huasco, Región de Atacama, Chile",nominatim
DE ATACAMA,HUASCO,ALTO DEL CARMEN,ESCUELA RICARDO CAMPILLAY CONTRERAS,-28.7598176,-70.4870489,"Escuela Ricardo Campillay Contreras, Padre Alfonso García, La Falda, Alto del Carmen, Provincia de Huasco, Región de Atacama, Chile",nominatim
DE ATACAMA,HUASCO,FREIRINA,ESCUELA FORTUNATO SOZA RODRIGUEZ,-29.1014805,-71.4068179,"Escuela Fortunato Soza Rodriguez, Avenida Costanera, Carrizalillo, Freirina, Provincia de Huasco, Región de Atacama, Chile",nominatim
DE ATACAMA,HUASCO,FREIRINA,LICEO GENERAL RAMON FREIRE,-28.5083426,-71.0788478,"Ramón Freire Serrano, Freirina, Atacama, Chile",google
DE ATACAMA,HUASCO,HUASCO,ESCUELA MIREYA ZULETA ASTUDILLO,-28.4658881,-71.2108595,"Escuela Mireya Zuleta Astudillo, 568, Sotomayor, Villa Las Palmas, Huasco, Provincia de Huasco, Región de Atacama, 1640000, Chile",nominatim
DE ATACAMA,HUASCO,VALLENAR,ESC.BASICA CAPITAN RAFAEL TORREBLANCA,-28.5920432,-70.7406334,"España 3493, Vallenar, Atacama, Chile",google
DE ATACAMA,HUASCO,VALLENAR,ESCUELA BASICA ESPAÑA,-28.5754799,-70.7574389,"Vallenar, Atacama, Chile",google
DE ATACAMA,HUASCO,VALLENAR,ESCUELA BASICA ROBERTO CUADRA ALQUINTA,-28.5847503,-70.7402896,"Roberto Bolaño, Vallenar, Atacama, Chile",google
DE ATACAMA,HUASCO,VALLENAR,ESCUELA GREGORIO CASTILLO MARIN,-28.5887586,-70.7522017,"Escuela Gregorio Castillo Marín, 2369, Compañía, Villa de Ballenary, Vallenar, Provincia de Huasco, Región de Atacama, 1611258, Chile",nominatim
DE ATACAMA,HUASCO,VALLENAR,ESCUELA HERMANOS CARRERA,-28.5626453,-70.7770248,"Escuela Hermanos Carrera, Chañar Blanco, Carretera Panamericana Sur, Vallenar, Provincia de Huasco, Región de Atacama, 1610000, Chile",nominatim
DE ATACAMA,HUASCO,VALLENAR,ESCUELA JOSE CAROCA LAFLOR,-28.5838077,-70.7590612,"Los Sauces, Vallenar, Atacama, Chile",google
DE ATACAMA,HUASCO,VALLENAR,LICEO BICENTENARIO DE VALLENAR,-28.5713762,-70.7666777,"Liceo Bicentenario de Vallenar, Avenida Matta, Vallenar, Provincia de Huasco, Región de Atacama, 1610000, Chile",nominatim
DE ATACAMA,HUASCO,VALLENAR,LICEO JOSE SANTOS OSSA,-28.5812033,-70.7517633,"Liceo Jose Santos Ossa, 637, Valdivia, Villa de Ballenary, Vallenar, Provincia de Huasco, Región de Atacama, 1611258, Chile",nominatim
DE AYSEN DEL GENERAL CARLOS IBAÑEZ DEL CAMPO,AYSEN,AYSEN,ESCUELA ALMIRANTE SIMPSON,-45.4101829,-72.7025545,"Almte. Simpson, Puerto Aysen, Aysén, Chile",google
DE AYSEN DEL GENERAL CARLOS IBAÑEZ DEL CAMPO,AYSEN,AYSEN,ESCUELA BASICA LITORAL AUSTRAL,-45.4109407,-72.67943919999999,"Humberto García 365, 6000000 Puerto Aysen, Aysén, Chile",google
DE AYSEN DEL GENERAL CARLOS IBAÑEZ DEL CAMPO,AYSEN,AYSEN,ESCUELA PEDRO AGUIRRE CERDA,-46.378345,-72.3007623,"Aysén, Chile",google
DE AYSEN DEL GENERAL CARLOS IBAÑEZ DEL CAMPO,AYSEN,AYSEN,ESCUELA POETISA GABRIELA MISTRAL,-45.395461,-72.68804879999999,"Manuel Rodríguez, Región XI, Chile 1021, 6000653 Puerto Aysen, Aysén, Chile",google
DE AYSEN DEL GENERAL CARLOS IBAÑEZ DEL CAMPO,AYSEN,AYSEN,LICEO MAÑIHUALES,-45.1726803,-72.1471885,"Villa Mañihuales, Aysén, Chile",google
DE AYSEN DEL GENERAL CARLOS IBAÑEZ DEL CAMPO,AYSEN,AYSEN,LICEO POLITECNICO DE AYSEN,-46.378345,-72.3007623,"Aysén, Chile",google
DE AYSEN DEL GENERAL CARLOS IBAÑEZ DEL CAMPO,AYSEN,AYSEN,LICEO RAUL BROUSSAIN CAMPINO,-45.405049,-72.69603900000001,"Sgto. Aldea 850, 6000539 Puerto Aysen, Aysén, Chile",google
DE AYSEN DEL GENERAL CARLOS IBAÑEZ DEL CAMPO,AYSEN,CISNES,ESCUELA AMANDA LABARCA HUBERSTONE,-43.7773935,-72.9515706,"Escuela Amanda Labarca Huberstone, Avenida Central, Puerto Raúl Marín Balmaceda, Cisnes, Provincia de Aysén, Región Aysén del General Carlos Ibáñez del Campo, Chile",nominatim
DE AYSEN DEL GENERAL CARLOS IBAÑEZ DEL CAMPO,AYSEN,CISNES,ESCUELA EUSEBIO IBAR SCHEPELER,-43.9725854,-72.4080556,"Escuela Eusebio Ibar Schepeler, Camilo Henríquez, La Junta, Cisnes, Provincia de Aysén, Región Aysén del General Carlos Ibáñez del Campo, Chile",nominatim
DE AYSEN DEL GENERAL CARLOS IBAÑEZ DEL CAMPO,AYSEN,CISNES,ESCUELA HAMBURGO,-44.324145,-72.5556625,"Escuela Hamburgo, 69, Gabriela Mistral, Puyuhuapi, Cisnes, Provincia de Aysén, Región Aysén del General Carlos Ibáñez del Campo, Chile",nominatim
DE AYSEN DEL GENERAL CARLOS IBAÑEZ DEL CAMPO,AYSEN,CISNES,ESCUELA MADRE DE LA DIVINA PROVIDENCIA,-44.75,-72.7,"Cisnes, Aysén, Chile",google
DE AYSEN DEL GENERAL CARLOS IBAÑEZ DEL CAMPO,AYSEN,CISNES,LICEO ARTURO PRAT CHACON,-44.7260152,-72.675705,"Cisnes, Aysén, Chile",google
DE AYSEN DEL GENERAL CARLOS IBAÑEZ DEL CAMPO,AYSEN,GUAITECAS,LICEO DE MELINKA,-43.896387,-73.7485268,"Liceo Melinka, Los Huilliches, Melinka, Guaitecas, Provincia de Aysén, Región Aysén del General Carlos Ibáñez del Campo, Chile",nominatim
DE AYSEN DEL GENERAL CARLOS IBAÑEZ DEL CAMPO,CAPITAN PRAT,COCHRANE,LICEO BICENTENARIO AUSTRAL LORD COCHRANE,-47.2520865,-72.5752373,"Cochrane, Aysén, Chile",google
DE AYSEN DEL GENERAL CARLOS IBAÑEZ DEL CAMPO,CAPITAN PRAT,O'HIGGINS,ESCUELA PIONEROS DEL SUR,-48.4685392,-72.5606276,"Liceo Pioneros del Sur, 100, Lago O'Higgins, Villa O'Higgins, O’Higgins, Provincia de Capitán Prat, Región Aysén del General Carlos Ibáñez del Campo, 6110000, Chile",nominatim
DE AYSEN DEL GENERAL CARLOS IBAÑEZ DEL CAMPO,CAPITAN PRAT,TORTEL,ESCUELA MUNICIPAL COMANDANTE LUIS BRAVO,-47.8015353,-73.5358494,"Tortel, Aysén, Chile",google
DE AYSEN DEL GENERAL CARLOS IBAÑEZ DEL CAMPO,COYHAIQUE,COYHAIQUE,COLEGIO LYON COLLEGE,-45.5787253,-72.0557706,"Colegio Lyon College, 477, Max Casas, Coyhaique, Provincia de Coyhaique, Región Aysén del General Carlos Ibáñez del Campo, 5952006, Chile",nominatim
DE AYSEN DEL GENERAL CARLOS IBAÑEZ DEL CAMPO,COYHAIQUE,COYHAIQUE,ESCUELA BAQUEDANO,-45.5743563,-72.0529456,"Escuela Manuel Baquedano, 1427, Avenida General Baquedano, Coyhaique, Provincia de Coyhaique, Región Aysén del General Carlos Ibáñez del Campo, 5952006, Chile",nominatim
DE AYSEN DEL GENERAL CARLOS IBAÑEZ DEL CAMPO,COYHAIQUE,COYHAIQUE,ESCUELA JOSE ANTOLIN SILVA ORMENO,-45.9104607,-71.6982331,"Escuela José Antolin Silva Ormeño, 65, Ingeniero Steffen, Balmaceda, Coyhaique, Provincia de Coyhaique, Región Aysén del General Carlos Ibáñez del Campo, Chile",nominatim
DE AYSEN DEL GENERAL CARLOS IBAÑEZ DEL CAMPO,COYHAIQUE,COYHAIQUE,ESCUELA NIEVES DEL SUR,-45.5836393,-72.0702705,"Escuela Nieves del Sur, 825, Los Pinos, Población Bernardo O'Higgins, Coyhaique, Provincia de Coyhaique, Región Aysén del General Carlos Ibáñez del Campo, 5952014, Chile",nominatim
DE AYSEN DEL GENERAL CARLOS IBAÑEZ DEL CAMPO,COYHAIQUE,COYHAIQUE,ESCUELA PARTICULAR SAN JOSE OBRERO,-45.5724891,-72.0589018,"Escuela Particular San José Obrero, 50, Pedro Aguirre Cerda, Coyhaique, Provincia de Coyhaique, Región Aysén del General Carlos Ibáñez del Campo, 5952014, Chile",nominatim
DE AYSEN DEL GENERAL CARLOS IBAÑEZ DEL CAMPO,COYHAIQUE,COYHAIQUE,ESCUELA PEDRO QUINTANA MANSILLA,-45.5705144,-72.0713552,"Escuela Pedro Quintana Mansilla, 139, Arturo Prat, Coyhaique, Provincia de Coyhaique, Región Aysén del General Carlos Ibáñez del Campo, 5952006, Chile",nominatim
DE AYSEN DEL GENERAL CARLOS IBAÑEZ DEL CAMPO,COYHAIQUE,COYHAIQUE,ESCUELA RURAL CON INTERNADO RIO BLANCO,-45.8071766,-71.922009,"Escuela Rural con Internado Río Blanco, Camino Valle Simpson - El Blanco, El Blanco, Coyhaique, Provincia de Coyhaique, Región Aysén del General Carlos Ibáñez del Campo, Chile",nominatim
DE AYSEN DEL GENERAL CARLOS IBAÑEZ DEL CAMPO,COYHAIQUE,COYHAIQUE,ESCUELA RURAL PABLO CEA VASQUEZ,-45.5805908,-72.0701545,"Milton Vásquez, Coyhaique, Aysén, Chile",google
DE AYSEN DEL GENERAL CARLOS IBAÑEZ DEL CAMPO,COYHAIQUE,COYHAIQUE,ESCUELA RURAL PABLO NERUDA,-45.3729152,-71.9947927,"Escuela Rural Pablo Neruda, Gumersindo Ortega, Villa Ortega, Coyhaique, Provincia de Coyhaique, Región Aysén del General Carlos Ibáñez del Campo, Chile",nominatim
DE AYSEN DEL GENERAL CARLOS IBAÑEZ DEL CAMPO,COYHAIQUE,COYHAIQUE,ESCUELA RURAL VALLE DE LA LUNA,-45.2709313,-71.7097724,"Escuela Rural Valle de la Luna, Ruta X-45, Villa Ñirehuao, Coyhaique, Provincia de Coyhaique, Región Aysén del General Carlos Ibáñez del Campo, Chile",nominatim
DE AYSEN DEL GENERAL CARLOS IBAÑEZ DEL CAMPO,COYHAIQUE,COYHAIQUE,ESCUELA RURAL VALLE SIMPSON,-45.7154222,-72.0813117,"Escuela Rural Valle Simpson, Pasaje Estadio, Valle Simpson, Coyhaique, Provincia de Coyhaique, Región Aysén del General Carlos Ibáñez del Campo, Chile",nominatim
DE AYSEN DEL GENERAL CARLOS IBAÑEZ DEL CAMPO,COYHAIQUE,COYHAIQUE,ESCUELA VICTOR DOMINGO SILVA,-45.5822096,-72.0610493,"Escuela Víctor Domingo Silva, 826, Las Quintas, Población Bernardo O'Higgins, Coyhaique, Provincia de Coyhaique, Región Aysén del General Carlos Ibáñez del Campo, 5952014, Chile",nominatim
DE AYSEN DEL GENERAL CARLOS IBAÑEZ DEL CAMPO,COYHAIQUE,COYHAIQUE,GIMNASIO REGIONAL COYHAIQUE,-45.5822504,-72.0735641,"Gimnasio Regional, Avenida Ogana, Población Bernardo O'Higgins, Coyhaique, Provincia de Coyhaique, Región Aysén del General Carlos Ibáñez del Campo, 5952014, Chile",nominatim
DE AYSEN DEL GENERAL CARLOS IBAÑEZ DEL CAMPO,COYHAIQUE,COYHAIQUE,LICEO BICENTENARIO AGRICOLA DE LA PATAGONIA,-45.5737697,-72.0302203,"Gral. Baquedano, Coyhaique, Aysén, Chile",google
DE AYSEN DEL GENERAL CARLOS IBAÑEZ DEL CAMPO,COYHAIQUE,COYHAIQUE,LICEO BICENTENARIO ALTOS DEL MACKAY,-45.5883029,-72.1009621,"Liceo Bicentenario Altos del Mackay, Ruta X-614, Coyhaique, Provincia de Coyhaique, Región Aysén del General Carlos Ibáñez del Campo, 5952014, Chile",nominatim
DE AYSEN DEL GENERAL CARLOS IBAÑEZ DEL CAMPO,COYHAIQUE,COYHAIQUE,LICEO FRANCISCO XAVIER BUTINA,-45.5812155,-72.0332001,"Coyhaique, Aysén, Chile",google
DE AYSEN DEL GENERAL CARLOS IBAÑEZ DEL CAMPO,COYHAIQUE,COYHAIQUE,LICEO JOSEFINA AGUIRRE MONTENEGRO,-45.5684654,-72.0715066,"Liceo Josefina Aguirre Montenegro, 485, José Miguel Carrera, Coyhaique, Provincia de Coyhaique, Región Aysén del General Carlos Ibáñez del Campo, 5952006, Chile",nominatim
DE AYSEN DEL GENERAL CARLOS IBAÑEZ DEL CAMPO,COYHAIQUE,COYHAIQUE,LICEO SAN FELIPE BENICIO DE COYHAIQUE,-45.572558,-72.0676708,"Liceo San Felipe Benicio de Coyhaique, 315, Plaza de Armas, Coyhaique, Provincia de Coyhaique, Región Aysén del General Carlos Ibáñez del Campo, 5952006, Chile",nominatim
DE AYSEN DEL GENERAL CARLOS IBAÑEZ DEL CAMPO,COYHAIQUE,COYHAIQUE,LICEO TECNICO PROFESIONAL JUAN PABLO II,-45.5813486,-72.0429827,"Liceo Técnico Profesional Juan Pablo II, 2105, Francisco Bilbao, Campos de Hielo, Coyhaique, Provincia de Coyhaique, Región Aysén del General Carlos Ibáñez del Campo, 5952014, Chile",nominatim
DE AYSEN DEL GENERAL CARLOS IBAÑEZ DEL CAMPO,COYHAIQUE,COYHAIQUE,LICEO TECNICO PROFESIONAL PROFESOR RICARDO NAVARRETE,-45.5811699,-72.0429107,"Francisco Bilbao 2225, 5950240 Coyhaique, Aysén, Chile",google
DE AYSEN DEL GENERAL CARLOS IBAÑEZ DEL CAMPO,COYHAIQUE,LAGO VERDE,ESCUELA CON INTERNADO JOSE MIGUEL CARRERA,-44.2402929,-71.8478394,"Escuela con Internado José Miguel Carrera, 172, Valle Quinto, Lago Verde, Provincia de Coyhaique, Región Aysén del General Carlos Ibáñez del Campo, Chile",nominatim
DE AYSEN DEL GENERAL CARLOS IBAÑEZ DEL CAMPO,COYHAIQUE,LAGO VERDE,ESCUELA MUNICIPAL VILLA AMENGUAL,-44.7475577,-72.2118468,"Escuela Municipal Villa Amengual, 132, Carretera Austral, Villa Amengual, Lago Verde, Provincia de Coyhaique, Región Aysén del General Carlos Ibáñez del Campo, Chile",nominatim
DE AYSEN DEL GENERAL CARLOS IBAÑEZ DEL CAMPO,COYHAIQUE,LAGO VERDE,ESCUELA RURAL CON INTERNADO LA TAPERA,-44.6474672,-71.673348,"Escuela Rural con Internado La Tapera, 310, Bernardo O'Higgins, Villa La Tapera, Lago Verde, Provincia de Coyhaique, Región Aysén del General Carlos Ibáñez del Campo, Chile",nominatim
DE AYSEN DEL GENERAL CARLOS IBAÑEZ DEL CAMPO,GENERAL CARRERA,CHILE CHICO,ESCUELA BASICA DE CHILE CHICO,-46.5393715,-71.7228925,"Escuela Básica de Chile Chico, Manuel Rodríguez, Chile Chico, Provincia de General Carrera, Región Aysén del General Carlos Ibáñez del Campo, 6050000, Chile",nominatim
DE AYSEN DEL GENERAL CARLOS IBAÑEZ DEL CAMPO,GENERAL CARRERA,CHILE CHICO,ESCUELA DE PUERTO BERTRAND,-47.0164961,-72.8297454,"Escuela de Puerto Bertrand, Amador Esparza, Puerto Bertrand, Chile Chico, Provincia de General Carrera, Región Aysén del General Carlos Ibáñez del Campo, Chile",nominatim
DE AYSEN DEL GENERAL CARLOS IBAÑEZ DEL CAMPO,GENERAL CARRERA,CHILE CHICO,ESCUELA LIBERTADOR BERNARDO O´HIGGINS RIQUELME,-46.8428216,-72.7050286,"Escuela Libertador Bernardo O´Higgins Riquelme, 175, Los Notros, Sector Chacras, Puerto Guadal, Chile Chico, Provincia de General Carrera, Región Aysén del General Carlos Ibáñez del Campo, Chile",nominatim
DE AYSEN DEL GENERAL CARLOS IBAÑEZ DEL CAMPO,GENERAL CARRERA,CHILE CHICO,ESCUELA TULIO BURGOS RIVERA,-46.7267601,-72.4648383,"Escuela Tulio Burgos Rivera, Los Pioneros, Mallín Grande, Chile Chico, Provincia de General Carrera, Región Aysén del General Carlos Ibáñez del Campo, Chile",nominatim
DE AYSEN DEL GENERAL CARLOS IBAÑEZ DEL CAMPO,GENERAL CARRERA,RIO IBAÑEZ,ESCUELA AONIKENK,-46.2944366,-71.9380773,"Riso Patron 181, Coyhaique, Río Ibáñez, Aysén, Chile",google
DE AYSEN DEL GENERAL CARLOS IBAÑEZ DEL CAMPO,GENERAL CARRERA,RIO IBAÑEZ,ESCUELA GABRIELA MISTRAL,-46.6242941,-72.6760117,"Pedro Lagos 74-204, Puerto Río Tranquilo, Río Ibáñez, Aysén, Chile",google
DE AYSEN DEL GENERAL CARLOS IBAÑEZ DEL CAMPO,GENERAL CARRERA,RIO IBAÑEZ,ESCUELA MARIA ANTONIETA PARRA MONSALVE,-46.2908309,-71.9394173,"Río Ibáñez, Aysén, Chile",google
DE AYSEN DEL GENERAL CARLOS IBAÑEZ DEL CAMPO,GENERAL CARRERA,RIO IBAÑEZ,ESCUELA RURAL CARRETERA AUSTRAL,-46.4560714,-72.6729556,"X-731 578, Puerto Murta, Río Ibáñez, Aysén, Chile",google
DE AYSEN DEL GENERAL CARLOS IBAÑEZ DEL CAMPO,GENERAL CARRERA,RIO IBAÑEZ,LICEO BICENTENARIO RURAL CERRO CASTILLO,-46.0580556,-72.2008333,"Cerro Castillo, Río Ibáñez, Aysén, Chile",google
DE COQUIMBO,CHOAPA,CANELA,ESCUELA BASICA HECTOR JORQUERA VALENCIA,-31.3998669,-71.4581338,"Escuela Básica Héctor Jorquera Valencia, Estanislao Ollarzú, Canela Baja, Canela, Provincia de Choapa, Región de Coquimbo, Chile",nominatim
DE COQUIMBO,CHOAPA,CANELA,ESCUELA BASICA MINCHA NORTE,-31.587193,-71.447282,"Escuela Básica Mincha Norte, Ruta D-751, Huinchigualleo, Canela, Provincia de Choapa, Región de Coquimbo, Chile",nominatim
DE COQUIMBO,CHOAPA,ILLAPEL,ESCUELA BASICA SAN RAFAEL DE ROZAS,-31.6320804,-71.165931,"San Martín 172, Illapel, Coquimbo, Chile",google
DE COQUIMBO,CHOAPA,ILLAPEL,ESCUELA BASICA VALLE DEL CHOAPA,-31.6306456,-71.1654375,"Illapel, Coquimbo, Chile",google
DE COQUIMBO,CHOAPA,ILLAPEL,ESCUELA BASICA VILLA LOS NARANJOS,-31.6418924,-71.1917194,"Cuz Cuz 319, 1930924 Illapel, Coquimbo, Chile",google
DE COQUIMBO,CHOAPA,ILLAPEL,LICEO DOMINGO ORTIZ DE ROZAS,-31.6342086,-71.16845,"Liceo Domingo Ortiz de Rozas, 57, Buin, Comunidad y Progreso, Illapel, Provincia de Choapa, Región de Coquimbo, 1930000, Chile",nominatim
DE COQUIMBO,CHOAPA,LOS VILOS,COLEGIO DIEGO DE ALMAGRO,-31.9119629,-71.5096783,"Colegio Diego de Almagro, Lautaro, Población del Llano, Los Vilos, Provincia de Choapa, Región de Coquimbo, Chile",nominatim
DE COQUIMBO,CHOAPA,LOS VILOS,ESCUELA BASICA ERCOLE BENCINI,-32.1420783,-71.5253025,"Escuela Básica Ercole Bencini, Dos Poniente, Pichidangui, Los Vilos, Provincia de Choapa, Región de Coquimbo, Chile",nominatim
DE COQUIMBO,CHOAPA,LOS VILOS,ESCUELA BASICA TERESA CANNON DE BARRIOLHET.,-32.117392,-71.49058389999999,"D-875 64, Los Vilos, Coquimbo, Chile",google
DE COQUIMBO,CHOAPA,LOS VILOS,ESCUELA CLARA VIAL ORREGO,-31.9319834,-71.1387403,"Escuela Clara Vial Orrego (caimanes), Padre Cándido, Caimanes, Los Vilos, Provincia de Choapa, Región de Coquimbo, Chile",nominatim
DE COQUIMBO,CHOAPA,LOS VILOS,LICEO NICOLAS FEDERICO LOHSE VARGAS,-31.9120402,-71.5150124,"Liceo Nicolás Federico Lohse Vargas, 117, Colo Colo, Población del Llano, Los Vilos, Provincia de Choapa, Región de Coquimbo, Chile",nominatim
DE COQUIMBO,CHOAPA,SALAMANCA,COLEGIO PART. SUB. CUMBRES DEL CHOAPA,-31.7870303,-70.96263019999999,"Tomás Davis 641, Salamanca, Coquimbo, Chile",google
DE COQUIMBO,CHOAPA,SALAMANCA,ESCUELA BASICA CHILLEPIN,-31.8810617,-70.7286804,"Salamanca, Coquimbo, Chile",google
DE COQUIMBO,CHOAPA,SALAMANCA,ESCUELA MATILDE SALAMANCA,-31.7812728,-70.9671358,"Escuela Matilde Salamanca, José Joaquín Pérez, El Queñe Norte, Salamanca, Provincia de Choapa, Región de Coquimbo, 1950000, Chile",nominatim
DE COQUIMBO,CHOAPA,SALAMANCA,LICEO DE SALAMANCA,-31.7761907,-70.9652302,"Liceo Municipal Salamanca, 517, José Miguel Infante, Salamanca, Provincia de Choapa, Región de Coquimbo, 1950000, Chile",nominatim
DE COQUIMBO,ELQUI,ANDACOLLO,CASA DEL ENCUENTRO CIUDADANO Y GIMNASIO,-30.2340257,-71.0853339,"Urmeneta 599, Andacollo, Coquimbo, Chile",google
DE COQUIMBO,ELQUI,ANDACOLLO,ESCUELA LUIS CRUZ MARTINEZ,-30.2315442,-71.0800424,"Escuela Luis Cruz Martinez, 509, La Concepción, Las Catanas, Los Caletones, Andacollo, Provincia de Elqui, Región de Coquimbo, Chile",nominatim
DE COQUIMBO,ELQUI,ANDACOLLO,LICEO PEDRO REGALADO VIDELA ORDENES,-30.2321263,-71.0799593,"Liceo Pedro Regalado Videla Órdenes, 504, 21 de Mayo, Las Catanas, Los Caletones, Andacollo, Provincia de Elqui, Región de Coquimbo, Chile",nominatim
DE COQUIMBO,ELQUI,COQUIMBO,COLEGIO ALTA CORDILLERA,-29.9705345,-71.3106207,"Colegio Alta Cordillera, 1212, Cardenal Raúl Silva Henríquez, Villa Talinay, La Cantera, Coquimbo, Provincia de Elqui, Región de Coquimbo, 1790437, Chile",nominatim
DE COQUIMBO,ELQUI,COQUIMBO,COLEGIO CRISTOBAL COLON,-29.9833586,-71.3341063,"Colegio Cristobal Colon, Los Quillayes, Villa San Francisco, Las Torres, Coquimbo, Provincia de Elqui, Región de Coquimbo, 1790437, Chile",nominatim
DE COQUIMBO,ELQUI,COQUIMBO,COLEGIO FRANCIS SCHOOL,-29.9774525,-71.3417974,"Colegio Francis School, Los Alelies, Reinos de España, Sindempart, Coquimbo, Provincia de Elqui, Región de Coquimbo, 1790437, Chile",nominatim
DE COQUIMBO,ELQUI,COQUIMBO,COLEGIO LA HERRADURA,-29.986385,-71.3608624,"Colegio la Herradura, La Ermita, La Higuera, La Herradura, Coquimbo, Provincia de Elqui, Región de Coquimbo, 1790437, Chile",nominatim
DE COQUIMBO,ELQUI,COQUIMBO,COLEGIO MARIA EDUCA SEDE BOSQUE SAN CARLOS,-29.9723948,-71.256714,"Parque Nacional Fray Jorge 850, Coquimbo, Chile",google
DE COQUIMBO,ELQUI,COQUIMBO,COLEGIO PABLO NERUDA,-30.0507091,-71.2524321,"Liceo Pablo Neruda, Camino Ovalle La Serena, Dos de Julio, El Carmen, Coquimbo, Provincia de Elqui, Región de Coquimbo, 1780000, Chile",nominatim
DE COQUIMBO,ELQUI,COQUIMBO,COLEGIO PARTICULAR GABRIELA MISTRAL,-29.9638525,-71.3394645,"Colegio Particular Gabriela Mistral, 22, Abtao, Villa Dominante, San Juan, Coquimbo, Provincia de Elqui, Región de Coquimbo, 1790437, Chile",nominatim
DE COQUIMBO,ELQUI,COQUIMBO,COLEGIO PARTICULAR LEONARDO DA VINCI,-29.9526108,-71.27004629999999,"Andrés Juliá Vicens, La Serena, Coquimbo, Chile",google
DE COQUIMBO,ELQUI,COQUIMBO,COLEGIO RAKIDUAM,-29.96642,-71.3100011,"Colegio Rakiduam, Las Industrias, Condominio Valle La Cantera, Peñuelas Bajo, Coquimbo, Provincia de Elqui, Región de Coquimbo, 1800016, Chile",nominatim
DE COQUIMBO,ELQUI,COQUIMBO,COLEGIO SAINT MARY SCHOOL,-29.9450369,-71.2476377,"Saint Mary School, 4741, Apóstol Santiago, Condominio Los Arrayanes, El Milagro, La Serena, Provincia de Elqui, Región de Coquimbo, 1721411, Chile",nominatim
DE COQUIMBO,ELQUI,COQUIMBO,COLEGIO SANTA CECILIA,-29.9536506,-71.3432573,"Colegio Santa Cecilia, 1100, José Manuel Borgoño, Parte Alta, Coquimbo, Provincia de Elqui, Región de Coquimbo, 1790437, Chile",nominatim
DE COQUIMBO,ELQUI,COQUIMBO,COLEGIO SANTA FAMILIA,-29.9903195,-71.3340672,"Colegio Santa Familia, César Vallejos, Villa San Francisco, Punta Mira, Coquimbo, Provincia de Elqui, Región de Coquimbo, 1790437, Chile",nominatim
DE COQUIMBO,ELQUI,COQUIMBO,ESCUELA BASICA DAVID LEON TAPIA,-30.2633945,-71.4897691,"Escuela Basica David León Tapia, 210, Federico Silva, Tongoy, Coquimbo, Provincia de Elqui, Región de Coquimbo, Chile",nominatim
DE COQUIMBO,ELQUI,COQUIMBO,ESCUELA BASICA MANUEL DE SALAS,-29.9591432,-71.33909249999999,"Coquimbo, Chile",google
DE COQUIMBO,ELQUI,COQUIMBO,ESCUELA BASICA MARIO MUÑOZ SILVA,-29.9672962,-71.327643,"Miraflores 750, Coquimbo, Chile",google
DE COQUIMBO,ELQUI,COQUIMBO,ESCUELA BASICA REPUBLICA DE ITALIA,-29.9561694,-71.2477519,"Luis Torres Araya 2026, Coquimbo, Chile",google
DE COQUIMBO,ELQUI,COQUIMBO,ESCUELA CARDENAL JOSE MARIA CARO,-29.9683448,-71.3393779,"Escuela Cardenal Jose Maria Caro, 701, Cardenal Caro, Loteo Guayacancito, Las Torres, Coquimbo, Provincia de Elqui, Región de Coquimbo, 1790437, Chile",nominatim
DE COQUIMBO,ELQUI,COQUIMBO,ESCUELA DE PEÑUELAS,-29.9397596,-71.2620649,"Escuela Esp. Los Pensamientos de Juan XXIII, 4320, Avenida José Manuel Balmaceda, Villa La Playa, La Pampa, La Serena, Provincia de Elqui, Región de Coquimbo, 1720700, Chile",nominatim
DE COQUIMBO,ELQUI,COQUIMBO,ESCUELA DIEGO DE ALMEYDA,-29.9595663,-71.2508135,"Colegio Diego De Almeyda, Santiago, Balcones de Peñuelas, Tierras Blancas, Coquimbo, Provincia de Elqui, Región de Coquimbo, 1721411, Chile",nominatim
DE COQUIMBO,ELQUI,COQUIMBO,ESCUELA LUCILA GODOY ALCAYAGA,-29.9738915,-71.2992984,"Escuela Lucila Godoy Alcayaga, Su Santidad Paulo VI, Loteo La Cantera, La Cantera, Coquimbo, Provincia de Elqui, Región de Coquimbo, 1800016, Chile",nominatim
DE COQUIMBO,ELQUI,COQUIMBO,ESCUELA SAN RAFAEL,-30.0106451,-71.2565146,"Escuela San Rafael, Camino Ovalle La Serena, Dos de Julio, El Carmen, Coquimbo, Provincia de Elqui, Región de Coquimbo, Chile",nominatim
DE COQUIMBO,ELQUI,COQUIMBO,ESCUELA SANTO TOMAS DE AQUINO,-29.9622116,-71.2540968,"Escuela Santo Tomás De Aquino, 1099, Avenida Talca, Portal de San Ramón, Tierras Blancas, Coquimbo, Provincia de Elqui, Región de Coquimbo, 1720700, Chile",nominatim
DE COQUIMBO,ELQUI,COQUIMBO,INSTITUTO DE ADMINISTRACION Y COMERCIO ESTADO DE ISRAEL,-29.9708664,-71.3253818,"Instituto de Administración y Comercio Estado de Israel, Felipe Aceituno, Las Encinas, San Juan, Coquimbo, Provincia de Elqui, Región de Coquimbo, 1790437, Chile",nominatim
DE COQUIMBO,ELQUI,COQUIMBO,INSTITUTO SUPERIOR DE COMERCIO DE COQUIMBO,-29.9607805,-71.3405403,"Instituto Superior de Comercio, 367, Doctor Marín, Villa Dominante, Parte Alta, Coquimbo, Provincia de Elqui, Región de Coquimbo, 1790437, Chile",nominatim
DE COQUIMBO,ELQUI,COQUIMBO,LICEO DE CIENCIAS Y HUMANIDADES SAN JOSEMARIA ESCRIVA DE BA,-29.9591432,-71.33909249999999,"Coquimbo, Chile",google
DE COQUIMBO,ELQUI,COQUIMBO,LICEO DIEGO PORTALES,-29.9527964,-71.3364607,"Liceo Diego Portales, Avenida Francisco Varela, Parte Alta, Coquimbo, Provincia de Elqui, Región de Coquimbo, 1790437, Chile",nominatim
DE COQUIMBO,ELQUI,COQUIMBO,LICEO FERNANDO BINVIGNAT MARIN,-29.9634601,-71.2542426,"Liceo Fernando Binvignat Marín, Arauco, Portal de San Ramón, Tierras Blancas, Coquimbo, Provincia de Elqui, Región de Coquimbo, 1720700, Chile",nominatim
DE COQUIMBO,ELQUI,COQUIMBO,LICEO INDUSTRIAL JOSE TOMAS DE URMENETA,-29.9650355,-71.3457737,"Liceo Industrial José Tomas de Urmeneta, 1000, Avenida Bernardo Ossandón, Guayacán, Coquimbo, Provincia de Elqui, Región de Coquimbo, 1790437, Chile",nominatim
DE COQUIMBO,ELQUI,LA HIGUERA,ESCUELA BASICA PEDRO PABLO MUÑOZ,-29.5141791,-71.2046802,"Pedro Pablo Muñoz, La Higuera, Coquimbo, Chile",google
DE COQUIMBO,ELQUI,LA SERENA,C.P. LA SERENA,-29.9309461,-71.2591372,"Avenida José Manuel Balmaceda, Población Víctor Domingo Silva, La Pampa, La Serena, Provincia de Elqui, Región de Coquimbo, 1711000, Chile",nominatim
DE COQUIMBO,ELQUI,LA SERENA,COLEGIO ALONSO DE ERCILLA,-29.8757234,-71.2475766,"Escuela Alonso de Ercilla, 2475, Pedro Aguirre Cerda, Las Compañías, La Serena, Provincia de Elqui, Región de Coquimbo, 1732400, Chile",nominatim
DE COQUIMBO,ELQUI,LA SERENA,COLEGIO ARTURO PRAT CHACON,-29.8788724,-71.2406854,"Colegio Arturo Prat Chacón, 2800, Enrique Campino, Las Compañías, La Serena, Provincia de Elqui, Región de Coquimbo, 1732400, Chile",nominatim
DE COQUIMBO,ELQUI,LA SERENA,COLEGIO CALETA SAN PEDRO,-29.878917,-71.2711236,"Colegio Caleta San Pedro, 236, Avenida Pacífico, Loteo San Pedro del Mar, Caleta San Pedro, La Serena, Provincia de Elqui, Región de Coquimbo, 1700900, Chile",nominatim
DE COQUIMBO,ELQUI,LA SERENA,COLEGIO CHRIST SCHOOL,-29.8715819,-71.2330898,"Colegio Christ School, 3296, Circunvalación Monjitas Oriente, Villa El Toqui, Villa Alemania, Las Compañías, La Serena, Provincia de Elqui, Región de Coquimbo, 1732400, Chile",nominatim
DE COQUIMBO,ELQUI,LA SERENA,COLEGIO EL ROMERO,-29.8913634,-71.1437628,"Colegio El Romero G-30, Ruta D-255, Cajón del Romero Alto, Lambert, La Serena, Provincia de Elqui, Región de Coquimbo, Chile",nominatim
DE COQUIMBO,ELQUI,LA SERENA,COLEGIO FRANCISCO PALAU,-29.9453014,-71.2610701,"Escuela Francisco Palau, Vista Toscana II, Villa Toscana, La Serena, Provincia de Elqui, Región de Coquimbo, 1720700, Chile",nominatim
DE COQUIMBO,ELQUI,LA SERENA,COLEGIO GABRIEL GONZALEZ VIDELA,-29.8976902,-71.2530543,"Liceo Gabriel González Videla, Pedro Pablo Muñoz, Mermasol, La Serena, Provincia de Elqui, Región de Coquimbo, 1700900, Chile",nominatim
DE COQUIMBO,ELQUI,LA SERENA,COLEGIO HEROES DE LA CONCEPCION,-29.9069039,-71.2554757,"Colegio Héroes de la Concepción, 180, Juan de Dios Pení, Barrio Andrés Bello, La Serena, Provincia de Elqui, Región de Coquimbo, 1800798, Chile",nominatim
DE COQUIMBO,ELQUI,LA SERENA,COLEGIO JOSE MANUEL BALMACEDA,-29.920065,-71.2515158,"Colegio José Manuel Balmaceda, 1970, Larraín Alcalde, Villa Covital, La Pampa, La Serena, Provincia de Elqui, Región de Coquimbo, 1720468, Chile",nominatim
DE COQUIMBO,ELQUI,LA SERENA,COLEGIO JOSE MIGUEL CARRERA,-29.9427744,-71.2634384,"Escuela José Miguel Carrera, Los Papayos, Villa San Luis, La Pampa, La Serena, Provincia de Elqui, Región de Coquimbo, 1720700, Chile",nominatim
DE COQUIMBO,ELQUI,LA SERENA,COLEGIO MARIA EDUCA SEDE ARAUCO,-29.9227787,-71.2122512,"Av. Las Parcelas 1040, 1700835 La Serena, Coquimbo, Chile",google
DE COQUIMBO,ELQUI,LA SERENA,COLEGIO MARIA EDUCA SEDE LAS PARCELAS,-29.9227787,-71.2122512,"Av. Las Parcelas 1040, 1700835 La Serena, Coquimbo, Chile",google
DE COQUIMBO,ELQUI,LA SERENA,COLEGIO PEDRO AGUIRRE CERDA,-29.9127451,-71.2206772,"Colegio Pedro Aguirre Cerda, 501, Avenida Colo Colo, Pedro Aguirre Cerda, La Antena, La Serena, Provincia de Elqui, Región de Coquimbo, 1700000, Chile",nominatim
DE COQUIMBO,ELQUI,LA SERENA,COLEGIO SAINT MARY,-29.9450369,-71.2476377,"Saint Mary School, 4741, Apóstol Santiago, Condominio Los Arrayanes, El Milagro, La Serena, Provincia de Elqui, Región de Coquimbo, 1721411, Chile",nominatim
DE COQUIMBO,ELQUI,LA SERENA,COLEGIO SAN FRANCISCO COLL,-29.8788649,-71.2459122,"Colegio San Francisco Coll, 2402, Guatemala, Villa San Bartolomé, Las Compañías, La Serena, Provincia de Elqui, Región de Coquimbo, 1732400, Chile",nominatim
DE COQUIMBO,ELQUI,LA SERENA,COLEGIO SAN JOAQUIN,-29.928951,-71.2459628,"Colegio San Joaquín, 2629, Avenida Gabriela Mistral, Condominio Parque de los Reyes, San Joaquín, La Serena, Provincia de Elqui, Región de Coquimbo, 1721870, Chile",nominatim
DE COQUIMBO,ELQUI,LA SERENA,COLEGIO VICTOR DOMINGO SILVA,-29.9319461,-71.2503477,"Colegio Victor Domingo Silva, 3240, Avenida Juan Cisternas, Villa Vista Hermosa, La Pampa, La Serena, Provincia de Elqui, Región de Coquimbo, 1721870, Chile",nominatim
DE COQUIMBO,ELQUI,LA SERENA,ESCUELA DE SATURNO,-29.9732363,-71.0892403,"Escuela Saturno, Pablo Neruda, Gabriela Mistral, La Serena, Provincia de Elqui, Región de Coquimbo, Chile",nominatim
DE COQUIMBO,ELQUI,LA SERENA,ESCUELA PARTICULAR TERESA VIDELA DE GONZALEZ,-29.9245476,-71.256761,"Av. Balmaceda 2526, 1710462 La Serena, Coquimbo, Chile",google
DE COQUIMBO,ELQUI,LA SERENA,GIMNASIO POLIDEPORTIVO LAS COMPAÑIAS,-29.8713992,-71.24382159999999,"La Serena, Coquimbo, Chile",google
DE COQUIMBO,ELQUI,LA SERENA,LICEO GABRIELA MISTRAL DE LA SERENA,-29.9036111,-71.2450962,"Liceo Gabriela Mistral, 560, Benavente, Barrio Padres Capuchinos, La Serena, Provincia de Elqui, Región de Coquimbo, 1800798, Chile",nominatim
DE COQUIMBO,ELQUI,LA SERENA,LICEO GREGORIO CORDOVEZ,-29.9024899,-71.2434883,"Liceo Gregorio Cordovez, 940, Gandarillas, Barrio Padres Capuchinos, La Serena, Provincia de Elqui, Región de Coquimbo, 1800798, Chile",nominatim
DE COQUIMBO,ELQUI,LA SERENA,LICEO JORGE ALESSANDRI RODRIGUEZ,-29.8864911,-71.2313278,"Liceo Jorge Alessandri Rodríguez, 1722, La Cruz, Villa Lambert, Villa El Parque, Las Compañías, La Serena, Provincia de Elqui, Región de Coquimbo, 1732400, Chile",nominatim
DE COQUIMBO,ELQUI,LA SERENA,LICEO TECNICO MARTA BRUNET,-29.9062796,-71.2538017,"Liceo Técnico Marta Brunet, 261, Avenida Francisco de Aguirre, Barrio Andrés Bello, La Serena, Provincia de Elqui, Región de Coquimbo, 1800798, Chile",nominatim
DE COQUIMBO,ELQUI,PAIHUANO,LICEO MISTRALIANO,-30.0277138,-70.5186224,"Paihuano, Paiguano, Coquimbo, Chile",google
DE COQUIMBO,ELQUI,VICUÑA,COLEGIO ANTONIO VARAS,-30.0329032,-70.7073934,"Colegio Antonio Varas, 392, Baquedano, Población Gabriela Mistral, Vicuña, Provincia de Elqui, Región de Coquimbo, 1760000, Chile",nominatim
DE COQUIMBO,ELQUI,VICUÑA,ESCUELA BASICA LUCILA GODOY ALCAYAGA,-30.0326535,-70.7105972,"José Miguel Carrera 354, 1760000 Vicuña, Coquimbo, Chile",google
DE COQUIMBO,ELQUI,VICUÑA,LICEO CARLOS ROBERTO MONDACA CORTES,-30.0334332,-70.7090229,"Liceo Carlos Roberto Mondaca Cortes, 617, Gabriela Mistral, Población O'Higgins, Vicuña, Provincia de Elqui, Región de Coquimbo, 1760000, Chile",nominatim
DE COQUIMBO,LIMARI,COMBARBALA,ESCUELA BASICA AMERICA,-31.1749947,-71.0004041,"Alonso de Ercilla 144, 1890323 Combarbala, Combarbalá, Coquimbo, Chile",google
DE COQUIMBO,LIMARI,COMBARBALA,ESCUELA BASICA JUANITA FERNANDEZ SOLAR,-31.0919939,-70.9569212,"W25V+66, Cogoti, Combarbalá, Coquimbo, Chile",google
DE COQUIMBO,LIMARI,COMBARBALA,LICEO SAMUEL ROMAN ROJAS,-31.1780209,-71.0002607,"Av. Ote. 515, Combarbala, Combarbalá, Coquimbo, Chile",google
DE COQUIMBO,LIMARI,MONTE PATRIA,COLEGIO CERRO GUAYAQUIL,-30.686406,-70.9604429,"Colegio Cerro Guayaquil, Nueva Esperanza, Peralito Antiguo, Monte Patria, Provincia de Limarí, Región de Coquimbo, 1880000, Chile",nominatim
DE COQUIMBO,LIMARI,MONTE PATRIA,COLEGIO REPUBLICA DE CHILE,-30.693722,-70.957811,"Colegio República de Chile, 40, Plaza de Armas, Monte Patria, Provincia de Limarí, Región de Coquimbo, 1880000, Chile",nominatim
DE COQUIMBO,LIMARI,MONTE PATRIA,COLEGIO RIO GRANDE,-30.8548534,-70.7713046,"D-597 501, Monte Patria, Coquimbo, Chile",google
DE COQUIMBO,LIMARI,MONTE PATRIA,ESCUELA ALEJANDRO CHELEN ROJAS,-30.8801281,-71.0110241,"1880098 Monte Patria, Coquimbo, Chile",google
DE COQUIMBO,LIMARI,MONTE PATRIA,ESCUELA BASICA WENCESLAO VARGAS,-30.6917265,-70.961631,"Monte Patria, Coquimbo, Chile",google
DE COQUIMBO,LIMARI,MONTE PATRIA,ESCUELA EL PALQUI,-30.7705445,-70.9443673,"Escuela D-233 El Palqui, Ruta D-55, El Palqui, Monte Patria, Provincia de Limarí, Región de Coquimbo, Chile",nominatim
DE COQUIMBO,LIMARI,OVALLE,COLEGIO DE ADMINISTRACION Y COMERCIO EL INGENIO,-30.5813337,-71.19314630000001,"C. Arquitecto Pedro Broquedis 733, 1842646 Ovalle, Coquimbo, Chile",google
DE COQUIMBO,LIMARI,OVALLE,COLEGIO RAUL SILVA HENRIQUEZ,-30.5891713,-71.1853499,"Av. Tuqui 1255, 1841306 Ovalle, Coquimbo, Chile",google
DE COQUIMBO,LIMARI,OVALLE,ESCUELA ANTONIO TIRADO LANAS,-30.6020387,-71.1902457,"Escuela Antonio tirado Lanas, 594, Colo Colo, Villa El Sauce, Ovalle, Provincia de Limarí, Región de Coquimbo, 1840612, Chile",nominatim
DE COQUIMBO,LIMARI,OVALLE,ESCUELA ARTURO VILLALON SIEULANNE,-30.5805893,-71.4096598,"Escuela Arturo Villalón Sieulanne, 93, Teodosio Cuadros, Cerrillos de Tamaya, Ovalle, Provincia de Limarí, Región de Coquimbo, Chile",nominatim
DE COQUIMBO,LIMARI,OVALLE,ESCUELA BARRAZA BAJO,-30.6679746,-71.5004119,"Escuela Barraza Bajo, Ruta D-5651, Barraza Bajo, Ovalle, Provincia de Limarí, Región de Coquimbo, Chile",nominatim
DE COQUIMBO,LIMARI,OVALLE,ESCUELA BASICA BERNARDO O'HIGGINS RIQUELME,-30.6042353,-71.1969445,"Ovalle, Coquimbo, Chile",google
DE COQUIMBO,LIMARI,OVALLE,ESCUELA BASICA JOSE TOMAS OVALLE B.,-30.6024464,-71.2104214,"Lord Cochrane 780, Ovalle, Coquimbo, Chile",google
DE COQUIMBO,LIMARI,OVALLE,ESCUELA BASICA OSCAR ARAYA MOLINA,-30.597886,-71.2094395,"Escuela Basica Oscar Araya Molina, 562, Soldado Sánchez, Norte Verde, Ovalle, Provincia de Limarí, Región de Coquimbo, 1840612, Chile",nominatim
DE COQUIMBO,LIMARI,OVALLE,ESCUELA DE ARTES Y MUSICA,-30.6016491,-71.19203840000002,"Ovalle, Coquimbo, Chile",google
DE COQUIMBO,LIMARI,OVALLE,ESCUELA GUARDIAMARINA ERNESTO RIQUELME V,-30.5960963,-71.19075959999999,"Carlos Condell 201, 1841137 Ovalle, Coquimbo, Chile",google
DE COQUIMBO,LIMARI,OVALLE,ESCUELA HEBERTO VELAZQUEZ VELAZQUEZ,-30.5905927,-71.2034082,"Humberto Araya, Ovalle, Coquimbo, Chile",google
DE COQUIMBO,LIMARI,OVALLE,ESCUELA PADRE JOSEPH BENEDIKT STEGMEIER,-30.6296807,-71.1234894,"Escuela Padre Joséph Benedikt Stegmeier, 30, Pedro Aguirre Cerda, Sotaquí, Ovalle, Provincia de Limarí, Región de Coquimbo, Chile",nominatim
DE COQUIMBO,LIMARI,OVALLE,ESTADIO DIAGUITA,-30.6094609,-71.205838,"La Chimba 522, Ovalle, Coquimbo, Chile",google
DE COQUIMBO,LIMARI,OVALLE,LICEO ALEJANDRO ALVAREZ JOFRE,-30.6022532,-71.2037323,"Liceo - Alejandro Alvarez Jofre, Libertad, Villa Magisterio, Ovalle, Provincia de Limarí, Región de Coquimbo, 1840612, Chile",nominatim
DE COQUIMBO,LIMARI,OVALLE,LICEO POLITECNICO DE OVALLE,-30.5987371,-71.2059073,"Liceo Politecnico de Ovalle, 451, Lord Cochrane, Padre Damián Heredia Stecher, Ovalle, Provincia de Limarí, Región de Coquimbo, 1840000, Chile",nominatim
DE COQUIMBO,LIMARI,PUNITAQUI,LICEO ALBERTO GALLARDO LORCA,-30.8335078,-71.2550187,"Liceo Alberto Gallardo Lorca, Carlos Galleguillos, Los Supilocos, Punitaqui, Provincia de Limarí, Región de Coquimbo, Chile",nominatim
DE COQUIMBO,LIMARI,RIO HURTADO,COLEGIO PICHASCA,-30.3939554,-70.8714925,"J43H+XJ, Pichasca, Río Hurtado, Coquimbo, Chile",google
DE COQUIMBO,LIMARI,RIO HURTADO,ESCUELA BASICA AMANECER,-30.2784528,-70.6765948,"Río Hurtado, Coquimbo, Chile",google
DE COQUIMBO,LIMARI,RIO HURTADO,SALON DE EVENTOS MUNICIPAL,-30.2784528,-70.6765948,"Río Hurtado, Coquimbo, Chile",google
DE LA ARAUCANIA,CAUTIN,CARAHUE,COMPLEJO EDUCACIONAL PUBLICO DARIO SALAS DIAZ,-38.7089709,-73.1408327,"S-40, Carahue, Araucanía, Chile",google
DE LA ARAUCANIA,CAUTIN,CARAHUE,ESCUELA PUBLICA KIM RUKA PABELLON A,-38.7103784,-73.1572743,"Manuel Bulnes 250, Carahue, Araucanía, Chile",google
DE LA ARAUCANIA,CAUTIN,CARAHUE,ESCUELA PUBLICA KIM RUKA PABELLON B,-38.7106381,-73.15593419999999,"Carahue, Araucania, Chile",google
DE LA ARAUCANIA,CAUTIN,CARAHUE,ESCUELA PUBLICA NEHUENTUE,-38.744911,-73.4118121,"Escuela Pública de Nehuentúe, Arturo Prat, Comunidad Lircay, Nehuentúe, Carahue, Provincia de Cautín, Región de la Araucanía, Chile",nominatim
DE LA ARAUCANIA,CAUTIN,CARAHUE,ESCUELA PUBLICA TRANAPUENTE,-38.7105483,-73.16257310000002,"Carahue, Araucania, Chile",google
DE LA ARAUCANIA,CAUTIN,CARAHUE,LICEO BICENTENARIO CLAUDIO ARRAU LEON,-38.7128965,-73.1602221,"Almagro, 5010125 Carahue, Araucanía, Chile",google
DE LA ARAUCANIA,CAUTIN,CARAHUE,LICEO PUBLICO TROVOLHUE,-38.63006499999999,-73.3168867,"Trovolhue, Carahue, Araucanía, Chile",google
DE LA ARAUCANIA,CAUTIN,CHOLCHOL,LICEO AGRICOLA CHOLCHOL,-38.6012178,-72.8502636,"Liceo Agrícola De Cholchol, 389, Teodoro Schmidt, La Dehesa, Los Aromos, Cholchol, Provincia de Cautín, Región de la Araucanía, Chile",nominatim
DE LA ARAUCANIA,CAUTIN,CHOLCHOL,LICEO BICENTENARIO JAMES MUNDELL,-38.60689199999999,-72.8441273,"Cholchol, Araucania, Chile",google
DE LA ARAUCANIA,CAUTIN,CHOLCHOL,LICEO SAN FRANCISCO DE ASIS,-38.60219960000001,-72.8451645,"Cholchol, Araucania, Chile",google
DE LA ARAUCANIA,CAUTIN,CUNCO,COLEGIO JUAN PABLO II,-38.9305296,-72.0182033,"Cunco, Araucania, Chile",google
DE LA ARAUCANIA,CAUTIN,CUNCO,ESCUELA HERMANO LEOVIGILDO KLEY,-38.92957,-72.0204945,"Vigilda Kley, 4890297 Cunco, Araucanía, Chile",google
DE LA ARAUCANIA,CAUTIN,CUNCO,ESCUELA LAS HORTENSIAS,-38.9422787,-72.1524748,"Escuela Las Hortensias, Camino Freire a Cunco, Las Hortensias, Cunco, Provincia de Cautín, Región de la Araucanía, Chile",nominatim
DE LA ARAUCANIA,CAUTIN,CUNCO,ESCUELA MUNICIPAL QUECHUREHUE,-38.9977012,-72.0479008,"Quecherehue, Chihuilaf, Cunco, Araucanía, Chile",google
DE LA ARAUCANIA,CAUTIN,CUNCO,ESCUELA PARTICULAR LA DEHESA,-38.9451767,-72.0385534,"Escuela Particular La Dehesa, René Manuel García, Escritores de Chile, Cunco, Provincia de Cautín, Región de la Araucanía, Chile",nominatim
DE LA ARAUCANIA,CAUTIN,CUNCO,ESCUELA PARTICULAR N° 19 PADRE BERNABE,-38.9299192,-72.0223824,"Padre Bernabé, Cunco, Araucanía, Chile",google
DE LA ARAUCANIA,CAUTIN,CUNCO,LICEO ARTURO VALENZUELA,-38.9883693,-72.2461904,"Liceo Arturo Valenzuela, 521, Vicente Adrián, Los Laureles, Cunco, Provincia de Cautín, Región de la Araucanía, Chile",nominatim
DE LA ARAUCANIA,CAUTIN,CUNCO,LICEO MUNICIPAL ATENEA,-38.9324129,-72.0309019,"4890583 Cunco, Araucania, Chile",google
DE LA ARAUCANIA,CAUTIN,CURARREHUE,COMPLEJO EDUCACIONAL MONSEÑOR FRANCISCO VALDES SUBERCASEAUX,-39.3584197,-71.58957,"Complejo Educacional Monseñor Francisco Valdés Subercaseaux Educación Básica, 490, Bernardo O'Higgins, Curarrehue, Provincia de Cautín, Región de la Araucanía, Chile",nominatim
DE LA ARAUCANIA,CAUTIN,CURARREHUE,COMPLEJO EDUCACIONAL RUKA NGEN,-39.3590045,-71.5891297,"Complejo Educacional Curarrehue Ruka Ngen, 504, Bernardo O'Higgins, Curarrehue, Provincia de Cautín, Región de la Araucanía, Chile",nominatim
DE LA ARAUCANIA,CAUTIN,CURARREHUE,ESCUELA JERONIMO NECULPAN,-39.2156343,-71.4313708,"Escuela Jeronimo Neculpan, Ruta S-965, Maite Alto, Curarrehue, Provincia de Cautín, Región de la Araucanía, Chile",nominatim
DE LA ARAUCANIA,CAUTIN,CURARREHUE,ESCUELA PARTICULAR N° 2 CATRIPULLI,-39.3595618,-71.7074921,"Catripulli, Curarrehue, Araucanía, Chile",google
DE LA ARAUCANIA,CAUTIN,FREIRE,COLEGIO SANTA CRUZ DE FREIRE,-38.9538115,-72.6266649,"Colegio Santa Cruz, 525, Avenida Juan Schleyer, Sendero del Águila III, Freire, Provincia de Cautín, Región de la Araucanía, Chile",nominatim
DE LA ARAUCANIA,CAUTIN,FREIRE,ESCUELA BASICA QUETROCO,-39.014355,-72.4407443,"Escuela Básica Quetroco, Ruta S-479, Comunidad Benancio Llangao, Freire, Provincia de Cautín, Región de la Araucanía, Chile",nominatim
DE LA ARAUCANIA,CAUTIN,FREIRE,ESCUELA G-582 COIPUE,-39.079616,-72.4447019,"Coipue, Freire, Araucanía, Chile",google
DE LA ARAUCANIA,CAUTIN,FREIRE,ESCUELA JUAN SEGUEL,-38.9580019,-72.626596,"Escuela Juan Seguel (Anexo), Arturo Prat, Sendero del Águila III, Freire, Provincia de Cautín, Región de la Araucanía, Chile",nominatim
DE LA ARAUCANIA,CAUTIN,FREIRE,ESCUELA JUAN SEGUEL ANEXO,-38.9580019,-72.626596,"Escuela Juan Seguel (Anexo), Arturo Prat, Sendero del Águila III, Freire, Provincia de Cautín, Región de la Araucanía, Chile",nominatim
DE LA ARAUCANIA,CAUTIN,FREIRE,ESCUELA LA ESPERANZA,-38.9859475,-72.3929889,"Escuela La Esperanza, Arturo Prat, Población Francisco Huentru, Comunidad Curihuinca Romero, Radal, Freire, Provincia de Cautín, Región de la Araucanía, Chile",nominatim
DE LA ARAUCANIA,CAUTIN,FREIRE,ESCUELA PARTICULAR ARTURO PRAT,-38.8692133,-72.6127088,"Escuela Particular Arturo Prat, 356, Carlos Condell, Villa Quepe, Quepe, Freire, Provincia de Cautín, Región de la Araucanía, Chile",nominatim
DE LA ARAUCANIA,CAUTIN,FREIRE,ESCUELA RAIMAPU,-38.8716467,-72.6122071,"Escuela Raimapu, 483, Carlos Condell, Villa La Esperanza, Huilquilco, Quepe, Freire, Provincia de Cautín, Región de la Araucanía, Chile",nominatim
DE LA ARAUCANIA,CAUTIN,FREIRE,ESCUELA SAN MANUEL DE LOLEN N° 330,-38.9572548,-72.62774619999999,"Freire, Araucania, Chile",google
DE LA ARAUCANIA,CAUTIN,FREIRE,LICEO BICENTENARIO JUAN SCHLEYER,-38.9524799,-72.6253844,"Av. Juan Schleyer, Freire, Araucanía, Chile",google
DE LA ARAUCANIA,CAUTIN,GALVARINO,ESCUELA MUNICIPAL GABRIELA MISTRAL,-38.4113398,-72.7869766,"Fresia, 5030038 Galvarino, Araucanía, Chile",google
DE LA ARAUCANIA,CAUTIN,GALVARINO,ESCUELA MUNICIPAL RIO QUILLEM,-38.4138243,-72.77743939999999,"Caupolicán 55, Galvarino, Araucanía, Chile",google
DE LA ARAUCANIA,CAUTIN,GALVARINO,LICEO TECNICO PROFESIONAL JUAN PABLO II,-38.415566,-72.781407,"Liceo Técnico Profesional Juan Pablo II, Avenida Independencia, Sector Liceo, Galvarino, Provincia de Cautín, Región de la Araucanía, 5030000, Chile",nominatim
DE LA ARAUCANIA,CAUTIN,GORBEA,COMPLEJO EDUCACIONAL JOSE VICTORINO LASTARRIA,-39.1082246,-72.6770634,"José Victorino Lastarria, Gorbea, Araucanía, Chile",google
DE LA ARAUCANIA,CAUTIN,GORBEA,ESCUELA BASICA CINCO,-39.1030051,-72.6771471,"Escuela Basica Cinco, 399, Blanco Encalada, Villa Estadio, Gorbea, Provincia de Cautín, Región de la Araucanía, Chile",nominatim
DE LA ARAUCANIA,CAUTIN,GORBEA,ESCUELA BASICA LICARAYEN,-39.156519,-72.6591191,"Escuela Basica Licarayén, 800, José Miguel Carrera, Villa Las Rosas, Gorbea, Provincia de Cautín, Región de la Araucanía, Chile",nominatim
DE LA ARAUCANIA,CAUTIN,GORBEA,ESCUELA BASICA LOS PERALES,-39.0970064,-72.6897718,"Escuela Básica Los Perales, 0575, Manuel Bulnes, Población Los Cerezos, Gorbea, Provincia de Cautín, Región de la Araucanía, Chile",nominatim
DE LA ARAUCANIA,CAUTIN,GORBEA,ESCUELA PRESBITERO JOSE AGUSTIN GOMEZ,-39.1027041,-72.6699705,"Escuela Presbitero José Agustín Gómez, 951, Blanco Encalada, Condominio Las Raíces, Gorbea, Provincia de Cautín, Región de la Araucanía, Chile",nominatim
DE LA ARAUCANIA,CAUTIN,GORBEA,LICEO BICENTENARIO ANDRES ANTONIO GORBEA,-39.1068678,-72.6781087,"Dario Salas 1010, 4960015 Gorbea, Araucanía, Chile",google
DE LA ARAUCANIA,CAUTIN,LAUTARO,ESCUELA BASICA AMELIA GODOY PEÑA,-38.5401858,-72.437533,"Arturo Prat, Lautaro, Araucanía, Chile",google
DE LA ARAUCANIA,CAUTIN,LAUTARO,ESCUELA BASICA NUMERO 1 LOS CACHORROS,-38.5471598,-72.4386769,"Uno Ote., Lautaro, Araucanía, Chile",google
DE LA ARAUCANIA,CAUTIN,LAUTARO,ESCUELA BASICA NUMERO SEIS,-38.5478518,-72.4395021,"6 Sur, Lautaro, Araucanía, Chile",google
DE LA ARAUCANIA,CAUTIN,LAUTARO,ESCUELA IRENE FREI,-38.5203076,-72.4364364,"Escuela Irene Frei, 0125, San Martín, Villa Los Arrayanes, Lautaro, Provincia de Cautín, Región de la Araucanía, 4860000, Chile",nominatim
DE LA ARAUCANIA,CAUTIN,LAUTARO,ESCUELA PARTICULAR CORAZON DE JESUS,-38.5381796,-72.4224882,"Escuela Particular Corazón de Jesus, 610, Diego Barros Arana, Santa Teresa, Lautaro, Provincia de Cautín, Región de la Araucanía, 4860000, Chile",nominatim
DE LA ARAUCANIA,CAUTIN,LAUTARO,ESCUELA PARTICULAR N° 16 AMANCAY,-38.5346671,-72.435901,"Lautaro, Araucania, Chile",google
DE LA ARAUCANIA,CAUTIN,LAUTARO,ESCUELA PARTICULAR N° 31 SANTA TERESA,-38.5381796,-72.4224882,"Escuela Particular Corazón de Jesus, 610, Diego Barros Arana, Santa Teresa, Lautaro, Provincia de Cautín, Región de la Araucanía, 4860000, Chile",nominatim
DE LA ARAUCANIA,CAUTIN,LAUTARO,ESCUELA PARTICULAR SAN FRANCISCO DE ASIS DE LAUTARO,-38.5309969,-72.4390053,"Escuela Particular San Francisco de Asís, 824, José Manuel Balmaceda, Villa Los Notros, Lautaro, Provincia de Cautín, Región de la Araucanía, 4860000, Chile",nominatim
DE LA ARAUCANIA,CAUTIN,LAUTARO,LICEO BICENTENARIO POLITECNICO EMA ESPINOZA CORREA,-38.5341231,-72.4209099,"San Patricio 500, Lautaro, Araucanía, Chile",google
DE LA ARAUCANIA,CAUTIN,LAUTARO,LICEO JORGE TEILLIER SANDOVAL,-38.5339021,-72.4365444,"Liceo Jorge Teillier Sandoval, 285, Francisco Bilbao, Población Militar, Lautaro, Provincia de Cautín, Región de la Araucanía, 4860000, Chile",nominatim
DE LA ARAUCANIA,CAUTIN,LAUTARO,LICEO LOS CASTAÑOS,-38.6371526,-72.4494254,"Liceo Los Castaños C-54, Cautín, Isidoro Burgos, Pillanlelbún, Lautaro, Provincia de Cautín, Región de la Araucanía, Chile",nominatim
DE LA ARAUCANIA,CAUTIN,LONCOCHE,COLEGIO CAMPESTRE RAFAEL POMBO,-39.3817143,-72.5149351,"Colegio Campestre Rafael Pombo, Ruta S-785-T, Paya, Loncoche, Provincia de Cautín, Región de la Araucanía, Chile",nominatim
DE LA ARAUCANIA,CAUTIN,LONCOCHE,COLEGIO SANTA CRUZ DE LONCOCHE,-39.3688228,-72.6318016,"Escuela Santa Cruz, 539, Avenida Barros Arana, Vista Hermosa, Loncoche, Provincia de Cautín, Región de la Araucanía, 4970348, Chile",nominatim
DE LA ARAUCANIA,CAUTIN,LONCOCHE,COMPLEJO EDUCACIONAL JUAN XXIII,-39.2959618,-72.4060895,"Huiscapi, Loncoche, Araucanía, Chile",google
DE LA ARAUCANIA,CAUTIN,LONCOCHE,ESCUELA ALBORADA,-39.370841,-72.6280947,"Escuela Alborada, Arturo Prat, Población Empart, Loncoche, Provincia de Cautín, Región de la Araucanía, 4970348, Chile",nominatim
DE LA ARAUCANIA,CAUTIN,LONCOCHE,ESCUELA ARAUCARIAS,-39.3635918,-72.6337386,"Escuela Araucarias, Martínez de Rozas, Los Copihues, Loncoche, Provincia de Cautín, Región de la Araucanía, 4970348, Chile",nominatim
DE LA ARAUCANIA,CAUTIN,LONCOCHE,ESCUELA DOMITILA PINNA PARRA,-39.4096248,-72.7090501,"Escuela Domitila Pinna Parra, Esmeralda, Comunidad Rancahue, La Paz, Loncoche, Provincia de Cautín, Región de la Araucanía, Chile",nominatim
DE LA ARAUCANIA,CAUTIN,LONCOCHE,LICEO BICENTENARIO PADRE ALBERTO HURTADO CRUCHAGA,-39.3686949,-72.63277719999999,"Loncoche, Araucania, Chile",google
DE LA ARAUCANIA,CAUTIN,LONCOCHE,LICEO BICENTENARIO TECNICO PROFESIONAL ANDRES BELLO,-39.3686949,-72.63277719999999,"Loncoche, Araucania, Chile",google
DE LA ARAUCANIA,CAUTIN,MELIPEUCO,ESCUELA BASICA VOLCAN LLAIMA,-38.8545808,-71.703226,"Volcán Llaima, Melipeuco, Araucanía, Chile",google
DE LA ARAUCANIA,CAUTIN,MELIPEUCO,LICEO LOS ANDES,-38.8539201,-71.6997662,"Liceo Los Andes, 73, Aníbal Pincheira, Comunidad Juan Huenchumán, Melipeuco, Provincia de Cautín, Región de la Araucanía, 4900000, Chile",nominatim
DE LA ARAUCANIA,CAUTIN,NUEVA IMPERIAL,COLEGIO SAN FRANCISCO DE ASIS,-38.7402356,-72.9548095,"Escuela San Francisco de Asis, 230, Juan XXIII, Amador Gutiérrez, Nueva Imperial, Provincia de Cautín, Región de la Araucanía, Chile",nominatim
DE LA ARAUCANIA,CAUTIN,NUEVA IMPERIAL,COLEGIO SAN MARCOS,-38.7407951,-72.9406638,"Colegio San Marcos, 070, Los Avellanos, Vista Hermosa, Nueva Imperial, Provincia de Cautín, Región de la Araucanía, Chile",nominatim
DE LA ARAUCANIA,CAUTIN,NUEVA IMPERIAL,COMPLEJO EDUCACIONAL PRINCIPE DE GALES,-38.7494804,-72.94111769999999,"Av. Juvencio Valle N° 1376, 5020000 Nueva Imperial, Araucanía, Chile",google
DE LA ARAUCANIA,CAUTIN,NUEVA IMPERIAL,ESCUELA 116 ALMAGRO,-38.7662179,-72.9571399,"Escuela Mallearauco, Ruta S-476, Rulo, Nueva Imperial, Provincia de Cautín, Región de la Araucanía, Chile",nominatim
DE LA ARAUCANIA,CAUTIN,NUEVA IMPERIAL,ESCUELA ESPECIAL PUBLICA AVANCEMOS JUNTOS,-38.7480237,-72.9468805,"Escuela Pública Especial Avancemos Juntos, Juan Antonio Concha, Población Diego Portales, Traitraico, Nueva Imperial, Provincia de Cautín, Región de la Araucanía, Chile",nominatim
DE LA ARAUCANIA,CAUTIN,NUEVA IMPERIAL,ESCUELA PARTICULAR N°308 TRANAMIL RULO,-38.7660347,-72.98570819999999,"Nueva Imperial, Araucania, Chile",google
DE LA ARAUCANIA,CAUTIN,NUEVA IMPERIAL,ESCUELA PUBLICA ALEJANDRO GOROSTIAGA,-38.7422843,-72.9555479,"Gorostiaga 31, 5020171 Nueva Imperial, Araucanía, Chile",google
DE LA ARAUCANIA,CAUTIN,NUEVA IMPERIAL,ESCUELA PUBLICA JUAN XXIII,-38.7406675,-72.9515673,"Juan XXIII, Nueva Imperial, Araucanía, Chile",google
DE LA ARAUCANIA,CAUTIN,NUEVA IMPERIAL,ESCUELA PUBLICA REPUBLICA,-38.7533985,-72.9422349,"S-52 992, Nueva Imperial, Araucanía, Chile",google
DE LA ARAUCANIA,CAUTIN,NUEVA IMPERIAL,LICEO BICENTENARIO LUIS GONZALEZ VASQUEZ,-38.7471851,-72.9528052,"Prat 611, 5020949 Nueva Imperial, Araucanía, Chile",google
DE LA ARAUCANIA,CAUTIN,PADRE LAS CASAS,COLEGIO CLARA BRINCEFIELD,-38.7589651,-72.5963527,"Escuela Miss Clara Brincefield, 937, Villa Alegre, Huicha Sur II, Padre Las Casas, Provincia de Cautín, Región de la Araucanía, 4850000, Chile",nominatim
DE LA ARAUCANIA,CAUTIN,PADRE LAS CASAS,COLEGIO HABIT-ART,-38.8680042,-72.3887414,"Colegio Artistico Habit-Art, Santa Margarita, Villa Las Rosas, San Ramón, Padre Las Casas, Provincia de Cautín, Región de la Araucanía, Chile",nominatim
DE LA ARAUCANIA,CAUTIN,PADRE LAS CASAS,COLEGIO ÑIELOL CHE KIMUN,-38.7421474,-72.5252738,"Colegio Ñielol Che Kimun, Ruta S-255, Comunidad Pedro Sandoval, Padre Las Casas, Provincia de Cautín, Región de la Araucanía, Chile",nominatim
DE LA ARAUCANIA,CAUTIN,PADRE LAS CASAS,COLEGIO NUESTRA SEÑORA DEL CARMEN,-38.7576272,-72.5954964,"Colegio Nuestra Señora del Carmen, 936, Villa Alegre, Huicha Sur II, Padre Las Casas, Provincia de Cautín, Región de la Araucanía, 4850000, Chile",nominatim
DE LA ARAUCANIA,CAUTIN,PADRE LAS CASAS,COMPLEJO EDUCACIONAL MAQUEHUE,-38.8293353,-72.6797371,"Complejo Educacional Maquehue, Camino Misión Araucana, Comunidad José Ancavil, Padre Las Casas, Provincia de Cautín, Región de la Araucanía, Chile",nominatim
DE LA ARAUCANIA,CAUTIN,PADRE LAS CASAS,COMPLEJO EDUCACIONAL PADRE LAS CASAS,-38.7610561,-72.5940357,"Complejo Educacional Padre Las Casas, 360, Almirante Barroso, Huicha Sur II, Padre Las Casas, Provincia de Cautín, Región de la Araucanía, 4850000, Chile",nominatim
DE LA ARAUCANIA,CAUTIN,PADRE LAS CASAS,ESCUELA BASICA SAN SEBASTIAN DE MAQUEHUE,-38.7668486,-72.6080558,"Avenida Villa Alegre 2235, 4850249 Padre las Casas, Padre Las Casas, Araucanía, Chile",google
DE LA ARAUCANIA,CAUTIN,PADRE LAS CASAS,ESCUELA COLPANAO,-38.8009947,-72.7464717,"Escuela Colpanao, Camino Laurel Guacho, Comunidad Paillanao Huenchu, Padre Las Casas, Provincia de Cautín, Región de la Araucanía, Chile",nominatim
DE LA ARAUCANIA,CAUTIN,PADRE LAS CASAS,ESCUELA DARIO SALAS,-38.7561774,-72.5929002,"Escuela Darío Salas, 970, Villa Alegre, Huicha Sur II, Padre Las Casas, Provincia de Cautín, Región de la Araucanía, 4850000, Chile",nominatim
DE LA ARAUCANIA,CAUTIN,PADRE LAS CASAS,ESCUELA FRANCISCO QUEREBAN,-38.7923147,-72.602798,"Escuela Francisco Querebán, Camino Padre Las Casas - Pulmahue, Paillanao, Padre Las Casas, Provincia de Cautín, Región de la Araucanía, 4861600, Chile",nominatim
DE LA ARAUCANIA,CAUTIN,PADRE LAS CASAS,ESCUELA LAUREL HUACHO,-38.8145777,-72.81452,"Escuela Laurel Huacho, Camino Laurel Guacho, Comunidad Paillanao Huenchu, Padre Las Casas, Provincia de Cautín, Región de la Araucanía, Chile",nominatim
DE LA ARAUCANIA,CAUTIN,PADRE LAS CASAS,ESCUELA METRENCO F-471,-38.827786,-72.6215246,"S-375, Metrenco, Padre Las Casas, Araucanía, Chile",google
DE LA ARAUCANIA,CAUTIN,PADRE LAS CASAS,ESCUELA MONSEÑOR GUIDO DE RAMBERGA,-38.75861039999999,-72.59339659999999,"Mac Iver 801-899, 4850364 Padre las Casas, Padre Las Casas, Araucanía, Chile",google
DE LA ARAUCANIA,CAUTIN,PADRE LAS CASAS,ESCUELA ÑIRRIMAPU,-38.8014046,-72.6637466,"Escuela Municipal Ñirrimapu, Camino Maquehue - Misión Inglesa, Comunidad Pedro Aniñir, Padre Las Casas, Provincia de Cautín, Región de la Araucanía, Chile",nominatim
DE LA ARAUCANIA,CAUTIN,PADRE LAS CASAS,ESCUELA PADRE BARTOLOME DE LAS CASAS,-38.7646684,-72.5981566,"Escuela Padre Bartolomé de Las Casas, 405, Tomás Guevara, Villa Sor Teresa, Padre Las Casas, Provincia de Cautín, Región de la Araucanía, 4861600, Chile",nominatim
DE LA ARAUCANIA,CAUTIN,PADRE LAS CASAS,ESCUELA PARTICULAR LUIS ISRAEL,-38.7671287,-72.5871398,"Escuela Particular Luis Israel, 1000, Huichahue, Padre Las Casas, Provincia de Cautín, Región de la Araucanía, 4850000, Chile",nominatim
DE LA ARAUCANIA,CAUTIN,PADRE LAS CASAS,ESCUELA PARTICULAR N° 426 TRES CERROS,-38.7708286,-72.5872475,"Tres Cerros, Padre las Casas, Padre Las Casas, Araucanía, Chile",google
DE LA ARAUCANIA,CAUTIN,PADRE LAS CASAS,ESCUELA PARTICULAR SAN BERNARDO,-38.7291491,-72.6158166,"San Bernardo, Temuco, Araucanía, Chile",google
DE LA ARAUCANIA,CAUTIN,PADRE LAS CASAS,ESCUELA PARTICULAR SAN RAFAEL ARCANGEL,-38.7772222,-72.5915374,"San Rafael, Padre las Casas, Padre Las Casas, Araucanía, Chile",google
DE LA ARAUCANIA,CAUTIN,PADRE LAS CASAS,LICEO BICENTENARIO PADRE OSCAR MOSER,-38.7596984,-72.5904807,"Oscar Moser 334-362, Padre las Casas, Padre Las Casas, Araucanía, Chile",google
DE LA ARAUCANIA,CAUTIN,PADRE LAS CASAS,LICEO TECNICO PROFESIONAL FORESTAL PEHUEN,-38.8213313,-72.53896209999999,"Huichahue km, 8, Padre las Casas, Padre Las Casas, Araucanía, Chile",google
DE LA ARAUCANIA,CAUTIN,PADRE LAS CASAS,POLIDEPORTIVO,-38.7737034,-72.5935172,"Centro Polideportivo de Padre Las Casas, Las Avutardas, Pulmahue, Ignacia Ñancuray, Padre Las Casas, Provincia de Cautín, Región de la Araucanía, 4861600, Chile",nominatim
DE LA ARAUCANIA,CAUTIN,PERQUENCO,ESCUELA EDUARDO FREI MONTALVA,-38.4213549,-72.3765758,"Escuela Eduardo Frei Montalva, Arturo Prat Chacón, Villa El Sol, Perquenco, Provincia de Cautín, Región de la Araucanía, Chile",nominatim
DE LA ARAUCANIA,CAUTIN,PERQUENCO,LICEO ISABEL POBLETE VARGAS,-38.4206557,-72.3760967,"Liceo Isabel Poblete Vargas, 21 de Mayo, Villa El Sol, Comunidad Huillipán, Perquenco, Provincia de Cautín, Región de la Araucanía, Chile",nominatim
DE LA ARAUCANIA,CAUTIN,PITRUFQUEN,ESCUELA LAS AMERICAS,-38.9829511,-72.643114,"José Manuel Balmaceda 150 Pitrufquén, 4950000 Araucanía, Pitrufquén, Araucanía, Chile",google
DE LA ARAUCANIA,CAUTIN,PITRUFQUEN,ESCUELA MUNICIPAL LOS GALPONES,-39.02891109999999,-72.798448,"S-70, Pitrufquén, Araucanía, Chile",google
DE LA ARAUCANIA,CAUTIN,PITRUFQUEN,ESCUELA NUEVO HORIZONTE,-39.0870076,-72.4534266,"S-65, Pitrufquén, Araucanía, Chile",google
DE LA ARAUCANIA,CAUTIN,PITRUFQUEN,ESCUELA UNION LATINOAMERICANA,-38.98501340000001,-72.6357973,"Vicuña Mackenna 494, Pitrufquén, Araucanía, Chile",google
DE LA ARAUCANIA,CAUTIN,PITRUFQUEN,LEONARDO DA VINCI SCHOOL,-38.9944757,-72.6241939,"Fco. Bilbao 1720, Pitrufquén, Araucanía, Chile",google
DE LA ARAUCANIA,CAUTIN,PITRUFQUEN,LICEO BICENTENARIO CIENCIAS Y HUMANIDADES,-38.9917208,-72.639937,"Pedro León Gallo 682, 522, Pitrufquén, Araucanía, Chile",google
DE LA ARAUCANIA,CAUTIN,PITRUFQUEN,LICEO BICENTENARIO MONSEÑOR GUILLERMO HARTL,-38.9851553,-72.6483051,"Pitrufquén, Araucania, Chile",google
DE LA ARAUCANIA,CAUTIN,PITRUFQUEN,LICEO MUNICIPAL LA FRONTERA,-38.9864943,-72.6382678,"Pitrufquén, Araucania, Chile",google
DE LA ARAUCANIA,CAUTIN,PUCON,COLEGIO LIAHONA,-39.2789031,-71.9600403,"Cam. Internacional 1525, 4920000 Pucon, Pucón, Araucanía, Chile",google
DE LA ARAUCANIA,CAUTIN,PUCON,COMPLEJO EDUCACIONAL CARLOS HOLZAPFEL,-39.2829835,-71.9639864,"Variante Camino Internacional 970, 4920785 Pucon, Pucón, Araucanía, Chile",google
DE LA ARAUCANIA,CAUTIN,PUCON,COMPLEJO EDUCACIONAL PABLO SEXTO,-39.2782859,-71.9726791,"4920432 Pucón, Araucania, Chile",google
DE LA ARAUCANIA,CAUTIN,PUCON,ESCUELA EL CLARO,-39.2892426,-71.9407622,"Los Calabozos 1-77, Pucon, Pucón, Araucanía, Chile",google
DE LA ARAUCANIA,CAUTIN,PUCON,ESCUELA JOSE MIGUEL MARTINEZ SOTO,-39.3376209,-71.75815779999999,"Pucon, Pucón, Araucanía, Chile",google
DE LA ARAUCANIA,CAUTIN,PUCON,ESCUELA MUNICIPAL CARILEUFU,-39.2381525,-71.82648089999999,"Pucón, Araucania, Chile",google
DE LA ARAUCANIA,CAUTIN,PUCON,ESCUELA MUNICIPAL LOS ARRAYANES,-39.2810888,-71.9404911,"Rio Claro, 4920828 Pucon, Pucón, Araucanía, Chile",google
DE LA ARAUCANIA,CAUTIN,PUCON,ESCUELA NUESTRA SEÑORA DE FATIMA,-39.2746775,-71.9782314,"Lincoyán 123, 4920555 Pucon, Pucón, Araucanía, Chile",google
DE LA ARAUCANIA,CAUTIN,PUCON,ESCUELA PARTICULAR 167 RAMON GUIÑEZ,-39.2806311,-71.97016,"Ramón Guiñez, Pucon, Pucón, Araucanía, Chile",google
DE LA ARAUCANIA,CAUTIN,PUCON,ESCUELA VILLA SAN PEDRO,-39.2667341,-71.7867404,"Pucon, Pucón, Araucanía, Chile",google
DE LA ARAUCANIA,CAUTIN,PUCON,LICEO BICENTENARIO DE HOTELERIA Y TURISMO,-39.277485,-71.965133,"Bernardo O'Higgins 1085, 4920417 Pucon, Pucón, Araucanía, Chile",google
DE LA ARAUCANIA,CAUTIN,SAAVEDRA,ESCUELA PADRE ERNESTO WILHELM,-38.8539552,-73.2433289,"Escuela Padre Ernesto Wilhelm, Camino La Misión - Puente Mellizos, Comunidad Bartolo Rail Tranamil, Saavedra, Provincia de Cautín, Región de la Araucanía, Chile",nominatim
DE LA ARAUCANIA,CAUTIN,SAAVEDRA,ESCUELA PARTICULAR DIEGO PORTALES,-38.7837369,-73.39873589999999,"Saavedra, Araucania, Chile",google
DE LA ARAUCANIA,CAUTIN,SAAVEDRA,ESCUELA PARTICULAR PADRE JUAN WEVERING,-38.7837369,-73.39873589999999,"Saavedra, Araucania, Chile",google
DE LA ARAUCANIA,CAUTIN,SAAVEDRA,ESCUELA PARTICULAR SAN SEBASTIAN,-38.7837369,-73.39873589999999,"Saavedra, Araucania, Chile",google
DE LA ARAUCANIA,CAUTIN,SAAVEDRA,LICEO PUBLICO REINO DE SUECIA,-38.7843101,-73.39773029999999,"Saavedra, Araucania, Chile",google
DE LA ARAUCANIA,CAUTIN,TEMUCO,C.P. DE TEMUCO,-38.7678454,-72.6780287,"Calle Juana Lopez, Barrio Los Fundadores, El Roble, Temuco, Provincia de Cautín, Región de la Araucanía, 4811569, Chile",nominatim
DE LA ARAUCANIA,CAUTIN,TEMUCO,CEIA SELVA SAAVEDRA,-38.7464434,-72.61105359999999,"Millahue 0644, 4811241 Temuco, Araucanía, Chile",google
DE LA ARAUCANIA,CAUTIN,TEMUCO,COLEGIO ADVENTISTA DE TEMUCO SEDE LOS CREADORES,-38.7161268,-72.6539039,"Los Creadores 0280, Temuco, Araucanía, Chile",google
DE LA ARAUCANIA,CAUTIN,TEMUCO,COLEGIO ALEMAN DE TEMUCO,-38.7362016,-72.6144566,"Colegio Alemán de Temuco, 855, Holandesa, Barrio Dreves, Temuco, Provincia de Cautín, Región de la Araucanía, 4801021, Chile",nominatim
DE LA ARAUCANIA,CAUTIN,TEMUCO,COLEGIO ALONSO DE ERCILLA,-38.7200469,-72.5634518,"Escuela Municipal Alonso de Ercilla, 01275, 1 Norte, Villa Alihuén, Temuco, Provincia de Cautín, Región de la Araucanía, 4790839, Chile",nominatim
DE LA ARAUCANIA,CAUTIN,TEMUCO,COLEGIO AUGUSTO WINTER,-38.7134956,-72.5591016,"Colegio Augusto Winter, 01781, Cacique Cheuquellán, Villa Los Copihues, Temuco, Provincia de Cautín, Región de la Araucanía, 4790839, Chile",nominatim
DE LA ARAUCANIA,CAUTIN,TEMUCO,COLEGIO BETANIA,-38.7231727,-72.5769288,"Colegio Betania, 01150, Claudio Vicuña, Villa Olímpica, Temuco, Provincia de Cautín, Región de la Araucanía, 4780764, Chile",nominatim
DE LA ARAUCANIA,CAUTIN,TEMUCO,COLEGIO CENTENARIO,-38.742381,-72.6102977,"Colegio Centenario de Temuco, 0491, León Gallo, Barrio Dreves, Temuco, Provincia de Cautín, Región de la Araucanía, 4811161, Chile",nominatim
DE LA ARAUCANIA,CAUTIN,TEMUCO,COLEGIO CUMBRES DE LABRANZA,-38.7674818,-72.7579034,"Colegio Cumbres de Labranza, 010, 1 Norte, Villa San Cristóbal, Labranza, Temuco, Provincia de Cautín, Región de la Araucanía, Chile",nominatim
DE LA ARAUCANIA,CAUTIN,TEMUCO,COLEGIO DE APLICACION,-38.7147779,-72.6268139,"Colegio de Aplicación, 02220, Colchane, Villa Andina, Comunidad Francisco Huirio Lienan, Temuco, Provincia de Cautín, Región de la Araucanía, 4800601, Chile",nominatim
DE LA ARAUCANIA,CAUTIN,TEMUCO,COLEGIO EMPRENDER ENSEÑANZA MEDIA,-38.7595139,-72.63840549999999,"Milano 2025, 4812286 Temuco, Araucanía, Chile",google
DE LA ARAUCANIA,CAUTIN,TEMUCO,COLEGIO FOR LIFE,-38.7643769,-72.7768543,"Colegio For Life, 01586, La Estancia, Altos de Labranza, Labranza, Temuco, Provincia de Cautín, Región de la Araucanía, Chile",nominatim
DE LA ARAUCANIA,CAUTIN,TEMUCO,COLEGIO INNOV-ARTE,-38.7149975,-72.6546953,"Colegio Innov-Arte, 0123, Avenida Los Fundadores, Nuestra Señora del Carmen 3, Fundo El Carmen, Temuco, Provincia de Cautín, Región de la Araucanía, 4800000, Chile",nominatim
DE LA ARAUCANIA,CAUTIN,TEMUCO,COLEGIO LATINOAMERICANO,-38.7352842,-72.5632954,"Colegio Latinoamericano, República, Villa Los Trovadores, Temuco, Provincia de Cautín, Región de la Araucanía, 4790839, Chile",nominatim
DE LA ARAUCANIA,CAUTIN,TEMUCO,COLEGIO LOS ROBLES DE LABRANZA,-38.7690523,-72.7419707,"Colegio Los Robles, 381, Los Aviones, Brisas de Labranza, Villa Las Islas, Labranza, Temuco, Provincia de Cautín, Región de la Araucanía, Chile",nominatim
DE LA ARAUCANIA,CAUTIN,TEMUCO,COLEGIO MADRE ADMIRABLE DE SCHOENSTATT,-38.7307909,-72.5746327,"Colegio Madre Admirable de Schoenstatt, 1777, Tucapel, Villa Allipén, Temuco, Provincia de Cautín, Región de la Araucanía, 4790839, Chile",nominatim
DE LA ARAUCANIA,CAUTIN,TEMUCO,COLEGIO MANUEL MONTT,-38.7396617,-72.5793944,"Escuela Manuel Montt, 1535, Manuel Montt, Sarita Gajardo, Temuco, Provincia de Cautín, Región de la Araucanía, 4790839, Chile",nominatim
DE LA ARAUCANIA,CAUTIN,TEMUCO,COLEGIO MONTESSORI,-38.7393249,-72.5937498,"Escuela y Liceo Montessori, 652, Lagos, Centro, Temuco, Provincia de Cautín, Región de la Araucanía, 4791250, Chile",nominatim
DE LA ARAUCANIA,CAUTIN,TEMUCO,COLEGIO MUNDO MAGICO,-38.7433381,-72.616849,"Escuela Mundo Mágico, 1450, Uruguay, Villa René Schneider, Temuco, Provincia de Cautín, Región de la Araucanía, 4811161, Chile",nominatim
DE LA ARAUCANIA,CAUTIN,TEMUCO,COLEGIO NEWHARVEST,-38.767021,-72.75942909999999,"Localidad Labranza, Comuna, 4813836 Labranza, Temuco, Araucanía, Chile",google
DE LA ARAUCANIA,CAUTIN,TEMUCO,COLEGIO PUMAHUE,-38.7399457,-72.6503263,"Colegio Pumahue, 01200, Avenida Martín Lutero, Mirador de La Frontera, Temuco, Provincia de Cautín, Región de la Araucanía, 4823435, Chile",nominatim
DE LA ARAUCANIA,CAUTIN,TEMUCO,COLEGIO SAINT PATRICK SCHOOL,-38.7318817,-72.6007298,"Saint Patrick School, 36, Avenida General Prieto Norte, Villa Ñielol, Temuco, Provincia de Cautín, Región de la Araucanía, 4800996, Chile",nominatim
DE LA ARAUCANIA,CAUTIN,TEMUCO,COLEGIO SAN FRANCISCO,-38.736482,-72.600224,"Escuela San Francisco, 39, Manuel Montt, Centro, Temuco, Provincia de Cautín, Región de la Araucanía, 4781158, Chile",nominatim
DE LA ARAUCANIA,CAUTIN,TEMUCO,COLEGIO SCOLE CREARE,-38.7295223,-72.6221928,"Colegio Scole Creare, 01670, Avenida Gabriela Mistral, Villa Canpalau, Temuco, Provincia de Cautín, Región de la Araucanía, 4800601, Chile",nominatim
DE LA ARAUCANIA,CAUTIN,TEMUCO,COMPLEJO DEPORTIVO CAMPO DE DEPORTES ÑIELOL,-38.7276253,-72.5802915,"Campo de Deportes Ñielol - Manuel Antonio Matta 601, 4780822 Temuco, Araucanía, Chile",google
DE LA ARAUCANIA,CAUTIN,TEMUCO,COMPLEJO EDUCACIONAL LA FRONTERA,-38.7064934,-72.6400633,"Complejo Educacional La Frontera, Avenida Pedro de Valdivia, Villa Los Castaños II, Villa Los Castaños, Temuco, Provincia de Cautín, Región de la Araucanía, 4800000, Chile",nominatim
DE LA ARAUCANIA,CAUTIN,TEMUCO,COMPLEJO EDUCACIONAL UN AMANECER EN LA ARAUCANIA,-38.7564496,-72.6227668,"Complejo educacional Un Amanecer en la Araucanía, 01225, Garibaldi, Amanecer, Temuco, Provincia de Cautín, Región de la Araucanía, 4811161, Chile",nominatim
DE LA ARAUCANIA,CAUTIN,TEMUCO,ESCUELA ANDRES BELLO,-38.743744,-72.6020083,"Escuela Andrés Bello, 1101, Prieto Sur, Obreros Municipales, Temuco, Provincia de Cautín, Región de la Araucanía, 4810370, Chile",nominatim
DE LA ARAUCANIA,CAUTIN,TEMUCO,ESCUELA ARTISTICA ARMANDO DUFEY BLANC,-38.7412096,-72.6236938,"Av. Olimpia, Temuco, Araucanía, Chile",google
DE LA ARAUCANIA,CAUTIN,TEMUCO,ESCUELA ARTURO PRAT,-38.7403326,-72.5866074,"Escuela Arturo Prat, 685, General Mackenna, Población Carabineros, Temuco, Provincia de Cautín, Región de la Araucanía, 4791083, Chile",nominatim
DE LA ARAUCANIA,CAUTIN,TEMUCO,ESCUELA BASICA VISTA VERDE,-38.7560103,-72.6419409,"Las Grullas 02750, Temuco, Araucanía, Chile",google
DE LA ARAUCANIA,CAUTIN,TEMUCO,ESCUELA CAMPOS DEPORTIVOS,-38.7279783,-72.617573,"Escuela Municipal Campos Deportivos, 01055, Avenida Gabriela Mistral, Población Campo Deportivo, Temuco, Provincia de Cautín, Región de la Araucanía, 4800601, Chile",nominatim
DE LA ARAUCANIA,CAUTIN,TEMUCO,ESCUELA EPU NEWEN,-38.6859496,-72.6545851,"Escuela Cristiana Epu Newen, 1321, Circunvalación Francisco Huenchumilla, Nehuén, Catrimalal, Portal San Francisco, Temuco, Provincia de Cautín, Región de la Araucanía, 4802411, Chile",nominatim
DE LA ARAUCANIA,CAUTIN,TEMUCO,ESCUELA LOS AVELLANOS,-38.7498129,-72.6083997,"Escuela Municipal Los Avellanos, 0201, Armando Jobet, Población Abraham Lincoln, Temuco, Provincia de Cautín, Región de la Araucanía, 4811161, Chile",nominatim
DE LA ARAUCANIA,CAUTIN,TEMUCO,ESCUELA LOS TRIGALES,-38.7353277,-72.6308353,"Escuela Los Trigales F-528, 02070, Avenida San Martín, Villa Alfa, Cumbres del Sur, Temuco, Provincia de Cautín, Región de la Araucanía, 4802670, Chile",nominatim
DE LA ARAUCANIA,CAUTIN,TEMUCO,ESCUELA MANUEL RECABARREN,-38.7589662,-72.6264993,"Escuela Municipal Manuel Recabarren, Avenida Italia, Amanecer, Temuco, Provincia de Cautín, Región de la Araucanía, 4811161, Chile",nominatim
DE LA ARAUCANIA,CAUTIN,TEMUCO,ESCUELA MILLARAY,-38.737672,-72.6236874,"Escuela Millaray, 1010, Rayén, Villa Los Lagos, Temuco, Provincia de Cautín, Región de la Araucanía, 4801011, Chile",nominatim
DE LA ARAUCANIA,CAUTIN,TEMUCO,ESCUELA MUNICIPAL BOYECO,-38.7183866,-72.6217761,"Boyeco, Temuco, Araucanía, Chile",google
DE LA ARAUCANIA,CAUTIN,TEMUCO,ESCUELA MUNICIPAL EL TRENCITO,-38.7416657,-72.582281,"esquina, Antonio Varas - Manuel Antonio Matta, 4780000 Temuco, Araucanía, Chile",google
DE LA ARAUCANIA,CAUTIN,TEMUCO,ESCUELA PARTICULAR MONO PAINE,-38.714898,-72.6196555,"Chivilcán 0890, 4780000 Temuco, Araucanía, Chile",google
DE LA ARAUCANIA,CAUTIN,TEMUCO,ESCUELA PARTICULAR N° 166 MILLANTU,-38.7603593,-72.741451,"Millantu, Labranza, Temuco, Araucanía, Chile",google
DE LA ARAUCANIA,CAUTIN,TEMUCO,ESCUELA PARTICULAR N° 484 EL CRUCERO,-38.6953918,-72.6548372,"Pje. Huechulafquen, Temuco, Araucanía, Chile",google
DE LA ARAUCANIA,CAUTIN,TEMUCO,ESCUELA PARTICULAR SAN JUAN,-38.7323123,-72.5636095,"Escuela Particular San Juan, 1096, Pircunche, Villa Los Trovadores, Campamento Los Pinos, Temuco, Provincia de Cautín, Región de la Araucanía, 4790839, Chile",nominatim
DE LA ARAUCANIA,CAUTIN,TEMUCO,ESCUELA PEDRO DE VALDIVIA,-38.7264083,-72.6122576,"Escuela Municipal Pedro de Valdivia, 0991, Avenida Pedro de Valdivia, Población Villa Alegre, Temuco, Provincia de Cautín, Región de la Araucanía, 4800601, Chile",nominatim
DE LA ARAUCANIA,CAUTIN,TEMUCO,ESCUELA SANTA MARIA DE LA RIBERA,-38.7245761,-72.55813800000001,"Tegualda 01696, 4790182 Temuco, Araucanía, Chile",google
DE LA ARAUCANIA,CAUTIN,TEMUCO,ESCUELA SANTA ROSA,-38.7348546,-72.5708073,"Escuela Santa Rosa, 485, Catrihuala, Jorge Schmidt, Temuco, Provincia de Cautín, Región de la Araucanía, 4790839, Chile",nominatim
DE LA ARAUCANIA,CAUTIN,TEMUCO,ESCUELA VILLA ALEGRE,-38.7228239,-72.6161722,"Escuela Villa Alegre, 1210, Concepción, Población Villa Alegre, Temuco, Provincia de Cautín, Región de la Araucanía, 4800601, Chile",nominatim
DE LA ARAUCANIA,CAUTIN,TEMUCO,ESCUELA VILLA CAROLINA,-38.7190891,-72.6217289,"Escuela ""Villa Carolina"", 0561, Boyeco, Villa Caupolicán, Temuco, Provincia de Cautín, Región de la Araucanía, 4800601, Chile",nominatim
DE LA ARAUCANIA,CAUTIN,TEMUCO,FUNDACION EDUCACIONAL COLEGIO PROVIDENCIA,-38.7311738,-72.5829984,"Gral. Cruz 198, 4780924 Temuco, Araucanía, Chile",google
DE LA ARAUCANIA,CAUTIN,TEMUCO,GEORGE CHAYTOR ENGLISH COLLEGE,-38.7355864,-72.6436405,"George Chaytor English College, 03015, Avenida Gabriela Mistral, Barrio Inglés, Temuco, Provincia de Cautín, Región de la Araucanía, 4780000, Chile",nominatim
DE LA ARAUCANIA,CAUTIN,TEMUCO,GIMNASIO OLIMPICO UFRO,-38.7460503,-72.6178436,"Gimnasio Olímpico Regional UFRO, Uruguay, Villa René Schneider, Temuco, Provincia de Cautín, Región de la Araucanía, 4811161, Chile",nominatim
DE LA ARAUCANIA,CAUTIN,TEMUCO,GREEN HOUSE SCHOOL,-38.7412778,-72.6369861,"Green House School, 1500, Avenida Inés de Suárez, Villa Vitacura, Temuco, Provincia de Cautín, Región de la Araucanía, 4802670, Chile",nominatim
DE LA ARAUCANIA,CAUTIN,TEMUCO,INACAP,-38.7256785,-72.6308305,"Inacap, Avenida Luis Durand, Jardín de América, Temuco, Provincia de Cautín, Región de la Araucanía, 4802670, Chile",nominatim
DE LA ARAUCANIA,CAUTIN,TEMUCO,LICEO BICENTENARIO DE TEMUCO,-38.7402417,-72.6030049,"Liceo Bicentenario de Temuco, 105, Avenida Caupolicán, Obreros Municipales, Temuco, Provincia de Cautín, Región de la Araucanía, 4810370, Chile",nominatim
DE LA ARAUCANIA,CAUTIN,TEMUCO,LICEO CAMILO HENRIQUEZ DE TEMUCO,-38.7323505,-72.6223899,"Liceo Camilo Henríquez, 620, Avenida Andes, Sector Poniente, Temuco, Provincia de Cautín, Región de la Araucanía, 4801011, Chile",nominatim
DE LA ARAUCANIA,CAUTIN,TEMUCO,LICEO CIENTIFICO HUMANISTA BRAINSTORM,-38.7576878,-72.6509736,"Manuel Recabarren 03480, Temuco, Araucanía, Chile",google
DE LA ARAUCANIA,CAUTIN,TEMUCO,LICEO DEL DESARROLLO,-38.7536032,-72.62661,"Liceo Comercial del Desarrollo, 1896, Los Mapaches, Amanecer, Temuco, Provincia de Cautín, Región de la Araucanía, 4811161, Chile",nominatim
DE LA ARAUCANIA,CAUTIN,TEMUCO,LICEO GABRIELA MISTRAL,-38.7403716,-72.5929996,"Liceo Gabriela Mistral, 630, Antonio Varas, Población Carabineros, Temuco, Provincia de Cautín, Región de la Araucanía, 4791250, Chile",nominatim
DE LA ARAUCANIA,CAUTIN,TEMUCO,LICEO JAN COMENIUS,-38.76250479999999,-72.6855243,"Dirección. Km. 7 Camino, Labranza, Temuco, Araucanía, Chile",google
DE LA ARAUCANIA,CAUTIN,TEMUCO,LICEO PABLO NERUDA,-38.7315308,-72.5914539,"Liceo Pablo Neruda, 659, Avenida Balmaceda, Villa Ñielol, Temuco, Provincia de Cautín, Región de la Araucanía, 4790703, Chile",nominatim
DE LA ARAUCANIA,CAUTIN,TEMUCO,LICEO POLITECNICO PUEBLO NUEVO,-38.7182366,-72.5648499,"Liceo Politecnico Pueblo Nuevo, Nahuelbuta, Villa Alihuén, Temuco, Provincia de Cautín, Región de la Araucanía, 4790839, Chile",nominatim
DE LA ARAUCANIA,CAUTIN,TEMUCO,LICEO TECNICO PROFESIONAL CENTENARIO,-38.7398157,-72.5729309,"Diego Portales 2165, 4791142 Temuco, Araucanía, Chile",google
DE LA ARAUCANIA,CAUTIN,TEMUCO,SUN FLOWER SCHOOL,-38.7642756,-72.7544013,"Sun Flower School, 220, 3 Norte, Praderas de Labranza, Comunidad Antonio Colines, Labranza, Temuco, Provincia de Cautín, Región de la Araucanía, Chile",nominatim
DE LA ARAUCANIA,CAUTIN,TEMUCO,UNIVERSIDAD CATOLICA - CAMPUS SAN JUAN PABLO SEGUNDO,-38.7028912,-72.54784149999999,"Rudecindo Ortega 2950, Temuco, Araucanía, Chile",google
DE LA ARAUCANIA,CAUTIN,TEODORO SCHMIDT,COMPLEJO EDUCACIONAL PUBLICO NUEVA ALBORADA,-38.9937689,-73.08835479999999,"Mateo de Toro y Zambrano #439, Teodoro Schmidt, Araucanía, Chile",google
DE LA ARAUCANIA,CAUTIN,TEODORO SCHMIDT,ESCUELA P-34 BAUTISTA,-38.9961625,-73.0907,"Teodoro Schmidt, Araucania, Chile",google
DE LA ARAUCANIA,CAUTIN,TEODORO SCHMIDT,ESCUELA PARTICULAR N° 9 PADRE ALEJANDRO ORTEGA,-38.9942344,-73.0847744,"Padre Alejandro Ortega, Teodoro Schmidt, Araucanía, Chile",google
DE LA ARAUCANIA,CAUTIN,TEODORO SCHMIDT,ESCUELA PUBLICA HORIZONTES,-39.0902115,-73.1772405,"Unnamed Road, Teodoro Schmidt, Araucanía, Chile",google
DE LA ARAUCANIA,CAUTIN,TEODORO SCHMIDT,LICEO PUBLICO BARROS ARANA,-38.9872233,-72.92245460000001,"Barros Arana, Teodoro Schmidt, Araucanía, Chile",google
DE LA ARAUCANIA,CAUTIN,TOLTEN,ESCUELA PARTICULAR SUBVENCIONADA PADRE ISIDORO,-39.39624440000001,-73.2003259,"Portal de Queule, Toltén, Araucanía, Chile",google
DE LA ARAUCANIA,CAUTIN,TOLTEN,ESCUELA PUBLICA AGUAS Y GAVIOTAS,-39.1787723,-73.1636229,"Nueva Toltén, Toltén, Araucania, Chile",google
DE LA ARAUCANIA,CAUTIN,TOLTEN,ESCUELA PUBLICA AMANECER DE VILLA LOS BOLDOS,-39.1776241,-73.1679223,"4980000 Nueva Toltén, Toltén, Araucania, Chile",google
DE LA ARAUCANIA,CAUTIN,TOLTEN,LICEO BICENTENARIO MARTIN KLEINKNECHT PALMA,-39.1785121,-73.1706021,"José María Caro 564, 4780000 Nueva Toltén, Toltén, Araucanía, Chile",google
DE LA ARAUCANIA,CAUTIN,VILCUN,COLEGIO AMERICA,-38.6688263,-72.2262124,"Av. O'Higgins 516, Vilcun, Vilcún, Araucanía, Chile",google
DE LA ARAUCANIA,CAUTIN,VILCUN,COMPLEJO EDUCACIONAL LA GRANJA,-38.6814226,-72.49989649999999,"C. Rio Cautin, Cajón, Temuco, Araucanía, Chile",google
DE LA ARAUCANIA,CAUTIN,VILCUN,ESCUELA DAGOBERTO GODOY FUENTEALBA,-38.6581944,-72.11636109999999,"Bombero Núñez 5, 4880564 Recoleta, Vilcún, Región Metropolitana, Chile",google
DE LA ARAUCANIA,CAUTIN,VILCUN,ESCUELA JAPON,-38.6834919,-72.0033282,"S-263, 4880042 Cherquenco, Vilcún, Araucanía, Chile",google
DE LA ARAUCANIA,CAUTIN,VILCUN,ESCUELA MONTERREY,-38.6775857,-72.5052584,"Av. Alejandro Urrutia 485, 4780000 Temuco, Vilcún, Araucanía, Chile",google
DE LA ARAUCANIA,CAUTIN,VILCUN,ESCUELA PARTICULAR N° 187 SANTA TERESITA,-38.6701587,-72.2233218,"Vilcún, Vilcun, Araucania, Chile",google
DE LA ARAUCANIA,CAUTIN,VILCUN,ESCUELA PARTICULAR NUMERO 8 VILCUN,-38.6701587,-72.2233218,"Vilcún, Vilcun, Araucania, Chile",google
DE LA ARAUCANIA,CAUTIN,VILCUN,ESCUELA VIRGEN DE FATIMA,-38.6912234,-72.3636159,"Gral López, Vilcún, Araucanía, Chile",google
DE LA ARAUCANIA,CAUTIN,VILCUN,LICEO BICENTENARIO PADRE NICOLAS,-38.670916,-72.2232806,"Almirante Latorre 242, Vilcun, Vilcún, Araucanía, Chile",google
DE LA ARAUCANIA,CAUTIN,VILLARRICA,COLEGIO CAMILO HENRIQUEZ DE PEDREGOSO,-39.1755074,-72.1933858,"Colegio Camilo Henríquez de Pedregoso, Ruta S-69, María Luisa, Villarrica, Provincia de Cautín, Región de la Araucanía, Chile",nominatim
DE LA ARAUCANIA,CAUTIN,VILLARRICA,COLEGIO CLAUDIO ARRAU,-39.3181598,-72.2352585,"Colegio Claudio Arrau, Camino Cancha Aviación - Relún, Villa Aviación, Villa Bosque Sur, Villarrica, Provincia de Cautín, Región de la Araucanía, 4930768, Chile",nominatim
DE LA ARAUCANIA,CAUTIN,VILLARRICA,COLEGIO DE HUMANIDADES DEL SAGRADO CORAZON DE JESUS,-39.2857074,-72.2325449,"Colegio De Humanidades, 1027, Gerónimo de Alderete, Vista Hermosa, Villarrica, Provincia de Cautín, Región de la Araucanía, 4930611, Chile",nominatim
DE LA ARAUCANIA,CAUTIN,VILLARRICA,COLEGIO DE HUMANIDADES SEDE SEGUNDA FAJA,-39.3033886,-72.2265755,"Segunda Faja, Villarrica, Araucanía, Chile",google
DE LA ARAUCANIA,CAUTIN,VILLARRICA,COLEGIO JUAN XXIII,-39.306129,-72.213074,"Complejo Educacional Juan XXIII, 2000, Segunda Faja, Villa Las Araucanas, Villarrica, Provincia de Cautín, Región de la Araucanía, 4930768, Chile",nominatim
DE LA ARAUCANIA,CAUTIN,VILLARRICA,COLEGIO SAINT MATTHEW,-39.3016124,-72.232878,"Colo-Colo 1898, Villarrica, Araucanía, Chile",google
DE LA ARAUCANIA,CAUTIN,VILLARRICA,ESCUELA JOSE ABELARDO NUÑEZ,-39.2781576,-72.2376595,"Escuela Municipal E-748 José Abelardo Núñez, 745, Núñez de Pineda, Villa Las Rosas, Villarrica, Provincia de Cautín, Región de la Araucanía, 4930611, Chile",nominatim
DE LA ARAUCANIA,CAUTIN,VILLARRICA,ESCUELA LAURA VICUÑA,-39.2984867,-72.2239463,"Escuela Laura Vicuña, 2030, Lago Ranco, Ampliación Diego Portales, Villarrica, Provincia de Cautín, Región de la Araucanía, 4930611, Chile",nominatim
DE LA ARAUCANIA,CAUTIN,VILLARRICA,ESCUELA MARIANO LATORRE,-39.2930348,-72.226179,"Escuela Municipal Mariano Latorre, 1461, Francisco Cornejo, Población O'Higgins, Villarrica, Provincia de Cautín, Región de la Araucanía, 4930611, Chile",nominatim
DE LA ARAUCANIA,CAUTIN,VILLARRICA,ESCUELA PARTICULAR SAGRADA FAMILIA,-39.2799962,-72.232647,"José Manuel Balmaceda 600, Villarrica, Araucanía, Chile",google
DE LA ARAUCANIA,CAUTIN,VILLARRICA,ESCUELA VALENTIN LETELIER,-39.2783281,-72.2292395,"Escuela Valentín Letelier, 365, Andrés Bello, Puelche, Villarrica, Provincia de Cautín, Región de la Araucanía, 4930611, Chile",nominatim
DE LA ARAUCANIA,CAUTIN,VILLARRICA,ESCUELA VOIPIR DE ÑANCUL,-39.2779963,-72.2333547,"Escuela Voipir de Nancul, Juan Contreras, Mallolafquén, Villarrica, Provincia de Cautín, Región de la Araucanía, 4930611, Chile",nominatim
DE LA ARAUCANIA,CAUTIN,VILLARRICA,LICEO BICENTENARIO ARAUCANIA,-39.2855341,-72.2285033,"Liceo Bicentenario Araucanía, 895, Pedro León Gallo, 21 de Mayo, Villarrica, Provincia de Cautín, Región de la Araucanía, 4930611, Chile",nominatim
DE LA ARAUCANIA,CAUTIN,VILLARRICA,LICEO BICENTENARIO ARTISTICO ALEXANDER GRAHAM BELL,-39.287109,-72.22355639999999,"Francisco Bilbao 1202, Villarrica, Araucanía, Chile",google
DE LA ARAUCANIA,CAUTIN,VILLARRICA,LICEO BICENTENARIO DE EXCELENCIA SAN AGUSTIN,-39.487063,-72.1549211,"Cacique Millañanco con - Gabriela Mistral, 4931971 Villarrica, Araucanía, Chile",google
DE LA ARAUCANIA,CAUTIN,VILLARRICA,LICEO BICENTENARIO POLITECNICO VILLARRICA,-39.2924865,-72.2301239,"Av. Juan Antonio Ríos 1133, Villarrica, Araucanía, Chile",google
DE LA ARAUCANIA,CAUTIN,VILLARRICA,LICEO LUIS CRUZ MARTINEZ MEDIA,-39.3135508,-72.226124,"S-845, Villarrica, Araucanía, Chile",google
DE LA ARAUCANIA,CAUTIN,VILLARRICA,LICEO PARTICULAR SUBVENCIONADO LIBERTAD,-39.2827107,-72.2281654,"Villarrica, Araucania, Chile",google
DE LA ARAUCANIA,MALLECO,ANGOL,COLEGIO BASICO ARAGON,-37.8051553,-72.6950481,"Colegio Básico Aragón, Rancagua, Pampa Ingeniero, Angol, Provincia de Malleco, Región de la Araucanía, 4650000, Chile",nominatim
DE LA ARAUCANIA,MALLECO,ANGOL,COLEGIO DIEGO DUBLE URRUTIA,-37.8099779,-72.7008497,"Colegio Diego Dublé Urrutia, Los Copihues, Pampa Ingeniero, Angol, Provincia de Malleco, Región de la Araucanía, 4650000, Chile",nominatim
DE LA ARAUCANIA,MALLECO,ANGOL,COLEGIO HERMANOS CARRERA,-37.798401,-72.6988582,"Hermanos Carrera, 165, Carrera, Coñuñuco, Angol, Provincia de Malleco, Región de la Araucanía, 4350000, Chile",nominatim
DE LA ARAUCANIA,MALLECO,ANGOL,COLEGIO MARIA SYLVESTER RASCH,-37.7949592,-72.7209049,"Colegio Maria Sylvester Rasch, 1116-1212, Covadonga, El Cañón, Angol, Provincia de Malleco, Región de la Araucanía, 4350000, Chile",nominatim
DE LA ARAUCANIA,MALLECO,ANGOL,COLEGIO MOZART SCHOOL,-37.8132978,-72.6805324,"Colegio Mozart Scholl Angol, 2221, Avenida Bernardo O'Higgins, Peumayén, Huequén, Angol, Provincia de Malleco, Región de la Araucanía, 4650000, Chile",nominatim
DE LA ARAUCANIA,MALLECO,ANGOL,COLEGIO SAN JOSE,-37.8129434,-72.6870503,"Colegio San José, 200, Inés de Suárez, Villa Mirasur, Angol, Provincia de Malleco, Región de la Araucanía, 4650000, Chile",nominatim
DE LA ARAUCANIA,MALLECO,ANGOL,ESCUELA BASICA NAHUELBUTA,-37.7997222,-72.7084756,"Arturo Prat 245, 4651521 Angol, Araucanía, Chile",google
DE LA ARAUCANIA,MALLECO,ANGOL,ESCUELA JOSE ELIAS BOLIVAR HERRERA,-37.7957312,-72.7112774,"Escuela José Elías Bolívar Herrera, Pedro Aguirre Cerda, Chillancito, Angol, Provincia de Malleco, Región de la Araucanía, 4350000, Chile",nominatim
DE LA ARAUCANIA,MALLECO,ANGOL,ESCUELA VILLA HUEQUEN,-37.8214495,-72.6690935,"Escuela Villa Huequen, 80, Yeli, Huequén, Angol, Provincia de Malleco, Región de la Araucanía, 4650000, Chile",nominatim
DE LA ARAUCANIA,MALLECO,ANGOL,LICEO BICENTENARIO ENRIQUE BALLACEY COTTEREAU,-37.8005049,-72.7022187,"Bernardo O'Higgins 56-80, Angol, Araucanía, Chile",google
DE LA ARAUCANIA,MALLECO,ANGOL,LICEO BICENTENARIO POLITECNICO JUANITA FERNANDEZ SOLAR,-37.8015058,-72.7036957,"Costanera Rehue, Angol, Araucanía, Chile",google
DE LA ARAUCANIA,MALLECO,COLLIPULLI,COMPLEJO EDUCACIONAL COLLIPULLI,-37.9543205,-72.4376825,"Complejo Educacional Collipulli, 730, Saavedra Norte, Collipulli, Provincia de Malleco, Región de la Araucanía, Chile",nominatim
DE LA ARAUCANIA,MALLECO,COLLIPULLI,ESCUELA BASICA VICTOR DURAN PEREZ,-37.9518056,-72.4357396,"Escuela Básica Víctor Durán Pérez, 673, Manuel Rodríguez, Collipulli, Provincia de Malleco, Región de la Araucanía, Chile",nominatim
DE LA ARAUCANIA,MALLECO,COLLIPULLI,ESCUELA EL AMANECER,-37.9528258,-72.42237759999999,"Las Camelias 1204, Collipulli, Araucanía, Chile",google
DE LA ARAUCANIA,MALLECO,COLLIPULLI,ESCUELA F-90 RAUL CASTRO MARQUEZ,-37.7979466,-72.4719549,"Escuela F-90 Raúl Castro Márquez, 96, Lautaro, Comunidad Las Vegas, Mininco, Collipulli, Provincia de Malleco, Región de la Araucanía, Chile",nominatim
DE LA ARAUCANIA,MALLECO,COLLIPULLI,ESCUELA MIGUEL HUENTELEN,-37.8906441,-72.250355,"Escuela Básica Miguel Huentelén, Ruta R-23, Comunidad Miguel Huentelén, Collipulli, Provincia de Malleco, Región de la Araucanía, Chile",nominatim
DE LA ARAUCANIA,MALLECO,COLLIPULLI,ESCUELA THOMAS ALVA EDISON,-37.9567463,-72.43325089999999,"Collipulli, Araucania, Chile",google
DE LA ARAUCANIA,MALLECO,CURACAUTIN,ESCUELA LUIS CRUZ MARTINEZ,-38.4385032,-71.8750026,"Curacautín, Araucania, Chile",google
DE LA ARAUCANIA,MALLECO,CURACAUTIN,ESCUELA OSVALDO FUENTES BARRERA,-38.4406264,-71.8968805,"4700245 Curacautín, Araucania, Chile",google
DE LA ARAUCANIA,MALLECO,CURACAUTIN,ESCUELA PARTICULAR N° 24 SANTA EMMA,-38.4715692,-72.0330122,"Santa Ema, Curacautín, Araucanía, Chile",google
DE LA ARAUCANIA,MALLECO,CURACAUTIN,ESCUELA PATRICIO CHAVEZ SOTO,-38.4430798,-71.8879025,"4700630 Curacautín, Araucania, Chile",google
DE LA ARAUCANIA,MALLECO,CURACAUTIN,ESCUELA RAMON EDUARDO RAMIREZ HENRIQUEZ,-38.47086290000001,-71.576437,"Curacautín, Araucania, Chile",google
DE LA ARAUCANIA,MALLECO,CURACAUTIN,LICEO LAS ARAUCARIAS BASICA,-38.4355712,-71.89622779999999,"Manuel Rodriguez 285, Liceo las Araucarias, 4700852 Curacautin, Curacautín, Araucanía, Chile",google
DE LA ARAUCANIA,MALLECO,CURACAUTIN,LICEO LAS ARAUCARIAS MEDIA,-38.4355712,-71.89622779999999,"Manuel Rodriguez 285, Liceo las Araucarias, 4700852 Curacautin, Curacautín, Araucanía, Chile",google
DE LA ARAUCANIA,MALLECO,ERCILLA,ESCUELA BASICA TEODOSIO URRUTIA MUÑOZ,-38.0132126,-72.4259546,"Pidima, Ercilla, Araucanía, Chile",google
DE LA ARAUCANIA,MALLECO,ERCILLA,ESCUELA PARTICULAR SAN LEONARDO,-38.06407189999999,-72.3760118,"Ercilla, Araucania, Chile",google
DE LA ARAUCANIA,MALLECO,ERCILLA,FUNDACION EDUCACIONAL ESCUELA SAN FRANCISCO DE ASIS DE ERCI,-38.06407189999999,-72.3760118,"Ercilla, Araucania, Chile",google
DE LA ARAUCANIA,MALLECO,ERCILLA,LICEO ALONSO DE ERCILLA Y ZUÑIGA,-38.0641288,-72.3753122,"R-525, Ercilla, Araucanía, Chile",google
DE LA ARAUCANIA,MALLECO,LONQUIMAY,ESCUELA BASICA LAFQUEN ICALMA,-38.8115071,-71.2844756,"Icalma, Lonquimay, Araucanía, Chile",google
DE LA ARAUCANIA,MALLECO,LONQUIMAY,ESCUELA BASICA LIUCURA,-38.7766555,-71.2273817,"Escuela Básica Cruzaco, Ruta R-95, Comunidad Benancio Cumillán, Lonquimay, Provincia de Malleco, Región de la Araucanía, Chile",nominatim
DE LA ARAUCANIA,MALLECO,LONQUIMAY,ESCUELA BASICA MALAL MAHUIDA,-38.456911,-71.3690462,"Lonquimay, Araucania, Chile",google
DE LA ARAUCANIA,MALLECO,LONQUIMAY,ESCUELA MUNICIPAL FRONTERIZA,-38.4545432,-71.3700643,"Caupolican, Lonquimay, Araucanía, Chile",google
DE LA ARAUCANIA,MALLECO,LONQUIMAY,ESCUELA MUNICIPAL TROYO,-38.2539411,-71.3042068,"Troyo, Lonquimay, Araucanía, Chile",google
DE LA ARAUCANIA,MALLECO,LONQUIMAY,LICEO BICENTENARIO LONQUIMAY,-38.4490581,-71.3734304,"Radio educativa Liceo polivalente Bicentenario Lonquimay, 1150, Chaquilvin, Villa Las Araucarias, Lonquimay, Provincia de Malleco, Región de la Araucanía, 4690000, Chile",nominatim
DE LA ARAUCANIA,MALLECO,LOS SAUCES,ESCUELA G 69 LA VILLA,-37.9786653,-72.8409016,"Los Sauces, Araucania, Chile",google
DE LA ARAUCANIA,MALLECO,LOS SAUCES,ESCUELA GUSTAVO VASQUEZ DIAZ,-37.9832444,-72.8311294,"Los Sauces, Araucania, Chile",google
DE LA ARAUCANIA,MALLECO,LUMACO,ESCUELA BASICA REPUBLICA DE ITALIA,-38.1665408,-72.9016292,"Lumaco, Araucania, Chile",google
DE LA ARAUCANIA,MALLECO,LUMACO,ESCUELA F-174 VALLE DE LUMACO,-38.164065,-72.90477380000002,"Lumaco, Araucania, Chile",google
DE LA ARAUCANIA,MALLECO,LUMACO,ESCUELA MUNICIPAL PICHIPELLAHUEN,-38.3237058,-72.9983122,"Escuela Municipal Pichipellahuen, Camino Pichipellahuén por Huiñilhue, Pichipellahuén, Lumaco, Provincia de Malleco, Región de la Araucanía, Chile",nominatim
DE LA ARAUCANIA,MALLECO,LUMACO,LICEO MUNICIPAL DE LUMACO,-38.1658441,-72.9132224,"Liceo Municipal Lumaco, Pasaje Curalaba, La Ilusión, Lumaco, Provincia de Malleco, Región de la Araucanía, Chile",nominatim
DE LA ARAUCANIA,MALLECO,PUREN,ESCUELA CAUPOLICAN,-38.01005869999999,-73.0272554,"Purén, Puren, Araucania, Chile",google
DE LA ARAUCANIA,MALLECO,PUREN,ESCUELA PEDRO DE OÑA,-38.0344155,-73.06846449999999,"4750047 Purén, Puren, Araucania, Chile",google
DE LA ARAUCANIA,MALLECO,PUREN,LICEO BICENTENARIO INDOMITO DE PUREN,-38.02546299999999,-73.0664172,"Imperial, Puren, Purén, Araucanía, Chile",google
DE LA ARAUCANIA,MALLECO,PUREN,LICEO MARIA AURORA GUIÑEZ RAMIREZ,-38.0330969,-73.07408699999999,"Dr. Garriga 1089, Puren, Purén, Araucanía, Chile",google
DE LA ARAUCANIA,MALLECO,RENAICO,ESCUELA BASICA LOS NOGALES,-37.6718958,-72.5878261,"Renaico, Araucania, Chile",google
DE LA ARAUCANIA,MALLECO,RENAICO,ESCUELA LA NOBEL GABRIELA,-37.6712429,-72.58905899999999,"180, Nobel Gabriela, Renaico, Araucanía, Chile",google
DE LA ARAUCANIA,MALLECO,RENAICO,LICEO POLITECNICO DOMINGO SANTA MARIA,-37.6726855,-72.5815722,"Liceo Politécnico Domingo Santa María, 245, Cornelio Olsen, Población Oklahoma, Renaico, Provincia de Malleco, Región de la Araucanía, Chile",nominatim
DE LA ARAUCANIA,MALLECO,TRAIGUEN,COMPLEJO EDUCACIONAL LUIS DURAND DURAND,-38.2464788,-72.6660311,"Traiguén, Traiguen, Araucania, Chile",google
DE LA ARAUCANIA,MALLECO,TRAIGUEN,ESCUELA BASICA EMILIA ROMAGNA,-38.2519392,-72.6775389,"Av. Suiza, Traiguen, Traiguén, Araucanía, Chile",google
DE LA ARAUCANIA,MALLECO,TRAIGUEN,ESCUELA GUACOLDA,-38.2503758,-72.66586330000001,"Traiguén, Traiguen, Araucania, Chile",google
DE LA ARAUCANIA,MALLECO,TRAIGUEN,ESCUELA REPUBLICA DE ISRAEL,-38.2494634,-72.6665848,"Errazuriz, Traiguen, Traiguén, Araucanía, Chile",google
DE LA ARAUCANIA,MALLECO,TRAIGUEN,LICEO LUCILA GODOY ALCAYAGA,-38.2507972,-72.6649169,"Basilio Urrutia 970, 4730000 Traiguen, Traiguén, Araucanía, Chile",google
DE LA ARAUCANIA,MALLECO,VICTORIA,COLEGIO EL LABRADOR,-38.2418359,-72.3275688,"Colegio El Labrador, Villa Alegre, Victoria, Provincia de Malleco, Región de la Araucanía, 4720359, Chile",nominatim
DE LA ARAUCANIA,MALLECO,VICTORIA,COLEGIO IGNACIO CARRERA PINTO,-38.2289563,-72.3291813,"Escuela Ignacio Carrera Pinto, Riquelme, Población René Schneider, Victoria, Provincia de Malleco, Región de la Araucanía, 4720000, Chile",nominatim
DE LA ARAUCANIA,MALLECO,VICTORIA,COMPLEJO EDUCACIONAL VICTORIA,-38.2394733,-72.3200462,"Complejo Educacional Victoria, Carrera, Santa Florentina, Victoria, Provincia de Malleco, Región de la Araucanía, 4720359, Chile",nominatim
DE LA ARAUCANIA,MALLECO,VICTORIA,ESCUELA BASICA PATRICIO LYNCH,-38.2326538,-72.3515084,"Victoria, Araucania, Chile",google
DE LA ARAUCANIA,MALLECO,VICTORIA,ESCUELA HEROES DE IQUIQUE,-38.2381876,-72.3370549,"Escuela Héroes de Iquique, Avenida Muñoz Vargas, Victoria, Provincia de Malleco, Región de la Araucanía, 4720359, Chile",nominatim
DE LA ARAUCANIA,MALLECO,VICTORIA,ESCUELA MUNICIPAL MONICA GEBERT MEIER,-38.3397043,-72.5015235,"Escuela Municipal Mónica Gebert Meier, 087, Gabriela Mistral, Comunidad Molco, Quino, Victoria, Provincia de Malleco, Región de la Araucanía, Chile",nominatim
DE LA ARAUCANIA,MALLECO,VICTORIA,ESCUELA SELVA OSCURA,-38.3675752,-72.1673813,"Escuela F-218 Selva Oscura, Altamirano, Selva Oscura, Victoria, Provincia de Malleco, Región de la Araucanía, Chile",nominatim
DE LA ARAUCANIA,MALLECO,VICTORIA,LICEO BICENTENARIO POLITECNICO MANUEL MONTT,-38.237012,-72.3400147,"R-815 1358, Victoria, Araucanía, Chile",google
DE LA ARAUCANIA,MALLECO,VICTORIA,LICEO JORGE ALESSANDRI RODRIGUEZ,-38.2318625,-72.3315455,"Liceo Jorge Alessandri Rodriguez, 647, Urrutia, Victoria, Provincia de Malleco, Región de la Araucanía, 4720000, Chile",nominatim
DE LA ARAUCANIA,MALLECO,VICTORIA,UNIVERSIDAD ARTURO PRAT,-38.2319617,-72.3420906,"Universidad Arturo Prat - Sede Victoria, Avenida Bernardo O'Higgins, Victoria, Provincia de Malleco, Región de la Araucanía, 4720000, Chile",nominatim
DE LOS LAGOS,CHILOE,ANCUD,C.E.I.A. SALOMON FUENTES MARTINEZ Y GIMNASIO (EX ESC. FATIM,-41.86705449999999,-73.8273626,"Ancud, Los Lagos, Chile",google
DE LOS LAGOS,CHILOE,ANCUD,ESCUELA ANEXA,-41.8660952,-73.8184831,"Escuela Anexa, 620, Almirante Latorre, Villa Las Araucarias, Pudeto Bajo, Ancud, Provincia de Chiloé, Región de Los Lagos, 5710000, Chile",nominatim
DE LOS LAGOS,CHILOE,ANCUD,ESCUELA PUDETO,-41.8735845,-73.8062428,"Escuela Pudeto E-831, Pudeto, Villa O'Higgins, Pudeto Bajo, Ancud, Provincia de Chiloé, Región de Los Lagos, 5710000, Chile",nominatim
DE LOS LAGOS,CHILOE,ANCUD,ESCUELA RURAL EL PALOMAR,-42.0733535,-73.7811171,"Escuela Rural El Palomar, Ruta 5 Sur, Palomar, Ancud, Provincia de Chiloé, Región de Los Lagos, Chile",nominatim
DE LOS LAGOS,CHILOE,ANCUD,ESCUELA RURAL SOL DEL PACIFICO,-41.8743331,-73.9279648,"Escuela Rural Sol del Pacífico, Pilluco, Ancud, Provincia de Chiloé, Región de Los Lagos, Chile",nominatim
DE LOS LAGOS,CHILOE,ANCUD,ESCUELA RURAL VILLA CHACAO,-41.8292936,-73.5263373,"Bellavista, Chacao, Ancud, Los Lagos, Chile",google
DE LOS LAGOS,CHILOE,ANCUD,ESCUELA YERBAS BUENAS Y GIMNASIO,-41.8714413,-73.8246492,"Yerbas Buenas 851, 5710392 Ancud, Los Lagos, Chile",google
DE LOS LAGOS,CHILOE,ANCUD,LICEO BICENTENARIO DE ANCUD,-41.8624366,-73.8284159,"Liceo Bicentenario de Ancud, 50, San Antonio, Villa Fuerte Real, Ancud, Provincia de Chiloé, Región de Los Lagos, 5710000, Chile",nominatim
DE LOS LAGOS,CHILOE,ANCUD,LICEO POLIVALENTE DE ANCUD Y GIMNASIO (EX DOMINGO ESPIÑEIRA,-41.86553230000001,-73.8171417,"Almte. Latorre 555, 5710459 Ancud, Los Lagos, Chile",google
DE LOS LAGOS,CHILOE,CASTRO,ESCUELA AYTUE,-42.4714541,-73.7763391,"Liceo Aytué (ex Escuela Nº75), 674, Intendente García, Cancha Rayada, Castro, Provincia de Chiloé, Región de Los Lagos, 5700196, Chile",nominatim
DE LOS LAGOS,CHILOE,CASTRO,ESCUELA LUIS URIBE DIAZ Y GIMNASIO,-42.4798907,-73.763746,"San Martín 554, Castro, Los Lagos, Chile",google
DE LOS LAGOS,CHILOE,CASTRO,ESCUELA RURAL LOS ANGELES,-42.6156184,-73.4994488,"Escuela Rural Los Ángeles, Los Ángeles, Castro, Provincia de Chiloé, Región de Los Lagos, Chile",nominatim
DE LOS LAGOS,CHILOE,CASTRO,ESCUELA RURAL MIRTA OYARZO VERA,-42.5214695,-73.62676,"Escuela Rural Mirta Oyarzo Vera, 32, 18 de Septiembre, Rilán, Castro, Provincia de Chiloé, Región de Los Lagos, Chile",nominatim
DE LOS LAGOS,CHILOE,CASTRO,ESCUELA RURAL PEDRO VELASQUEZ BONTES,-42.435529,-73.7673734,"Escuela Rural Pedro Velásquez Bontes, 153, Ignacio Serrano, Llau-Llao, Castro, Provincia de Chiloé, Región de Los Lagos, 5700196, Chile",nominatim
DE LOS LAGOS,CHILOE,CASTRO,LICEO BILINGUE TERESA DE LOS ANDES,-42.4815009,-73.7819663,"Liceo Bilingüe Teresa de Los Andes, 1395, Ernesto Novoa, Gamboa Alto, Castro, Provincia de Chiloé, Región de Los Lagos, 5700808, Chile",nominatim
DE LOS LAGOS,CHILOE,CASTRO,LICEO FRANCISCO COLOANE,-42.4652054,-73.7848011,"Liceo Francisco Coloane, 810, Pablo Neruda, Villa Palmira, Castro, Provincia de Chiloé, Región de Los Lagos, 5700808, Chile",nominatim
DE LOS LAGOS,CHILOE,CASTRO,LICEO GALVARINO RIVEROS CARDENAS Y GIMNASIO,-42.484249,-73.7639765,"Chacabuco 356, 5700564 Castro, Los Lagos, Chile",google
DE LOS LAGOS,CHILOE,CASTRO,LICEO POLITECNICO DE CASTRO,-42.4801148,-73.7690703,"Liceo Politécnico de Castro, 540, Freire, Manuel Rodríguez, Castro, Provincia de Chiloé, Región de Los Lagos, 5700552, Chile",nominatim
DE LOS LAGOS,CHILOE,CASTRO,POLIDEPORTIVO DE CASTRO,-42.4646209,-73.7855535,"Centro Polideportivo Educacional De Castro, Pasaje Isaias Raipillan Silva, Villa Palmira, Castro, Provincia de Chiloé, Región de Los Lagos, 5700808, Chile",nominatim
DE LOS LAGOS,CHILOE,CHONCHI,ESCUELA BASICA SAN CARLOS,-42.621087,-73.775001,"Alcalde Lautaro Vera A. 111, Chonchi, Los Lagos, Chile",google
DE LOS LAGOS,CHILOE,CHONCHI,ESCUELA RURAL CUCAO,-42.6353778,-74.1060037,"Escuela Rural Cucao, Ruta W-800, Cucao, Chonchi, Provincia de Chiloé, Región de Los Lagos, Chile",nominatim
DE LOS LAGOS,CHILOE,CHONCHI,ESCUELA RURAL EL PULPITO,-42.7605808,-73.7889833,"Escuela Rural El Púlpito, Ruta 5 Sur, Púlpito, Chonchi, Provincia de Chiloé, Región de Los Lagos, Chile",nominatim
DE LOS LAGOS,CHILOE,CHONCHI,ESCUELA RURAL HUILLINCO,-42.6757212,-73.8985357,"Escuela Rural Huillinco, Ruta W-800, Huillinco, Chonchi, Provincia de Chiloé, Región de Los Lagos, Chile",nominatim
DE LOS LAGOS,CHILOE,CHONCHI,LICEO MANUEL JESUS ANDRADE BORQUEZ,-42.6224987,-73.7767204,"Liceo Manuel Jesús Andrade Bórquez, 330, Roberto Andrade, Villa Los Copihues, Chonchi, Provincia de Chiloé, Región de Los Lagos, Chile",nominatim
DE LOS LAGOS,CHILOE,CURACO DE VELEZ,LICEO ALFREDO BARRIA OYARZUN,-42.4352185,-73.600706,"Goleta Ancud, Prolongación N°25, Curaco de Vélez, Los Lagos, Chile",google
DE LOS LAGOS,CHILOE,DALCAHUE,ESCUELA BASICA DALCAHUE,-42.3761161,-73.6534462,"Escuela Básica Dalcahue, 375, Avenida Mocopulli, Bellavista, Camino Al Bosque, Dalcahue, Provincia de Chiloé, Región de Los Lagos, Chile",nominatim
DE LOS LAGOS,CHILOE,DALCAHUE,ESCUELA RURAL JOSE DANIEL BAHAMONDE BAHAMONDE,-42.2723135,-73.5200862,"Escuela Rural José Daniel Bahamonde Bahamonde, Escuela, Puchaurán, Dalcahue, Provincia de Chiloé, Región de Los Lagos, Chile",nominatim
DE LOS LAGOS,CHILOE,DALCAHUE,ESCUELA RURAL JUAN VICTORINO TANGOL,-42.33126610000001,-73.3719227,"W-231 5580, Quemchi, Dalcahue, Los Lagos, Chile",google
DE LOS LAGOS,CHILOE,DALCAHUE,ESCUELA RURAL MALLINLEMU,-42.3529216,-73.7084129,"Escuela Rural Mallinlemu, Ruta 5 Sur, Mocopulli Carretera Norte, Dalcahue, Provincia de Chiloé, Región de Los Lagos, 5730000, Chile",nominatim
DE LOS LAGOS,CHILOE,DALCAHUE,LICEO POLIVALENTE DALCAHUE,-42.3765181,-73.6542521,"Liceo Polivalente Dalcahue, Avenida Mocopulli, Bellavista, Camino Al Bosque, Dalcahue, Provincia de Chiloé, Región de Los Lagos, Chile",nominatim
DE LOS LAGOS,CHILOE,PUQUELDON,ESCUELA PUQUELDON,-42.60199679999999,-73.6721012,"Teniente Merino S/N, Puqueldon, Puqueldón, Los Lagos, Chile",google
DE LOS LAGOS,CHILOE,QUEILEN,ESCUELA CHILHUE,-42.8846178,-73.470664,"Escuela Chilhué, Profesor Diógenes Mansilla Saldivia, Población Carlos Gómez Miranda, Queilen, Provincia de Chiloé, Región de Los Lagos, Chile",nominatim
DE LOS LAGOS,CHILOE,QUEILEN,ESCUELA RURAL NEPUE,-42.9435047,-73.529798,"Escuela Rural Nepue, Ruta W-917, San José de Tranqui, Queilen, Provincia de Chiloé, Región de Los Lagos, Chile",nominatim
DE LOS LAGOS,CHILOE,QUELLON,ESCUELA BASICA SECTOR ORIENTE,-43.11638629999999,-73.6146885,"Quellón, Los Lagos, Chile",google
DE LOS LAGOS,CHILOE,QUELLON,ESCUELA EDUCADORA EULOGIA BORQUEZ PEREZ,-43.1192478,-73.61641689999999,"Quellón, Los Lagos, Chile",google
DE LOS LAGOS,CHILOE,QUELLON,ESCUELA RURAL ADELA GARCIA GARCIA,-43.0320931,-73.5718725,"Quellón, Los Lagos, Chile",google
DE LOS LAGOS,CHILOE,QUELLON,ESCUELA RURAL ARTISTICA ALUMNO MARCELO GUENTEO SOLIS,-43.11638629999999,-73.6146885,"Quellón, Los Lagos, Chile",google
DE LOS LAGOS,CHILOE,QUELLON,LICEO RAYEN MAPU,-43.1151959,-73.62350330000001,"Presidente Ibáñez 514, 5790247 Quellón, Los Lagos, Chile",google
DE LOS LAGOS,CHILOE,QUEMCHI,ESCUELA BASICA MIL PAISAJES Y GIMNASIO,-42.1447134,-73.4780559,"Quemchi, Los Lagos, Chile",google
DE LOS LAGOS,CHILOE,QUEMCHI,ESCUELA RURAL BORDEMAR (NUEVA),-42.1447134,-73.4780559,"Quemchi, Los Lagos, Chile",google
DE LOS LAGOS,CHILOE,QUEMCHI,ESCUELA RURAL LINDA VISTA,-42.2999791,-73.1299151,"Escuela Rural Linda Vista, Maluco - Metahue, Metahue, Quemchi, Provincia de Chiloé, Región de Los Lagos, Chile",nominatim
DE LOS LAGOS,CHILOE,QUEMCHI,ESCUELA RURAL LLIUCO,-42.0270407,-73.4786381,"Escuela Rural Lliuco, Ruta W-21, Lliuco, Quemchi, Provincia de Chiloé, Región de Los Lagos, Chile",nominatim
DE LOS LAGOS,CHILOE,QUEMCHI,ESCUELA RURAL MONTEMAR,-42.258185,-73.4306974,"Escuela Rural Montemar, Montemar El Valle - Montemar Alto, Montemar Bajo, Quemchi, Provincia de Chiloé, Región de Los Lagos, Chile",nominatim
DE LOS LAGOS,CHILOE,QUEMCHI,ESCUELA RURAL TAC,-42.3865516,-73.1361396,"Escuela Rural Tac, Tac, Quemchi, Provincia de Chiloé, Región de Los Lagos, Chile",nominatim
DE LOS LAGOS,CHILOE,QUEMCHI,LICEO BICENTENARIO QUEMCHI,-42.1447134,-73.4780559,"Quemchi, Los Lagos, Chile",google
DE LOS LAGOS,CHILOE,QUINCHAO,ESCUELA RURAL AMANECER 2000,-42.53490679999999,-73.4277236,"Quinchao, Los Lagos, Chile",google
DE LOS LAGOS,CHILOE,QUINCHAO,ESCUELA RURAL LA CAPILLA,-42.5106338,-73.2649353,"Escuela Rural La Capilla, La Capilla, Quinchao, Provincia de Chiloé, Región de Los Lagos, Chile",nominatim
DE LOS LAGOS,CHILOE,QUINCHAO,ESCUELA RURAL LA VILLA,-42.6264653,-73.2976288,"Escuela Rural La Villa, La Villa, Quinchao, Provincia de Chiloé, Región de Los Lagos, Chile",nominatim
DE LOS LAGOS,CHILOE,QUINCHAO,ESCUELA RURAL LLINGUA,-42.4331655,-73.453248,"Escuela Rural Llingua, Camino Nuevo a Quinchao, Achao, Quinchao, Provincia de Chiloé, Región de Los Lagos, Chile",nominatim
DE LOS LAGOS,CHILOE,QUINCHAO,ESCUELA RURAL LOS PINOS,-42.3880011,-73.4328195,"Escuela Rural Los Pinos, Quinchao, Provincia de Chiloé, Región de Los Lagos, Chile",nominatim
DE LOS LAGOS,CHILOE,QUINCHAO,ESCUELA RURAL OSTRICULTURA Y GIMNASIO,-42.53490679999999,-73.4277236,"Quinchao, Los Lagos, Chile",google
DE LOS LAGOS,CHILOE,QUINCHAO,ESCUELA RURAL SAN FRANCISCO,-42.4205031,-73.3057644,"Escuela Rural San Francisco, Sendero San Francisco, San Francisco, Quinchao, Provincia de Chiloé, Región de Los Lagos, Chile",nominatim
DE LOS LAGOS,CHILOE,QUINCHAO,LICEO BICENTENARIO INSULAR ENSEÑANZA BASICA Y GIMNASIO,-42.53490679999999,-73.4277236,"Quinchao, Los Lagos, Chile",google
DE LOS LAGOS,CHILOE,QUINCHAO,LICEO BICENTENARIO INSULAR ENSEÑANZA MEDIA Y GIMNASIO,-42.53490679999999,-73.4277236,"Quinchao, Los Lagos, Chile",google
DE LOS LAGOS,LLANQUIHUE,CALBUCO,COLEGIO EULOGIO GOYCOLEA GARAY Y GIMNASIO,-41.7733696,-73.1285197,"Galvarino Riveros 190, Calbuco, Los Lagos, Chile",google
DE LOS LAGOS,LLANQUIHUE,CALBUCO,ESCUELA JOSE MANUEL BALMACEDA,-41.7729806,-73.1341136,"Escuela José Manuel Balmaceda, 151, Avenida Presidente Carlos Ibáñez, Población Villa Los Angeles, Calbuco, Provincia de Llanquihue, Región de Los Lagos, Chile",nominatim
DE LOS LAGOS,LLANQUIHUE,CALBUCO,ESCUELA LIBERTADOR GENERAL BERNARDO OHIGGINS RIQUELME,-41.771904,-73.13248999999999,"Calbuco, Los Lagos, Chile",google
DE LOS LAGOS,LLANQUIHUE,CALBUCO,ESCUELA RURAL CARMEN MIRANDA NAVARRO,-41.7631986,-73.352702,"Escuela Rural Carmen Miranda Navarro, Ruta V-891, Colaco, Calbuco, Provincia de Llanquihue, Región de Los Lagos, Chile",nominatim
DE LOS LAGOS,LLANQUIHUE,CALBUCO,ESCUELA RURAL CHAUQUEAR,-41.8100221,-73.0489475,"Escuela Rural Chauquear, Ruta V-735, Chauquear, Calbuco, Provincia de Llanquihue, Región de Los Lagos, Chile",nominatim
DE LOS LAGOS,LLANQUIHUE,CALBUCO,ESCUELA RURAL CHAYAHUE,-41.791434,-73.3750788,"Escuela Rural Chayahue, Camino Chayahué, Abtao, Calbuco, Provincia de Llanquihue, Región de Los Lagos, Chile",nominatim
DE LOS LAGOS,LLANQUIHUE,CALBUCO,ESCUELA RURAL PARGUA,-41.7901507,-73.4575399,"Escuela Rural Pargua, Prat, Pargua, Calbuco, Provincia de Llanquihue, Región de Los Lagos, Chile",nominatim
DE LOS LAGOS,LLANQUIHUE,CALBUCO,ESCUELA SAN JOSE,-41.78456,-73.194712,"Escuela Rural San José, Ruta V-865, San José, Calbuco, Provincia de Llanquihue, Región de Los Lagos, Chile",nominatim
DE LOS LAGOS,LLANQUIHUE,CALBUCO,ESCUELA UNIFICADA ISLA GUAR,-41.771904,-73.13248999999999,"Calbuco, Los Lagos, Chile",google
DE LOS LAGOS,LLANQUIHUE,CALBUCO,LICEO FRANCISCO HERNANDEZ ORTIZ-PIZARRO,-41.686972,-73.0818989,"8W79+4F, Calbuco, Los Lagos, Chile",google
DE LOS LAGOS,LLANQUIHUE,COCHAMO,ESCUELA BASICA FRONTERIZA JUAN SOLER MANFREDINI,-41.4932294,-72.30722829999999,"5560000 Cochamó, Cochamo, Los Lagos, Chile",google
DE LOS LAGOS,LLANQUIHUE,COCHAMO,ESCUELA RURAL CAPITAN DE BANDADA CARLOS RODRIGUEZ,-41.4924307,-72.307996,"Cochamó, Cochamo, Los Lagos, Chile",google
DE LOS LAGOS,LLANQUIHUE,COCHAMO,ESCUELA RURAL RIO PUELO,-41.6627566,-72.2952241,"Puelo, Cochamo, Los Lagos, Chile",google
DE LOS LAGOS,LLANQUIHUE,COCHAMO,ESCUELA RURAL SAN ANTONIO,-41.4959681,-72.3335055,"Cochamó, Cochamo, Los Lagos, Chile",google
DE LOS LAGOS,LLANQUIHUE,COCHAMO,ESCUELA RURAL SOBERANIA,-41.4924307,-72.307996,"Cochamó, Cochamo, Los Lagos, Chile",google
DE LOS LAGOS,LLANQUIHUE,FRESIA,COLEGIO PURISIMO CORAZON DE MARIA,-41.1544209,-73.4233616,"Colegio Purísimo Corazón de María, 420, Irarrázabal, Población Maine, Fresia, Provincia de Llanquihue, Región de Los Lagos, Chile",nominatim
DE LOS LAGOS,LLANQUIHUE,FRESIA,ESCUELA RURAL PARGA,-41.218401,-73.4886267,"Escuela Rural Parga, 52, Gabriela Mistral, Parga, Fresia, Provincia de Llanquihue, Región de Los Lagos, Chile",nominatim
DE LOS LAGOS,LLANQUIHUE,FRESIA,ESCUELA SAN ANDRES,-41.0389172,-73.4110295,"Escuela Rural San Andrés, Ruta V-46, Tegualda, Fresia, Provincia de Llanquihue, Región de Los Lagos, Chile",nominatim
DE LOS LAGOS,LLANQUIHUE,FRESIA,LICEO CARLOS IBAÑEZ DEL CAMPO Y GIMNASIO,-41.1531628,-73.4168327,"Fresia, Los Lagos, Chile",google
DE LOS LAGOS,LLANQUIHUE,FRUTILLAR,ESCUELA ARTURO ALESSANDRI PALMA,-41.1237332,-73.0592735,"Escuela Arturo Alessandri Palma, 286, Arturo Alessandri Palma, Villa Los Libertadores, Frutillar Alto, Frutillar, Provincia de Llanquihue, Región de Los Lagos, 5620106, Chile",nominatim
DE LOS LAGOS,LLANQUIHUE,FRUTILLAR,ESCUELA CLAUDIO MATTE,-41.1138866,-73.0533931,"Escuela Claudio Matte, 207, Violeta Parra, Nueva Esperanza, Frutillar Alto, Frutillar, Provincia de Llanquihue, Región de Los Lagos, 5620106, Chile",nominatim
DE LOS LAGOS,LLANQUIHUE,FRUTILLAR,ESCUELA RURAL LOS LINARES DE CASMA,-41.0077589,-73.1234044,"Escuela Rural Los Linares de Casma, 130, Roberto Simpson, Casma, Frutillar, Provincia de Llanquihue, Región de Los Lagos, Chile",nominatim
DE LOS LAGOS,LLANQUIHUE,FRUTILLAR,ESCUELA VICENTE PEREZ ROSALES,-41.1173254,-73.048405,"Escuela Vicente Pérez Rosales, Lucila Godoy, Nueva Esperanza, Frutillar Alto, Frutillar, Provincia de Llanquihue, Región de Los Lagos, 5620106, Chile",nominatim
DE LOS LAGOS,LLANQUIHUE,LLANQUIHUE,ESCUELA INES GALLARDO ALVARADO,-41.2526484,-73.0080572,"Escuela Ines Gallardo Alvarado, Manuel Antonio Matta, Villa Federico Werner, Llanquihue, Provincia de Llanquihue, Región de Los Lagos, 5610000, Chile",nominatim
DE LOS LAGOS,LLANQUIHUE,LLANQUIHUE,ESCUELA RURAL COLEGUAL,-41.2215736,-73.1361738,"Escuela Rural Colegual, Ruta V-30, Colegual Grande, Llanquihue, Provincia de Llanquihue, Región de Los Lagos, Chile",nominatim
DE LOS LAGOS,LLANQUIHUE,LLANQUIHUE,ESCUELA RURAL LOS PELLINES,-41.1914635,-73.0664201,"Escuela Rural Los Pellines, 14, Los Carrera, Los Pellines, Llanquihue, Provincia de Llanquihue, Región de Los Lagos, Chile",nominatim
DE LOS LAGOS,LLANQUIHUE,LLANQUIHUE,LICEO POLITECNICO HOLANDA,-41.2693508,-72.9976551,"Liceo Politécnico Holanda, 650, Avenida Los Volcanes, Población Nestlé, Llanquihue, Provincia de Llanquihue, Región de Los Lagos, 5610000, Chile",nominatim
DE LOS LAGOS,LLANQUIHUE,LOS MUERMOS,COLEGIO RAMON ANGEL JARA,-41.3931715,-73.4667691,"Colegio Ramón Ángel Jara, 105, Pablo Téllez, Los Muermos, Provincia de Llanquihue, Región de Los Lagos, Chile",nominatim
DE LOS LAGOS,LLANQUIHUE,LOS MUERMOS,ESCUELA RURAL CAÑITAS,-41.3033856,-73.4518762,"Escuela Rural Cañitas, Ruta V-500, Cañitas, Los Muermos, Provincia de Llanquihue, Región de Los Lagos, Chile",nominatim
DE LOS LAGOS,LLANQUIHUE,LOS MUERMOS,ESCUELA RURAL ESTAQUILLA,-41.4013128,-73.8131127,"Escuela Rural Estaquilla, Camino Punta Estaquilla, Punta Estaquilla, Los Muermos, Provincia de Llanquihue, Región de Los Lagos, Chile",nominatim
DE LOS LAGOS,LLANQUIHUE,LOS MUERMOS,LICEO PUNTA DE RIELES,-41.3982345,-73.462055,"Liceo Punta de Rieles, Antonio Varas, Villa Oriente, Los Muermos, Provincia de Llanquihue, Región de Los Lagos, Chile",nominatim
DE LOS LAGOS,LLANQUIHUE,MAULLIN,ESCUELA ENCARNACION OLIVARES,-41.6161216,-73.5999025,"C. 21 de Mayo 404, Maullin, Maullín, Los Lagos, Chile",google
DE LOS LAGOS,LLANQUIHUE,MAULLIN,ESCUELA FRANCISCO CORTES OJEDA,-41.7481714,-73.70682479999999,"V-900 854, Carelmapu, Maullín, Los Lagos, Chile",google
DE LOS LAGOS,LLANQUIHUE,MAULLIN,ESCUELA JOSE ABELARDO NUÑEZ,-41.6174518,-73.6010502,"Maullín, Los Lagos, Chile",google
DE LOS LAGOS,LLANQUIHUE,MAULLIN,ESCUELA RURAL DORILA AGUILA AGUILAR,-41.6183881,-73.60167369999999,"Maullín, Los Lagos, Chile",google
DE LOS LAGOS,LLANQUIHUE,MAULLIN,ESCUELA RURAL HILDA HUNQUEN,-41.5639766,-73.67781839999999,"Vicente Cárcamo, Quenuir, Maullín, Los Lagos, Chile",google
DE LOS LAGOS,LLANQUIHUE,MAULLIN,ESCUELA RURAL LOS ARCES,-41.6183881,-73.60167369999999,"Maullín, Los Lagos, Chile",google
DE LOS LAGOS,LLANQUIHUE,PUERTO MONTT,COLEGIO BOSQUEMAR,-41.4860149,-73.0006217,"Colegio Bosquemar, 1561, Avenida Los Notros, Bosquemar II, Bosquemar, Puerto Montt, Provincia de Llanquihue, Región de Los Lagos, 5504052, Chile",nominatim
DE LOS LAGOS,LLANQUIHUE,PUERTO MONTT,COLEGIO CREACIONES LA ARAUCANA,-41.4600243,-72.9940041,"Av. Canal Albatross 5999, Puerto Montt, Los Lagos, Chile",google
DE LOS LAGOS,LLANQUIHUE,PUERTO MONTT,COLEGIO DOMINGO SANTA MARIA,-41.4708257,-72.9850379,"Colegio Domingo Santa María, Diego de Almagro Norte, Lomas de Cardonal, Puerta Sur, Puerto Montt, Provincia de Llanquihue, Región de Los Lagos, 5480000, Chile",nominatim
DE LOS LAGOS,LLANQUIHUE,PUERTO MONTT,COLEGIO LOS ALERCES,-41.3845793,-72.9174588,"Colegio Los Alerces, Los Raulíes, Jardines de Alerce, Alerce, Puerto Montt, Provincia de Llanquihue, Región de Los Lagos, Chile",nominatim
DE LOS LAGOS,LLANQUIHUE,PUERTO MONTT,COLEGIO NUEVA ALERCE,-41.3862228,-72.8971828,"Colegio Nueva Alerce, 3020, Candelaria Pérez, Jaime Mendoza, Alerce, Puerto Montt, Provincia de Llanquihue, Región de Los Lagos, Chile",nominatim
DE LOS LAGOS,LLANQUIHUE,PUERTO MONTT,COLEGIO SALESIANO PADRE JOSE FERNANDEZ PEREZ,-41.4636522,-72.9635485,"Colegio Salesiano, Santa Inés, Villa Olímpica, Padre José Fernández Pérez, Puerto Montt, Provincia de Llanquihue, Región de Los Lagos, 5507138, Chile",nominatim
DE LOS LAGOS,LLANQUIHUE,PUERTO MONTT,COLEGIO SANTO TOMAS,-41.4528215,-72.9357215,"Colegio Santo Tomás, Marta Colvin, Población Puerta del Sol, Puerto Montt, Provincia de Llanquihue, Región de Los Lagos, 5507138, Chile",nominatim
DE LOS LAGOS,LLANQUIHUE,PUERTO MONTT,COLEGIO TECNICO PROFESIONAL PIEDRA AZUL,-41.5085449,-72.7882307,"Ruta 7, F6R7+FR 72, Puerto Montt, Los Lagos, Chile",google
DE LOS LAGOS,LLANQUIHUE,PUERTO MONTT,ESCUELA 10 ANGELMO,-41.4729404,-72.9543121,"Escuela N.º 10 Angelmó, Eduardo Díaz, Villa Kennedy, Padre José Fernández Pérez, Puerto Montt, Provincia de Llanquihue, Región de Los Lagos, 5507138, Chile",nominatim
DE LOS LAGOS,LLANQUIHUE,PUERTO MONTT,ESCUELA 7 ARABE-SIRIA,-41.4788602,-72.9547887,"Miraflores 1395, Puerto Montt, Los Lagos, Chile",google
DE LOS LAGOS,LLANQUIHUE,PUERTO MONTT,ESCUELA BASICA GABRIELA MISTRAL,-41.4643174,-72.9668013,"Gabriela Mistral, Puerto Montt, Los Lagos, Chile",google
DE LOS LAGOS,LLANQUIHUE,PUERTO MONTT,ESCUELA BASICA KIMUN LAWAL,-41.1519672,-73.41642499999999,"Fresia, Los Lagos, Chile",google
DE LOS LAGOS,LLANQUIHUE,PUERTO MONTT,ESCUELA BASICA LAS CAMELIAS,-41.476131,-72.9720348,"Las Camelias, Puerto Montt, Los Lagos, Chile",google
DE LOS LAGOS,LLANQUIHUE,PUERTO MONTT,ESCUELA BASICA LICARAYEN,-41.4573974,-72.93017569999999,"Carilemu 673, Puerto Montt, Los Lagos, Chile",google
DE LOS LAGOS,LLANQUIHUE,PUERTO MONTT,ESCUELA CAPITAN ARTURO PRAT CHACON,-41.4746067,-72.9125402,"Lago Huillinco 6, 5503219 Llanquihue, Puerto Montt, Los Lagos, Chile",google
DE LOS LAGOS,LLANQUIHUE,PUERTO MONTT,ESCUELA CAYENEL,-41.4506286,-72.9619302,"Escuela Cayenel, Los Talladores, Villa Artesanía, Padre José Fernández Pérez, Puerto Montt, Provincia de Llanquihue, Región de Los Lagos, 5507138, Chile",nominatim
DE LOS LAGOS,LLANQUIHUE,PUERTO MONTT,ESCUELA ESPAÑA,-41.4700328,-72.9401778,"Escuela España, 400, Rengifo, Villa Michaely, Puerto Montt, Provincia de Llanquihue, Región de Los Lagos, 5507138, Chile",nominatim
DE LOS LAGOS,LLANQUIHUE,PUERTO MONTT,ESCUELA LA VARA,-41.4278129,-72.912052,"Escuela La Vara, Puerto Varas - Alerce - Puerto Montt, Parque Los Colonos, La Vara, Puerto Montt, Provincia de Llanquihue, Región de Los Lagos, Chile",nominatim
DE LOS LAGOS,LLANQUIHUE,PUERTO MONTT,ESCUELA LIBERTAD,-41.4583518,-72.9455783,"Escuela Libertad, Ignacio Carrera Pinto, Población Libertad, Padre José Fernández Pérez, Puerto Montt, Provincia de Llanquihue, Región de Los Lagos, 5507138, Chile",nominatim
DE LOS LAGOS,LLANQUIHUE,PUERTO MONTT,ESCUELA MELIPULLI Y GIMNASIO,-41.4628869,-72.9295404,"Av. Pdte. Ibáñez 254, Puerto Montt, Los Lagos, Chile",google
DE LOS LAGOS,LLANQUIHUE,PUERTO MONTT,"ESCUELA NUMERO 1, ALEMANIA",-41.4693622,-72.94244050000002,"Puerto Montt, Los Lagos, Chile",google
DE LOS LAGOS,LLANQUIHUE,PUERTO MONTT,ESCUELA PABLO NERUDA,-41.4758634,-72.9616912,"Escuela Pablo Neruda, San Pablo, Barrio Crucero, Angelmó, Puerto Montt, Provincia de Llanquihue, Región de Los Lagos, 5480000, Chile",nominatim
DE LOS LAGOS,LLANQUIHUE,PUERTO MONTT,ESCUELA REPUBLICA ARGENTINA Y GIMNASIO,-41.4744742,-72.9521329,"Gimnasio, Puerto Montt, Los Lagos, Chile",google
DE LOS LAGOS,LLANQUIHUE,PUERTO MONTT,ESCUELA RURAL CORRENTOSO,-41.4046799,-72.6265784,"ESCUELA RURAL RÍO BLANCO, Ruta V-651, Horno Huinco, Puerto Montt, Provincia de Llanquihue, Región de Los Lagos, Chile",nominatim
DE LOS LAGOS,LLANQUIHUE,PUERTO MONTT,ESCUELA RURAL HUELMO,-41.6728576,-73.0629666,"Escuela Rural Huelmo, Ruta V-811, Huelmo, Puerto Montt, Provincia de Llanquihue, Región de Los Lagos, Chile",nominatim
DE LOS LAGOS,LLANQUIHUE,PUERTO MONTT,ESCUELA RURAL LA CHAMIZA,-41.4830528,-72.8539614,"Escuela Rural La Chamiza, Carretera Austral, Santa Filomena, Coihuín, Puerto Montt, Provincia de Llanquihue, Región de Los Lagos, 5480001, Chile",nominatim
DE LOS LAGOS,LLANQUIHUE,PUERTO MONTT,ESCUELA RURAL LENCA,-41.6051869,-72.690081,"Escuela Rural de Lenca, Carretera Austral, Puerto Montt, Provincia de Llanquihue, Región de Los Lagos, Chile",nominatim
DE LOS LAGOS,LLANQUIHUE,PUERTO MONTT,ESCUELA RURAL MAILLEN ESTERO,-41.5840249,-72.9980038,"Escuela Rural Maillen, Ruta V-921, Puqueldón, Puerto Montt, Provincia de Llanquihue, Región de Los Lagos, Chile",nominatim
DE LOS LAGOS,LLANQUIHUE,PUERTO MONTT,ESCUELA RURAL TEPUAL,-41.4238603,-73.1003833,"Escuela Rural Tepual, Ruta V-605, La Perla, Población Santo Toribio, El Tepual, Puerto Montt, Provincia de Llanquihue, Región de Los Lagos, Chile",nominatim
DE LOS LAGOS,LLANQUIHUE,PUERTO MONTT,ESCUELA RURAL TRAPEN,-41.5287585,-73.1226928,"Escuela Rural Trapén, Caletera Ruta 5, Trapén Poniente, Puerto Montt, Provincia de Llanquihue, Región de Los Lagos, Chile",nominatim
DE LOS LAGOS,LLANQUIHUE,PUERTO MONTT,GIMNASIO UNIVERSIDAD DE LOS LAGOS,-41.4712059,-72.93525009999999,"Copiapó 119, 5502595 Puerto Montt, Los Lagos, Chile",google
DE LOS LAGOS,LLANQUIHUE,PUERTO MONTT,INSTITUTO TECNICO FORJADORES DE ALERCE,-41.3898186,-72.9058321,"Instituto Técnico Forjadores de Alerce, Candelaria Pérez, Condominio María Inés, Alerce, Puerto Montt, Provincia de Llanquihue, Región de Los Lagos, Chile",nominatim
DE LOS LAGOS,LLANQUIHUE,PUERTO MONTT,LICEO ANDRES BELLO,-41.4597014,-72.9520714,"Liceo Andres Bello, Magallanes, Población Rotonda, Padre José Fernández Pérez, Puerto Montt, Provincia de Llanquihue, Región de Los Lagos, 5507138, Chile",nominatim
DE LOS LAGOS,LLANQUIHUE,PUERTO MONTT,LICEO COMERCIAL MIRAMAR,-41.4726302,-72.9228906,"Liceo Comercial Miramar, 253, Deber Cumplido, Población Vista Hermosa, Puerto Montt, Provincia de Llanquihue, Región de Los Lagos, 5480001, Chile",nominatim
DE LOS LAGOS,LLANQUIHUE,PUERTO MONTT,LICEO COMERCIAL Y GIMNASIO,-41.4744742,-72.9521329,"Gimnasio, Puerto Montt, Los Lagos, Chile",google
DE LOS LAGOS,LLANQUIHUE,PUERTO MONTT,LICEO POLITECNICO MIRASOL,-41.4775185,-72.9829599,"Liceo Politécnico Mirasol, 1096, Maximiliano Uribe, Villa Clotario Blest, Mirasol, Puerto Montt, Provincia de Llanquihue, Región de Los Lagos, 5480000, Chile",nominatim
DE LOS LAGOS,LLANQUIHUE,PUERTO MONTT,LICEO RURAL LAS QUEMAS,-41.402252,-73.1805172,"Las Quemas, Puerto Montt, Los Lagos, Chile",google
DE LOS LAGOS,LLANQUIHUE,PUERTO MONTT,LICEO TECNICO PROFESIONAL BOSQUE NATIVO,-41.4622607,-72.9846595,"Liceo Técnico Profesional Bosque Nativo, Ruta 226, Población Fresia, Puerta Sur, Puerto Montt, Provincia de Llanquihue, Región de Los Lagos, 5480000, Chile",nominatim
DE LOS LAGOS,LLANQUIHUE,PUERTO MONTT,PATAGONIA COLLEGE,-41.4552453,-72.9004526,"Patagonia College, Borde Cauce 1, Valle Volcanes 13, Valle Volcanes, Puerto Montt, Provincia de Llanquihue, Región de Los Lagos, 5480001, Chile",nominatim
DE LOS LAGOS,LLANQUIHUE,PUERTO MONTT,THE AMERICAN SCHOOL,-41.4568176,-72.91172279999999,"Volcán Michimavida 301, Puerto Montt, Los Lagos, Chile",google
DE LOS LAGOS,LLANQUIHUE,PUERTO MONTT,UNIVERSIDAD AUSTRAL DE CHILE,-41.490607,-72.89767739999999,"Los Pinos, Puerto Montt, Los Lagos, Chile",google
DE LOS LAGOS,LLANQUIHUE,PUERTO VARAS,AUTOSERVICIO LA TEJUELA,-41.3446277,-72.9413239,"La Teja, Puerto Varas, Los Lagos, Chile",google
DE LOS LAGOS,LLANQUIHUE,PUERTO VARAS,COLEGIO ALTAS CUMBRES,-41.3437591,-72.9477251,"Colegio Altas Cumbres, Volcán Antillanca, Quilén de Puerto Varas, Mirador de Puerto Varas, Puerto Varas, Provincia de Llanquihue, Región de Los Lagos, 5550000, Chile",nominatim
DE LOS LAGOS,LLANQUIHUE,PUERTO VARAS,COLEGIO FELMER NIKLITSCHEK,-41.3303637,-72.9678355,"Colegio Felmer Niklitschek, 1299, Federico Errázuriz, Población Varmontt, Puerto Varas, Provincia de Llanquihue, Región de Los Lagos, 5550988, Chile",nominatim
DE LOS LAGOS,LLANQUIHUE,PUERTO VARAS,COLEGIO GERMANIA DEL VERBO DIVINO,-41.3209672,-72.987934,"Colegio Germania Verbo Divino, 671, Verbo Divino, Población Juan Costa, Puerto Varas, Provincia de Llanquihue, Región de Los Lagos, 5550596, Chile",nominatim
DE LOS LAGOS,LLANQUIHUE,PUERTO VARAS,COLEGIO INMACULADA CONCEPCION PUERTO VARAS,-41.3189528,-72.9874146,"Colegio Inmaculada Concepción, 895, Purísima, Población Juan Costa, Puerto Varas, Provincia de Llanquihue, Región de Los Lagos, 5550451, Chile",nominatim
DE LOS LAGOS,LLANQUIHUE,PUERTO VARAS,COLEGIO MIRADOR DEL LAGO,-41.3304361,-72.9651592,"Colegio Mirador del Lago, Manuel Bulnes, Población Los Canales, Puerto Varas, Provincia de Llanquihue, Región de Los Lagos, 5550079, Chile",nominatim
DE LOS LAGOS,LLANQUIHUE,PUERTO VARAS,COLEGIO NUEVA BRAUNAU,-41.3252745,-73.080466,"Colegio Nueva Braunau, Otto Klein, Población Rhode Island, Parcelación Santa Rosa, Nueva Braunau, Puerto Varas, Provincia de Llanquihue, Región de Los Lagos, Chile",nominatim
DE LOS LAGOS,LLANQUIHUE,PUERTO VARAS,COLEGIO PUERTO VARAS,-41.308248,-72.9900715,"Colegio Puerto Varas, 11, Camino del Trébol, Villa Los Alpes, Puerto Varas, Provincia de Llanquihue, Región de Los Lagos, 5550176, Chile",nominatim
DE LOS LAGOS,LLANQUIHUE,PUERTO VARAS,COLEGIO ROSITA NOVARO,-41.3259825,-72.9743633,"Escuela Rosita Novaro, 650, Del Puente, Población Pedro Aguirre Cerda, Puerto Varas, Provincia de Llanquihue, Región de Los Lagos, 5550988, Chile",nominatim
DE LOS LAGOS,LLANQUIHUE,PUERTO VARAS,ESCUELA RURAL COLONIA RIO SUR,-41.3400005,-72.7016968,"Escuela Rural Colonia Rio Sur, Ruta V-613, Colonia Río Sur, Puerto Varas, Provincia de Llanquihue, Región de Los Lagos, Chile",nominatim
DE LOS LAGOS,LLANQUIHUE,PUERTO VARAS,ESCUELA RURAL CRISTO REY,-41.3889489,-72.3286822,"Escuela Rural Cristo Rey, Camino Canutillar, Ralún, Puerto Varas, Provincia de Llanquihue, Región de Los Lagos, Chile",nominatim
DE LOS LAGOS,LLANQUIHUE,PUERTO VARAS,ESCUELA RURAL EPSON,-41.2081955,-72.5395146,"Escuela Rural Epson de Ensenada, Ruta 225 CH, Ensenada, Puerto Varas, Provincia de Llanquihue, Región de Los Lagos, Chile",nominatim
DE LOS LAGOS,LLANQUIHUE,PUERTO VARAS,LICEO PEDRO AGUIRRE CERDA Y GIMNASIO,-41.3210401,-72.9808481,"Imperial Esq. s/Nº, - Del Rosario, 5550269 Puerto Varas, Los Lagos, Chile",google
DE LOS LAGOS,OSORNO,OSORNO,COLEGIO ARTISTICO SANTA CECILIA EDUCACION MEDIA,-40.5651498,-73.11264059999999,"Gregoria Ramírez 350, 5310089 Osorno, Los Lagos, Chile",google
DE LOS LAGOS,OSORNO,OSORNO,COLEGIO EMPRENDER OSORNO,-40.5725759,-73.1658425,"Colegio Emprender, Pasaje Calera de Tango, Rahue, Osorno, Provincia de Osorno, Región de Los Lagos, 5301065, Chile",nominatim
DE LOS LAGOS,OSORNO,OSORNO,ESCUELA 88 CANADA,-40.5807193,-73.1631405,"Canadá, Osorno, Los Lagos, Chile",google
DE LOS LAGOS,OSORNO,OSORNO,ESCUELA CARLOS CONDELL,-40.5908936,-73.1728038,"Escuela Carlos Condell, 2159, Santa Isabel, Villa Los Clásicos, Osorno, Provincia de Osorno, Región de Los Lagos, 5301568, Chile",nominatim
DE LOS LAGOS,OSORNO,OSORNO,ESCUELA CLAUDIO ARRAU,-40.5774768,-73.1489922,"Escuela Claudio Arrau, 650, Por La Razón o La Fuerza, Villa Lago Rupanco, Osorno, Provincia de Osorno, Región de Los Lagos, 5300615, Chile",nominatim
DE LOS LAGOS,OSORNO,OSORNO,ESCUELA DE ARTES Y CULTURA OSORNO Y GIMNASIO,-40.5896079,-73.1180778,"Jose Ignacio - Zenteno 2471, Osorno, Los Lagos, Chile",google
DE LOS LAGOS,OSORNO,OSORNO,ESCUELA DEPORTIVA OSORNO (EX LAGO RUPANCO),-40.587156,-73.154113,"Rafael Sotomayor 415, 5302549 Osorno, Los Lagos, Chile",google
DE LOS LAGOS,OSORNO,OSORNO,ESCUELA ESPAÑA,-40.5774912,-73.1047827,"Liceo España, Avenida Julio Buschmann, Villa El Esfuerzo, Osorno, Provincia de Osorno, Región de Los Lagos, 5310847, Chile",nominatim
DE LOS LAGOS,OSORNO,OSORNO,ESCUELA ESPECIAL `ANA AICHELE CARRASCO`,-40.5855161,-73.1196252,"5311440 Osorno, Los Lagos, Chile",google
DE LOS LAGOS,OSORNO,OSORNO,ESCUELA FUNDACION PAUL HARRIS,-40.5696083,-73.1265849,"Paul Harris, Osorno, Los Lagos, Chile",google
DE LOS LAGOS,OSORNO,OSORNO,ESCUELA GARCIA HURTADO DE MENDOZA,-40.5835547,-73.1583156,"Escuela García Hurtado de Mendoza, José Domingo Negrón, Villa Lago Rupanco, Osorno, Provincia de Osorno, Región de Los Lagos, 5301065, Chile",nominatim
DE LOS LAGOS,OSORNO,OSORNO,ESCUELA JUAN RICARDO SANCHEZ ASCENCIO,-40.5594963,-73.1528467,"Los Naranjos, Juan Ricardo Sánchez Ascencio, Osorno, Los Lagos, Chile",google
DE LOS LAGOS,OSORNO,OSORNO,ESCUELA MEXICO DE MICHOACAN,-40.5753053,-73.1141852,"Pedro Aguirre Cerda 635, 5310563 Osorno, Los Lagos, Chile",google
DE LOS LAGOS,OSORNO,OSORNO,ESCUELA MONSEÑOR FRANCISCO VALDES SUBERCASEAUX,-40.562938,-73.1508107,"Escuela Monseñor Francisco Valdes Subercaseaux, 680, Cuya, Pampa Alegre, Osorno, Provincia de Osorno, Región de Los Lagos, 5300615, Chile",nominatim
DE LOS LAGOS,OSORNO,OSORNO,ESCUELA N° 46 ITALIA,-40.5769034,-73.1555979,"Escuela Nº 46 Italia, Valparaíso, Rahue Bajo, Osorno, Provincia de Osorno, Región de Los Lagos, 5300615, Chile",nominatim
DE LOS LAGOS,OSORNO,OSORNO,ESCUELA RURAL LUZ Y SABER,-40.7509082,-72.9658638,"Escuela Rural Luz y Saber, Las Rosas, Cancura, Osorno, Provincia de Osorno, Región de Los Lagos, Chile",nominatim
DE LOS LAGOS,OSORNO,OSORNO,ESCUELA RURAL PICHIL,-40.700665,-73.0222081,"Escuela Rural Pichil, Ruta U-523, Punta Larga (Pichil) , Osorno, Provincia de Osorno, Región de Los Lagos, Chile",nominatim
DE LOS LAGOS,OSORNO,OSORNO,ESCUELA SOCIEDAD DEL SOCORRO DE SEÑORAS,-40.56640910000001,-73.16903239999999,"Sevilla 1880, 5300262 Osorno, Los Lagos, Chile",google
DE LOS LAGOS,OSORNO,OSORNO,ESCUELA SUIZA,-40.5859359,-73.1450071,"Escuela Suiza, Felizardo Asenjo, Villa el Mirador, Osorno, Provincia de Osorno, Región de Los Lagos, 5300615, Chile",nominatim
DE LOS LAGOS,OSORNO,OSORNO,GIMNASIOS COLEGIO SAN MATEO,-40.5816887,-73.12651249999999,"Diego Barros Arana 1361, 5290000 Osorno, Los Lagos, Chile",google
DE LOS LAGOS,OSORNO,OSORNO,INSTITUTO COMERCIAL,-40.5715594,-73.1383675,"Los Carrera 718, 5310321 Osorno, Los Lagos, Chile",google
DE LOS LAGOS,OSORNO,OSORNO,LICEO ELEUTERIO RAMIREZ,-40.5756211,-73.1303212,"Liceo Eleuterio Ramírez, Arturo Prat, Villa Damas, Osorno, Provincia de Osorno, Región de Los Lagos, 5312321, Chile",nominatim
DE LOS LAGOS,OSORNO,OSORNO,LICEO INDUSTRIAL OSORNO,-40.5809982,-73.1014136,"Liceo Industrial Osorno, 125, Guillermo Hollstein, Villa El Esfuerzo, Osorno, Provincia de Osorno, Región de Los Lagos, 5290000, Chile",nominatim
DE LOS LAGOS,OSORNO,OSORNO,LICEO OSORNO COLLEGE,-40.5893322,-73.1057012,"Alsacia 1050, Osorno, Los Lagos, Chile",google
DE LOS LAGOS,OSORNO,OSORNO,LICEO RAHUE,-40.5774496,-73.1631586,"Liceo Rahue, Miraflores, Rahue, Osorno, Provincia de Osorno, Región de Los Lagos, 5301065, Chile",nominatim
DE LOS LAGOS,OSORNO,OSORNO,THE MISSION COLLEGE EDUCACION BASICA Y GIMNASIO,-40.5585,-73.16991,"La Misión 2680, 5301796 Osorno, Los Lagos, Chile",google
DE LOS LAGOS,OSORNO,PUERTO OCTAY,ESCUELA ALBERTO HURTADO,-40.9744963,-72.8811884,"Puerto Octay, Los Lagos, Chile",google
DE LOS LAGOS,OSORNO,PUERTO OCTAY,ESCUELA RURAL LAS CASCADAS,-41.0821032,-72.636887,"Puerto Octay, Los Lagos, Chile",google
DE LOS LAGOS,OSORNO,PUERTO OCTAY,LICEO BENJAMIN MUÑOZ GAMERO,-40.9740778,-72.8815483,"Liceo Benjamín Muñoz Gamero, 411, Muñoz Gamero, Villa Los Volcanes, Puerto Octay, Provincia de Osorno, Región de Los Lagos, Chile",nominatim
DE LOS LAGOS,OSORNO,PURRANQUE,COLEGIO CRECER,-40.9060619,-73.1593358,"Colegio Crecer, Calle España, Villa Las Flores, Carrasco, Purranque, Provincia de Osorno, Región de Los Lagos, Chile",nominatim
DE LOS LAGOS,OSORNO,PURRANQUE,ESCUELA BERTOLDO HOFMANN KAHLER,-40.9552156,-73.1607545,"Escuela Bertoldo Hofmann Kahler, 146, Los Canelos, Corte Alto, Purranque, Provincia de Osorno, Región de Los Lagos, Chile",nominatim
DE LOS LAGOS,OSORNO,PURRANQUE,ESCUELA RURAL LA PAZ,-40.9213062,-73.3489114,"Escuela Rural La Paz, Ruta U-720, Crucero, Purranque, Provincia de Osorno, Región de Los Lagos, Chile",nominatim
DE LOS LAGOS,OSORNO,PURRANQUE,ESCUELA RURAL NUEVA ISRAEL,-40.9309753,-73.541562,"Escuela Rural Nueva Israel, Ruta U-900, Hueyusca, Purranque, Provincia de Osorno, Región de Los Lagos, Chile",nominatim
DE LOS LAGOS,OSORNO,PURRANQUE,ESCUELA VILLA LO BURGOS,-40.9102888,-73.158747,"Las Heras 299, Purranque, Los Lagos, Chile",google
DE LOS LAGOS,OSORNO,PURRANQUE,LICEO BICENTENARIO TOMAS BURGOS,-40.9128577,-73.1557059,"Tomas Burgos, Purranque, Los Lagos, Chile",google
DE LOS LAGOS,OSORNO,PUYEHUE,ESCUELA ENTRE LAGOS Y GIMNASIO,-39.6634886,-72.38844619999999,"Puyehue, Panguipulli, Los Ríos, Chile",google
DE LOS LAGOS,OSORNO,PUYEHUE,ESCUELA RURAL EL ENCANTO,-40.7678968,-72.4398442,"Escuela Rural El Encanto, Ruta U-475, Cruce Paisil, Puyehue, Provincia de Osorno, Región de Los Lagos, Chile",nominatim
DE LOS LAGOS,OSORNO,PUYEHUE,LICEO LAS AMERICAS,-40.6833024,-72.5998386,"Liceo de Las Américas, 217, Manuel Rodríguez, Entre Lagos, Puyehue, Provincia de Osorno, Región de Los Lagos, 5360000, Chile",nominatim
DE LOS LAGOS,OSORNO,RIO NEGRO,COLEGIO RIACHUELO,-40.8228038,-73.3360513,"Manuel Balmaceda 490, Negrete, Río Negro, Región del Bío Bío, Chile",google
DE LOS LAGOS,OSORNO,RIO NEGRO,ESCUELA RIO NEGRO,-40.8047327,-73.213929,"Pedro Montt 880, Río Negro, Los Lagos, Chile",google
DE LOS LAGOS,OSORNO,RIO NEGRO,LICEO JOSE TORIBIO MEDINA,-40.7900743,-73.213941,"Av. Padre Alberto Hurtado 21, Río Negro, Los Lagos, Chile",google
DE LOS LAGOS,OSORNO,SAN JUAN DE LA COSTA,COLEGIO TECNICO PROFESIONAL MISION SAN JUAN DE LA COSTA,-40.4897617,-73.4052739,"Colegio Técnico Profesional Misión San Juan de la Costa, Camino Puaucho - Trinidad, Misión San Juan de la Costa, San Juan de la Costa, Provincia de Osorno, Región de Los Lagos, Chile",nominatim
DE LOS LAGOS,OSORNO,SAN JUAN DE LA COSTA,ESCUELA RURAL BAHIA MANSA,-40.5871655,-73.7343535,"Escuela Rural Bahía Mansa, Avenida Costanera, Maicolpue, Bahía Mansa, San Juan de la Costa, Provincia de Osorno, Región de Los Lagos, 5400000, Chile",nominatim
DE LOS LAGOS,OSORNO,SAN JUAN DE LA COSTA,LICEO POLITECNICO ANTULAFKEN,-40.6057645,-73.4677001,"Liceo Politécnico Antulafken, Puaucho, Comunidad Antumapu, Puaucho, San Juan de la Costa, Provincia de Osorno, Región de Los Lagos, Chile",nominatim
DE LOS LAGOS,OSORNO,SAN PABLO,COLEGIO BICENTENARIO DE EXCELENCIA QUILACAHUIN,-40.4119816,-73.0114512,"San Pablo, Los Lagos, Chile",google
DE LOS LAGOS,OSORNO,SAN PABLO,ESCUELA DELICIO CARDENAS BUSTAMANTE Y GIMNASIO,-40.4153323,-73.0067579,"San Pablo, Los Lagos, Chile",google
DE LOS LAGOS,OSORNO,SAN PABLO,ESCUELA RURAL LA POZA,-40.5099224,-72.9020831,"Escuela Rural La Poza, Ruta U-11, La Poza, San Pablo, Provincia de Osorno, Región de Los Lagos, Chile",nominatim
DE LOS LAGOS,OSORNO,SAN PABLO,LICEO FRAY PABLO DE ROYO,-40.4125095,-73.0104644,"Liceo Fray Pablo de Royo, 510, Cristóbal Colón, Los Castaños, San Pablo, Provincia de Osorno, Región de Los Lagos, Chile",nominatim
DE LOS LAGOS,PALENA,CHAITEN,ESCUELA BASICA ALMIRANTE JUAN JOSE LATORRE Y GIMNASIO,-42.9182734,-72.709587,"Chaitén, Los Lagos, Chile",google
DE LOS LAGOS,PALENA,CHAITEN,ESCUELA RURAL CHUMELDEN,-42.5212719,-72.8115433,"Chumilden, Chaitén, Los Lagos, Chile",google
DE LOS LAGOS,PALENA,CHAITEN,ESCUELA RURAL NUEVA ESPERANZA,-42.9182734,-72.709587,"Chaitén, Los Lagos, Chile",google
DE LOS LAGOS,PALENA,CHAITEN,ESCUELA VALLE EL FRIO,-43.4775,-72.3644444,"Valle El Frio, Chaitén, Los Lagos, Chile",google
DE LOS LAGOS,PALENA,CHAITEN,LICEO PENINSULAR AYACARA,-42.3086387,-72.786701,"Ayacara, Chaitén, Los Lagos, Chile",google
DE LOS LAGOS,PALENA,FUTALEUFU,ESCUELA RURAL EL ESPOLON,-43.21469099999999,-71.9054869,"El Espolon, Futaleufú, Los Lagos, Chile",google
DE LOS LAGOS,PALENA,FUTALEUFU,LICEO BICENTENARIO FUTALEUFU,-43.1861986,-71.8675639,"Futaleufú, Futaleufu, Los Lagos, Chile",google
DE LOS LAGOS,PALENA,HUALAIHUE,COLEGIO MAURICIO HITCHCOCK,-41.8005764,-72.71612429999999,"Hualaihue, Hualaihué, Los Lagos, Chile",google
DE LOS LAGOS,PALENA,HUALAIHUE,ESCUELA RURAL 745 SEMILLERO,-42.0251552,-72.6880968,"Hualaihué, Los Lagos, Chile",google
DE LOS LAGOS,PALENA,HUALAIHUE,ESCUELA RURAL CATARATAS DEL ALERCE,-42.0256773,-72.6895334,"Hualaihué, Los Lagos, Chile",google
DE LOS LAGOS,PALENA,HUALAIHUE,LICEO HORNOPIREN,-41.9676134,-72.469486,"Hualaihue, Hualaihué, Los Lagos, Chile",google
DE LOS LAGOS,PALENA,PALENA,ESCUELA ROBERTO WHITE GESELL,-43.6177756,-71.806884,"Escuela Roberto White Gesell, 657, General Urrutia, Aeropuerto, Palena, Provincia de Palena, Región de Los Lagos, Chile",nominatim
DE LOS RIOS,RANCO,FUTRONO,ESCUELA BASICA JOSE MANUEL BALMACEDA F.,-40.1291435,-72.38787769999999,"Futrono, Los Ríos, Chile",google
DE LOS RIOS,RANCO,FUTRONO,ESCUELA FRONTERIZA DE LLIFEN,-40.198303,-72.25899199999999,"40°11'53.9""S 72°15'32. - Av. Eyzaguirre 3185, Puente Alto, Futrono, Región Metropolitana, Chile",google
DE LOS RIOS,RANCO,FUTRONO,ESCUELA RURAL CURRIÑE,-40.2305456,-72.0036281,"Escuela Rural Curriñe, Ruta T-559, Curriñe, Futrono, Provincia de Ranco, Región de Los Ríos, Chile",nominatim
DE LOS RIOS,RANCO,FUTRONO,ESCUELA RURAL ISLA HUAPI,-40.225,-72.3791667,"Guapi Island, Futrono, Los Ríos, Chile",google
DE LOS RIOS,RANCO,FUTRONO,ESCUELA RURAL NONTUELA,-40.0557787,-72.5440386,"Escuela Rural Nontuela, Bellavista, Nontuela, Futrono, Provincia de Ranco, Región de Los Ríos, Chile",nominatim
DE LOS RIOS,RANCO,FUTRONO,LICEO SAN CONRADO DE FUTRONO,-40.1282703,-72.3885763,"Liceo San Conrado, Padre Leodegario, Población El Bosque, Pueblo Hundido, Futrono, Provincia de Ranco, Región de Los Ríos, Chile",nominatim
DE LOS RIOS,RANCO,LA UNION,COLEGIO DE CULTURA Y DIFUSION ARTISTICA,-40.3058891,-73.0625381,"Padre Hurtado 550, La Unión, Los Ríos, Chile",google
DE LOS RIOS,RANCO,LA UNION,COLEGIO TECNICO PROFESIONAL HONORIO OJEDA VALDERAS,-40.2923041,-73.079729,"Esmeralda 951, 5220530 La Unión, Los Ríos, Chile",google
DE LOS RIOS,RANCO,LA UNION,ESCUELA DIFERENCIAL VILLA SAN JOSE,-40.2912103,-73.08433959999999,"La Unión, Los Ríos, Chile",google
DE LOS RIOS,RANCO,LA UNION,ESCUELA EL MAITEN,-40.3099614,-73.08764819999999,"Los Guayes 11, 5220842 La Unión, Los Ríos, Chile",google
DE LOS RIOS,RANCO,LA UNION,ESCUELA PRESIDENTE JORGE ALESSANDRI R.,-40.30147729999999,-73.07610439999999,"La Unión, Los Ríos, Chile",google
DE LOS RIOS,RANCO,LA UNION,ESCUELA RADIMADI,-40.28467370000001,-73.0801379,"Adolfo Weideliner Delgado 211, 5220456 La Unión, Los Ríos, Chile",google
DE LOS RIOS,RANCO,LA UNION,ESCUELA RURAL CHOROICO,-40.2069905,-72.9157958,"La Unión, Los Ríos, Chile",google
DE LOS RIOS,RANCO,LA UNION,ESCUELA RURAL LOS ESTEROS,-40.21081239999999,-72.79125789999999,"La Unión, Los Ríos, Chile",google
DE LOS RIOS,RANCO,LA UNION,ESCUELA RURAL MASHUE,-40.3110961,-73.3360533,"T-846, Mashue, La Unión, Los Ríos, Chile",google
DE LOS RIOS,RANCO,LA UNION,ESCUELA RURAL PUERTO NUEVO,-40.24580599999999,-72.5852653,"Puerto Nuevo, La Unión, Los Ríos, Chile",google
DE LOS RIOS,RANCO,LA UNION,LICEO BICENTENARIO INGENIERO RICARDO FENNER RUEDI,-40.3129249,-73.00042719999999,"Ruta T-74 km 7 La Unión, La Unión, Los Ríos, Chile",google
DE LOS RIOS,RANCO,LA UNION,LICEO RECTOR ABDON ANDRADE COLOMA,-40.30147729999999,-73.07610439999999,"La Unión, Los Ríos, Chile",google
DE LOS RIOS,RANCO,LAGO RANCO,COMPLEJO EDUCACIONAL IGNAO,-40.3325936,-72.5538287,"Ignao, Lago Ranco, Los Ríos, Chile",google
DE LOS RIOS,RANCO,LAGO RANCO,ESCUELA PARTICULAR RUPUMEICA BAJO,-40.3211322,-71.9673504,"Escuela Particular Rupumeica, Ruta T-559, Rupumeica, Lago Ranco, Provincia de Ranco, Región de Los Ríos, Chile",nominatim
DE LOS RIOS,RANCO,LAGO RANCO,ESCUELA RURAL CALCURRUPE,-40.2357945,-72.251213,"Escuela Rural CALCURRUPE, Ruta T-851, Calcurrupe Bajo, Lago Ranco, Provincia de Ranco, Región de Los Ríos, 5180000, Chile",nominatim
DE LOS RIOS,RANCO,LAGO RANCO,ESCUELA RURAL RIÑINAHUE,-40.3279707,-72.3181294,"Escuela Rural Pitreño, Ruta T-851, Pitreño, Lago Ranco, Provincia de Ranco, Región de Los Ríos, Chile",nominatim
DE LOS RIOS,RANCO,LAGO RANCO,LICEO ANTONIO VARAS L1,-40.3219254,-72.4800317,"Lago Ranco, Los Ríos, Chile",google
DE LOS RIOS,RANCO,LAGO RANCO,LICEO ANTONIO VARAS L2,-40.3219254,-72.4800317,"Lago Ranco, Los Ríos, Chile",google
DE LOS RIOS,RANCO,RIO BUENO,ESCUELA BASICA PATRICIO LYNCH,-40.3308339,-72.9493001,"Patricio Lynch, Rio Bueno, Río Bueno, Los Ríos, Chile",google
DE LOS RIOS,RANCO,RIO BUENO,ESCUELA BASICA RIO BUENO,-40.3331573,-72.9560983,"Río Bueno, Rio Bueno, Los Ríos, Chile",google
DE LOS RIOS,RANCO,RIO BUENO,ESCUELA PAMPA RIOS,-40.3387679,-72.9487852,"18 de Septiembre 1600, 5240465 Rio Bueno, Río Bueno, Los Ríos, Chile",google
DE LOS RIOS,RANCO,RIO BUENO,ESCUELA RURAL CARIMALLIN BAJO,-40.5550557,-72.7734643,"T-99-U, Rio Bueno, Río Bueno, Los Ríos, Chile",google
DE LOS RIOS,RANCO,RIO BUENO,ESCUELA RURAL COLONIA DIUMEN,-40.3331573,-72.9560983,"Río Bueno, Rio Bueno, Los Ríos, Chile",google
DE LOS RIOS,RANCO,RIO BUENO,ESCUELA RURAL CRUCERO,-40.4209059,-72.78756489999999,"T-929 460, Crucero, Río Bueno, Los Ríos, Chile",google
DE LOS RIOS,RANCO,RIO BUENO,ESCUELA RURAL VALLE MANTILHUE BAJO,-40.3331573,-72.9560983,"Río Bueno, Rio Bueno, Los Ríos, Chile",google
DE LOS RIOS,RANCO,RIO BUENO,ESCUELA RURAL VIVANCO,-40.3735222,-72.61717589999999,"Rio Bueno, Río Bueno, Los Ríos, Chile",google
DE LOS RIOS,RANCO,RIO BUENO,LICEO TECNICO PROFESIONAL RIO BUENO,-40.3331573,-72.9560983,"Río Bueno, Rio Bueno, Los Ríos, Chile",google
DE LOS RIOS,RANCO,RIO BUENO,LICEO VICENTE PEREZ ROSALES,-40.3357554,-72.9505978,"T-537 1446, Rio Bueno, Río Bueno, Los Ríos, Chile",google
DE LOS RIOS,VALDIVIA,CORRAL,ESCUELA BASICA DE CORRAL,-39.8883394,-73.4329439,"Escuela Básica de Corral, Rancagua, Corral, Provincia de Valdivia, Región de Los Ríos, Chile",nominatim
DE LOS RIOS,VALDIVIA,CORRAL,ESCUELA RURAL CARBONEROS,-39.8776218,-73.3714287,"Escuela Rural Carboneros, Ruta T-352, Carboneros, Corral, Provincia de Valdivia, Región de Los Ríos, Chile",nominatim
DE LOS RIOS,VALDIVIA,CORRAL,ESCUELA RURAL CHAIHUIN,-39.9524694,-73.5759489,"Escuela Rural de Chaihuin, Ruta T-470, Chaihuín, Corral, Provincia de Valdivia, Región de Los Ríos, Chile",nominatim
DE LOS RIOS,VALDIVIA,CORRAL,ESCUELA RURAL LA AGUADA,-39.8986251,-73.42250659999999,"Corral, Los Ríos, Chile",google
DE LOS RIOS,VALDIVIA,LANCO,COLEGIO BERNARDO FELMER NIKLITSCHEK,-39.4511251,-72.7632057,"Colegio Bernardo Felmer Niklitschek, 670, Purulón, VIlla Padre Hurtado, Lanco, Provincia de Valdivia, Región de Los Ríos, 5160354, Chile",nominatim
DE LOS RIOS,VALDIVIA,LANCO,ESCUELA FELIPE BARTHOU,-39.4542963,-72.766643,"Escuela Felipe Barthou Corbeaux, 292, 22 de Mayo, VIlla Padre Hurtado, Lanco, Provincia de Valdivia, Región de Los Ríos, 5160354, Chile",nominatim
DE LOS RIOS,VALDIVIA,LANCO,ESCUELA PARTICULAR RURAL JUAN PABLO II,-39.4557306,-72.7663139,"2 Ote., Lanco, Los Ríos, Chile",google
DE LOS RIOS,VALDIVIA,LANCO,LICEO POLIVALENTE CAMILO HENRIQUEZ G.,-39.4516342,-72.7715036,"Alberto Cordova 251, 5160055 Lanco, Los Ríos, Chile",google
DE LOS RIOS,VALDIVIA,LANCO,LICEO REPUBLICA DEL BRASIL,-39.5395277,-72.5083048,"Liceo República del Brasil, 139, Darío Salas, Villa Hermosa, Malalhue, Lanco, Provincia de Valdivia, Región de Los Ríos, 5160000, Chile",nominatim
DE LOS RIOS,VALDIVIA,LOS LAGOS,ESCUELA NEVADA,-39.8683798,-72.8055526,"Escuela Nevada, Los Almendros, Población Los Pinos, Los Lagos, Provincia de Valdivia, Región de Los Ríos, Chile",nominatim
DE LOS RIOS,VALDIVIA,LOS LAGOS,ESCUELA NUEVA COLLILELFU,-39.8665915,-72.817557,"Escuela Nueva Collilelfu, Santiago Gaete, Población Collilelfu, Los Lagos, Provincia de Valdivia, Región de Los Ríos, Chile",nominatim
DE LOS RIOS,VALDIVIA,LOS LAGOS,ESCUELA NUEVA ESPAÑA,-39.8598965,-72.8059428,"Escuela Nueva España, 599, Quinchilca, Población Empleados Particulares, Los Lagos, Provincia de Valdivia, Región de Los Ríos, Chile",nominatim
DE LOS RIOS,VALDIVIA,LOS LAGOS,ESCUELA RURAL ANTILHUE,-39.8073831,-72.9635414,"Escuela Rural  Antilhue, 448, Los Carrera, Antilhue, Los Lagos, Provincia de Valdivia, Región de Los Ríos, Chile",nominatim
DE LOS RIOS,VALDIVIA,LOS LAGOS,ESCUELA RURAL EL SALTO,-39.9743189,-72.7090178,"Escuela Rural El Salto, Ruta T-575, El Salto, Los Lagos, Provincia de Valdivia, Región de Los Ríos, Chile",nominatim
DE LOS RIOS,VALDIVIA,LOS LAGOS,ESCUELA RURAL ENRIQUE HEVIA LABBE,-41.9197779,-72.1416132,"Los Lagos, Chile",google
DE LOS RIOS,VALDIVIA,LOS LAGOS,ESCUELA RURAL FOLILCO,-39.8690573,-72.6683075,"Escuela Rural de Folilco, Avenida Folilco, Folilco, Los Lagos, Provincia de Valdivia, Región de Los Ríos, Chile",nominatim
DE LOS RIOS,VALDIVIA,LOS LAGOS,LICEO ALBERTO BLEST GANA,-39.8643049,-72.8037787,"Liceo Alberto Blest Gana, 120, 11 de Septiembre, Población 11 de Septiembre, Los Lagos, Provincia de Valdivia, Región de Los Ríos, Chile",nominatim
DE LOS RIOS,VALDIVIA,MAFIL,ESCUELA RURAL RUNCA,-39.69619910000001,-72.87324,"Runca, Máfil, Los Ríos, Chile",google
DE LOS RIOS,VALDIVIA,MAFIL,ESCUELA RURAL SANTA HIGIDIA,-39.666304,-72.9527616,"Máfil, Los Ríos, Chile",google
DE LOS RIOS,VALDIVIA,MAFIL,LICEO GABRIELA MISTRAL,-39.6665427,-72.9546689,"Bernardo O'Higgins #306, Máfil, Los Ríos, Chile",google
DE LOS RIOS,VALDIVIA,MAFIL,LICEO SANTO CURA DE ARS,-39.6655671,-72.9528868,"Chacabuco N° 510, 5200000 Máfil, Los Ríos, Chile",google
DE LOS RIOS,VALDIVIA,MARIQUINA,COLEGIO PELCHUQUIN,-39.626094,-73.079914,"Colegio Pelchuquín, Arnoldo Bilbao, Loteo Fundo El Caracol, Pelchuquín, Mariquina, Provincia de Valdivia, Región de Los Ríos, Chile",nominatim
DE LOS RIOS,VALDIVIA,MARIQUINA,COLEGIO PUFUDI,-39.6708995,-73.0815624,"Colegio Pufudi, Ruta T-292, Pufudi, Mariquina, Provincia de Valdivia, Región de Los Ríos, Chile",nominatim
DE LOS RIOS,VALDIVIA,MARIQUINA,COLEGIO SAN JOSE,-39.5365092,-72.9502735,"Colegio San José, 75, Las Quinchas, Población Mirando Futuro, San José de La Mariquina, Mariquina, Provincia de Valdivia, Región de Los Ríos, Chile",nominatim
DE LOS RIOS,VALDIVIA,MARIQUINA,ESCUELA FRAY BERNABE DE LUCERNA,-39.5413078,-72.8689804,"Escuela Fray Bernabé de Lucerna, Ruta 5 Sur, Villa Nueva Esperanza, Ciruelos, Mariquina, Provincia de Valdivia, Región de Los Ríos, Chile",nominatim
DE LOS RIOS,VALDIVIA,MARIQUINA,ESCUELA RURAL ALFONSO OSSES PEREZ,-39.5659292,-72.9368264,"Escuela Rural Alfonso Osses Pérez, Atilio Jaramillo, Estación Mariquina, Mariquina, Provincia de Valdivia, Región de Los Ríos, Chile",nominatim
DE LOS RIOS,VALDIVIA,MARIQUINA,ESCUELA VALLE DE MARIQUINA,-39.5400923,-72.9611938,"Escuela Valle de Mariquina, José Puchi, Praderas de Mariquina, San José de La Mariquina, Mariquina, Provincia de Valdivia, Región de Los Ríos, Chile",nominatim
DE LOS RIOS,VALDIVIA,MARIQUINA,LICEO POLITECNICO PESQUERO MEHUIN,-39.4369222,-73.2118081,"Liceo Politécnico Pesquero de Mehuin, Carlos Acharán Arce, Mehuín, Mariquina, Provincia de Valdivia, Región de Los Ríos, Chile",nominatim
DE LOS RIOS,VALDIVIA,MARIQUINA,LICEO SAN LUIS DE ALBA,-39.5370208,-72.9582773,"Liceo San Luis de Alba, 1000, Manuel Varas, Praderas de Mariquina, San José de La Mariquina, Mariquina, Provincia de Valdivia, Región de Los Ríos, Chile",nominatim
DE LOS RIOS,VALDIVIA,PAILLACO,ESCUELA NUEVA AURORA,-40.1553548,-72.9016132,"Escuela Rural Nueva Aurora, Gabriela Mistral, Población Nueva Independencia, Pichirropulli, Paillaco, Provincia de Valdivia, Región de Los Ríos, Chile",nominatim
DE LOS RIOS,VALDIVIA,PAILLACO,ESCUELA OLEGARIO MORALES OLIVA,-40.0712087,-72.8710923,"Av. Bernardo O'Higgins 479, Paillaco, Los Ríos, Chile",google
DE LOS RIOS,VALDIVIA,PAILLACO,ESCUELA PROYECTO DE FUTURO,-40.0723833,-72.8688632,"Escuela Proyecto de Futuro, 651, Mac-Iver, Paillaco, Provincia de Valdivia, Región de Los Ríos, 5230000, Chile",nominatim
DE LOS RIOS,VALDIVIA,PAILLACO,ESCUELA ROBERTO OJEDA TORRES,-39.9936378,-72.83507,"Escuela Reumén Roberto Ojeda Torres, Malaquías Concha, Reumén, Paillaco, Provincia de Valdivia, Región de Los Ríos, Chile",nominatim
DE LOS RIOS,VALDIVIA,PAILLACO,ESCUELA RURAL 21 DE MAYO,-40.1216595,-72.7725075,"Escuela Rural 21 de Mayo, Ruta T-613, Villa El Desarrollo, Itropulli, Paillaco, Provincia de Valdivia, Región de Los Ríos, Chile",nominatim
DE LOS RIOS,VALDIVIA,PAILLACO,ESCUELA RURAL EL LLOLLY,-40.0689075,-72.6143912,"Escuela Rural El Llolly, Ruta T-655, El Llolly, Paillaco, Provincia de Valdivia, Región de Los Ríos, Chile",nominatim
DE LOS RIOS,VALDIVIA,PAILLACO,ESCUELA RURAL ESTRELLA DE CHILE,-40.1657237,-72.5926003,"Escuela Rural Estrella de Chile, Ruta T-749, Santa Rosa Grande, Paillaco, Provincia de Valdivia, Región de Los Ríos, Chile",nominatim
DE LOS RIOS,VALDIVIA,PAILLACO,LICEO RODULFO AMANDO PHILIPPI,-40.0697588,-72.866693,"Av. Vicuña Mackenna 850, Paillaco, Los Ríos, Chile",google
DE LOS RIOS,VALDIVIA,PANGUIPULLI,CENTRO EDUCACIONAL SAN SEBASTIAN,-39.641925,-72.33587039999999,"Ruta 203 1077, Panguipulli, Los Ríos, Chile",google
DE LOS RIOS,VALDIVIA,PANGUIPULLI,CENTRO EDUCATIVO FERNANDO SANTIVAN,-39.6395334,-72.3267778,"Ruta 203 0325, Panguipulli, Los Ríos, Chile",google
DE LOS RIOS,VALDIVIA,PANGUIPULLI,"COL. DE ARTES, CIENCIA Y TEC. DA VINCI",-39.6415998,-72.3370089,"Panguipulli, Los Ríos, Chile",google
DE LOS RIOS,VALDIVIA,PANGUIPULLI,COLEGIO MOUNTAIN GREEN SCHOOL,-39.5724842,-72.0016577,"C. Guido Beck de Ramberga 1216, Panguipulli, Los Ríos, Chile",google
DE LOS RIOS,VALDIVIA,PANGUIPULLI,COMPLEJO EDUCACIONAL TIERRA DE ESPERANZA,-39.8502058,-71.9446488,"Complejo Educacional Tierra de Esperanza, Avenida Los Robles, Neltume, Panguipulli, Provincia de Valdivia, Región de Los Ríos, Chile",nominatim
DE LOS RIOS,VALDIVIA,PANGUIPULLI,ESCUELA BASICA REPUBLICA DE CHILE,-39.5811585,-72.4381754,"Escuela Básica República de Chile, Pasaje Vista Hermosa, Melefquén, Panguipulli, Provincia de Valdivia, Región de Los Ríos, Chile",nominatim
DE LOS RIOS,VALDIVIA,PANGUIPULLI,ESCUELA MANUEL ANABALON SAEZ,-39.6447935,-72.3401568,"Población Ernesto Pinto - Arturo Alessandri 147, 5210000 Panguipulli, Los Ríos, Chile",google
DE LOS RIOS,VALDIVIA,PANGUIPULLI,ESCUELA MARIA ALVARADO GARAY,-39.6413649,-72.3307503,"Escuela María Alvarado Garay, Manuel Rodríguez, Cumbres de Panguipulli, Panguipulli, Provincia de Valdivia, Región de Los Ríos, Chile",nominatim
DE LOS RIOS,VALDIVIA,PANGUIPULLI,ESCUELA PART. PADRE ENRIQUE ROMER,-39.56682199999999,-72.00750850000001,"C. Guido Beck de Ramberga 352, 5210226 Conaripe, Panguipulli, Los Ríos, Chile",google
DE LOS RIOS,VALDIVIA,PANGUIPULLI,ESCUELA PARTICULAR EL PORVENIR,-40.0878853,-71.6998195,"Escuela Particular El PORVENIR, Ruta 203 CH, Villa La Frontera, Panguipulli, Provincia de Valdivia, Región de Los Ríos, Chile",nominatim
DE LOS RIOS,VALDIVIA,PANGUIPULLI,ESCUELA PARTICULAR NUEVA LIQUIÑE,-39.7466073,-71.854498,"Escuela Particular Nueva Liquine, Ruta 201 CH, Liquiñe, Panguipulli, Provincia de Valdivia, Región de Los Ríos, Chile",nominatim
DE LOS RIOS,VALDIVIA,PANGUIPULLI,ESCUELA PARTICULAR PAMPA NANCUL,-39.7184766,-72.4070068,"Escuela Particular Pampa Ñancul, Ruta T-39, Ñancul, Panguipulli, Provincia de Valdivia, Región de Los Ríos, Chile",nominatim
DE LOS RIOS,VALDIVIA,PANGUIPULLI,ESCUELA PARTICULAR PUCURA,-39.5136164,-72.06321779999999,"Pucura, Panguipulli, Los Ríos, Chile",google
DE LOS RIOS,VALDIVIA,PANGUIPULLI,ESCUELA RURAL LA RINCONADA,-39.8347691,-72.0829442,"Escuela Rural la Rinconada, Independencia, Choshuenco, Panguipulli, Provincia de Valdivia, Región de Los Ríos, Chile",nominatim
DE LOS RIOS,VALDIVIA,PANGUIPULLI,ESCUELA RURAL LAGO AZUL,-39.6415998,-72.3370089,"Panguipulli, Los Ríos, Chile",google
DE LOS RIOS,VALDIVIA,PANGUIPULLI,LICEO PADRE SIGISFREDO,-39.6413549,-72.3339347,"Liceo Padre Sigisfredo, 37, Etchegaray, Villa Portal del Sol, Panguipulli, Provincia de Valdivia, Región de Los Ríos, Chile",nominatim
DE LOS RIOS,VALDIVIA,VALDIVIA,C.P. DE VALDIVIA,-39.8185286,-73.2297501,"P.I Arturo Prat-Puente Calle-Calle, Paseo Costanera, Villa Coltauco, Villa Endesa, Valdivia, Provincia de Valdivia, Región de Los Ríos, 5110679, Chile",nominatim
DE LOS RIOS,VALDIVIA,VALDIVIA,CENTRO EDUC.ADULTOS LUIS MOLL BRIONES,-39.8253198,-73.2298831,"Coronel Santiago Bueras 1839, Valdivia, Los Ríos, Chile",google
DE LOS RIOS,VALDIVIA,VALDIVIA,COLEGIO BICENTENARIO HELVECIA,-39.8438489,-73.2168186,"Colegio Bicentenario Helvecia, 3380, Avenida René Schneider, Población San Luis Sur, Villa Santa María, Valdivia, Provincia de Valdivia, Región de Los Ríos, 5090397, Chile",nominatim
DE LOS RIOS,VALDIVIA,VALDIVIA,COLEGIO DE MUSICA JUAN SEBASTIAN BACH,-39.8264804,-73.2082634,"Colegio de Música Juan Sebastian Bach, Avenida Argentina, Inés de Suárez, Las Ánimas, Valdivia, Provincia de Valdivia, Región de Los Ríos, 5090262, Chile",nominatim
DE LOS RIOS,VALDIVIA,VALDIVIA,COLEGIO DEPORTIVO MUNICIPAL DE VALDIVIA,-39.8230239,-73.2119277,"Brasil 201-233, Valdivia, Los Ríos, Chile",google
DE LOS RIOS,VALDIVIA,VALDIVIA,COLEGIO LAURA VICUÑA,-39.843564,-73.2274528,"Colegio Laura Vicuña, 4051, General Alberto Montecino Caro, Población Pablo Neruda, Villa Santa María, Valdivia, Provincia de Valdivia, Región de Los Ríos, 5090397, Chile",nominatim
DE LOS RIOS,VALDIVIA,VALDIVIA,COLEGIO LOS CONQUISTADORES,-39.8534617,-73.2554452,"Colegio Los Conquistadores, Valdivia - Guacamayo, Condominio Río Valdivia, Valdivia, Provincia de Valdivia, Región de Los Ríos, 5110853, Chile",nominatim
DE LOS RIOS,VALDIVIA,VALDIVIA,COLEGIO MASTERS COLLEGE,-39.8036408,-73.21844759999999,"19 de Junio 401, Valdivia, Los Ríos, Chile",google
DE LOS RIOS,VALDIVIA,VALDIVIA,COLEGIO SAN MARCOS,-39.8161502,-73.25542209999999,"Los Pelues 85, 5110662 Valdivia, Los Ríos, Chile",google
DE LOS RIOS,VALDIVIA,VALDIVIA,COLEGIO TENIENTE HERNAN MERINO CORREA,-39.8382644,-73.2151874,"Colegio Teniente Hernán Merino Correa, 2915, Valle Hondo, Población Teniente Merino, Villa Santa María, Valdivia, Provincia de Valdivia, Región de Los Ríos, 5100861, Chile",nominatim
DE LOS RIOS,VALDIVIA,VALDIVIA,COLEGIO WINDSOR SCHOOL,-39.8333495,-73.2422537,"Windsor School, 1695, Avenida Francia, Asturias, Valdivia, Provincia de Valdivia, Región de Los Ríos, 5110842, Chile",nominatim
DE LOS RIOS,VALDIVIA,VALDIVIA,ESCUELA ALEMANIA,-39.8144414,-73.2592954,"Colegio Alemania, 200, Los Pelúes, Isla Teja, Valdivia, Provincia de Valdivia, Región de Los Ríos, 5110196, Chile",nominatim
DE LOS RIOS,VALDIVIA,VALDIVIA,ESCUELA ANGACHILLA,-39.8500965,-73.2208597,"Escuela Angachilla, 3770, Avenida René Schneider, Los Conquistadores, Villa Santa María, Valdivia, Provincia de Valdivia, Región de Los Ríos, 5090397, Chile",nominatim
DE LOS RIOS,VALDIVIA,VALDIVIA,ESCUELA DE NIEBLA JUAN BOSCH,-39.8729701,-73.3992976,"Escuela de Niebla Juan Bosch, 905, Del Castillo, Villa Delfín, Niebla, Valdivia, Provincia de Valdivia, Región de Los Ríos, Chile",nominatim
DE LOS RIOS,VALDIVIA,VALDIVIA,ESCUELA EL BOSQUE,-39.8438269,-73.2357067,"Escuela El Bosque, 2365, Avenida Circunvalación Sur, Villa El Bosque, Valdivia, Provincia de Valdivia, Región de Los Ríos, 5090397, Chile",nominatim
DE LOS RIOS,VALDIVIA,VALDIVIA,ESCUELA EL LAUREL,-39.8403739,-73.2082199,"Escuela El Laurel, 3295, Avenida Ramón Picarte, Villa Reina Sofía, Villa Santa María, Valdivia, Provincia de Valdivia, Región de Los Ríos, 5100861, Chile",nominatim
DE LOS RIOS,VALDIVIA,VALDIVIA,ESCUELA ESPAÑA,-39.8176488,-73.2360638,"Escuela España, 975, Beauchef, Villa Coltauco, Villa Endesa, Valdivia, Provincia de Valdivia, Región de Los Ríos, 5110842, Chile",nominatim
DE LOS RIOS,VALDIVIA,VALDIVIA,ESCUELA FEDOR DOSTOIEVSKI,-39.8234714,-73.2134839,"Escuela Fedor Dostoievski, 2310, Avenida Argentina, Inés de Suárez, Las Ánimas, Valdivia, Provincia de Valdivia, Región de Los Ríos, 5090262, Chile",nominatim
DE LOS RIOS,VALDIVIA,VALDIVIA,ESCUELA FERNANDO SANTIVAN,-39.833511,-73.2118711,"Escuela Fernando Santivan, 264, Andrés Bello, Petrohué, Villa Santa María, Valdivia, Provincia de Valdivia, Región de Los Ríos, 5100861, Chile",nominatim
DE LOS RIOS,VALDIVIA,VALDIVIA,ESCUELA FRANCIA,-39.8386671,-73.2283425,"Escuela Francia, 2727, David Arellano, San Luis, Villa Santa María, Valdivia, Provincia de Valdivia, Región de Los Ríos, 5090397, Chile",nominatim
DE LOS RIOS,VALDIVIA,VALDIVIA,ESCUELA LEONARDO DA VINCI,-39.8258906,-73.2470484,"Escuela Leonardo da Vinci, 310, Domeyko, Villa Rucahue, Valdivia, Provincia de Valdivia, Región de Los Ríos, 5110853, Chile",nominatim
DE LOS RIOS,VALDIVIA,VALDIVIA,ESCUELA RURAL CURIÑANCO,-39.7262331,-73.3951341,"Escuela Rural Curiñanco, Ruta T-350, Curiñanco, Valdivia, Provincia de Valdivia, Región de Los Ríos, Chile",nominatim
DE LOS RIOS,VALDIVIA,VALDIVIA,ESCUELA RURAL HUELLELHUE,-39.7925108,-73.1225546,"Escuela Rural Huellelhue, Ruta 204, Población Ferroviaria, Huellelhue, Valdivia, Provincia de Valdivia, Región de Los Ríos, Chile",nominatim
DE LOS RIOS,VALDIVIA,VALDIVIA,GIMNASIO LICEO INDUSTRIAL VALDIVIA,-39.8322895,-73.2222993,"Gimnasio Liceo Industrial, Pasaje Tres, Villa Pilar Meza, Villa Santa María, Valdivia, Provincia de Valdivia, Región de Los Ríos, 5090397, Chile",nominatim
DE LOS RIOS,VALDIVIA,VALDIVIA,GIMNASIOS INSTITUTO SALESIANO,-39.8153814,-73.2373977,"Pedro de Valdivia 480, 5110506 Valdivia, Los Ríos, Chile",google
DE LOS RIOS,VALDIVIA,VALDIVIA,INST. SUPERIOR DE ADMINISTRACION Y TURISMO,-39.817419,-73.2426102,"Valdivia, Los Ríos, Chile",google
DE LOS RIOS,VALDIVIA,VALDIVIA,INSTITUTO CHILE ASIA PACIFICO,-39.8526195,-73.2120669,"Cam. A Paillao 12, lote C, Valdivia, Los Ríos, Chile",google
DE LOS RIOS,VALDIVIA,VALDIVIA,INSTITUTO COMERCIAL DE VALDIVIA,-39.8176225,-73.2464134,"Instituto Comercial, 774, Vicente Pérez Rosales, Villa Coltauco, Villa Endesa, Valdivia, Provincia de Valdivia, Región de Los Ríos, 5110655, Chile",nominatim
DE LOS RIOS,VALDIVIA,VALDIVIA,INSTITUTO EDUCACIONAL COLLICO,-39.8027889,-73.2098258,"Instituto Educacional Collico - IEC, 6020, Avenida Balmaceda, Villa Camino de Luna, Collico, Valdivia, Provincia de Valdivia, Región de Los Ríos, 5090262, Chile",nominatim
DE LOS RIOS,VALDIVIA,VALDIVIA,INSTITUTO ITALIA DE VALDIVIA,-39.8384377,-73.2311058,"Instituto Italia, 2670, Avenida Francia, Villa Los Leones, Valdivia, Provincia de Valdivia, Región de Los Ríos, 5090397, Chile",nominatim
DE LOS RIOS,VALDIVIA,VALDIVIA,INSTITUTO RECURSOS RENOVABLES Y TECNOLOGIA,-39.8174009,-73.24259930000001,"Valdivia, Los Ríos, Chile",google
DE LOS RIOS,VALDIVIA,VALDIVIA,LICEO BICENTENARIO CIUDAD DE LOS RIOS VALDIVIA,-39.8307256,-73.2353241,"Liceo Bicentenario Ciudad de Los Ríos, 2455, Avenida Pedro Montt, Sector Regional, Valdivia, Provincia de Valdivia, Región de Los Ríos, 5110842, Chile",nominatim
DE LOS RIOS,VALDIVIA,VALDIVIA,LICEO INDUSTRIAL VALDIVIA,-39.8319365,-73.2216035,"Liceo Industrial de Valdivia, 188, Errázuriz, Villa 50, Valdivia, Provincia de Valdivia, Región de Los Ríos, 5090397, Chile",nominatim
DE LOS RIOS,VALDIVIA,VALDIVIA,LICEO LAS ANIMAS,-39.8132069,-73.22182339999999,"Las Animas, Chile, Valdivia, Los Ríos, Chile",google
DE LOS RIOS,VALDIVIA,VALDIVIA,LICEO TECNICO VALDIVIA,-39.8298724,-73.2214775,"Liceo Técnico, 2305, Ramón Picarte, Población Bernardo O'Higgins, Villa Santa María, Valdivia, Provincia de Valdivia, Región de Los Ríos, 5100861, Chile",nominatim
DE LOS RIOS,VALDIVIA,VALDIVIA,UNIVERSIDAD SANTO TOMAS,-39.8171116,-73.2334483,"Universidad Santo Tomás, 1160, Avenida Ramón Picarte, Villa Coltauco, Villa Endesa, Valdivia, Provincia de Valdivia, Región de Los Ríos, 5110679, Chile",nominatim
DE LOS RIOS,VALDIVIA,VALDIVIA,UNIVERSIDAD TECNOLOGICA DE CHILE - INACAP,-39.8052253,-73.21480559999999,"Av. Pedro Aguirre Cerda 2115, 5090000 Valdivia, Los Ríos, Chile",google
DE MAGALLANES Y DE LA ANTARTICA CHILENA,ANTARTICA CHILENA,ANTARTICA,GIMNASIO VILLA LAS ESTRELLAS,-35.675147,-71.542969,Chile,google
DE MAGALLANES Y DE LA ANTARTICA CHILENA,ANTARTICA CHILENA,CABO DE HORNOS(EX-NAVARINO),LICEO DONALD MC-INTYRE GRIFFITHS,-54.9346149,-67.60555409999999,"6350029 Puerto Williams, Cabo de Hornos, Magallanes and Chilean Antarctica, Chile",google
DE MAGALLANES Y DE LA ANTARTICA CHILENA,MAGALLANES,LAGUNA BLANCA,ESCUELA DIEGO PORTALES,-52.4274223,-71.4154364,"Escuela Diego Portales, 100, Antonio Latorre, Laguna Blanca, Provincia de Magallanes, Región de Magallanes y de la Antártica Chilena, Chile",nominatim
DE MAGALLANES Y DE LA ANTARTICA CHILENA,MAGALLANES,PUNTA ARENAS,C.P. DE PUNTA ARENAS,-53.124835,-70.9066824,"Lomas del Bosque, Loteo Lomas del Bosque 1, Punta Arenas, Provincia de Magallanes, Región de Magallanes y de la Antártica Chilena, 6210314, Chile",nominatim
DE MAGALLANES Y DE LA ANTARTICA CHILENA,MAGALLANES,PUNTA ARENAS,CENTRO ELIGE VIVIR SANO,-53.1413088,-70.8832963,"Uruguay 1448, 1548, Punta Arenas, Magallanes y la Antártica Chilena, Chile",google
DE MAGALLANES Y DE LA ANTARTICA CHILENA,MAGALLANES,PUNTA ARENAS,ESCUELA ARTURO PRAT CHACON,-53.1506326,-70.9098863,"Escuela Capitan Arturo Prat Chacón, 191, Diagonal Universidad, Juan Ladrilleros, Punta Arenas, Provincia de Magallanes, Región de Magallanes y de la Antártica Chilena, 6200000, Chile",nominatim
DE MAGALLANES Y DE LA ANTARTICA CHILENA,MAGALLANES,PUNTA ARENAS,ESCUELA BERNARDO O´HIGGINS,-53.1660314,-70.9141585,"Escuela Libertador General Bernardo O'Higgins, 1443, Chiloé, Barrio Sur, Punta Arenas, Provincia de Magallanes, Región de Magallanes y de la Antártica Chilena, 6200729, Chile",nominatim
DE MAGALLANES Y DE LA ANTARTICA CHILENA,MAGALLANES,PUNTA ARENAS,ESCUELA CROACIA,-53.1599053,-70.8970983,"Escuela ""República de Croacia"", 1101, Croacia, Barrio Croata, Punta Arenas, Provincia de Magallanes, Región de Magallanes y de la Antártica Chilena, 6212814, Chile",nominatim
DE MAGALLANES Y DE LA ANTARTICA CHILENA,MAGALLANES,PUNTA ARENAS,ESCUELA DE PUERTO HARRIS,-53.8349593,-70.4534842,"Escuela de Puerto Harris, Puerto Harris, Punta Arenas, Provincia de Magallanes, Región de Magallanes y de la Antártica Chilena, Chile",nominatim
DE MAGALLANES Y DE LA ANTARTICA CHILENA,MAGALLANES,PUNTA ARENAS,ESCUELA DIECIOCHO DE SEPTIEMBRE,-53.1656382,-70.9304119,"Gaspar Marín 0140, Punta Arenas, Magallanes y la Antártica Chilena, Chile",google
DE MAGALLANES Y DE LA ANTARTICA CHILENA,MAGALLANES,PUNTA ARENAS,ESCUELA ELBA OJEDA GOMEZ,-53.0572703,-70.8599497,"Escuela Elba Ojeda Gomez, Sargento Eusebio Pizarro, Villa Hugo Vargas Uribe, La Cruz, Río Seco, Punta Arenas, Provincia de Magallanes, Región de Magallanes y de la Antártica Chilena, Chile",nominatim
DE MAGALLANES Y DE LA ANTARTICA CHILENA,MAGALLANES,PUNTA ARENAS,ESCUELA ESPAÑA,-53.1718715,-70.9243504,"Escuela España, 424, Pasaje Esteban Robles, Población Naval Bermudez, Punta Arenas, Provincia de Magallanes, Región de Magallanes y de la Antártica Chilena, 6200729, Chile",nominatim
DE MAGALLANES Y DE LA ANTARTICA CHILENA,MAGALLANES,PUNTA ARENAS,ESCUELA GENERAL MANUEL BULNES,-53.1512212,-70.9141983,"Pje. Manuel Baquedano, Punta Arenas, Magallanes y la Antártica Chilena, Chile",google
DE MAGALLANES Y DE LA ANTARTICA CHILENA,MAGALLANES,PUNTA ARENAS,ESCUELA HERNANDO DE MAGALLANES,-53.1556971,-70.9314502,"Escuela Hernando de Magallanes, 1105, José del Carmen Galindo, 21 de Mayo, Punta Arenas, Provincia de Magallanes, Región de Magallanes y de la Antártica Chilena, 6200537, Chile",nominatim
DE MAGALLANES Y DE LA ANTARTICA CHILENA,MAGALLANES,PUNTA ARENAS,ESCUELA JUAN BAUTISTA CONTARDI,-53.1463916,-70.8868834,"Liceo Juan Bautista Contardi (Media), 1027, Manantiales, Punta Arenas, Provincia de Magallanes, Región de Magallanes y de la Antártica Chilena, 6210738, Chile",nominatim
DE MAGALLANES Y DE LA ANTARTICA CHILENA,MAGALLANES,PUNTA ARENAS,ESCUELA JUAN WILLIAMS,-53.14376,-70.9052054,"Escuela Juan Williams, 0353, Coronel José de los Santos Mardones, Molinera, Punta Arenas, Provincia de Magallanes, Región de Magallanes y de la Antártica Chilena, 6210314, Chile",nominatim
DE MAGALLANES Y DE LA ANTARTICA CHILENA,MAGALLANES,PUNTA ARENAS,ESCUELA PADRE ALBERTO HURTADO,-53.1676368,-70.9452404,"Eusebio Lillo 2472, 6201457 Punta Arenas, Magallanes y la Antártica Chilena, Chile",google
DE MAGALLANES Y DE LA ANTARTICA CHILENA,MAGALLANES,PUNTA ARENAS,ESCUELA PARTICULAR LA MILAGROSA,-53.15754,-70.9407696,"Av. Pdte. Salvador Allende Gossens 802-848, Punta Arenas, Magallanes y la Antártica Chilena, Chile",google
DE MAGALLANES Y DE LA ANTARTICA CHILENA,MAGALLANES,PUNTA ARENAS,ESCUELA PATAGONIA,-53.1426149,-70.9120961,"Escuela Patagonia, 0185, Covadonga, Claudio Bustos, Punta Arenas, Provincia de Magallanes, Región de Magallanes y de la Antártica Chilena, 6200000, Chile",nominatim
DE MAGALLANES Y DE LA ANTARTICA CHILENA,MAGALLANES,PUNTA ARENAS,ESCUELA PEDRO PABLO LEMAITRE,-53.142167,-70.9044033,"Escuela Pedro Pablo Lemaitre, 0265, El Ovejero, Gobernador Viel, Punta Arenas, Provincia de Magallanes, Región de Magallanes y de la Antártica Chilena, 6210314, Chile",nominatim
DE MAGALLANES Y DE LA ANTARTICA CHILENA,MAGALLANES,PUNTA ARENAS,ESCUELA PEDRO SARMIENTO DE GAMBOA,-53.1982117,-70.9369446,"Escuela "" Pedro Sarmiento de Gamboa "", 5, Ramón Inzunza Alvarado, Río de los Ciervos, Punta Arenas, Provincia de Magallanes, Región de Magallanes y de la Antártica Chilena, 6200537, Chile",nominatim
DE MAGALLANES Y DE LA ANTARTICA CHILENA,MAGALLANES,PUNTA ARENAS,ESCUELA PORTUGAL,-53.1573469,-70.906982,"Escuela ""Portugal"", 527, Mejicana, Juan Ladrilleros, Punta Arenas, Provincia de Magallanes, Región de Magallanes y de la Antártica Chilena, 6201025, Chile",nominatim
DE MAGALLANES Y DE LA ANTARTICA CHILENA,MAGALLANES,PUNTA ARENAS,ESCUELA REPUBLICA ARGENTINA,-53.147599,-70.9273524,"Escuela ""República Argentina"", 01028, Manuel Aguilar, Gobernador Phillipi, Punta Arenas, Provincia de Magallanes, Región de Magallanes y de la Antártica Chilena, 6200537, Chile",nominatim
DE MAGALLANES Y DE LA ANTARTICA CHILENA,MAGALLANES,PUNTA ARENAS,ESCUELA VILLA LAS NIEVES,-53.1245009,-70.8795369,"Colegio Villa Las Nieves, 0530, Avenida Los Generales, Villa Las Nieves, Punta Arenas, Provincia de Magallanes, Región de Magallanes y de la Antártica Chilena, 6210738, Chile",nominatim
DE MAGALLANES Y DE LA ANTARTICA CHILENA,MAGALLANES,PUNTA ARENAS,GIMNASIO COMPLEJO 18 DE SEPTIEMBRE,-53.1641036,-70.9458385,"18 de Septiembre, Punta Arenas, Magallanes y la Antártica Chilena, Chile",google
DE MAGALLANES Y DE LA ANTARTICA CHILENA,MAGALLANES,PUNTA ARENAS,INSTITUTO DON BOSCO,-53.1551816,-70.9028957,"Instituto Don Bosco, 615, Maipú, Barrio Croata, Punta Arenas, Provincia de Magallanes, Región de Magallanes y de la Antártica Chilena, 6212814, Chile",nominatim
DE MAGALLANES Y DE LA ANTARTICA CHILENA,MAGALLANES,PUNTA ARENAS,INSTITUTO SUPERIOR DE COMERCIO,-53.1615114,-70.9047054,"Instituto Superior de Comercio José Menendez, 847, Hernando de Magallanes, Centro de Punta Arenas, Punta Arenas, Provincia de Magallanes, Región de Magallanes y de la Antártica Chilena, 6201025, Chile",nominatim
DE MAGALLANES Y DE LA ANTARTICA CHILENA,MAGALLANES,PUNTA ARENAS,LICEO ADVENTISTA,-53.1387469,-70.8893765,"Liceo Adventista, 229, José González, Loteo Bellavista, Punta Arenas, Provincia de Magallanes, Región de Magallanes y de la Antártica Chilena, 6210738, Chile",nominatim
DE MAGALLANES Y DE LA ANTARTICA CHILENA,MAGALLANES,PUNTA ARENAS,LICEO EXPERIMENTAL UMAG,-53.1514009,-70.911272,"Angamos 17, Punta Arenas, Magallanes y la Antártica Chilena, Chile",google
DE MAGALLANES Y DE LA ANTARTICA CHILENA,MAGALLANES,PUNTA ARENAS,LICEO INDUSTRIAL ARMANDO QUEZADA ACHARAN,-53.1714207,-70.9194684,"Liceo Industrial Armando Quezada Acharán, 2052, 21 de Mayo, Costanera Sur, Punta Arenas, Provincia de Magallanes, Región de Magallanes y de la Antártica Chilena, 6200729, Chile",nominatim
DE MAGALLANES Y DE LA ANTARTICA CHILENA,MAGALLANES,PUNTA ARENAS,LICEO JUAN BAUTISTA CONTARDI,-53.1463916,-70.8868834,"Liceo Juan Bautista Contardi (Media), 1027, Manantiales, Punta Arenas, Provincia de Magallanes, Región de Magallanes y de la Antártica Chilena, 6210738, Chile",nominatim
DE MAGALLANES Y DE LA ANTARTICA CHILENA,MAGALLANES,PUNTA ARENAS,LICEO LUIS ALBERTO BARRERA,-53.1624688,-70.8976971,"Liceo Luis Alberto Barrera, 1250, Avenida Cristóbal Colón, Centro de Punta Arenas, Punta Arenas, Provincia de Magallanes, Región de Magallanes y de la Antártica Chilena, 6201025, Chile",nominatim
DE MAGALLANES Y DE LA ANTARTICA CHILENA,MAGALLANES,PUNTA ARENAS,LICEO POLITECNICO RAUL SILVA HENRIQUEZ,-53.1362129,-70.9229567,"97 - Karukinka 1, 6210759 Punta Arenas, Magallanes y la Antártica Chilena, Chile",google
DE MAGALLANES Y DE LA ANTARTICA CHILENA,MAGALLANES,PUNTA ARENAS,LICEO POLIVALENTE MARIA BEHETY,-53.1655171,-70.9292924,"Arturo Prat Chacón 1875, 6201221 Punta Arenas, Magallanes y la Antártica Chilena, Chile",google
DE MAGALLANES Y DE LA ANTARTICA CHILENA,MAGALLANES,PUNTA ARENAS,LICEO SAN JOSE,-53.1615172,-70.9108507,"Liceo San José, 550, Monseñor José Fagnano, Cerro de la Cruz, Punta Arenas, Provincia de Magallanes, Región de Magallanes y de la Antártica Chilena, 6200729, Chile",nominatim
DE MAGALLANES Y DE LA ANTARTICA CHILENA,MAGALLANES,PUNTA ARENAS,UNIVERSIDAD DE MAGALLANES,-53.136464,-70.8800902,"Universidad de Magallanes, Los Apeninos, Punta Arenas, Provincia de Magallanes, Región de Magallanes y de la Antártica Chilena, 6210738, Chile",nominatim
DE MAGALLANES Y DE LA ANTARTICA CHILENA,MAGALLANES,RIO VERDE,BERNARDO DE BRUYNE,-52.65024,-71.463579,"52°39'00.9""S 71°27'48.9""W - Chile, Valparaíso, Río Verde, Región de Valparaíso, Chile",google
DE MAGALLANES Y DE LA ANTARTICA CHILENA,MAGALLANES,SAN GREGORIO,ESCUELA PUNTA DELGADA,-52.3162594,-69.6886723,"Escuela Punta Delgada, 291, Don Bosco, Villa Punta Delgada, San Gregorio, Provincia de Magallanes, Región de Magallanes y de la Antártica Chilena, Chile",nominatim
DE MAGALLANES Y DE LA ANTARTICA CHILENA,TIERRA DEL FUEGO,PORVENIR,COLEGIO MARIA AUXILIADORA,-53.2952259,-70.3669654,"Colegio María Auxiliadora, 399, Padre Mario Zavattaro, Futuro Patagonia, Porvenir, Provincia de Tierra del Fuego, Región de Magallanes y de la Antártica Chilena, 6300000, Chile",nominatim
DE MAGALLANES Y DE LA ANTARTICA CHILENA,TIERRA DEL FUEGO,PORVENIR,LICEO HERNANDO DE MAGALLANES,-53.2911895,-70.3733862,"Liceo Polivalente Hernando de Magallanes, 618, Hernando de Magallanes, Futuro Patagonia, Porvenir, Provincia de Tierra del Fuego, Región de Magallanes y de la Antártica Chilena, 6300000, Chile",nominatim
DE MAGALLANES Y DE LA ANTARTICA CHILENA,TIERRA DEL FUEGO,PRIMAVERA,ESCUELA CERRO SOMBRERO,-52.7762799,-69.292077,"Escuela Cerro Sombrero, 1040, Eduardo Simián, Centro Cívico, Cerro Sombrero, Primavera, Provincia de Tierra del Fuego, Región de Magallanes y de la Antártica Chilena, Chile",nominatim
DE MAGALLANES Y DE LA ANTARTICA CHILENA,TIERRA DEL FUEGO,TIMAUKEL,ESCUELA PAMPA GUANACO,-54.0545366,-68.7870913,"Escuela Pampa Guanaco, Ruta Y-85, Pampa Guanaco, Timaukel, Provincia de Tierra del Fuego, Región de Magallanes y de la Antártica Chilena, Chile",nominatim
DE MAGALLANES Y DE LA ANTARTICA CHILENA,ULTIMA ESPERANZA,NATALES,ESC. DE CONCENTRACION FRONTERIZA DOROTEA,-51.6081017,-72.33346139999999,"Villa Dorotea, Ruta CH-250, Natales, Magallanes y la Antártica Chilena, Chile",google
DE MAGALLANES Y DE LA ANTARTICA CHILENA,ULTIMA ESPERANZA,NATALES,ESCUELA BERNARDO O´HIGGINS,-51.7312426,-72.4970039,"Escuela Libertador Bernardo O'Higgins, 748, Eleuterio Ramírez, Corvi, Natales, Provincia de Última Esperanza, Región de Magallanes y de la Antártica Chilena, 6160000, Chile",nominatim
DE MAGALLANES Y DE LA ANTARTICA CHILENA,ULTIMA ESPERANZA,NATALES,ESCUELA CAPITAN JUAN LADRILLERO,-51.7304511,-72.4879201,"Escuela Capitan Juan Ladrillero, 1484, Sarmiento, Endesa, Natales, Provincia de Última Esperanza, Región de Magallanes y de la Antártica Chilena, 6160534, Chile",nominatim
DE MAGALLANES Y DE LA ANTARTICA CHILENA,ULTIMA ESPERANZA,NATALES,ESCUELA MIGUEL MONTECINOS,-49.1261887,-74.4141464,"Escuela ""Profesor Miguel S. Montecinos Contreras"", Natales, Puerto Edén, Provincia de Última Esperanza, Región de Magallanes y de la Antártica Chilena, Chile",nominatim
DE MAGALLANES Y DE LA ANTARTICA CHILENA,ULTIMA ESPERANZA,NATALES,ESCUELA SANTIAGO BUERAS,-51.7360189,-72.4979537,"Escuela Coronel Santiago Bueras, 665, Camilo Henríquez, Costanera, Natales, Provincia de Última Esperanza, Región de Magallanes y de la Antártica Chilena, 6160000, Chile",nominatim
DE MAGALLANES Y DE LA ANTARTICA CHILENA,ULTIMA ESPERANZA,NATALES,LICEO GABRIELA MISTRAL,-51.7242117,-72.5069895,"Liceo Gabriela Mistral, 430, Bernardo Phillipi, Nueva Patagonia, Natales, Puerto Natales, Provincia de Última Esperanza, Región de Magallanes y de la Antártica Chilena, 6160000, Chile",nominatim
DE MAGALLANES Y DE LA ANTARTICA CHILENA,ULTIMA ESPERANZA,NATALES,LICEO LUIS CRUZ MARTINEZ,-51.7242708,-72.5051903,"Liceo Politécnico Luis Cruz Martínez, 474, Bernardo Phillipi, Nueva Patagonia, Natales, Puerto Natales, Provincia de Última Esperanza, Región de Magallanes y de la Antártica Chilena, 6160000, Chile",nominatim
DE MAGALLANES Y DE LA ANTARTICA CHILENA,ULTIMA ESPERANZA,NATALES,POLIDEPORTIVO MUNICIPAL,-51.720081,-72.4970862,"Polideportivo Municipal, Avenida Libertad, Octavio Castro, Natales, Provincia de Última Esperanza, Región de Magallanes y de la Antártica Chilena, 6160521, Chile",nominatim
DE MAGALLANES Y DE LA ANTARTICA CHILENA,ULTIMA ESPERANZA,TORRES DEL PAINE,ESCUELA RAMON SERRANO,-51.2554474,-72.3459533,"Escuela Hogar Municipal Fronteriza Ramon Serrano M, 251, Avenida Bernardo O'Higgins, Cerro Castillo, Torres del Paine, Provincia de Última Esperanza, Región de Magallanes y de la Antártica Chilena, Chile",nominatim
DE TARAPACA,DEL TAMARUGAL,CAMIÑA,ESCUELA CAMIÑA,-19.3118146,-69.4246451,"Escuela Básica Camiña, Eleuterio Ramírez, Alto Camiña, San Antonio, Camiña, Provincia del Tamarugal, Región de Tarapacá, Chile",nominatim
DE TARAPACA,DEL TAMARUGAL,COLCHANE,LICEO TECNICO PROFESIONAL COLCHANE,-19.2765214,-68.6388743,"Liceo Técnico Profesional Colchane, Avenida Teniente González, Colchane, Provincia del Tamarugal, Región de Tarapacá, Chile",nominatim
DE TARAPACA,DEL TAMARUGAL,HUARA,ESCUELA BASICA FRONTERIZA,-19.9243239,-69.5111694,"Escuela Basica Fronteriza, 27, Vigueras, Tarapacá, Huara, Provincia del Tamarugal, Región de Tarapacá, Chile",nominatim
DE TARAPACA,DEL TAMARUGAL,HUARA,ESCUELA CHIAPA,-19.5372431,-69.2070418,"Escuela Chiapa, Ariquilda, Chiapa, Huara, Provincia del Tamarugal, Región de Tarapacá, Chile",nominatim
DE TARAPACA,DEL TAMARUGAL,HUARA,ESCUELA DE SIBAYA,-19.995924,-69.77124169999999,"Huara, Tarapacá, Chile",google
DE TARAPACA,DEL TAMARUGAL,HUARA,ESCUELA PISAGUA,-19.5979816,-70.212512,"Escuela Pisagua, Toribio Ravinet, Pisagua, Huara, Provincia del Tamarugal, Región de Tarapacá, Chile",nominatim
DE TARAPACA,DEL TAMARUGAL,HUARA,LICEO DE HUARA,-19.9968416,-69.7729381,"Liceo Huara, Avenida Arturo Prat, Huara, Provincia del Tamarugal, Región de Tarapacá, 1140000, Chile",nominatim
DE TARAPACA,DEL TAMARUGAL,PICA,ESC. MATILLA DE NUEVA EXTREMADURA,-20.5128708,-69.3597946,"Bellavista, Matilla, Pica, Tarapacá, Chile",google
DE TARAPACA,DEL TAMARUGAL,PICA,ESCUELA SAN ANDRES DE PICA,-20.4901753,-69.3342509,"Escuela San Andrés de Pica, Juan Márquez, Sol de Pica, Pica, Provincia del Tamarugal, Región de Tarapacá, Chile",nominatim
DE TARAPACA,DEL TAMARUGAL,PICA,LICEO BICENTENARIO PADRE ALBERTO HURTADO CRUCHAGA,-20.4894651,-69.33041159999999,"1170065 Pica, Tarapacá, Chile",google
DE TARAPACA,DEL TAMARUGAL,POZO ALMONTE,ESCUELA BASICA ESTRELLA DEL SUR,-20.2621518,-69.7841119,"Escuela Básica Estrella del Sur, Estación, Pozo Almonte, Provincia del Tamarugal, Región de Tarapacá, Chile",nominatim
DE TARAPACA,DEL TAMARUGAL,POZO ALMONTE,ESCUELA BASICA HUATACONDO,-20.9276705,-69.0554018,"Escuela Basica Huatacondo, Obispado, Huatacondo, Pozo Almonte, Provincia del Tamarugal, Región de Tarapacá, Chile",nominatim
DE TARAPACA,DEL TAMARUGAL,POZO ALMONTE,ESCUELA BASICA LA TIRANA,-20.337655,-69.6553011,"Escuela Basica La Tirana, Los Algarrobos, Villa Iquique, La Tirana, Pozo Almonte, Provincia del Tamarugal, Región de Tarapacá, Chile",nominatim
DE TARAPACA,DEL TAMARUGAL,POZO ALMONTE,ESCUELA BASICA MAMINA,-20.0710344,-69.2176228,"Escuela Basica Mamiña, España, Mamiña, Pozo Almonte, Provincia del Tamarugal, Región de Tarapacá, Chile",nominatim
DE TARAPACA,DEL TAMARUGAL,POZO ALMONTE,ESCUELA BASICA POZO ALMONTE,-20.2515455,-69.7872515,"Escuela Básica Pozo Almonte, 86, La Cascada, Pozo Almonte, Provincia del Tamarugal, Región de Tarapacá, Chile",nominatim
DE TARAPACA,DEL TAMARUGAL,POZO ALMONTE,LICEO ALCALDE SERGIO GONZALEZ GUTIERREZ,-20.2531641,-69.7851517,"Panamericana Norte 487, Pozo Almonte, Tarapacá, Chile",google
DE TARAPACA,IQUIQUE,ALTO HOSPICIO,ANEXO DE COLEGIO SAN ANTONIO DE MATILLA,-20.2701539,-70.1023355,"Los Kiwis 3443, 1131775 Alto Hospicio, Tarapacá, Chile",google
DE TARAPACA,IQUIQUE,ALTO HOSPICIO,C.P. ALTO HOSPICIO,-20.2747815,-70.0811824,"Avenida C, Villa Santa Rosa, Alto Hospicio, Provincia de Iquique, Región de Tarapacá, 1130000, Chile",nominatim
DE TARAPACA,IQUIQUE,ALTO HOSPICIO,COLEGIO CATOLICO NAZARET,-20.2473925,-70.0954469,"Colegio Católico Nazaret, 3965, Pasaje El Boro, Alto Hospicio, Provincia de Iquique, Región de Tarapacá, 1130000, Chile",nominatim
DE TARAPACA,IQUIQUE,ALTO HOSPICIO,COLEGIO MACAYA,-20.2784456,-70.0982974,"Colegio Macaya, 3755, Avenida La Pampa, Alto Hospicio, Provincia de Iquique, Región de Tarapacá, 1130000, Chile",nominatim
DE TARAPACA,IQUIQUE,ALTO HOSPICIO,COLEGIO MARAN-ATHA,-20.2626215,-70.0972973,"Colegio Maran-Atha, 3750, Los Álamos, Alto Hospicio, Provincia de Iquique, Región de Tarapacá, 1130000, Chile",nominatim
DE TARAPACA,IQUIQUE,ALTO HOSPICIO,COLEGIO MARISTA HERMANO FERNANDO,-20.2835467,-70.0854214,"Colegio Marista Hermano Fernando, 4201, Avenida Presidente Ricardo Lagos, Villa Santa Rosa, Alto Hospicio, Provincia de Iquique, Región de Tarapacá, 1130000, Chile",nominatim
DE TARAPACA,IQUIQUE,ALTO HOSPICIO,COLEGIO METODISTA WILLIAM TAYLOR,-20.2686746,-70.1035599,"Colegio Metodista William Taylor, 3025, Los Álamos, Alto Hospicio, Provincia de Iquique, Región de Tarapacá, 1130000, Chile",nominatim
DE TARAPACA,IQUIQUE,ALTO HOSPICIO,COLEGIO RUPANIC SCHOOL,-20.2910941,-70.103025,"Colegio Rupanic School, 4286, Suiza, Sector Población Los Ríos, Alto Hospicio, Provincia de Iquique, Región de Tarapacá, 1130000, Chile",nominatim
DE TARAPACA,IQUIQUE,ALTO HOSPICIO,COLEGIO SAGRADO CORAZON DE JESUS,-20.2794897,-70.0980968,"Colegio Sagrado Corazon De Jesus, Santa Rosa de Molle, Alto Hospicio, Provincia de Iquique, Región de Tarapacá, 1130000, Chile",nominatim
DE TARAPACA,IQUIQUE,ALTO HOSPICIO,COLEGIO SALESIANO SANTO DOMINGO SAVIO,-20.2643758,-70.0985942,"Av. Teniente Hernán Merino Correa 275, Alto Hospicio, Tarapacá, Chile",google
DE TARAPACA,IQUIQUE,ALTO HOSPICIO,COLEGIO SAN ANTONIO DE MATILLA,-20.2703393,-70.1024154,"Colegio San Antonio de Matilla, 3443, Los Kiwis, Alto Hospicio, Provincia de Iquique, Región de Tarapacá, 1130000, Chile",nominatim
DE TARAPACA,IQUIQUE,ALTO HOSPICIO,COLEGIO SAN PEDRO,-20.2748389,-70.0929421,"Colegio San Pedro, 4085, Avenida Los Aromos, Pozo del Carmen, Alto Hospicio, Provincia de Iquique, Región de Tarapacá, 1130000, Chile",nominatim
DE TARAPACA,IQUIQUE,ALTO HOSPICIO,COLEGIO SIMON BOLIVAR,-20.283594,-70.0974285,"Colegio Simón Bolívar, 4004, Pasaje Alfonsina Storni, Sector Autoconstrucción, Alto Hospicio, Provincia de Iquique, Región de Tarapacá, 1130000, Chile",nominatim
DE TARAPACA,IQUIQUE,ALTO HOSPICIO,LICEO ACADEMIA NACIONAL,-20.2752811,-70.0960329,"Av. Los Cóndores 3881, Alto Hospicio, Tarapacá, Chile",google
DE TARAPACA,IQUIQUE,ALTO HOSPICIO,LICEO BICENTENARIO COLEGIO NIRVANA,-20.2930253,-70.0947082,"Av. Union Europea - Av. la Pampa 4292, Alto Hospicio, Tarapacá, Chile",google
DE TARAPACA,IQUIQUE,ALTO HOSPICIO,LICEO LOS CONDORES,-20.2551057,-70.1069495,"Liceo Los Cóndores, 2510, Teniente Hernán Merino Correa, Alto Hospicio, Provincia de Iquique, Región de Tarapacá, 1130000, Chile",nominatim
DE TARAPACA,IQUIQUE,ALTO HOSPICIO,LICEO SU SANTIDAD JUAN PABLO SEGUNDO,-20.2719893,-70.0949028,"El Salitre 3397, Alto Hospicio, Tarapacá, Chile",google
DE TARAPACA,IQUIQUE,IQUIQUE,COLEGIO ANTAMARA,-20.267371,-70.1243119,"Colegio Antamara, 2627, Cardenal José María Caro, Jardines del Sur, Iquique, Provincia de Iquique, Región de Tarapacá, 1110887, Chile",nominatim
DE TARAPACA,IQUIQUE,IQUIQUE,COLEGIO BAJO MOLLE,-20.2894651,-70.1269569,"Colegio Bajo Molle, km. 10, Vía Tres, Población Naval Teniente Serrano, Iquique, Provincia de Iquique, Región de Tarapacá, 1130000, Chile",nominatim
DE TARAPACA,IQUIQUE,IQUIQUE,COLEGIO ESPAÑA,-20.2398502,-70.128725,"Colegio España, El Monte, Iquique, Provincia de Iquique, Región de Tarapacá, 1110887, Chile",nominatim
DE TARAPACA,IQUIQUE,IQUIQUE,COLEGIO HUANTAJAYA,-20.2203566,-70.1345761,"Colegio Huantajaya, 1224, Avenida Salvador Allende Gossens, Condominio 4 Reinas II, Iquique, Provincia de Iquique, Región de Tarapacá, 1100000, Chile",nominatim
DE TARAPACA,IQUIQUE,IQUIQUE,COLEGIO INGLES,-20.2227261,-70.1510855,"Colegio Inglés de Iquique, Avenida Arturo Prat Chacón, Iquique, Provincia de Iquique, Región de Tarapacá, 1100000, Chile",nominatim
DE TARAPACA,IQUIQUE,IQUIQUE,COLEGIO MAHATMA GANDHI,-20.2858095,-70.1255464,"Colegio Mahatma Gandhi, 5205, Vía Cinco, Villa Fray Andrés, Iquique, Provincia de Iquique, Región de Tarapacá, 1130000, Chile",nominatim
DE TARAPACA,IQUIQUE,IQUIQUE,COLEGIO REPUBLICA DE CROACIA,-20.2272197,-70.1347488,"Colegio República de Croacia, 1890, Avenida Salvador Allende Gossens, Iquique, Provincia de Iquique, Región de Tarapacá, 1100000, Chile",nominatim
DE TARAPACA,IQUIQUE,IQUIQUE,COLEGIO REPUBLICA DE ITALIA,-20.2437719,-70.1312983,"Colegio República de Italia, 2958, Rancagua, Iquique, Provincia de Iquique, Región de Tarapacá, 1110887, Chile",nominatim
DE TARAPACA,IQUIQUE,IQUIQUE,COLEGIO SALESIANO DON BOSCO IQUIQUE,-20.2237579,-70.14986739999999,"Ramirez, 1101631 Iquique, Tarapacá, Chile",google
DE TARAPACA,IQUIQUE,IQUIQUE,COLEGIO SAN MARTIN,-20.210519,-70.1457392,"Colegio San Martín, Amunátegui, Población Naval Marinero Ugarte, Iquique, Provincia de Iquique, Región de Tarapacá, 1100026, Chile",nominatim
DE TARAPACA,IQUIQUE,IQUIQUE,ESCUELA ALMIRANTE PATRICIO LYNCH,-20.2320833,-70.1372281,"Escuela Almirante Patricio Lynch, 2408, Genaro Gallo, Iquique, Provincia de Iquique, Región de Tarapacá, 1100000, Chile",nominatim
DE TARAPACA,IQUIQUE,IQUIQUE,ESCUELA ARTISTICA VIOLETA PARRA,-20.2208443,-70.1383053,"Orella 1820, 1100000 Iquique, Tarapacá, Chile",google
DE TARAPACA,IQUIQUE,IQUIQUE,ESCUELA BASICA DE CHANAVAYITA,-20.2484414,-70.1352053,"Playa Chanavayita, Iquique, Tarapacá, Chile",google
DE TARAPACA,IQUIQUE,IQUIQUE,ESCUELA BASICA FRANCISCO FORGIONE,-20.2157216,-70.1384724,"Escuela Básica Francisco Forgione, 715, Luis Cruz Martínez, Condominio 4 Reinas II, Iquique, Provincia de Iquique, Región de Tarapacá, 1100000, Chile",nominatim
DE TARAPACA,IQUIQUE,IQUIQUE,ESCUELA CENTENARIO,-20.2132663,-70.1452759,"Escuela Centenario, 998, Serrano, Población Naval Marinero Ugarte, Iquique, Provincia de Iquique, Región de Tarapacá, 1100026, Chile",nominatim
DE TARAPACA,IQUIQUE,IQUIQUE,ESCUELA CHIPANA,-20.2523278,-70.125288,"Colegio Chipana, El Tamarugal, Iquique, Provincia de Iquique, Región de Tarapacá, 1110887, Chile",nominatim
DE TARAPACA,IQUIQUE,IQUIQUE,ESCUELA EDUARDO LLANOS,-20.2145684,-70.1358722,"Escuela Eduardo Llanos, 527, Genaro Gallo, Condominio 4 Reinas II, Iquique, Provincia de Iquique, Región de Tarapacá, 1100026, Chile",nominatim
DE TARAPACA,IQUIQUE,IQUIQUE,ESCUELA ESPECIAL FLOR DEL INCA,-20.2410279,-70.1394804,"Pedro Aguirre Cerda 2098, 1110762 Iquique, Tarapacá, Chile",google
DE TARAPACA,IQUIQUE,IQUIQUE,ESCUELA GABRIELA MISTRAL,-20.2261459,-70.14151,"Escuela Gabriela Mistral, 1525, Libertad, Iquique, Provincia de Iquique, Región de Tarapacá, 1100000, Chile",nominatim
DE TARAPACA,IQUIQUE,IQUIQUE,ESCUELA PAULA JARAQUEMADA ALQUIZAR,-20.2414367,-70.1342598,"Iquique, Tarapacá, Chile",google
DE TARAPACA,IQUIQUE,IQUIQUE,ESCUELA PLACIDO VILLARROEL,-20.2202524,-70.144062,"Escuela Plácido Villarroel, 1260, Arturo Fernández, Iquique, Provincia de Iquique, Región de Tarapacá, 1100000, Chile",nominatim
DE TARAPACA,IQUIQUE,IQUIQUE,ESCUELA PROFESOR MANUEL CASTRO RAMOS,-20.2453596,-70.1382434,"Escuela Profesor Manuel Castro Ramos, 2188, Manuel Castro Ramos, Iquique, Provincia de Iquique, Región de Tarapacá, 1110887, Chile",nominatim
DE TARAPACA,IQUIQUE,IQUIQUE,ESCUELA THILDA PORTILLO OLIVARES,-20.2357492,-70.1409772,"Escuela Thilda Portillo Olivares, 1834, Las Magnolias, Iquique, Provincia de Iquique, Región de Tarapacá, 1100000, Chile",nominatim
DE TARAPACA,IQUIQUE,IQUIQUE,ESTADIO TIERRA DE CAMPEONES RAMON ESTAY SAAVEDRA L1,-20.2423171,-70.1332168,"Av. Salvador Allende Gossens 2903, Iquique, Tarapacá, Chile",google
DE TARAPACA,IQUIQUE,IQUIQUE,ESTADIO TIERRA DE CAMPEONES RAMON ESTAY SAAVEDRA L2,-20.2423171,-70.1332168,"Av. Salvador Allende Gossens 2903, Iquique, Tarapacá, Chile",google
DE TARAPACA,IQUIQUE,IQUIQUE,INACAP,-20.2716032,-70.1258457,"Centro de Formación Técnica INACAP Iquique, 4310, Avenida La Tirana, Condominio Tres Mares, Iquique, Provincia de Iquique, Región de Tarapacá, 1110887, Chile",nominatim
DE TARAPACA,IQUIQUE,IQUIQUE,LICEO BICENTENARIO COLEGIO DIOCESANO OBISPO LABBE,-20.2172906,-70.1469759,"Vicente Zegers 818, 1100985 Iquique, Tarapacá, Chile",google
DE TARAPACA,IQUIQUE,IQUIQUE,LICEO BICENTENARIO SANTA MARIA,-20.221074,-70.1388078,"Luis Cruz Martínez 1315, 1101388 Iquique, Tarapacá, Chile",google
DE TARAPACA,IQUIQUE,IQUIQUE,LICEO DEPORTIVO ELENA DUVAUCHELLE CABEZON,-20.2171421,-70.15281209999999,"Aníbal Pinto 955, 1100890 Iquique, Tarapacá, Chile",google
DE TARAPACA,IQUIQUE,IQUIQUE,LICEO LIBERTADOR GENERAL BERNARDO O´HIGGINS,-34.5755374,-71.0022311,"O'Higgins, Chile",google
DE TARAPACA,IQUIQUE,IQUIQUE,LICEO LUIS CRUZ MARTINEZ,-20.2418742,-70.1371148,"Liceo Luis Cruz Martínez, 2250, Anker Nielsen, Iquique, Provincia de Iquique, Región de Tarapacá, 1110887, Chile",nominatim
DE TARAPACA,IQUIQUE,IQUIQUE,LICEO MARIA AUXILIADORA,-20.2221438,-70.1484354,"Liceo María Auxiliadora, Bartolomé Vivar, Iquique, Provincia de Iquique, Región de Tarapacá, 1100000, Chile",nominatim
DE TARAPACA,IQUIQUE,IQUIQUE,LICEO POLITECNICO JOSE GUTIERREZ DE LA FUENTE,-20.2256925,-70.1486989,"Liceo Politécnico José Gutiérrez de la Fuente, Libertad, Iquique, Provincia de Iquique, Región de Tarapacá, 1100000, Chile",nominatim
DE TARAPACA,IQUIQUE,IQUIQUE,LICEO PRESIDENTE ANIBAL PINTO GARMENDIA.,-20.2241878,-70.1410481,"Liceo Presidente Aníbal Pinto Garmendia, 1645, Óscar Bonilla, Condominio 4 Reinas II, Iquique, Provincia de Iquique, Región de Tarapacá, 1100000, Chile",nominatim
DE TARAPACA,IQUIQUE,IQUIQUE,UNIVERSIDAD ARTURO PRAT,-20.2440128,-70.1406094,"Universidad Arturo Prat, Benigno Posada, Iquique, Provincia de Iquique, Región de Tarapacá, 1110887, Chile",nominatim
DE TARAPACA,IQUIQUE,IQUIQUE,"UNIVERSIDAD TARAPACA, SEDE LAS ACHIRAS",-20.2334146,-70.1411796,"Av. Luis Emilio Recabarren 2477, 1113749 Iquique, Tarapacá, Chile",google
DE ÑUBLE,DIGUILLIN,BULNES,ESCUELA BASICA EDUARDO FREI MONTALVA,-36.738519,-72.3020817,"Carlos Condell, 3930252 Bulnes, Ñuble, Chile",google
DE ÑUBLE,DIGUILLIN,BULNES,ESCUELA EL PALPAL DE SANTA CLARA,-36.8265591,-72.3283702,"Santa Clara, Bulnes, Ñuble, Chile",google
DE ÑUBLE,DIGUILLIN,BULNES,ESCUELA EVARISTA OGALDE ORTEGA,-36.78696619999999,-72.2093163,"Kilometro 9, Sector Tres Esquinas Bulnes, 3930000 Ñuble, Bulnes, Ñuble, Chile",google
DE ÑUBLE,DIGUILLIN,BULNES,LICEO BICENTENARIO SANTA CRUZ DE LARQUI,-36.7429786,-72.2990508,"Carlos Palacios 488, 3930440 Bulnes, Ñuble, Chile",google
DE ÑUBLE,DIGUILLIN,BULNES,LICEO MANUEL BULNES,-36.7375205,-72.2968663,"Liceo Manuel Bulnes, Eleuterio Ramírez, Villa Las Palmeras, Villa Hanga Roa, Bulnes, Provincia de Diguillín, Región de Ñuble, 3930000, Chile",nominatim
DE ÑUBLE,DIGUILLIN,CHILLAN,COLEGIO CONCEPCION DE CHILLAN L1,-36.593496,-72.0882701,"José Vallejos 1028, 1054, Chillán, Ñuble, Chile",google
DE ÑUBLE,DIGUILLIN,CHILLAN,COLEGIO CONCEPCION DE CHILLAN L2,-36.593496,-72.0882701,"José Vallejos 1028, 1054, Chillán, Ñuble, Chile",google
DE ÑUBLE,DIGUILLIN,CHILLAN,COLEGIO COYAM,-36.6235589,-72.0868273,"Los Puelches 1551, 3811623 Chillán, Ñuble, Chile",google
DE ÑUBLE,DIGUILLIN,CHILLAN,COLEGIO DE LA PURISIMA CONCEPCION,-36.6079315,-72.0971689,"Av. Libertad 952, 3800769 Chillán, Ñuble, Chile",google
DE ÑUBLE,DIGUILLIN,CHILLAN,COLEGIO EVANGELICO BETANIA,-36.6187252,-72.0782455,"Cerro Negro 969, 3811276 Chillán, Ñuble, Chile",google
DE ÑUBLE,DIGUILLIN,CHILLAN,COLEGIO HISPANO AMERICANO,-36.61268099999999,-72.09420399999999,"Av. Argentina 809, Chillán, Ñuble, Chile",google
DE ÑUBLE,DIGUILLIN,CHILLAN,COLEGIO HISPANO AMERICANO RIO VIEJO,-36.630318,-72.092923,"Río Viejo 858, 3791498 Chillán, Ñuble, Chile",google
DE ÑUBLE,DIGUILLIN,CHILLAN,COLEGIO PARROQUIAL SAN JOSE,-36.62104739999999,-72.07707429999999,"El Volcán 1429, 3811454 Chillán, Ñuble, Chile",google
DE ÑUBLE,DIGUILLIN,CHILLAN,COLEGIO SAGRADO CORAZON DE JESUS,-36.6138231,-72.1169597,"Los Jesuitas 191, 3780000 Chillán, Ñuble, Chile",google
DE ÑUBLE,DIGUILLIN,CHILLAN,COLEGIO SAN BUENAVENTURA,-36.6041897,-72.096341,"Sgto. Aldea 235, 3800623 Chillán, Ñuble, Chile",google
DE ÑUBLE,DIGUILLIN,CHILLAN,COLEGIO SAN VICENTE DE PAUL,-36.610798,-72.10931959999999,"Claudio Arrau 962, 3800872 Chillán, Ñuble, Chile",google
DE ÑUBLE,DIGUILLIN,CHILLAN,COLEGIO SEBASTIAN SCHOOL,-36.62093,-72.106684,"Sta. María 415, 3790315 Chillán, Ñuble, Chile",google
DE ÑUBLE,DIGUILLIN,CHILLAN,COLEGIO SEMINARIO PADRE ALBERTO HURTADO,-36.5893075,-72.0948957,"Padre Alberto Hurtado 987, 3800050 Chillán, Ñuble, Chile",google
DE ÑUBLE,DIGUILLIN,CHILLAN,COLEGIO SYDNEY COLLEGE,-36.6254031,-72.077938,"Av Alonso de Ercilla 2795, Chillán, Ñuble, Chile",google
DE ÑUBLE,DIGUILLIN,CHILLAN,ESCUELA ARTURO MERINO BENITEZ,-36.6031316,-72.0880105,"Yungay 148, 3810232 Chillán, Ñuble, Chile",google
DE ÑUBLE,DIGUILLIN,CHILLAN,ESCUELA ARTURO MUTIZABAL SOTOMAYOR,-36.6064786,-72.0756689,"San Bernardo 1013, Chillán, Ñuble, Chile",google
DE ÑUBLE,DIGUILLIN,CHILLAN,ESCUELA BASICA CAPILLA COX,-36.5539273,-71.97744209999999,"Chillán, Región del Bío Bío, Chile",google
DE ÑUBLE,DIGUILLIN,CHILLAN,ESCUELA BASICA EL TEJAR,-36.6176551,-72.1200425,"Av. El Tejar 127, 3781038 Chillán, Ñuble, Chile",google
DE ÑUBLE,DIGUILLIN,CHILLAN,ESCUELA BASICA JOSE MARIA CARO RODRIGUEZ,-36.615946,-72.1145307,"Florindo Lagos 46, 3790044 Chillán, Ñuble, Chile",google
DE ÑUBLE,DIGUILLIN,CHILLAN,ESCUELA BASICA LA CASTILLA,-36.6117841,-72.1194994,"La Castilla 360, 3780553 Chillán, Ñuble, Chile",google
DE ÑUBLE,DIGUILLIN,CHILLAN,ESCUELA BASICA QUINCHAMALI,-36.6056677,-72.0797637,"Quinchamalí, Chillán, Ñuble, Chile",google
DE ÑUBLE,DIGUILLIN,CHILLAN,ESCUELA ESPECIAL DE LENGUAJE Y ESCUELA BASICA MY COLLEGE,-36.6266072,-72.0622873,"Valle del Elqui 4014, 3792407 Chillán, Ñuble, Chile",google
DE ÑUBLE,DIGUILLIN,CHILLAN,ESCUELA EVANGELICA BETH-EL,-36.6151097,-72.07559080000001,"Av. Nueva Ote. 657, 3810900 Chillán, Ñuble, Chile",google
DE ÑUBLE,DIGUILLIN,CHILLAN,ESCUELA GABRIELA MISTRAL,-36.6138029,-72.0889813,"Once Ote. 044, Chillán, Ñuble, Chile",google
DE ÑUBLE,DIGUILLIN,CHILLAN,ESCUELA LAS CANOAS,-36.6245889,-72.1161927,"Las Canoas 180, 3820572 Chillán, Ñuble, Chile",google
DE ÑUBLE,DIGUILLIN,CHILLAN,ESCUELA MARIA AMALIA SAAVEDRA MARTINEZ,-36.6098283,-72.13931819999999,"Simon Bolívar 1500, Chillán, Ñuble, Chile",google
DE ÑUBLE,DIGUILLIN,CHILLAN,ESCUELA RAMON VINAY SEPULVEDA,-36.6269498,-72.0869711,"Villa Carlos Abel Jarpa - Humapalca 1960, 3780000 Chillán, Ñuble, Chile",google
DE ÑUBLE,DIGUILLIN,CHILLAN,ESCUELA REPUBLICA DE ITALIA,-36.6039506,-72.11704019999999,"Av José María Sepúlveda Bustos 290, Chillán, Ñuble, Chile",google
DE ÑUBLE,DIGUILLIN,CHILLAN,ESCUELA ROSITA O'HIGGINS RIQUELME,-36.62084,-72.1024511,"Rodrigo de Quiroga 176, 3790255 Chillán, Ñuble, Chile",google
DE ÑUBLE,DIGUILLIN,CHILLAN,INSTITUTO INDUSTRIAL SUPERIOR DE CHILLAN,-36.5994247,-72.1074222,"Itata 101, Chillán, Ñuble, Chile",google
DE ÑUBLE,DIGUILLIN,CHILLAN,INSTITUTO SANTA MARIA,-36.604109,-72.104286,"Bulnes 415, 3800608 Chillán, Ñuble, Chile",google
DE ÑUBLE,DIGUILLIN,CHILLAN,INSTITUTO SUPERIOR DE COMERCIO PROFESOR FERNANDO PEREZ BECE,-36.6040472,-72.1090304,"Av. Libertad 125, Chillán, Ñuble, Chile",google
DE ÑUBLE,DIGUILLIN,CHILLAN,LICEO LIBERTADOR BERNARDO O'HIGGINS RIQUELME,-36.582692,-72.1021525,"Av. Libertador Bernardo Ohiggins, Chillán, Ñuble, Chile",google
DE ÑUBLE,DIGUILLIN,CHILLAN,LICEO POLIVALENTE MARTA COLVIN ANDRADE,-36.6181552,-72.0790622,"Reloncaví 1250, 3812006 Chillán, Ñuble, Chile",google
DE ÑUBLE,DIGUILLIN,CHILLAN,LICEO REPUBLICA DE ITALIA ARTURO BONOMETTI BROGI,-36.6039506,-72.11704019999999,"Av José María Sepúlveda Bustos 290, Chillán, Ñuble, Chile",google
DE ÑUBLE,DIGUILLIN,CHILLAN VIEJO,COLEGIO DARIO SALAS,-36.6169676,-72.131083,"Veinte de Agosto 50, Chillán Viejo, Ñuble, Chile",google
DE ÑUBLE,DIGUILLIN,CHILLAN VIEJO,COLEGIO SAN FERNANDO CHILLAN VIEJO,-36.6295902,-72.12973099999999,"Cabildo 966, 3820589 Chillán, Chillán Viejo, Ñuble, Chile",google
DE ÑUBLE,DIGUILLIN,CHILLAN VIEJO,COLEGIO TECNOLOGICO DARIO SALAS,-36.6169676,-72.131083,"Veinte de Agosto 50, Chillán Viejo, Ñuble, Chile",google
DE ÑUBLE,DIGUILLIN,CHILLAN VIEJO,ESCUELA BASICA RUCAPEQUEN,-36.6741941,-72.28311099999999,"N-676, Rucapequen, Chillán Viejo, Ñuble, Chile",google
DE ÑUBLE,DIGUILLIN,CHILLAN VIEJO,LICEO POLIVALENTE JUAN PACHECO ALTAMIRANO,-36.6234031,-72.12529909999999,"Sotomayor 401, 3820713 Chillán, Chillán Viejo, Ñuble, Chile",google
DE ÑUBLE,DIGUILLIN,CHILLAN VIEJO,LICEO TOMAS LAGO,-36.6322339,-72.1367667,"Pje. Serrano 1212, Chillán Viejo, Ñuble, Chile",google
DE ÑUBLE,DIGUILLIN,EL CARMEN,ESCUELA VIRGEN DEL CARMEN,-36.8963325,-72.0251929,"Escuela Virgen del Carmen, Andrés Bello, Villa Los Castaños, El Carmen, Provincia de Diguillín, Región de Ñuble, Chile",nominatim
DE ÑUBLE,DIGUILLIN,EL CARMEN,LICEO BICENTENARIO DE EXCELENCIA POLIVALENTE JUVENAL HERNAN,-36.8972728,-72.0254708,"El Carmen, Ñuble, Chile",google
DE ÑUBLE,DIGUILLIN,PEMUCO,ESCUELA BASICA GENERAL CRUZ,-36.9378806,-72.3520498,"Escuela Básica General Cruz, General Cruz, Pemuco, Provincia de Diguillín, Región de Ñuble, Chile",nominatim
DE ÑUBLE,DIGUILLIN,PEMUCO,ESCUELA DAFNE ELVIRA ZAPATA ROZAS,-36.9753412,-72.1017994,"Las Rosas, Pemuco, Ñuble, Chile",google
DE ÑUBLE,DIGUILLIN,PINTO,COLEGIO FRANCISCO DE ASIS,-36.7043271,-71.8907056,"Colegio Francisco de Asis, Avenida Santa María, Pinto, Provincia de Diguillín, Región de Ñuble, Chile",nominatim
DE ÑUBLE,DIGUILLIN,PINTO,ESCUELA BASICA JUAN JORGE,-36.7238808,-71.8413899,"Escuela Básica Juan Jorge, Ruta N-55, El Rosal, Pinto, Provincia de Diguillín, Región de Ñuble, Chile",nominatim
DE ÑUBLE,DIGUILLIN,PINTO,ESCUELA JOSE TOHA SOLDEVILLA,-36.8446292,-71.6570879,"Escuela José Tohá Soldevilla, 51, Avenida Javier Jarpa Sotomayor, Población Augusto Pinochet, Recinto, Pinto, Provincia de Diguillín, Región de Ñuble, 3880000, Chile",nominatim
DE ÑUBLE,DIGUILLIN,PINTO,LICEO BICENTENARIO POLITECNICO JOSE MANUEL PINTO ARIAS,-36.7040481,-71.8941688,"Avenida Santa Maria 160, 3880000 Pinto, Ñuble, Chile",google
DE ÑUBLE,DIGUILLIN,QUILLON,ESCUELA BASICA EL CASINO,-36.8323733,-72.4308686,"Quillón, Ñuble, Chile",google
DE ÑUBLE,DIGUILLIN,QUILLON,ESCUELA BASICA HEROES DEL ITATA,-36.7463857,-72.4746823,"Arturo Prat 410, Quillón, Ñuble, Chile",google
DE ÑUBLE,DIGUILLIN,QUILLON,ESCUELA BASICA LAGUNA AVENDAÑO,-36.7543619,-72.4480054,"Laguna Avendano, Quillón, Ñuble, Chile",google
DE ÑUBLE,DIGUILLIN,QUILLON,LICEO POLIVALENTE LUIS CRUZ MARTINEZ,-36.7510991,-72.4750256,"Arturo Prat 823, Quillón, Ñuble, Chile",google
DE ÑUBLE,DIGUILLIN,SAN IGNACIO,ESCUELA BASICA PUEBLO SECO,-36.8805969,-72.0928149,"Escuela Básica Pueblo Seco, 573, Avenida Las Violetas, Villa Primavera, Pueblo Seco, San Ignacio, Provincia de Diguillín, Región de Ñuble, 3890000, Chile",nominatim
DE ÑUBLE,DIGUILLIN,SAN IGNACIO,LICEO MANUEL JESUS ORTIZ BASICA,-36.7990931,-72.0309977,"Av. Manuel Jesús Ortiz, San Ignacio, Ñuble, Chile",google
DE ÑUBLE,DIGUILLIN,SAN IGNACIO,LICEO POLITECNICO MARIA WARD,-36.799805,-72.0322562,"Liceo Politécnico María Ward, Alcalde Remberto Valdés, Población Cabo Aroca, San Ignacio, Provincia de Diguillín, Región de Ñuble, Chile",nominatim
DE ÑUBLE,DIGUILLIN,YUNGAY,ESCUELA FERNANDO BAQUEDANO,-37.1208666,-72.0190215,"Escuela D-1216 Fernando Baquedano, Chorrillos, Yungay, San Miguel, Yungay, Provincia de Diguillín, Región de Ñuble, Chile",nominatim
DE ÑUBLE,DIGUILLIN,YUNGAY,LICEO CAMPANARIO,-37.1349381,-72.1838051,"Liceo Campanario, Avenida Argentina, Tres Antonios, Campanario, Yungay, Provincia de Diguillín, Región de Ñuble, Chile",nominatim
DE ÑUBLE,DIGUILLIN,YUNGAY,LICEO DE YUNGAY,-37.1245545,-72.0099205,"Liceo De Yungay, Independencia, Yungay, Provincia de Diguillín, Región de Ñuble, Chile",nominatim
DE ÑUBLE,ITATA,COBQUECURA,ESCUELA BASICA BUCHUPUREO,-36.0737527,-72.7767796,"Escuela Básica Buchupureo, Diego Portales, 11 de Septiembre, Camino Los Cuervos, Buchupureo, Cobquecura, Provincia de Itata, Región de Ñuble, Chile",nominatim
DE ÑUBLE,ITATA,COBQUECURA,LICEO POLIVALENTE DIEGO MISSENE BURGOS,-36.1323615,-72.7912803,"Liceo Polivalente Profesor Diego Missene Burgos, 281, Chacabuco, Villa Pan de Piedra, Cobquecura, Provincia de Itata, Región de Ñuble, Chile",nominatim
DE ÑUBLE,ITATA,COELEMU,ESCUELA CLEMENTINA MAUREIRA ALMARZA,-36.5786372,-72.7618842,"Coelemu, Bio Bio, Chile",google
DE ÑUBLE,ITATA,COELEMU,ESCUELA GUARILIHUE ALTO,-36.5756301,-72.6947504,"Escuela Guarilihue Alto, Ruta N-170, Guarilihue Bajo, Coelemu, Provincia de Itata, Región de Ñuble, Chile",nominatim
DE ÑUBLE,ITATA,COELEMU,ESCUELA MARIA TERESA MARCHANT CONTRERAS,-36.4875987,-72.6992747,"Escuela María Teresa Marchant Contreras, Julio Lamas, René Schneider, Coelemu, Provincia de Itata, Región de Ñuble, 3970000, Chile",nominatim
DE ÑUBLE,ITATA,COELEMU,ESCUELA VEGAS DE ITATA,-36.4004039,-72.8506047,"Escuela Vegas de Itata, Arturo Prat, Vegas de Itata, Coelemu, Provincia de Itata, Región de Ñuble, Chile",nominatim
DE ÑUBLE,ITATA,COELEMU,ESCUELA VILLA JESUS DE COELEMU,-36.4926485,-72.7025104,"Escuela Villa Jesus de Coelemu, Pedro Aguirre Cerda, Poblacion Santa Gestrudis, El Rosal, Coelemu, Provincia de Itata, Región de Ñuble, 3970000, Chile",nominatim
DE ÑUBLE,ITATA,NINHUE,ESCUELA GLORIAS NAVALES,-36.3944159,-72.3980757,"Escuela Glorias Navales, 18 de Septiembre, Los Copihues, Ninhue, Provincia de Itata, Región de Ñuble, Chile",nominatim
DE ÑUBLE,ITATA,PORTEZUELO,COLEGIO NUESTRA SEÑORA DEL CARMEN,-36.5263228,-72.4288483,"Liceo Nuestra Señora del Carmen, 496, Sargento Aldea, La Quinta, Portezuelo, Provincia de Itata, Región de Ñuble, Chile",nominatim
DE ÑUBLE,ITATA,QUIRIHUE,ESCUELA GRUMETE CORTEZ,-36.284914,-72.5432254,"Independencia 399, Quirihue, Ñuble, Chile",google
DE ÑUBLE,ITATA,QUIRIHUE,ESCUELA NUEVA AMERICA,-36.2815512,-72.5404757,"Colegio Nueva América, Esmeralda, Villa Pablo Neruda, Quirihue, Provincia de Itata, Región de Ñuble, Chile",nominatim
DE ÑUBLE,ITATA,QUIRIHUE,LICEO BICENTENARIO DE EXCELENCIA CARLOS MONTANE CASTRO,-36.2796292,-72.530712,"Carlos Montané Castro, Quirihue, Ñuble, Chile",google
DE ÑUBLE,ITATA,RANQUIL,ESCUELA BASICA ÑIPAS,-36.6058247,-72.5337694,"Ñipas, Ranquil, Ñuble, Chile",google
DE ÑUBLE,ITATA,TREHUACO,ESCUELA BASICA VALLE LONQUEN,-36.43143980000001,-72.6691444,"Treguaco, Ñuble, Chile",google
DE ÑUBLE,ITATA,TREHUACO,LICEO BICENTENARIO DE EXCELENCIA TREHUACO,-36.4314814,-72.6691093,"Treguaco, Ñuble, Chile",google
DE ÑUBLE,PUNILLA,COIHUECO,COLEGIO PARROQUIAL PADRE LORENZO MONDANELLI,-36.6279248,-71.8306234,"Luis Hermosilla 441, Nuble, Coihueco, Ñuble, Chile",google
DE ÑUBLE,PUNILLA,COIHUECO,ESCUELA BRITANICA GUILLERMINA DRAKE WOOD,-36.6274636,-71.832899,"Escuela Britanica Guillermina Drake Wood, Balmaceda, Coihueco, Provincia de Punilla, Región de Ñuble, Chile",nominatim
DE ÑUBLE,PUNILLA,COIHUECO,ESCUELA HEROES DE IQUIQUE,-36.5896956,-71.7659434,"Escuela Héroes de Iquique, Ruta N-479, Bustamante, Coihueco, Provincia de Punilla, Región de Ñuble, Chile",nominatim
DE ÑUBLE,PUNILLA,COIHUECO,ESCUELA MANUEL MATUS HERMOSILLA,-36.6854381,-71.8924287,"Escuela Manuel Matus Hermosilla, Ruta N-545, Rosario, Coihueco, Provincia de Punilla, Región de Ñuble, Chile",nominatim
DE ÑUBLE,PUNILLA,COIHUECO,ESCUELA PORVENIR DE CATO,-36.543949,-71.7809528,"Escuela Porvenir de Cato, Ruta N-447, El Porvenir, Coihueco, Provincia de Punilla, Región de Ñuble, Chile",nominatim
DE ÑUBLE,PUNILLA,COIHUECO,ESCUELA TALQUIPEN,-36.607619,-71.9299603,"Escuela Talquipén, Las Puertas, Talquipén, Coihueco, Provincia de Punilla, Región de Ñuble, Chile",nominatim
DE ÑUBLE,PUNILLA,COIHUECO,LICEO BICENTENARIO CLAUDIO ARRAU LEON,-36.6306803,-71.8374991,"Sgto. Aldea 1368, Coihueco, Ñuble, Chile",google
DE ÑUBLE,PUNILLA,ÑIQUEN,ESCUELA CHACAY,-36.3672423,-71.77212550000002,"N-261, Ñiquén, Ñuble, Chile",google
DE ÑUBLE,PUNILLA,ÑIQUEN,ESCUELA ÑIQUEN,-36.2941271,-71.9003721,"Ñiquén, Ñuble, Chile",google
DE ÑUBLE,PUNILLA,ÑIQUEN,LICEO SAN GREGORIO,-36.2836659,-71.8149905,"Ñiquén, Región del Bío Bío, Chile",google
DE ÑUBLE,PUNILLA,SAN CARLOS,DINABEC COLLEGE,-36.424217,-71.9493056,"Dinabec College, Diego Portales, Valle Hondo, San Carlos, Provincia de Punilla, Región de Ñuble, 3841660, Chile",nominatim
DE ÑUBLE,PUNILLA,SAN CARLOS,ESCUELA BULI,-36.358518,-71.9334963,"Escuela Buli Estación, Avenida Santiago Guitiérrez, San Francisco, Buli Estación, San Carlos, Provincia de Punilla, Región de Ñuble, Chile",nominatim
DE ÑUBLE,PUNILLA,SAN CARLOS,ESCUELA CACHAPOAL,-36.4613521,-71.7377497,"Escuela Cachapoal, Avenida Juan Alberto Sepúlveda, Cachapoal Bajo, Cachapoal, San Carlos, Provincia de Punilla, Región de Ñuble, Chile",nominatim
DE ÑUBLE,PUNILLA,SAN CARLOS,ESCUELA EL SAUCE,-36.43776,-71.8300167,"Escuela El Sauce, Ruta N-265, El Sauce, San Carlos, Provincia de Punilla, Región de Ñuble, Chile",nominatim
DE ÑUBLE,PUNILLA,SAN CARLOS,ESCUELA GENERAL DOMINGO URRUTIA,-36.4240861,-71.9694884,"Escuela General Domingo Urrutia, Matta, Villa Los Libertadores, San Carlos, Provincia de Punilla, Región de Ñuble, 3841660, Chile",nominatim
DE ÑUBLE,PUNILLA,SAN CARLOS,ESCUELA GENERAL JOSE MIGUEL CARRERA VERDUGO,-36.425633,-71.9526585,"José Miguel Carrera Verdugo, San Carlos, Ñuble, Chile",google
DE ÑUBLE,PUNILLA,SAN CARLOS,ESCUELA GENERAL SOFANOR PARRA HERMOSILLA,-36.4305917,-71.9514717,"Gral. Parra 300, 3840482 San Carlos, Ñuble, Chile",google
DE ÑUBLE,PUNILLA,SAN CARLOS,INSTITUTO SANTA MARIA DE SAN CARLOS,-36.4280798,-71.9591206,"Instituto Santa María, Bilbao, Villa Gabriela Mistral, San Carlos, Provincia de Punilla, Región de Ñuble, 3841660, Chile",nominatim
DE ÑUBLE,PUNILLA,SAN CARLOS,LICEO BICENTENARIO POLIVALENTE NUESTRA SEÑORA DE LA MERCED,-36.4243696,-71.9633502,"Ramón Freire 670 --- Balmaceda 108, San Carlos, Ñuble, Chile",google
DE ÑUBLE,PUNILLA,SAN CARLOS,LICEO POLITECNICO CAPITAN IGNACIO CARRERA PINTO,-36.4304865,-71.9598692,"David Gazmuri 451, 3840546 San Carlos, Biobío, Chile",google
DE ÑUBLE,PUNILLA,SAN CARLOS,LICEO TECNICO PROFESIONAL VIOLETA PARRA SANDOVAL,-36.4295899,-71.95022639999999,"Violeta Parra Sandoval Park - Gral. Carol Urzúa 320-440, 3840317 San Carlos, Ñuble, Chile",google
DE ÑUBLE,PUNILLA,SAN FABIAN,LICEO BICENTENARIO POLIVALENTE JORGE ALESSANDRI RODRIGUEZ,-36.5540252,-71.5572865,"San Fabián, Ñuble, Chile",google
DE ÑUBLE,PUNILLA,SAN NICOLAS,"LICEO BICENTENARIO DE EXCELENCIA POLIVALENTE SAN NICOLAS, C",-36.504328,-72.2185107,"Balmaceda 462, San Nicolás, Ñuble, Chile",google
DE ÑUBLE,PUNILLA,SAN NICOLAS,LICEO BICENTENARIO DE EXCELENCIA TECNICO PUENTE ÑUBLE,-36.5489665,-72.0926097,"Puente Ńuble, San Nicolás, Ñuble, Chile",google
DE VALPARAISO,ISLA DE PASCUA,ISLA DE PASCUA,COLEGIO CATOLICO HERMANO EUGENIO EYRAUD L1,-33.0473128,-71.6127458,"Valparaíso, Chile",google
DE VALPARAISO,ISLA DE PASCUA,ISLA DE PASCUA,COLEGIO CATOLICO HERMANO EUGENIO EYRAUD L2,-33.0473128,-71.6127458,"Valparaíso, Chile",google
DE VALPARAISO,LOS ANDES,CALLE LARGA,COLEGIO SAN JOSE,-32.8571731,-70.6283604,"Colegio San José, 2103, Calle Larga, Villa Los Jardines, Alto del Puerto, Calle Larga, Provincia de Los Andes, Región de Valparaíso, 2100000, Chile",nominatim
DE VALPARAISO,LOS ANDES,CALLE LARGA,ESCUELA BASICA CRISTO REDENTOR,-32.8877455,-70.5918574,"Escuela Básica Cristo Redentor, Camino Los Rosales, El Estero, La Caldera, Calle Larga, Provincia de Los Andes, Región de Valparaíso, Chile",nominatim
DE VALPARAISO,LOS ANDES,CALLE LARGA,ESCUELA BASICA LA PAMPILLA,-32.8586471,-70.6248655,"Escuela Básica La Pampilla, La Pampilla, Villa Los Jardines, Alto del Puerto, Calle Larga, Provincia de Los Andes, Región de Valparaíso, 2100000, Chile",nominatim
DE VALPARAISO,LOS ANDES,LOS ANDES,ESCUELA BASICA RIO BLANCO,-32.9101665,-70.3040989,"Escuela Básica Rio Blanco, Ruta 60 CH, Escuela de Alta Montaña, Río Blanco, Los Andes, Provincia de Los Andes, Región de Valparaíso, Chile",nominatim
DE VALPARAISO,LOS ANDES,LOS ANDES,ESCUELA ESPAÑA,-32.8338843,-70.5937419,"Escuela España, Esmeralda, Villa Los Alerces, Los Andes, Provincia de Los Andes, Región de Valparaíso, 2100000, Chile",nominatim
DE VALPARAISO,LOS ANDES,LOS ANDES,INSTITUTO CHACABUCO,-32.829979,-70.5947865,"Instituto Chacabuco, Avenida Argentina, Villa Los Alerces, Los Andes, Provincia de Los Andes, Región de Valparaíso, 2100000, Chile",nominatim
DE VALPARAISO,LOS ANDES,LOS ANDES,LICEO BICENTENARIO TECNICO AMANCAY DE LOS ANDES,-32.8353993,-70.5966957,"Membrillar 455, 2100706 Los Andes, Valparaíso, Chile",google
DE VALPARAISO,LOS ANDES,LOS ANDES,LICEO COMERCIAL DE LOS ANDES L1,-32.837783,-70.5951907,"Los Andes, Valparaíso, Chile",google
DE VALPARAISO,LOS ANDES,LOS ANDES,LICEO COMERCIAL DE LOS ANDES L2,-32.837783,-70.5951907,"Los Andes, Valparaíso, Chile",google
DE VALPARAISO,LOS ANDES,LOS ANDES,LICEO MAXIMILIANO SALAS MARCHAN L1,-32.8369536,-70.6007576,"Av. Chacabuco 437, 2100418 Los Andes, Valparaíso, Chile",google
DE VALPARAISO,LOS ANDES,LOS ANDES,LICEO MAXIMILIANO SALAS MARCHAN L2,-32.8369536,-70.6007576,"Av. Chacabuco 437, 2100418 Los Andes, Valparaíso, Chile",google
DE VALPARAISO,LOS ANDES,LOS ANDES,LICEO PARTICULAR MIXTO LOS ANDES L1,-32.8278905,-70.6135881,"C. Hermano Aquilino 1957, Los Andes, Valparaíso, Chile",google
DE VALPARAISO,LOS ANDES,LOS ANDES,LICEO PARTICULAR MIXTO LOS ANDES L2,-32.8278905,-70.6135881,"C. Hermano Aquilino 1957, Los Andes, Valparaíso, Chile",google
DE VALPARAISO,LOS ANDES,LOS ANDES,LICEO POLITECNICO AMERICA,-32.8386292,-70.5990349,"Liceo Politécnico América, Colombia, Villa Los Castaños, Los Andes, Provincia de Los Andes, Región de Valparaíso, 2100000, Chile",nominatim
DE VALPARAISO,LOS ANDES,LOS ANDES,LICEO REPUBLICA ARGENTINA,-32.8331815,-70.6036675,"Liceo República Argentina, Santa Teresita de Los Andes, Villa Marisol, Los Andes, Provincia de Los Andes, Región de Valparaíso, 2100000, Chile",nominatim
DE VALPARAISO,LOS ANDES,LOS ANDES,LICEO SANTA CLARA (SEDE BRASIL),-32.8406314,-70.5988285,"Brasil 260, 2100380 Valparaíso, Los Andes, Valparaíso, Chile",google
DE VALPARAISO,LOS ANDES,RINCONADA,CENTRO DE FORMACION ACADEMICA PERFECTO DE LA FUENTE DEL VIL,-32.8329199,-70.6920596,"E-841, 2140309 Rinconada, Valparaíso, Chile",google
DE VALPARAISO,LOS ANDES,RINCONADA,GIMNASIO MUNICIPAL,-32.8332031,-70.6888706,"Rinconada, Valparaíso, Chile",google
DE VALPARAISO,LOS ANDES,RINCONADA,LICEO PARROQUIAL TERESITA DE LOS ANDES,-32.8405132,-70.6861856,"Liceo Parroquial Teresita de Los Andes, 975, San Martín, Aires de Rinconada, Rinconada, Provincia de Los Andes, Región de Valparaíso, Chile",nominatim
DE VALPARAISO,LOS ANDES,SAN ESTEBAN,ESCUELA BASICA MIXTA LO CALVO,-32.7508486,-70.591726,"Lo Calvo, San Esteban, Valparaíso, Chile",google
DE VALPARAISO,LOS ANDES,SAN ESTEBAN,ESCUELA BASICA SILVIO ZENTENO VERGARA,-32.8111992,-70.5786559,"Escuela Básica Silvio Zenteno Vergara, 658, La Florida, Villa Génesis, Los Olmos, San Esteban, Provincia de Los Andes, Región de Valparaíso, 2100000, Chile",nominatim
DE VALPARAISO,LOS ANDES,SAN ESTEBAN,ESCUELA PABLO NERUDA,-32.7981052,-70.5791256,"Colegio Pablo Neruda, 533, Las Acacias, Villa La Estancia, Los Olmos, San Esteban, Provincia de Los Andes, Región de Valparaíso, 2100000, Chile",nominatim
DE VALPARAISO,LOS ANDES,SAN ESTEBAN,ESCUELA RIO COLORADO,-32.8619879,-70.4224607,"Ruta 60, San Esteban, Valparaíso, Chile",google
DE VALPARAISO,LOS ANDES,SAN ESTEBAN,LICEO SAN ESTEBAN,-32.8014478,-70.5787745,"Liceo San Esteban, Calle Gonzalo Cienfuegos, Villa La Estancia, Los Olmos, San Esteban, Provincia de Los Andes, Región de Valparaíso, 2100000, Chile",nominatim
DE VALPARAISO,MARGA MARGA,LIMACHE,COLEGIO BRASILIA L1,-32.9806225,-71.2766647,"Brasilia, Limache, Valparaíso, Chile",google
DE VALPARAISO,MARGA MARGA,LIMACHE,COLEGIO BRASILIA L2,-32.9806225,-71.2766647,"Brasilia, Limache, Valparaíso, Chile",google
DE VALPARAISO,MARGA MARGA,LIMACHE,ESCUELA BASICA HEROES DE CHILE L1,-33.0171129,-71.25613489999999,"La Victoria 160, 2240935 Limache, Valparaíso, Chile",google
DE VALPARAISO,MARGA MARGA,LIMACHE,ESCUELA BASICA HEROES DE CHILE L2,-33.0171129,-71.25613489999999,"La Victoria 160, 2240935 Limache, Valparaíso, Chile",google
DE VALPARAISO,MARGA MARGA,LIMACHE,ESCUELA BASICA LOS MAITENES,-32.995263,-71.2324491,"Av. Adolfo Eastman Cox 1701, Limache, Valparaíso, Chile",google
DE VALPARAISO,MARGA MARGA,LIMACHE,ESCUELA BASICA SUPERIOR MIXTA Nº 88 L1,-33.0012869,-71.268164,"Limache, Valparaíso, Chile",google
DE VALPARAISO,MARGA MARGA,LIMACHE,ESCUELA BASICA SUPERIOR MIXTA Nº 88 L2,-33.0012869,-71.268164,"Limache, Valparaíso, Chile",google
DE VALPARAISO,MARGA MARGA,LIMACHE,ESCUELA LIMACHITO,-33.0011502,-71.2784572,"Escuela Limachito, 95, Bulnes, Limachito, Limache, Provincia de Marga Marga, Región de Valparaíso, 2240000, Chile",nominatim
DE VALPARAISO,MARGA MARGA,LIMACHE,ESCUELA TENIENTE HERNAN MERINO CORREA L1,-33.006409,-71.2593832,"Sgto. Aldea 357, 2240537 Limache, Valparaíso, Chile",google
DE VALPARAISO,MARGA MARGA,LIMACHE,ESCUELA TENIENTE HERNAN MERINO CORREA L2,-33.006409,-71.2593832,"Sgto. Aldea 357, 2240537 Limache, Valparaíso, Chile",google
DE VALPARAISO,MARGA MARGA,LIMACHE,LICEO DE LIMACHE,-32.9853109,-71.2731703,"Liceo de Limache, 133, Riquelme, Villa Las Américas, San Francisco de Limache, Limache, Provincia de Marga Marga, Región de Valparaíso, 2240000, Chile",nominatim
DE VALPARAISO,MARGA MARGA,OLMUE,COLEGIO PARTICULAR IGNACIO CARRERA PINTO,-32.9947433,-71.1845932,"Av. Arturo Prat 4917, 2330589 Olmué, Valparaíso, Chile",google
DE VALPARAISO,MARGA MARGA,OLMUE,ESCUELA ATENAS,-32.9953451,-71.1814689,"Av. Arturo Prat 101, 2330611 Olmué, Valparaíso, Chile",google
DE VALPARAISO,MARGA MARGA,OLMUE,ESCUELA QUEBRADA DE ALVARADO,-33.0523459,-71.1120746,"F-10-G 218, 2330164 Olmué, Valparaíso, Chile",google
DE VALPARAISO,MARGA MARGA,OLMUE,LICEO DE OLMUE,-32.9963546,-71.1905965,"2330500 Olmué, Valparaíso, Chile",google
DE VALPARAISO,MARGA MARGA,QUILPUE,COLEGIO ACONCAGUA L1,-33.0402031,-71.47544719999999,"Cam. Troncal Antiguo 1940, Quilpué, Valparaíso, Chile",google
DE VALPARAISO,MARGA MARGA,QUILPUE,COLEGIO ACONCAGUA L2,-33.0402031,-71.47544719999999,"Cam. Troncal Antiguo 1940, Quilpué, Valparaíso, Chile",google
DE VALPARAISO,MARGA MARGA,QUILPUE,COLEGIO CAPITAN IGNACIO CARRERA PINTO L1,-33.03632,-71.4309263,"Eusebio Lillo 2149, 2420502 Quilpué, Valparaíso, Chile",google
DE VALPARAISO,MARGA MARGA,QUILPUE,COLEGIO CAPITAN IGNACIO CARRERA PINTO L2,-33.03632,-71.4309263,"Eusebio Lillo 2149, 2420502 Quilpué, Valparaíso, Chile",google
DE VALPARAISO,MARGA MARGA,QUILPUE,COLEGIO ESPERANZA L1,-33.0529004,-71.44100759999999,"Cumming 1351, 2431051 Quilpué, Valparaíso, Chile",google
DE VALPARAISO,MARGA MARGA,QUILPUE,COLEGIO ESPERANZA L2,-33.0529004,-71.44100759999999,"Cumming 1351, 2431051 Quilpué, Valparaíso, Chile",google
DE VALPARAISO,MARGA MARGA,QUILPUE,COLEGIO FERNANDO DURAN VILLARREAL L1,-33.046297,-71.45053290000001,"Camilo Henríquez 126, 2421491 Quilpué, Valparaiso, Valparaíso, Chile",google
DE VALPARAISO,MARGA MARGA,QUILPUE,COLEGIO FERNANDO DURAN VILLARREAL L2,-33.046297,-71.45053290000001,"Camilo Henríquez 126, 2421491 Quilpué, Valparaiso, Valparaíso, Chile",google
DE VALPARAISO,MARGA MARGA,QUILPUE,COLEGIO FUNDADORES DE QUILPUE L1,-33.0549799,-71.4386681,"Alcalde Subercaseaux 1530, Quilpué, Valparaíso, Chile",google
DE VALPARAISO,MARGA MARGA,QUILPUE,COLEGIO FUNDADORES DE QUILPUE L2,-33.0549799,-71.4386681,"Alcalde Subercaseaux 1530, Quilpué, Valparaíso, Chile",google
DE VALPARAISO,MARGA MARGA,QUILPUE,COLEGIO GUARDIAMARINA GUILLERMO ZAÑARTU IRIGOYEN,-33.0482707,-71.4408752,"Quilpué, Valparaíso, Chile",google
DE VALPARAISO,MARGA MARGA,QUILPUE,COLEGIO INDUSTRIAL ANDRES BELLO LOPEZ,-33.0485934,-71.4034932,"Diego de Almagro 222, Quilpué, Valparaiso, Valparaíso, Chile",google
DE VALPARAISO,MARGA MARGA,QUILPUE,COLEGIO JOSE MIGUEL INFANTE,-33.0360623,-71.4410808,"Granada 1557, 2420334 Quilpué, Valparaíso, Chile",google
DE VALPARAISO,MARGA MARGA,QUILPUE,COLEGIO LAS AMERICAS L1,-33.0677958,-71.4228239,"Las Palmas 2580, 2442328 Quilpué, Valparaíso, Chile",google
DE VALPARAISO,MARGA MARGA,QUILPUE,COLEGIO LAS AMERICAS L2,-33.0677958,-71.4228239,"Las Palmas 2580, 2442328 Quilpué, Valparaíso, Chile",google
DE VALPARAISO,MARGA MARGA,QUILPUE,COLEGIO LIAHONA,-33.0482171,-71.4001626,"Pedro de Valdivia 115, Quilpué, Valparaíso, Chile",google
DE VALPARAISO,MARGA MARGA,QUILPUE,COLEGIO LOS LIBERTADORES L2,-33.0390972,-71.40562349999999,"Almte. Gomez Carreño 593, 2420853 Quilpué, Valparaíso, Chile",google
DE VALPARAISO,MARGA MARGA,QUILPUE,COLEGIO LOS REYES,-33.046487,-71.4153425,"Los Reyes 1301, 2440481 Quilpué, Valparaíso, Chile",google
DE VALPARAISO,MARGA MARGA,QUILPUE,COLEGIO MANUEL BULNES PRIETO,-33.0505875,-71.43656179999999,"Covadonga 1250, 2440827 Quilpué, Valparaíso, Chile",google
DE VALPARAISO,MARGA MARGA,QUILPUE,COLEGIO PASIONISTAS DE QUILPUE,-33.0453166,-71.4380767,"Zenteno 721, 2421399 Quilpué, Valparaíso, Chile",google
DE VALPARAISO,MARGA MARGA,QUILPUE,COLEGIO SAN BLAS,-33.055457,-71.46015009999999,"Humboldt 1124, 2431570 Quilpué, Valparaíso, Chile",google
DE VALPARAISO,MARGA MARGA,QUILPUE,ESCUELA BASICA DARIO SALAS E-423,-33.0511859,-71.4501915,"Samuel Valencia 150, 2430909 Quilpué, Valparaíso, Chile",google
DE VALPARAISO,MARGA MARGA,QUILPUE,ESCUELA BASICA GASPAR CABRALES,-33.0578573,-71.4104894,"El Ocaso 365, 2441531 Quilpué, Valparaíso, Chile",google
DE VALPARAISO,MARGA MARGA,QUILPUE,ESCUELA COMANDANTE ELEUTERIO RAMIREZ MOLINA,-33.0585011,-71.4242431,"Ovalle 1810, 2441671 Valparaíso, Quilpué, Valparaíso, Chile",google
DE VALPARAISO,MARGA MARGA,QUILPUE,ESCUELA DELFINA ALARCON HENRIQUEZ,-33.1678882,-71.1432569,"Quilpué, Valparaíso, Chile",google
DE VALPARAISO,MARGA MARGA,QUILPUE,ESCUELA LOS MOLLES,-33.1020421,-71.37577999999999,"F-740 20, 2430000 Los Molles, Quilpué, Valparaíso, Chile",google
DE VALPARAISO,MARGA MARGA,QUILPUE,ESCUELA THEODOR HEUSS,-33.0525179,-71.4684377,"Ortiz Vega 1381, 32, 3140495 Quilpué, Valparaíso, Chile",google
DE VALPARAISO,MARGA MARGA,QUILPUE,LICEO ARTISTICO GUILLERMO GRONEMEYER ZAMORANO L1,-33.0495801,-71.43679519999999,"David Cortés 1015, 2440757 Quilpué, Valparaíso, Chile",google
DE VALPARAISO,MARGA MARGA,QUILPUE,LICEO ARTISTICO GUILLERMO GRONEMEYER ZAMORANO L2,-33.0495801,-71.43679519999999,"David Cortés 1015, 2440757 Quilpué, Valparaíso, Chile",google
DE VALPARAISO,MARGA MARGA,QUILPUE,LICEO COMERCIAL ALEJANDRO LUBET VERGARA,-33.0454454,-71.4394276,"Freire 945, 2440471 Quilpué, Valparaíso, Chile",google
DE VALPARAISO,MARGA MARGA,QUILPUE,LICEO GASTRONOMIA Y TURISMO L1,-33.0481807,-71.4216648,"Diaguitas 1751, 2440570 Quilpué, Valparaíso, Chile",google
DE VALPARAISO,MARGA MARGA,QUILPUE,LICEO GASTRONOMIA Y TURISMO L2,-33.0481807,-71.4216648,"Diaguitas 1751, 2440570 Quilpué, Valparaíso, Chile",google
DE VALPARAISO,MARGA MARGA,QUILPUE,LICEO JUAN XXIII SEDE EL BELLOTO L1,-33.043854,-71.411386,"San Marino 1069, 2421235 Quilpué, Valparaíso, Chile",google
DE VALPARAISO,MARGA MARGA,QUILPUE,LICEO JUAN XXIII SEDE EL BELLOTO L2,-33.043854,-71.411386,"San Marino 1069, 2421235 Quilpué, Valparaíso, Chile",google
DE VALPARAISO,MARGA MARGA,QUILPUE,LICEO POLITECNICO MARGA MARGA L1,-33.1000018,-71.3896393,"L1, Quilpué, Valparaíso, Chile",google
DE VALPARAISO,MARGA MARGA,QUILPUE,LICEO POLITECNICO MARGA MARGA L2,-33.0706734,-71.42746509999999,"2442067 Quilpué, Valparaíso, Chile",google
DE VALPARAISO,MARGA MARGA,QUILPUE,LICEO TECNICO PROFESIONAL MANNHEIM,-33.0375124,-71.48394259999999,"Los Lunes 171, Quilpué, Valparaíso, Chile",google
DE VALPARAISO,MARGA MARGA,VILLA ALEMANA,COLEGIO ALTOMONTE,-33.0607198,-71.3291231,"Colegio Altomonte, 881, Camino La Rinconada, El Carmen, Villa Alemana, Provincia de Marga Marga, Región de Valparaíso, 6500000, Chile",nominatim
DE VALPARAISO,MARGA MARGA,VILLA ALEMANA,COLEGIO CHAMPAGNAT,-33.0470715,-71.3639736,"Colegio Champagnat, Pasaje San Erasmo, Peñablanca, Villa Alemana, Provincia de Marga Marga, Región de Valparaíso, 6500000, Chile",nominatim
DE VALPARAISO,MARGA MARGA,VILLA ALEMANA,COLEGIO CHARLES DARWIN,-33.0483598,-71.3879772,"Colegio Charles Darwin, 336, Venecia, Población Vicente Martínez, Villa Alemana, Provincia de Marga Marga, Región de Valparaíso, 2460748, Chile",nominatim
DE VALPARAISO,MARGA MARGA,VILLA ALEMANA,COLEGIO HISPANO L1,-33.043656,-71.371325,"Santiago 280, 280 - 529, 2470430 Villa Alemana, Valparaíso, Chile",google
DE VALPARAISO,MARGA MARGA,VILLA ALEMANA,COLEGIO HISPANO L2,-33.043656,-71.371325,"Santiago 280, 280 - 529, 2470430 Villa Alemana, Valparaíso, Chile",google
DE VALPARAISO,MARGA MARGA,VILLA ALEMANA,COLEGIO ITALO COMPOSTO SCARPATI,-33.0601216,-71.369199,"Las Palmas 401-499, Villa Alemana, Valparaíso, Chile",google
DE VALPARAISO,MARGA MARGA,VILLA ALEMANA,COLEGIO MANUEL MONTT L1,-33.0463832,-71.35340099999999,"Manuel Montt 400, 2470477 Villa Alemana, Valparaíso, Chile",google
DE VALPARAISO,MARGA MARGA,VILLA ALEMANA,COLEGIO MANUEL MONTT L2,-33.0463832,-71.35340099999999,"Manuel Montt 400, 2470477 Villa Alemana, Valparaíso, Chile",google
DE VALPARAISO,MARGA MARGA,VILLA ALEMANA,COLEGIO NACIONAL L1,-33.0433786,-71.3723182,"Santiago 636, Villa Alemana, Valparaíso, Chile",google
DE VALPARAISO,MARGA MARGA,VILLA ALEMANA,COLEGIO NACIONAL L2,-33.0433786,-71.3723182,"Santiago 636, Villa Alemana, Valparaíso, Chile",google
DE VALPARAISO,MARGA MARGA,VILLA ALEMANA,COLEGIO NUEVO MILENIO,-33.0476218,-71.390213,"Colegio Nuevo Milenio, Porvenir, Villa Andrea 2, Villa Alemana, Provincia de Marga Marga, Región de Valparaíso, 2460748, Chile",nominatim
DE VALPARAISO,MARGA MARGA,VILLA ALEMANA,COLEGIO SAN ANTONIO DE VILLA ALEMANA,-33.0370791,-71.3775001,"Colegio San Antonio Villa Alemana, 491, Caupolicán, Villa Alemana, Provincia de Marga Marga, Región de Valparaíso, 6500000, Chile",nominatim
DE VALPARAISO,MARGA MARGA,VILLA ALEMANA,CORPORACION DIVINA MAESTRA (SEDE MEDIA),-33.0559321,-71.3993656,"Ojos de Agua 766-798, 2441383 Villa Alemana, Quilpué, Valparaíso, Chile",google
DE VALPARAISO,MARGA MARGA,VILLA ALEMANA,ESCUELA BASICA CATALUNYA L1,-33.1065458,-71.2399037,"Marga Marga, Valparaíso, Chile",google
DE VALPARAISO,MARGA MARGA,VILLA ALEMANA,ESCUELA BASICA CATALUNYA L2,-33.1065458,-71.2399037,"Marga Marga, Valparaíso, Chile",google
DE VALPARAISO,MARGA MARGA,VILLA ALEMANA,ESCUELA DIEGO BARROS ARANA,-33.0398038,-71.3975885,"Escuela Diego Barros Arana, 2597, Rafael Fabres, Villa Caviale, Villa Alemana, Provincia de Marga Marga, Región de Valparaíso, 2450934, Chile",nominatim
DE VALPARAISO,MARGA MARGA,VILLA ALEMANA,ESCUELA DIEGO PORTALES,-33.0662338,-71.3624647,"Escuela Diego Portales, 70, Avenida Vicepresidente Bernardo Leighton, Villa La Playa de Marga Marga, Chile Nuevo, Villa Alemana, Provincia de Marga Marga, Región de Valparaíso, 2460435, Chile",nominatim
DE VALPARAISO,MARGA MARGA,VILLA ALEMANA,ESCUELA JUAN BAUTISTA ALBERDI,-33.0603166,-71.3929162,"Escuela Básica Juan Bautista Alberdi, Manuel Castillo, Villa Alemana, Provincia de Marga Marga, Región de Valparaíso, 2460748, Chile",nominatim
DE VALPARAISO,MARGA MARGA,VILLA ALEMANA,ESCUELA LATINA INES GALLARDO ORELLANA,-33.0460936,-71.3684063,"Victoria 218, Villa Alemana, Valparaíso, Chile",google
DE VALPARAISO,MARGA MARGA,VILLA ALEMANA,LICEO BICENTENARIO MARY GRAHAM (BASICA) L1,-33.0495446,-71.37436269999999,"Maturana con Almirante neff - Maturana, Villa Alemana, Valparaíso, Chile",google
DE VALPARAISO,MARGA MARGA,VILLA ALEMANA,LICEO BICENTENARIO MARY GRAHAM (BASICA) L2,-33.0495446,-71.37436269999999,"Maturana con Almirante neff - Maturana, Villa Alemana, Valparaíso, Chile",google
DE VALPARAISO,MARGA MARGA,VILLA ALEMANA,LICEO BICENTENARIO TECNICO PROFESIONAL MARY GRAHAM (MEDIA),-33.0495446,-71.37436269999999,"Maturana con Almirante neff - Maturana, Villa Alemana, Valparaíso, Chile",google
DE VALPARAISO,MARGA MARGA,VILLA ALEMANA,LICEO TECNOLOGICO VILLA ALEMANA L1,-33.0440163,-71.36581319999999,"Av. Valparaíso 38, Villa Alemana, Valparaíso, Chile",google
DE VALPARAISO,MARGA MARGA,VILLA ALEMANA,LICEO TECNOLOGICO VILLA ALEMANA L2,-33.0440163,-71.36581319999999,"Av. Valparaíso 38, Villa Alemana, Valparaíso, Chile",google
DE VALPARAISO,MARGA MARGA,VILLA ALEMANA,SCUOLA ITALIANA GIROLAMO LONGHI VILLA ALEMANA,-33.0468956,-71.3749789,"Scuola Italiana Girolamo Longhi, 246, Maturana, Población Lasnibat, Villa Alemana, Provincia de Marga Marga, Región de Valparaíso, 2460435, Chile",nominatim
DE VALPARAISO,MARGA MARGA,VILLA ALEMANA,WINDMILL COLLEGE,-33.0391156,-71.382842,"Windmill College, 1439, Madrid, Nueva Alemania, Villa Alemana, Provincia de Marga Marga, Región de Valparaíso, 2460395, Chile",nominatim
DE VALPARAISO,PETORCA,CABILDO,ESCUELA BASICA G-45 LA VEGA,-32.4471455,-70.9484332,"Escuela Básica G-45, Ruta E-445, El Escorial, La Vega, Cabildo, Provincia de Petorca, Región de Valparaíso, Chile",nominatim
DE VALPARAISO,PETORCA,CABILDO,ESCUELA BASICA MUNICIPAL ARAUCARIA,-32.4258064,-71.0661621,"Cabildo, Valparaíso, Chile",google
DE VALPARAISO,PETORCA,CABILDO,LICEO BICENTENARIO TECNICO PROFESIONAL DE MINERIA,-32.4324833,-71.0780966,"Liceo Bicentenario Técnico Profesional de Minería, 1510, Avenida Humeres, Villa Enami, Cabildo, Provincia de Petorca, Región de Valparaíso, Chile",nominatim
DE VALPARAISO,PETORCA,CABILDO,LICEO POLIVALENTE A-2 DE CABILDO,-32.4273731,-71.0662371,"Zoila Gac 639, Cabildo, Valparaíso, Chile",google
DE VALPARAISO,PETORCA,LA LIGUA,COLEGIO LUIS CRUZ MARTINEZ,-32.4513572,-71.2328313,"Colegio Luis Cruz Martínez, 690, Luis Cruz Martínez, El Mirador, La Ligua, Provincia de Petorca, Región de Valparaíso, 2030000, Chile",nominatim
DE VALPARAISO,PETORCA,LA LIGUA,COLEGIO SANTA MARIA DE LA LIGUA,-32.4487966,-71.2334967,"Colegio Santa María, Vicuña Mackenna, Población Los Paltos, La Ligua, Provincia de Petorca, Región de Valparaíso, 2030000, Chile",nominatim
DE VALPARAISO,PETORCA,LA LIGUA,ESCUELA BASICA LOS MOLLES,-32.2319121,-71.5099564,"Escuela Básica Los Molles, Pasaje Puquén, Villa Huaquén Los Molles, Los Molles, La Ligua, Provincia de Petorca, Región de Valparaíso, Chile",nominatim
DE VALPARAISO,PETORCA,LA LIGUA,ESCUELA BASICA PICHICUY,-32.3401557,-71.4584435,"Escuela Básica Pichicuy, El Bosque, Pichicuy, La Ligua, Provincia de Petorca, Región de Valparaíso, Chile",nominatim
DE VALPARAISO,PETORCA,LA LIGUA,ESCUELA COMUNIDADES DE VALLE HERMOSO,-32.4386863,-71.2110557,"Escuela Básica Comunidades de Valle Hermoso, 182, Esmeralda, Población Santa Anita, Valle Hermoso, La Ligua, Provincia de Petorca, Región de Valparaíso, 2030000, Chile",nominatim
DE VALPARAISO,PETORCA,LA LIGUA,ESCUELA GABRIELA MISTRAL,-32.4501827,-71.2325547,"Escuela Básica Gabriela Mistral, 51, Serrano, Población Los Paltos, La Ligua, Provincia de Petorca, Región de Valparaíso, 2030000, Chile",nominatim
DE VALPARAISO,PETORCA,LA LIGUA,ESCUELA POZA VERDE,-32.3926879,-71.3754253,"Escuela Básica Poza Verde, Santa Victoria, La Estación, Las Parcelas de Longotoma, La Ligua, Provincia de Petorca, Región de Valparaíso, Chile",nominatim
DE VALPARAISO,PETORCA,LA LIGUA,LICEO PULMAHUE,-32.4456603,-71.2304757,"Liceo Pulmahue, 480, Pedro Polanco, La Gruta, Illalolén, La Ligua, Provincia de Petorca, Región de Valparaíso, 2030000, Chile",nominatim
DE VALPARAISO,PETORCA,PAPUDO,ESCUELA BASICA PAPUDO,-32.5070495,-71.4388951,"Escuela Básica Papudo, 750, Serrano, Lomas de Papudo, Papudo, Provincia de Petorca, Región de Valparaíso, Chile",nominatim
DE VALPARAISO,PETORCA,PAPUDO,ESCUELA RURAL PULLALLY,-32.4373478,-71.3151418,"Escuela Rural Pullally, Avenida Las Salinas, Pullally, Papudo, Provincia de Petorca, Región de Valparaíso, Chile",nominatim
DE VALPARAISO,PETORCA,PETORCA,ESCUELA BASICA PEDEGUA,-32.3567243,-71.0700655,"Pedegua, Petorca, Valparaíso, Chile",google
DE VALPARAISO,PETORCA,PETORCA,LICEO CORDILLERA CHINCOLCO,-32.221936,-70.8323802,"Liceo Cordillera, Ruta E-35, Chincolco Norte, El Valle, Petorca, Provincia de Petorca, Región de Valparaíso, Chile",nominatim
DE VALPARAISO,PETORCA,PETORCA,LICEO JOSE MANUEL BORGOÑO NUÑEZ,-32.2514984,-70.9300548,"Liceo José Manuel Borgoño Núñez, Colegio, Petorca, Provincia de Petorca, Región de Valparaíso, Chile",nominatim
DE VALPARAISO,PETORCA,ZAPALLAR,COLEGIO PARROQUIAL FRANCISCO DIDIER,-32.5538485,-71.4573879,"Colegio Parroquial Francisco Didier, 200, Germán Riesco, Zapallar, Provincia de Petorca, Región de Valparaíso, Chile",nominatim
DE VALPARAISO,PETORCA,ZAPALLAR,ESCUELA MERCEDES MATURANA GALLARDO,-32.5682594,-71.2752185,"Escuela Básica Mercedes Maturana Gallardo, 260, Ruta E-462, Villa Esperanza, Los Aromos, Catapilco, Zapallar, Provincia de Petorca, Región de Valparaíso, Chile",nominatim
DE VALPARAISO,PETORCA,ZAPALLAR,LICEO BICENTENARIO ZAPALLAR,-32.5561859,-71.4536476,"Liceo Bicentenario De Zapallar, 120, Avenida Januario Ovalle, Zapallar, Provincia de Petorca, Región de Valparaíso, Chile",nominatim
DE VALPARAISO,QUILLOTA,CALERA,COLEGIO BECARB II L1,-32.7942958,-71.21401589999999,"Av. Alcalde Dr. Alonso Zumaeta 1886, 2290000 La Calera, Calera, Valparaíso, Chile",google
DE VALPARAISO,QUILLOTA,CALERA,COLEGIO BECARB II L2,-32.7942958,-71.21401589999999,"Av. Alcalde Dr. Alonso Zumaeta 1886, 2290000 La Calera, Calera, Valparaíso, Chile",google
DE VALPARAISO,QUILLOTA,CALERA,COLEGIO TERESA BROWN DE ARIZTIA,-32.7895131,-71.2015017,"Colegio Teresa Brown de Ariztia, 33, Capitán Ignacio Carrera Pinto, La Calera, Provincia de Quillota, Región de Valparaíso, 2290000, Chile",nominatim
DE VALPARAISO,QUILLOTA,CALERA,ESCUELA BASICA PALESTINA,-32.7902945,-71.1856559,"Escuela Básica Palestina, 8, Ercilla, La Calera, Provincia de Quillota, Región de Valparaíso, 2290000, Chile",nominatim
DE VALPARAISO,QUILLOTA,CALERA,ESCUELA GABRIELA MISTRAL,-32.7823536,-71.1978217,"Escuela Básica Gabriela Mistral, 1150, Aconcagua, Villa San Miguel, Artificio, La Calera, Provincia de Quillota, Región de Valparaíso, 2290000, Chile",nominatim
DE VALPARAISO,QUILLOTA,CALERA,ESCUELA JOSEFINA HUICI,-32.7847005,-71.1918882,"Escuela Josefina Huici, Teresa, Artificio, La Calera, Provincia de Quillota, Región de Valparaíso, 2290000, Chile",nominatim
DE VALPARAISO,QUILLOTA,CALERA,LICEO BICENTENARIO COMPLEJO EDUCACIONAL LAS ACACIAS DE ARTI,-32.7898497,-71.2107084,"Los Acacio, La Calera, Calera, Valparaíso, Chile",google
DE VALPARAISO,QUILLOTA,CALERA,LICEO PARTICULAR SAN JOSE,-32.794292,-71.2238871,"San José, La Calera, Calera, Valparaíso, Chile",google
DE VALPARAISO,QUILLOTA,CALERA,LICEO PEDRO DE VALDIVIA B-17,-32.7870748,-71.19843639999999,"459, - Pje. Pedro de Valdivia 451, La Calera, Calera, Valparaíso, Chile",google
DE VALPARAISO,QUILLOTA,HIJUELAS,COLEGIO SAN NICOLAS,-32.7993853,-71.1451397,"Colegio Parroquial San Nicolás, Manuel Rodríguez, Villa Las Palmas, Hijuelas, Provincia de Quillota, Región de Valparaíso, Chile",nominatim
DE VALPARAISO,QUILLOTA,HIJUELAS,ESCUELA BASICA BENJAMIN MATTE LARRAIN,-32.8445634,-71.0856958,"Escuela Básica Benjamín Matte Larraín, Estación Ocoa, Hijuelas, Provincia de Quillota, Región de Valparaíso, Chile",nominatim
DE VALPARAISO,QUILLOTA,HIJUELAS,ESCUELA BASICA LA SOMBRA,-32.826462,-71.0628444,"Escuela Básica La Sombra, Ruta F-301-E, La Sombra, Hijuelas, Provincia de Quillota, Región de Valparaíso, Chile",nominatim
DE VALPARAISO,QUILLOTA,HIJUELAS,ESCUELA BASICA RABUCO,-32.850568,-71.1177379,"Escuela Básica Rabuco, Camino Las Palmas de Ocoa, Rabuco, Hijuelas, Provincia de Quillota, Región de Valparaíso, Chile",nominatim
DE VALPARAISO,QUILLOTA,HIJUELAS,LICEO MUNICIPAL LUIS LABORDA,-32.8031658,-71.14384270000001,"F-301-E 1892, Hijuelas, Valparaíso, Chile",google
DE VALPARAISO,QUILLOTA,LA CRUZ,COLEGIO LEONARDO DA VINCI,-32.849951,-71.2307491,"Colegio Leonardo Da Vinci, 47, Calama, Villa Buque Escuela Esmeralda, Campanario, La Cruz, Provincia de Quillota, Región de Valparaíso, 2280000, Chile",nominatim
DE VALPARAISO,QUILLOTA,LA CRUZ,ESCUELA MARIA ALONSO CHACON,-32.8257042,-71.2255639,"Simpson 18, 2280117 La Cruz, Valparaíso, Chile",google
DE VALPARAISO,QUILLOTA,LA CRUZ,LICEO SAN ISIDRO,-32.8493681,-71.2334755,"Liceo San Isidro, Avenida 21 de Mayo, Villa Buque Escuela Esmeralda, La Cruz, Provincia de Quillota, Región de Valparaíso, 2280000, Chile",nominatim
DE VALPARAISO,QUILLOTA,LA CRUZ,LICEO TECNICO AGRICOLA OBISPO RAFAEL LIRA INFANTE,-32.8288131,-71.2244323,"Liceo Técnico Agrícola Obispo Rafael Lira Infante, 51, Avenida Santa Cruz, Villa Terracruz, La Cruz, Provincia de Quillota, Región de Valparaíso, 2280000, Chile",nominatim
DE VALPARAISO,QUILLOTA,NOGALES,COLEGIO EL MELON,-32.6910814,-71.21199159999999,"Ramón Freire 1, El Melón, Nogales, Valparaíso, Chile",google
DE VALPARAISO,QUILLOTA,NOGALES,COLEGIO SANTA ISABEL,-32.6946104,-71.2067972,"Escuela Santa Isabel, Pasarela Santa Isabel, El Melón, Nogales, Provincia de Quillota, Región de Valparaíso, 2300304, Chile",nominatim
DE VALPARAISO,QUILLOTA,NOGALES,ESCUELA BASICA LA PEÑA,-32.746397,-71.1673666,"Unnamed Road,, Nogales, Valparaíso, Chile",google
DE VALPARAISO,QUILLOTA,NOGALES,ESCUELA ULDA ARACENA GONZALEZ F-203,-32.7326652,-71.2036913,"Nogales, Valparaíso, Chile",google
DE VALPARAISO,QUILLOTA,NOGALES,LICEO JUAN RUSQUE PORTAL,-32.7414871,-71.2008531,"Liceo Juan Rusque Portal, 185, Libertad, Nogales, Provincia de Quillota, Región de Valparaíso, 2300304, Chile",nominatim
DE VALPARAISO,QUILLOTA,QUILLOTA,COLEGIO ARAUCO,-32.8885892,-71.2449037,"Colegio Bicentenario Arauco, 951, Pedro de Valdivia, Población Corvi, Quillota, Provincia de Quillota, Región de Valparaíso, 2260000, Chile",nominatim
DE VALPARAISO,QUILLOTA,QUILLOTA,COLEGIO ARTISTICO ROBERTO MATTA,-32.8808877,-71.245779,"La Concepción 261, 2260627 Quillota, Valparaíso, Chile",google
DE VALPARAISO,QUILLOTA,QUILLOTA,COLEGIO CUMBRES DE BOCO,-32.8663527,-71.2634383,"Colegio Cumbres de Boco, 35, Riquelme, Boco Centro, Boco, Quillota, Provincia de Quillota, Región de Valparaíso, 2260000, Chile",nominatim
DE VALPARAISO,QUILLOTA,QUILLOTA,COLEGIO DE NIÑAS CANADA,-32.8760534,-71.245708,"Escuela de Niñas de Canadá, Merced, Altos de Serrano, Quillota, Provincia de Quillota, Región de Valparaíso, 2260000, Chile",nominatim
DE VALPARAISO,QUILLOTA,QUILLOTA,COLEGIO DIEGO ECHEVERRIA,-32.8842108,-71.2544291,"Colegio Diego Echeverria, Yungay, Los Paltos, Boco, Quillota, Provincia de Quillota, Región de Valparaíso, 2260000, Chile",nominatim
DE VALPARAISO,QUILLOTA,QUILLOTA,COLEGIO GALILEO,-32.8584589,-71.2342493,"Colegio Galileo, 51, Zorobabel Rodríguez, Camino Internacional, Quillota, Provincia de Quillota, Región de Valparaíso, 2280000, Chile",nominatim
DE VALPARAISO,QUILLOTA,QUILLOTA,COLEGIO GOBERNADOR CONCHA Y SALVATIERRA,-32.8910594,-71.2449487,"2261318 Quillota, Valparaíso, Chile",google
DE VALPARAISO,QUILLOTA,QUILLOTA,COLEGIO NUEVA ERA SIGLO XXI QUILLOTA,-32.8689293,-71.2405214,"Colegio Nueva Era Siglo XXI, Merced, Villa El Crisol, Quillota, Provincia de Quillota, Región de Valparaíso, 2260000, Chile",nominatim
DE VALPARAISO,QUILLOTA,QUILLOTA,COLEGIO REPUBLICA DE MEXICO,-32.8930614,-71.257616,"Colegio República de México, La Industria, Villa Los Reyes Católicos, Quillota, Provincia de Quillota, Región de Valparaíso, 2260000, Chile",nominatim
DE VALPARAISO,QUILLOTA,QUILLOTA,COLEGIO TIERRA DEL FUEGO L1,-32.8902832,-71.261828,"Valparaíso 1370, Quillota, Valparaíso, Chile",google
DE VALPARAISO,QUILLOTA,QUILLOTA,COLEGIO TIERRA DEL FUEGO L2,-32.8902832,-71.261828,"Valparaíso 1370, Quillota, Valparaíso, Chile",google
DE VALPARAISO,QUILLOTA,QUILLOTA,COLEGIO VALLE DE QUILLOTA,-32.8756549,-71.2459295,"Colegio Valle de Quillota, Merced, Altos de Serrano, Quillota, Provincia de Quillota, Región de Valparaíso, 2260000, Chile",nominatim
DE VALPARAISO,QUILLOTA,QUILLOTA,ESCUELA BASICA ABEL GUERRERO AGUIRRE,-32.9378945,-71.27228629999999,"F-382, 2263047 Quillota, Valparaíso, Chile",google
DE VALPARAISO,QUILLOTA,QUILLOTA,ESCUELA BASICA LAS PATAGUAS,-32.8768104,-71.2283452,"Escuela Básica La Palma, Ruta F-350, Ariztía, Las Pataguas, Quillota, Provincia de Quillota, Región de Valparaíso, 2260000, Chile",nominatim
DE VALPARAISO,QUILLOTA,QUILLOTA,ESCUELA CRISTINA DURAN,-32.8915898,-71.3091242,"Escuela Cristina Durán, Ruta F-370, Fundo El Espino, Quillota, Provincia de Quillota, Región de Valparaíso, Chile",nominatim
DE VALPARAISO,QUILLOTA,QUILLOTA,ESCUELA ECOLOGICA NUESTRO MUNDO,-32.8871057,-71.2598352,"Agustín Avezon 2-298, Quillota, Valparaíso, Chile",google
DE VALPARAISO,QUILLOTA,QUILLOTA,ESCUELA SUPERIOR N°1,-32.880417,-71.24946299999999,"Quillota, Valparaíso, Chile",google
DE VALPARAISO,QUILLOTA,QUILLOTA,ESTADIO LUCIO FARIÑA FERNANDEZ,-32.8875725,-71.2518544,"Quillota, Valparaíso, Chile",google
DE VALPARAISO,QUILLOTA,QUILLOTA,INSTITUTO RAFAEL ARIZTIA,-32.8833634,-71.2476448,"Instituto Rafael Ariztia, 500, Bernardo O'Higgins, Villa Los Quillayes, Quillota, Provincia de Quillota, Región de Valparaíso, 2260000, Chile",nominatim
DE VALPARAISO,QUILLOTA,QUILLOTA,LICEO COMERCIAL DE QUILLOTA,-32.8860084,-71.2404632,"Liceo Comercial, Diego Portales, Población Los Lúcumos, Quillota, Provincia de Quillota, Región de Valparaíso, 2260000, Chile",nominatim
DE VALPARAISO,SAN ANTONIO,ALGARROBO,COLEGIO CARLOS ALESSANDRI ALTAMIRANO,-33.3730932,-71.6660003,"Colegio Carlos Alessandri Altamirano, 1599, El Olmo, Estadio Algarrobo, Algarrobo, Provincia de San Antonio, Región de Valparaíso, 2711375, Chile",nominatim
DE VALPARAISO,SAN ANTONIO,ALGARROBO,COLEGIO TERESA DE LOS ANDES-ALGARROBO,-33.3712714,-71.6644249,"Colegio Teresa de Los Andes Algarrobo, 1390, El Molle, Estadio Algarrobo, Algarrobo, Provincia de San Antonio, Región de Valparaíso, 2711375, Chile",nominatim
DE VALPARAISO,SAN ANTONIO,ALGARROBO,ESCUELA BASICA RURAL EL YECO,-33.3022606,-71.5587197,"Escuela Básica Rural San José, Ruta G-812, Los Cardos, Algarrobo, Provincia de San Antonio, Región de Valparaíso, Chile",nominatim
DE VALPARAISO,SAN ANTONIO,ALGARROBO,LICEO TECNICO CARLOS ALESSANDRI ALTAMIRANO L1,-33.3732636,-71.6656059,"El Olmo 1599, 2710047 Algarrobo, Valparaíso, Chile",google
DE VALPARAISO,SAN ANTONIO,ALGARROBO,LICEO TECNICO CARLOS ALESSANDRI ALTAMIRANO L2,-33.3732636,-71.6656059,"El Olmo 1599, 2710047 Algarrobo, Valparaíso, Chile",google
DE VALPARAISO,SAN ANTONIO,CARTAGENA,COLEGIO VILLA CARTAGO,-33.5562947,-71.6026197,"Colegio Villa Cartago, 398, Avenida Cartago Poniente, Villa Cartago, Cartagena, Provincia de San Antonio, Región de Valparaíso, Chile",nominatim
DE VALPARAISO,SAN ANTONIO,CARTAGENA,ESCUELA CARMEN ROMERO AGUIRRE,-33.5214417,-71.5420986,"Escuela Carmen Romero Aguirre, Ruta G-988, Lo Abarca, Cartagena, Provincia de San Antonio, Región de Valparaíso, Chile",nominatim
DE VALPARAISO,SAN ANTONIO,CARTAGENA,ESCUELA PRESIDENTE AGUIRRE CERDA,-33.5486955,-71.5954187,"Av. Cartagena 998, Cartagena, Valparaíso, Chile",google
DE VALPARAISO,SAN ANTONIO,CARTAGENA,LICEO EUGENIA SUBERCASEAUX,-33.5237626,-71.5987162,"Liceo Eugenia Subercaseaux, 340, Fernando Calvo, San Sebastián, Cartagena, Provincia de San Antonio, Región de Valparaíso, Chile",nominatim
DE VALPARAISO,SAN ANTONIO,CARTAGENA,LICEO POETA VICENTE HUIDOBRO L1,-33.5484259,-71.5991832,"Mariano Casanova 660, 2680000 Cartagena, Valparaíso, Chile",google
DE VALPARAISO,SAN ANTONIO,CARTAGENA,LICEO POETA VICENTE HUIDOBRO L2,-33.5484259,-71.5991832,"Mariano Casanova 660, 2680000 Cartagena, Valparaíso, Chile",google
DE VALPARAISO,SAN ANTONIO,EL QUISCO,COLEGIO EL QUISCO,-33.4049713,-71.6918592,"Colegio El Quisco, 60, El Centauro, El Quisco, Provincia de San Antonio, Región de Valparaíso, 2711375, Chile",nominatim
DE VALPARAISO,SAN ANTONIO,EL QUISCO,COMPLEJO EDUCACIONAL CLARA SOLOVERA L1,-33.4021175,-71.6947643,"Av. Isidoro Dubournais 635, 2701931 El Quisco, Valparaíso, Chile",google
DE VALPARAISO,SAN ANTONIO,EL QUISCO,COMPLEJO EDUCACIONAL CLARA SOLOVERA L2,-33.4021175,-71.6947643,"Av. Isidoro Dubournais 635, 2701931 El Quisco, Valparaíso, Chile",google
DE VALPARAISO,SAN ANTONIO,EL QUISCO,ESCUELA POETA NERUDA DE ISLA NEGRA,-33.4395101,-71.6799556,"Escuela Poeta Neruda de Isla Negra, 0244, Avenida Central, Comunidad Huallilemu, Isla Negra, El Quisco, Provincia de San Antonio, Región de Valparaíso, 2690058, Chile",nominatim
DE VALPARAISO,SAN ANTONIO,EL TABO,COLEGIO EL TABO L1,-33.4587928,-71.65925589999999,"El Tabo, Valparaíso, Chile",google
DE VALPARAISO,SAN ANTONIO,EL TABO,COLEGIO EL TABO L2,-33.4587928,-71.65925589999999,"El Tabo, Valparaíso, Chile",google
DE VALPARAISO,SAN ANTONIO,EL TABO,ESCUELA BASICA LAS CRUCES L1,-33.4976681,-71.6300818,"Osvaldo Marín Las Cruces, 2691624 San Antonio, El Tabo, Valparaíso, Chile",google
DE VALPARAISO,SAN ANTONIO,EL TABO,ESCUELA BASICA LAS CRUCES L2,-33.4976681,-71.6300818,"Osvaldo Marín Las Cruces, 2691624 San Antonio, El Tabo, Valparaíso, Chile",google
DE VALPARAISO,SAN ANTONIO,SAN ANTONIO,COLEGIO AGRICOLA CUNCUMEN GONZALO BARROS AMUNATEGUI,-33.6009251,-71.6134721,"San Antonio, Valparaíso, Chile",google
DE VALPARAISO,SAN ANTONIO,SAN ANTONIO,COLEGIO ESPAÑA,-33.6180188,-71.6076111,"Escuela España, 581, Avenida Baquedano, Villa Las Dalias, Llo Lleo, San Antonio, Provincia de San Antonio, Región de Valparaíso, 2720000, Chile",nominatim
DE VALPARAISO,SAN ANTONIO,SAN ANTONIO,COLEGIO NUEVA PROVIDENCIA,-33.6143591,-71.6120814,"Colegio Nueva Providencia, 435, Arzobispo Manuel Vicuña Larraín, Villa Pacífico, Llo Lleo, San Antonio, Provincia de San Antonio, Región de Valparaíso, 2720000, Chile",nominatim
DE VALPARAISO,SAN ANTONIO,SAN ANTONIO,COLEGIO PARTICULAR SARA CRUCHAGA,-33.5809966,-71.6101219,"Gregorio Mira 189, 2661454 San Antonio, Valparaíso, Chile",google
DE VALPARAISO,SAN ANTONIO,SAN ANTONIO,ESCUELA BASICA CERRO PLACILLA,-33.581146,-71.6014523,"Escuela Básica Cerro Placilla, 251, García Huidobro, Placilla, San Antonio, Provincia de San Antonio, Región de Valparaíso, Chile",nominatim
DE VALPARAISO,SAN ANTONIO,SAN ANTONIO,ESCUELA CRISTO DEL MAIPO,-33.6095858,-71.6005346,"Escuela Cristo del Maipo, 1053, Avenida José Miguel Carrera Verdugo, Cerro La Viuda, Llo Lleo, San Antonio, Provincia de San Antonio, Región de Valparaíso, 2720000, Chile",nominatim
DE VALPARAISO,SAN ANTONIO,SAN ANTONIO,ESCUELA INDUSTRIAL SAN ANTONIO L1,-33.579821,-71.6095086,"Centenario 278, 2661311 San Antonio, Valparaíso, Chile",google
DE VALPARAISO,SAN ANTONIO,SAN ANTONIO,ESCUELA INDUSTRIAL SAN ANTONIO L2,-33.579821,-71.6095086,"Centenario 278, 2661311 San Antonio, Valparaíso, Chile",google
DE VALPARAISO,SAN ANTONIO,SAN ANTONIO,ESCUELA MOVILIZADORES PORTUARIOS L1,-33.5910662,-71.5999575,"Florencia 951, 2661958 San Antonio, Valparaíso, Chile",google
DE VALPARAISO,SAN ANTONIO,SAN ANTONIO,ESCUELA MOVILIZADORES PORTUARIOS L2,-33.5910662,-71.5999575,"Florencia 951, 2661958 San Antonio, Valparaíso, Chile",google
DE VALPARAISO,SAN ANTONIO,SAN ANTONIO,ESCUELA PADRE ANDRE COINDRE L1,-33.5716487,-71.6060396,"Julio Letelier - Bellavista 536, San Antonio, Valparaíso, Chile",google
DE VALPARAISO,SAN ANTONIO,SAN ANTONIO,ESCUELA PADRE ANDRE COINDRE L2,-33.5716487,-71.6060396,"Julio Letelier - Bellavista 536, San Antonio, Valparaíso, Chile",google
DE VALPARAISO,SAN ANTONIO,SAN ANTONIO,ESCUELA POETA HUIDOBRO,-33.6284512,-71.6014738,"Escuela Poeta Huidobro, 2127, Ruta G-904, Los Nogales, San Juan, San Antonio, Provincia de San Antonio, Región de Valparaíso, 2720000, Chile",nominatim
DE VALPARAISO,SAN ANTONIO,SAN ANTONIO,ESCUELA PRESIDENTE PEDRO AGUIRRE CERDA,-33.5486955,-71.5954187,"Av. Cartagena 998, Cartagena, Valparaíso, Chile",google
DE VALPARAISO,SAN ANTONIO,SAN ANTONIO,ESCUELA VILLA LAS DUNAS,-33.6029486,-71.6101111,"Escuela Villa Las Dunas, 2467, Ocoa, Villa Las Dunas, Barrancas, San Antonio, Provincia de San Antonio, Región de Valparaíso, 2720000, Chile",nominatim
DE VALPARAISO,SAN ANTONIO,SAN ANTONIO,INSTITUTO BICENTENARIO JAVIERA CARRERA VERDUGO,-33.5962016,-71.5988177,"Instituto Bicentenario Javiera Carrera Verdugo, Samuel García Huidobro, Población Teresa de los Andes, Barrancas, San Antonio, Provincia de San Antonio, Región de Valparaíso, 2720000, Chile",nominatim
DE VALPARAISO,SAN ANTONIO,SAN ANTONIO,INSTITUTO BICENTENARIO JOSE MIGUEL CARRERA L1,-33.5878824,-71.60628559999999,"Luis Reuss Bernat 887, 2661523 San Antonio, Valparaíso, Chile",google
DE VALPARAISO,SAN ANTONIO,SAN ANTONIO,INSTITUTO BICENTENARIO JOSE MIGUEL CARRERA L2,-33.5878824,-71.60628559999999,"Luis Reuss Bernat 887, 2661523 San Antonio, Valparaíso, Chile",google
DE VALPARAISO,SAN ANTONIO,SAN ANTONIO,INSTITUTO COMERCIAL MARITIMO PACIFICO SUR,-33.6036586,-71.6122233,"Luis Uribe 320, San Antonio, Valparaíso, Chile",google
DE VALPARAISO,SAN ANTONIO,SAN ANTONIO,INSTITUTO DEL PUERTO,-33.6183785,-71.603275,"Instituto del Puerto, 851, Avenida Baquedano, Los Álamos, Llo Lleo, San Antonio, Provincia de San Antonio, Región de Valparaíso, 2720000, Chile",nominatim
DE VALPARAISO,SAN ANTONIO,SAN ANTONIO,LICEO GABRIELA MISTRAL,-33.6150104,-71.61296589999999,"Sta. Lucía 544, 2661073 San Antonio, Valparaíso, Chile",google
DE VALPARAISO,SAN ANTONIO,SAN ANTONIO,LICEO JUAN DANTE PARRAGUEZ ARELLANO,-33.6022142,-71.6140523,"Barros Luco 2401, 2662804 San Antonio, Valparaíso, Chile",google
DE VALPARAISO,SAN ANTONIO,SANTO DOMINGO,COLEGIO BICENTENARIO PEOPLE HELP PEOPLE L1,-33.6354089,-71.6141616,"Santo Domingo, Valparaíso, Chile",google
DE VALPARAISO,SAN ANTONIO,SANTO DOMINGO,COLEGIO BICENTENARIO PEOPLE HELP PEOPLE L2,-33.6354089,-71.6141616,"Santo Domingo, Valparaíso, Chile",google
DE VALPARAISO,SAN ANTONIO,SANTO DOMINGO,COLEGIO SANTO DOMINGO HELEN LEE LASSEN,-33.6354712,-71.6227878,"Catalina de Siena 212, Santo Domingo, Valparaíso, Chile",google
DE VALPARAISO,SAN ANTONIO,SANTO DOMINGO,ESCUELA EL CONVENTO,-33.7708663,-71.6198188,"Escuela El Convento, Acceso Escuela El Convento, Santo Domingo, Provincia de San Antonio, Región de Valparaíso, Chile",nominatim
DE VALPARAISO,SAN FELIPE DE ACONCAGUA,CATEMU,ESCUELA BASICA LOS CERRILLOS,-32.8730325,-70.6469676,"Catemu, Calle Larga, Valparaíso, Chile",google
DE VALPARAISO,SAN FELIPE DE ACONCAGUA,CATEMU,ESCUELA MARIA TERESA DEL CANTO MOLINA L1,-32.778606,-70.9638867,"Catemu, Valparaíso, Chile",google
DE VALPARAISO,SAN FELIPE DE ACONCAGUA,CATEMU,ESCUELA MARIA TERESA DEL CANTO MOLINA L2,-32.778606,-70.9638867,"Catemu, Valparaíso, Chile",google
DE VALPARAISO,SAN FELIPE DE ACONCAGUA,CATEMU,LICEO POLIVALENTE FERNANDO SILVA CASTELLON,-32.7750382,-70.964461,"Catemu, Valparaíso, Chile",google
DE VALPARAISO,SAN FELIPE DE ACONCAGUA,LLAY-LLAY,ESCUELA BASICA AGUSTIN EDWARDS,-32.7338419,-71.2014438,"Pedro Felix Vicuña 159, Nogales, Valparaíso, Chile",google
DE VALPARAISO,SAN FELIPE DE ACONCAGUA,LLAY-LLAY,ESCUELA LAS PEÑAS,-32.8709859,-70.9235221,"Escuela Las Peñas, Ruta E-426, Las Peñas, Llay-Llay, Provincia de San Felipe de Aconcagua, Región de Valparaíso, Chile",nominatim
DE VALPARAISO,SAN FELIPE DE ACONCAGUA,LLAY-LLAY,LICEO BICENTENARIO POLITECNICO LLAY LLAY L1,-32.8426052,-70.9553665,"San Francisco 29, 2220200 Llay Llay, Llaillay, Valparaíso, Chile",google
DE VALPARAISO,SAN FELIPE DE ACONCAGUA,LLAY-LLAY,LICEO BICENTENARIO POLITECNICO LLAY LLAY L2,-32.8426052,-70.9553665,"San Francisco 29, 2220200 Llay Llay, Llaillay, Valparaíso, Chile",google
DE VALPARAISO,SAN FELIPE DE ACONCAGUA,LLAY-LLAY,LICEO EL PORVENIR,-32.8938663,-70.9635704,"El Porvenir, Llaillay, Valparaíso, Chile",google
DE VALPARAISO,SAN FELIPE DE ACONCAGUA,LLAY-LLAY,LICEO MENESIANO SAGRADO CORAZON,-32.8371659,-70.9486985,"Liceo Menesiano Sagrado Corazón, Agustín Edwards, Barrio Norte, Llay-Llay, Provincia de San Felipe de Aconcagua, Región de Valparaíso, 2210000, Chile",nominatim
DE VALPARAISO,SAN FELIPE DE ACONCAGUA,PANQUEHUE,ESCUELA INDEPENDENCIA,-32.7832058,-70.8518324,"Escuela Independencia, Autopista Los Andes, Población Los Libertadores de La Pirca, Panquehue, Provincia de San Felipe de Aconcagua, Región de Valparaíso, Chile",nominatim
DE VALPARAISO,SAN FELIPE DE ACONCAGUA,PANQUEHUE,LICEO BICENTENARIO COLEGIO PANQUEHUE,-32.7712136,-70.8367473,"Panquehue, Valparaíso, Chile",google
DE VALPARAISO,SAN FELIPE DE ACONCAGUA,PUTAENDO,COLEGIO MARIE POUSSEPIN,-32.6325366,-70.718777,"Colegio Marie Poussepin, Comercio, Granalla, Putaendo, Provincia de San Felipe de Aconcagua, Región de Valparaíso, Chile",nominatim
DE VALPARAISO,SAN FELIPE DE ACONCAGUA,PUTAENDO,LICEO MANUEL MARIN FRITIS L1,-32.6271979,-70.71491739999999,"Batalla de Chacabuco, 2190099 Putaendo, Valparaíso, Chile",google
DE VALPARAISO,SAN FELIPE DE ACONCAGUA,PUTAENDO,LICEO MANUEL MARIN FRITIS L2,-32.6271979,-70.71491739999999,"Batalla de Chacabuco, 2190099 Putaendo, Valparaíso, Chile",google
DE VALPARAISO,SAN FELIPE DE ACONCAGUA,PUTAENDO,LICEO RINCONADA DE SILVA,-32.6619979,-70.7177298,"Liceo Rinconada de Silva, El Carmen, Rinconada de Silva, 18 de Septiembre, Putaendo, Provincia de San Felipe de Aconcagua, Región de Valparaíso, Chile",nominatim
DE VALPARAISO,SAN FELIPE DE ACONCAGUA,SAN FELIPE,COLEGIO PORTALIANO,-32.7544104,-70.7264554,"Colegio Portaliano, 169, Avenida Libertador Bernardo O'Higgins, San Felipe, Provincia de San Felipe de Aconcagua, Región de Valparaíso, 2171796, Chile",nominatim
DE VALPARAISO,SAN FELIPE DE ACONCAGUA,SAN FELIPE,COLEGIO SANTA JUANA DE ARCO,-32.7518332,-70.7286766,"Colegio Santa Juana de Arco, 272, Freire, San Felipe, Provincia de San Felipe de Aconcagua, Región de Valparaíso, 2171796, Chile",nominatim
DE VALPARAISO,SAN FELIPE DE ACONCAGUA,SAN FELIPE,ESCUELA 21 DE MAYO,-32.7119974,-70.7458214,"Escuela 21 de Mayo, Ruta E-565, Calle Herrera Sur, Calle El Río, San Felipe, Provincia de San Felipe de Aconcagua, Región de Valparaíso, 2171796, Chile",nominatim
DE VALPARAISO,SAN FELIPE DE ACONCAGUA,SAN FELIPE,ESCUELA BERNARDO O'HIGGINS RIQUELME (E-58),-32.7421751,-70.72376539999999,"Hnos Carrera, San Felipe, Valparaíso, Chile",google
DE VALPARAISO,SAN FELIPE DE ACONCAGUA,SAN FELIPE,ESCUELA CARMELA CARVAJAL DE PRAT,-32.7895908,-70.6778101,"Escuela Carmela Carvajal de Prat, 52, Calle Cuatro, El Porvenir, Curimón, San Felipe, Provincia de San Felipe de Aconcagua, Región de Valparaíso, Chile",nominatim
DE VALPARAISO,SAN FELIPE DE ACONCAGUA,SAN FELIPE,ESCUELA JOSE DE SAN MARTIN,-32.7527318,-70.7229608,"Escuela José de San Martín E-62, Toro Mazote, San Felipe, Provincia de San Felipe de Aconcagua, Región de Valparaíso, 2170000, Chile",nominatim
DE VALPARAISO,SAN FELIPE DE ACONCAGUA,SAN FELIPE,ESCUELA MANUEL RODRIGUEZ ERDOIZA,-32.7576013,-70.72718549999999,"Dardignac 77, San Felipe, Valparaíso, Chile",google
DE VALPARAISO,SAN FELIPE DE ACONCAGUA,SAN FELIPE,LICEO BICENTENARIO CORDILLERA DE SAN FELIPE,-32.7423234,-70.7084808,"de Aconcagua - Volcán Llaima 177, 2172622 San Felipe, Valparaíso, Chile",google
DE VALPARAISO,SAN FELIPE DE ACONCAGUA,SAN FELIPE,LICEO BICENTENARIO INDUSTRIAL GUILLERMO RICHARDS CUEVAS L1,-32.7478136,-70.7332472,"Benigno Caldera 341, 2170973 San Felipe, Valparaíso, Chile",google
DE VALPARAISO,SAN FELIPE DE ACONCAGUA,SAN FELIPE,LICEO BICENTENARIO INDUSTRIAL GUILLERMO RICHARDS CUEVAS L2,-32.7478136,-70.7332472,"Benigno Caldera 341, 2170973 San Felipe, Valparaíso, Chile",google
DE VALPARAISO,SAN FELIPE DE ACONCAGUA,SAN FELIPE,LICEO CORINA URBINA VILLANUEVA L1,-32.7504898,-70.71930329999999,"Bernardo Cruz 1213, 2170000 Valparaíso, San Felipe, Valparaíso, Chile",google
DE VALPARAISO,SAN FELIPE DE ACONCAGUA,SAN FELIPE,LICEO CORINA URBINA VILLANUEVA L2,-32.7504898,-70.71930329999999,"Bernardo Cruz 1213, 2170000 Valparaíso, San Felipe, Valparaíso, Chile",google
DE VALPARAISO,SAN FELIPE DE ACONCAGUA,SAN FELIPE,LICEO DR. ROBERTO HUMERES OYANEDER,-32.7486014,-70.7257905,"Sto Domingo 207, 2171621 San Felipe, Valparaíso, Chile",google
DE VALPARAISO,SAN FELIPE DE ACONCAGUA,SAN FELIPE,LICEO PARTICULAR MIXTO SAN FELIPE L1,-32.7512137,-70.7013663,"El Almendral #2801, San Felipe, Valparaíso, Chile",google
DE VALPARAISO,SAN FELIPE DE ACONCAGUA,SAN FELIPE,LICEO PARTICULAR MIXTO SAN FELIPE L2,-32.7512137,-70.7013663,"El Almendral #2801, San Felipe, Valparaíso, Chile",google
DE VALPARAISO,SAN FELIPE DE ACONCAGUA,SANTA MARIA,COLEGIO SANTA MARIA DE ACONCAGUA,-32.7472724,-70.65661639999999,"E-713 830, 2200053 Santa Maria, Santa María, Valparaíso, Chile",google
DE VALPARAISO,SAN FELIPE DE ACONCAGUA,SANTA MARIA,ESCUELA GUILLERMO BAÑADOS HONORATO,-32.794345,-70.6231303,"Santa María, Valparaíso, Chile",google
DE VALPARAISO,SAN FELIPE DE ACONCAGUA,SANTA MARIA,LICEO DARIO SALAS,-32.7458318,-70.6564112,"Calle Jahuel 729, 2200079 Santa Maria, Santa María, Valparaíso, Chile",google
DE VALPARAISO,VALPARAISO,CASABLANCA,ESCUELA BASICA LAGUNILLAS,-33.4358087,-71.4490139,"Escuela Básica Lagunillas, 202, Avenida Rojas Montt, Lagunillas, Casablanca, Provincia de Valparaíso, Región de Valparaíso, Chile",nominatim
DE VALPARAISO,VALPARAISO,CASABLANCA,ESCUELA DOMINGO ORTIZ DE ROZAS,-33.3155995,-71.4030044,"Escuela Domingo Ortiz de Rozas, 295, Avenida Arturo Prat, Horcones de Casablanca, Villa Esperanza, Casablanca, Provincia de Valparaíso, Región de Valparaíso, Chile",nominatim
DE VALPARAISO,VALPARAISO,CASABLANCA,ESCUELA ESPECIAL HUMBERTO MOATH,-33.3151847,-71.4072924,"Humberto Moath, Casablanca, Valparaíso, Chile",google
DE VALPARAISO,VALPARAISO,CASABLANCA,ESCUELA MANUEL BRAVO REYES L1,-33.3227826,-71.4068885,"Av. Portales 436, Casablanca, Valparaíso, Chile",google
DE VALPARAISO,VALPARAISO,CASABLANCA,ESCUELA MANUEL BRAVO REYES L2,-33.3227826,-71.4068885,"Av. Portales 436, Casablanca, Valparaíso, Chile",google
DE VALPARAISO,VALPARAISO,CASABLANCA,ESCUELA SAN PEDRO DE QUINTAY,-33.1925873,-71.6880358,"Escuela San Pedro de Quintay, Camino del Mar, Playa Grande de Quintay, Quintay, Casablanca, Provincia de Valparaíso, Región de Valparaíso, Chile",nominatim
DE VALPARAISO,VALPARAISO,CASABLANCA,LICEO BICENTENARIO MANUEL DE SALAS,-33.3186224,-71.4115535,"Av. Punta Arenas 165, Casablanca, Valparaíso, Chile",google
DE VALPARAISO,VALPARAISO,CONCON,COLEGIO ALBORADA DEL MAR,-32.9296049,-71.5191389,"Valparaíso CL - Magallanes 780, 2510000 Concón, Valparaíso, Chile",google
DE VALPARAISO,VALPARAISO,CONCON,COLEGIO ALTAZOR,-32.9240634,-71.519328,"C. 5 650, Concón, Valparaíso, Chile",google
DE VALPARAISO,VALPARAISO,CONCON,COLEGIO BRITANICO ST. MARGARET`S L1,-32.939721,-71.5306363,"Saint Margaret 150, 2511009 Concón, Valparaíso, Chile",google
DE VALPARAISO,VALPARAISO,CONCON,COLEGIO BRITANICO ST. MARGARET`S L2,-32.939721,-71.5306363,"Saint Margaret 150, 2511009 Concón, Valparaíso, Chile",google
DE VALPARAISO,VALPARAISO,CONCON,COLEGIO INTERNACIONAL SEK PACIFICO L1,-32.94011500000001,-71.533012,"San Estanislao, 50 - Urbanización Lomas de Montemar, 2511008 Concón, Valparaíso, Chile",google
DE VALPARAISO,VALPARAISO,CONCON,COLEGIO INTERNACIONAL SEK PACIFICO L2,-32.94011500000001,-71.533012,"San Estanislao, 50 - Urbanización Lomas de Montemar, 2511008 Concón, Valparaíso, Chile",google
DE VALPARAISO,VALPARAISO,CONCON,COLEGIO PARROQUIAL SANTA MARIA GORETTI,-32.9335218,-71.5369787,"La Sta. María, Concón, Valparaíso, Chile",google
DE VALPARAISO,VALPARAISO,CONCON,COLEGIO RAYEN CAVEN,-32.933413,-71.51651799999999,"Magallanes 1255, 2511232 Concón, Valparaíso, Chile",google
DE VALPARAISO,VALPARAISO,CONCON,ESCUELA BASICA ORO NEGRO D-367,-32.9263483,-71.519879,"1099, - Tierra del Fuego 1001, 2510402 Concón, Valparaíso, Chile",google
DE VALPARAISO,VALPARAISO,CONCON,ESCUELA IRMA SALAS SILVA,-32.933425,-71.5396083,"Las Pimpinelas 701, 2510108 Concón, Valparaíso, Chile",google
DE VALPARAISO,VALPARAISO,CONCON,ESCUELA RURAL PUENTE COLMO,-32.933686,-71.4392629,"Limache, Concón, Valparaíso, Chile",google
DE VALPARAISO,VALPARAISO,CONCON,LICEO POLITECNICO DE CONCON,-32.9278378,-71.5165008,"Porvenir 865, 2510792 Concón, Valparaíso, Chile",google
DE VALPARAISO,VALPARAISO,JUAN FERNANDEZ,JARDIN INFANTIL SANDALITO,-33.0453306,-71.6175682,"Yungay 1831, 2362882 Valparaíso, Chile",google
DE VALPARAISO,VALPARAISO,PUCHUNCAVI,COLEGIO GENERAL JOSE VELASQUEZ BORQUEZ,-32.7264974,-71.41757559999999,"Pje. Pablo Neruda 12, Puchuncavi, Puchuncaví, Valparaíso, Chile",google
DE VALPARAISO,VALPARAISO,PUCHUNCAVI,COLEGIO SAN HERNALDO,-32.7285599,-71.41118,"Alcalde Ruperto Bernal 662, 2500936 Valparaiso, Puchuncaví, Valparaíso, Chile",google
DE VALPARAISO,VALPARAISO,PUCHUNCAVI,COMPLEJO EDUCACIONAL SARGENTO ALDEA,-32.7425353,-71.4858666,"Bellavista 372, 2500199 Puchuncavi, Puchuncaví, Valparaíso, Chile",google
DE VALPARAISO,VALPARAISO,PUCHUNCAVI,ESCUELA BASICA LA CHOCOTA,-32.7300629,-71.4872642,"Av Principal 17, Puchuncavi, Puchuncaví, Valparaíso, Chile",google
DE VALPARAISO,VALPARAISO,PUCHUNCAVI,ESCUELA BASICA MAITENCILLO,-32.6483393,-71.4380498,"Maitencillo, Puchuncavi, Valparaíso, Chile",google
DE VALPARAISO,VALPARAISO,PUCHUNCAVI,ESCUELA LA GREDA,-32.7366911,-71.46073400000002,"F-30-E, Puchuncavi, Puchuncaví, Valparaíso, Chile",google
DE VALPARAISO,VALPARAISO,QUINTERO,COLEGIO ALONSO DE QUINTERO (SEDE BAQUEDANO),-32.8022031,-71.5321397,"Sta. Filomena 3502, 2490000 Quintero, Valparaíso, Chile",google
DE VALPARAISO,VALPARAISO,QUINTERO,COLEGIO ALONSO DE QUINTERO (SEDE RITOQUE),-32.8022031,-71.5321397,"Sta. Filomena 3502, 2490000 Quintero, Valparaíso, Chile",google
DE VALPARAISO,VALPARAISO,QUINTERO,COLEGIO ARTISTICO COSTA MAUCO,-32.7853567,-71.5304511,"Colegio Artístico Costa Mauco, 1918, Luis Cousiño, Población Porvenir, Quintero, Provincia de Valparaíso, Región de Valparaíso, 2490000, Chile",nominatim
DE VALPARAISO,VALPARAISO,QUINTERO,COLEGIO DON ORIONE,-32.7858224,-71.5339072,"Colegio Don Orione, 702, Orione, Población Porvenir, Quintero, Provincia de Valparaíso, Región de Valparaíso, 8400000, Chile",nominatim
DE VALPARAISO,VALPARAISO,QUINTERO,ESCUELA REPUBLICA DE FRANCIA,-32.7911299,-71.5307953,"Escuela República de Francia, 501, Guardiamarina Ernesto Riquelme, Población Porvenir, Quintero, Provincia de Valparaíso, Región de Valparaíso, 8400000, Chile",nominatim
DE VALPARAISO,VALPARAISO,QUINTERO,LICEO POLITECNICO QUINTERO L1,-32.7890886,-71.52709399999999,"Av. Normandie 2298, 2490832 Quintero, Valparaíso, Chile",google
DE VALPARAISO,VALPARAISO,QUINTERO,LICEO POLITECNICO QUINTERO L2,-32.7890886,-71.52709399999999,"Av. Normandie 2298, 2490832 Quintero, Valparaíso, Chile",google
DE VALPARAISO,VALPARAISO,VALPARAISO,C.P. DE VALPARAISO,-33.0664235,-71.6326557,"Cam. La Pólvora 665, Valparaíso, Chile",google
DE VALPARAISO,VALPARAISO,VALPARAISO,CENTRO EDUCATIVO FLORIDA,-33.0545034,-71.6217076,"Mena 837, 2380973 Valparaíso, Chile",google
DE VALPARAISO,VALPARAISO,VALPARAISO,CENTRO EDUCATIVO REINO DE SUECIA,-33.0307262,-71.645995,"esquina Souper - Libertad s/n, 2360396 Playa Ancha, Valparaíso, Chile",google
DE VALPARAISO,VALPARAISO,VALPARAISO,COLEGIO AGUSTIN EDWARDS,-33.0478497,-71.6189507,"Carrera 636, 2380317 Valparaíso, Chile",google
DE VALPARAISO,VALPARAISO,VALPARAISO,COLEGIO ALBERTO HURTADO SEGUNDO,-33.0341209,-71.6388805,"Coronel Aranguiz 121, 2360765 Valparaíso, Chile",google
DE VALPARAISO,VALPARAISO,VALPARAISO,COLEGIO ALBORADA DE CURAUMA L1,-33.1205951,-71.5709071,"Av. Fundadores 1045, 2372011 Curauma, Valparaíso, Chile",google
DE VALPARAISO,VALPARAISO,VALPARAISO,COLEGIO ALBORADA DE CURAUMA L2,-33.1205951,-71.5709071,"Av. Fundadores 1045, 2372011 Curauma, Valparaíso, Chile",google
DE VALPARAISO,VALPARAISO,VALPARAISO,COLEGIO ARTURO EDWARDS (SEDE CARRERA),-33.0480902,-71.618928,"Carrera 682, Valparaíso, Chile",google
DE VALPARAISO,VALPARAISO,VALPARAISO,COLEGIO BORDEMAR L1,-33.0466155,-71.6335023,"Guillermo Munnich 338, 2370938 Valparaíso, Chile",google
DE VALPARAISO,VALPARAISO,VALPARAISO,COLEGIO BORDEMAR L2,-33.0466155,-71.6335023,"Guillermo Munnich 338, 2370938 Valparaíso, Chile",google
DE VALPARAISO,VALPARAISO,VALPARAISO,COLEGIO CARLOS COUSIÑO L1,-33.0504118,-71.6074289,"Retamo 650, 2340195 Valparaíso, Chile",google
DE VALPARAISO,VALPARAISO,VALPARAISO,COLEGIO CARLOS COUSIÑO L2,-33.0504118,-71.6074289,"Retamo 650, 2340195 Valparaíso, Chile",google
DE VALPARAISO,VALPARAISO,VALPARAISO,COLEGIO CIRUJANO PEDRO VIDELA,-33.0473128,-71.6127458,"Valparaíso, Chile",google
DE VALPARAISO,VALPARAISO,VALPARAISO,COLEGIO FILII FUTURI,-33.1170918,-71.55488059999999,"Arturo Prat 304, 2372134 Placilla, Valparaíso, Chile",google
DE VALPARAISO,VALPARAISO,VALPARAISO,COLEGIO INMACULADA CONCEPCION DE NUESTRA SEÑORA DE LOURDES,-33.049582,-71.612658,"Av. Colón 2309, Valparaíso, Chile",google
DE VALPARAISO,VALPARAISO,VALPARAISO,COLEGIO LEONARDO MURIALDO,-33.0468353,-71.5963254,"Aquiles 450, 2350257 Valparaíso, Chile",google
DE VALPARAISO,VALPARAISO,VALPARAISO,COLEGIO NUEVA ERA SIGLO XXI L1,-33.1267022,-71.57067599999999,"Av. Cardenal Samoré 1850, Curauma, Valparaíso, Chile",google
DE VALPARAISO,VALPARAISO,VALPARAISO,COLEGIO NUEVA ERA SIGLO XXI L2,-33.1267022,-71.57067599999999,"Av. Cardenal Samoré 1850, Curauma, Valparaíso, Chile",google
DE VALPARAISO,VALPARAISO,VALPARAISO,COLEGIO PABLO NERUDA,-33.054275,-71.622744,"Ricardo de Ferrari 692, 2381661 Valparaíso, Chile",google
DE VALPARAISO,VALPARAISO,VALPARAISO,COLEGIO PARTICULAR JUNIOR SCHOOL 2,-33.0518517,-71.6521229,"Luis Emilio Recabarren 234, 2340000 Valparaíso, Chile",google
DE VALPARAISO,VALPARAISO,VALPARAISO,COLEGIO PEDRO MONTT C-100 L1,-33.0480154,-71.6316432,"Av. Alemania 5196, 2381795 Valparaíso, Chile",google
DE VALPARAISO,VALPARAISO,VALPARAISO,COLEGIO PEDRO MONTT C-100 L2,-33.0480154,-71.6316432,"Av. Alemania 5196, 2381795 Valparaíso, Chile",google
DE VALPARAISO,VALPARAISO,VALPARAISO,COLEGIO PUMAHUE,-33.1375261,-71.5651828,"Nudo Curauma 495, Curauma, Valparaíso, Chile",google
DE VALPARAISO,VALPARAISO,VALPARAISO,COLEGIO REPUBLICA DE MEXICO,-33.1134866,-71.5700481,"Adriana Vicuña 883, 2372397 Valparaíso, Chile",google
DE VALPARAISO,VALPARAISO,VALPARAISO,COLEGIO ROBERTO BRAVO L1,-33.0563166,-71.5591851,"Viña del Mar, Valparaíso, Chile",google
DE VALPARAISO,VALPARAISO,VALPARAISO,COLEGIO ROBERTO BRAVO L2,-33.0563166,-71.5591851,"Viña del Mar, Valparaíso, Chile",google
DE VALPARAISO,VALPARAISO,VALPARAISO,COLEGIO SALESIANOS VALPARAISO,-33.049668,-71.6016018,"Pje. Don Bosco 88, 2350773 Valparaíso, Chile",google
DE VALPARAISO,VALPARAISO,VALPARAISO,COLEGIO SAN PEDRO NOLASCO,-33.048873,-71.60757749999999,"Victoria 2762, 2340000 Valparaíso, Chile",google
DE VALPARAISO,VALPARAISO,VALPARAISO,COLEGIO SEMINARIO SAN RAFAEL L1,-33.0533697,-71.6021157,"Sta. Elena 74, 2353222 Valparaíso, Chile",google
DE VALPARAISO,VALPARAISO,VALPARAISO,COLEGIO SEMINARIO SAN RAFAEL L2,-33.0533697,-71.6021157,"Sta. Elena 74, 2353222 Valparaíso, Chile",google
DE VALPARAISO,VALPARAISO,VALPARAISO,COLEGIO UMBRAL DE CURAUMA L1,-33.1144636,-71.578863,"Av. Curauma Sur 790, Curauma, Valparaíso, Chile",google
DE VALPARAISO,VALPARAISO,VALPARAISO,COLEGIO UMBRAL DE CURAUMA L2,-33.1144636,-71.578863,"Av. Curauma Sur 790, Curauma, Valparaíso, Chile",google
DE VALPARAISO,VALPARAISO,VALPARAISO,ESCUELA ALEMANIA,-33.0476406,-71.60345769999999,"Av. Argentina 455, Valparaíso, Chile",google
DE VALPARAISO,VALPARAISO,VALPARAISO,ESCUELA AMERICA L1,-33.0473128,-71.6127458,"Valparaíso, Chile",google
DE VALPARAISO,VALPARAISO,VALPARAISO,ESCUELA AMERICA L2,-33.0473128,-71.6127458,"Valparaíso, Chile",google
DE VALPARAISO,VALPARAISO,VALPARAISO,ESCUELA BASICA N°150 LAGUNA VERDE G-289,-33.0473128,-71.6127458,"Valparaíso, Chile",google
DE VALPARAISO,VALPARAISO,VALPARAISO,ESCUELA BLAS CUEVAS RAMON ALLENDE D-307,-33.0394913,-71.63446739999999,"Marmolejo 7, 2362515 Valparaíso, Chile",google
DE VALPARAISO,VALPARAISO,VALPARAISO,ESCUELA CARABINERO PEDRO A.CARIAGA M.,-33.0473128,-71.6127458,"Valparaíso, Chile",google
DE VALPARAISO,VALPARAISO,VALPARAISO,ESCUELA D-314 JOAQUIN EDWARDS BELLO,-33.0548429,-71.5771244,"Av. Rodelillo 4110, Valparaíso, Chile",google
DE VALPARAISO,VALPARAISO,VALPARAISO,ESCUELA DE INGENIERIA QUIMICA PUCV,-33.04519850000001,-71.6133567,"Av. Brasil 2180, 2362854 Valparaíso, Chile",google
DE VALPARAISO,VALPARAISO,VALPARAISO,ESCUELA DE TRIPULANTES Y PORTUARIA DE VALPARAISO,-33.0377577,-71.63239089999999,"Clave 615, 2362328 Valparaíso, Chile",google
DE VALPARAISO,VALPARAISO,VALPARAISO,ESCUELA ELEUTERIO RAMIREZ,-33.0673391,-71.59357349999999,"373, - C. Diez 41, Valparaíso, Chile",google
DE VALPARAISO,VALPARAISO,VALPARAISO,ESCUELA ESPAÑA,-33.053535,-71.6157418,"Angamos 151, 2380518 Valparaíso, Chile",google
DE VALPARAISO,VALPARAISO,VALPARAISO,ESCUELA ESTADO DE ISRAEL,-33.0379599,-71.6408022,"Av. Quebrada Verde 441, 2361632 Valparaíso, Chile",google
DE VALPARAISO,VALPARAISO,VALPARAISO,ESCUELA GASPAR CABRALES,-33.0512378,-71.6012042,"Almte. Simpson 152, 2350964 Valparaíso, Chile",google
DE VALPARAISO,VALPARAISO,VALPARAISO,ESCUELA HERNAN OLGUIN,-33.0374798,-71.5960606,"Malfatti 235, Valparaíso, Chile",google
DE VALPARAISO,VALPARAISO,VALPARAISO,ESCUELA JORGE ALESSANDRI RODRIGUEZ,-33.0671061,-71.5834145,"Bernardo O'Higgins 1796, 2353121 Valparaíso, Chile",google
DE VALPARAISO,VALPARAISO,VALPARAISO,ESCUELA JUAN DE SAAVEDRA,-33.0432274,-71.60191,"Blanco Viel 200, 2350224 Valparaíso, Chile",google
DE VALPARAISO,VALPARAISO,VALPARAISO,ESCUELA JUAN WACQUEZ MOURFIN,-33.0640373,-71.5978622,"El Bosque 1407, Valparaíso, Chile",google
DE VALPARAISO,VALPARAISO,VALPARAISO,ESCUELA MONTEDONICO,-33.0548725,-71.6404507,"2371201 Valparaíso, Chile",google
DE VALPARAISO,VALPARAISO,VALPARAISO,ESCUELA NACIONES UNIDAS,-33.0479083,-71.6504972,"C. Ocho 180, Valparaíso, Chile",google
DE VALPARAISO,VALPARAISO,VALPARAISO,ESCUELA REPUBLICA ARABE SIRIA,-33.0530583,-71.6480371,"Roberto Hernández 69, Valparaíso, Chile",google
DE VALPARAISO,VALPARAISO,VALPARAISO,ESCUELA REPUBLICA DEL PARAGUAY L1,-33.0444096,-71.5883844,"Manuel Antonio Matta 1147, 2390566 Valparaíso, Chile",google
DE VALPARAISO,VALPARAISO,VALPARAISO,ESCUELA REPUBLICA DEL PARAGUAY L2,-33.0444096,-71.5883844,"Manuel Antonio Matta 1147, 2390566 Valparaíso, Chile",google
DE VALPARAISO,VALPARAISO,VALPARAISO,ESCUELA SANTA ANA,-33.036159,-71.6324731,"Sto Domingo 104, 2362198 Valparaíso, Chile",google
DE VALPARAISO,VALPARAISO,VALPARAISO,FACULTAD DE ARQUITECTURA UNIVERSIDAD DE VALPARAISO,-33.025304,-71.6390981,"Valparaíso, Chile - Parque 570, Valparaíso, Chile",google
DE VALPARAISO,VALPARAISO,VALPARAISO,INSTITUTO DE MATEMATICAS PUCV MALAQUIAS MORALES MUÑOZ,-33.0391804,-71.6006536,"Blanco Viel 596, 2350050 Valparaíso, Chile",google
DE VALPARAISO,VALPARAISO,VALPARAISO,INSTITUTO TECNICO PROFESIONAL MARITIMO VALPARAISO (SEDE LEV,-33.0319358,-71.6371064,"Levarte 159, 2360506 Valparaíso, Chile",google
DE VALPARAISO,VALPARAISO,VALPARAISO,INSTITUTO TECNICO PROFESIONAL MARITIMO VALPARAISO (SEDE LYN,-33.0319358,-71.6371064,"Levarte 159, 2360506 Valparaíso, Chile",google
DE VALPARAISO,VALPARAISO,VALPARAISO,LICEO BICENTENARIO MARITIMO DE VALPARAISO L1,-33.0434149,-71.6205758,"Errázuriz 1490, Valparaíso, Chile",google
DE VALPARAISO,VALPARAISO,VALPARAISO,LICEO BICENTENARIO MARITIMO DE VALPARAISO L2,-33.0434149,-71.6205758,"Errázuriz 1490, Valparaíso, Chile",google
DE VALPARAISO,VALPARAISO,VALPARAISO,LICEO COEDUCACIONAL LA IGUALDAD,-33.0473128,-71.6127458,"Valparaíso, Chile",google
DE VALPARAISO,VALPARAISO,VALPARAISO,LICEO EDUARDO DE LA BARRA,-33.0497912,-71.61376080000001,"Av. Colón 2184, Valparaíso, Chile",google
DE VALPARAISO,VALPARAISO,VALPARAISO,LICEO JUANA ROSS DE EDWARDS L1,-33.0523,-71.60123,"Av. Argentina 871, Valparaíso, Chile",google
DE VALPARAISO,VALPARAISO,VALPARAISO,LICEO JUANA ROSS DE EDWARDS L2,-33.0523,-71.60123,"Av. Argentina 871, Valparaíso, Chile",google
DE VALPARAISO,VALPARAISO,VALPARAISO,LICEO MARIA LUISA BOMBAL,-33.0270231,-71.6354602,"Av. Gran Bretaña 851, 2360117 Valparaíso, Chile",google
DE VALPARAISO,VALPARAISO,VALPARAISO,LICEO MATILDE BRANDAU DE ROSS,-33.04448989999999,-71.6161652,"Av. Brasil 1901, 2362799 Valparaíso, Chile",google
DE VALPARAISO,VALPARAISO,VALPARAISO,LICEO TECNICO PROFESIONAL BARON,-33.0370062,-71.5946843,"Barón, 2390235 Valparaíso, Chile",google
DE VALPARAISO,VALPARAISO,VALPARAISO,LICEO TECNOLOGICO ALFREDO NAZAR FERES,-33.0283991,-71.63760719999999,"Necochea, Valparaíso, Chile",google
DE VALPARAISO,VALPARAISO,VALPARAISO,"PUCV, SEDE CURAUMA, EDIFICIO AULARIO",-33.0451958,-71.613612,"Av. Brasil 2162, 2362854 Valparaíso, Chile",google
DE VALPARAISO,VALPARAISO,VALPARAISO,SCUOLA ITALIANA ARTURO DELL´ORO,-33.0470858,-71.61037979999999,"Pedro Montt 2447, 2362957 Valparaíso, Chile",google
DE VALPARAISO,VALPARAISO,VALPARAISO,UNIVERSIDAD FEDERICO SANTA MARIA EDIFICIO P L1,-33.036537,-71.594447,"Los Placeres 466, 2390235 Valparaíso, Chile",google
DE VALPARAISO,VALPARAISO,VALPARAISO,UNIVERSIDAD FEDERICO SANTA MARIA EDIFICIO P L2,-33.036537,-71.594447,"Los Placeres 466, 2390235 Valparaíso, Chile",google
DE VALPARAISO,VALPARAISO,VALPARAISO,UNIVERSIDAD TECNOLOGICA DE CHILE INACAP L1,-33.0327372,-71.58957680000002,"Av. España 2250, Valparaíso, Chile",google
DE VALPARAISO,VALPARAISO,VALPARAISO,UNIVERSIDAD TECNOLOGICA DE CHILE INACAP L2,-33.0327372,-71.58957680000002,"Av. España 2250, Valparaíso, Chile",google
DE VALPARAISO,VALPARAISO,VIÑA DEL MAR,ALIANZA FRANCESA L1,-33.0268099,-71.5545899,"Quinta 366, 2580090 Viña del Mar, Valparaíso, Chile",google
DE VALPARAISO,VALPARAISO,VIÑA DEL MAR,ALIANZA FRANCESA L2,-33.0268099,-71.5545899,"Quinta 366, 2580090 Viña del Mar, Valparaíso, Chile",google
DE VALPARAISO,VALPARAISO,VIÑA DEL MAR,COLEGIO CASTELIANO,-33.0268509,-71.5016755,"Colegio Casteliano, Frutillar, Villa Génesis, Viña del Mar, Provincia de Valparaíso, Región de Valparaíso, 2562126, Chile",nominatim
DE VALPARAISO,VALPARAISO,VIÑA DEL MAR,COLEGIO COMPAÑIA DE MARIA L1,-33.02654800000001,-71.572791,"Diego Portales 850, 2580102 Viña del Mar, Valparaíso, Chile",google
DE VALPARAISO,VALPARAISO,VIÑA DEL MAR,COLEGIO COMPAÑIA DE MARIA L2,-33.02654800000001,-71.572791,"Diego Portales 850, 2580102 Viña del Mar, Valparaíso, Chile",google
DE VALPARAISO,VALPARAISO,VIÑA DEL MAR,COLEGIO HISPANOAMERICANO VIÑA DEL MAR L1,-33.0005598,-71.490313,"San Pedro de Atacama 675, Viña del Mar, Valparaíso, Chile",google
DE VALPARAISO,VALPARAISO,VIÑA DEL MAR,COLEGIO HISPANOAMERICANO VIÑA DEL MAR L2,-33.0005598,-71.490313,"San Pedro de Atacama 675, Viña del Mar, Valparaíso, Chile",google
DE VALPARAISO,VALPARAISO,VIÑA DEL MAR,COLEGIO INMACULADA DE LOURDES L1,-33.0291211,-71.5614301,"San Pablo de La Cruz 380, 2580311 Viña del Mar, Valparaíso, Chile",google
DE VALPARAISO,VALPARAISO,VIÑA DEL MAR,COLEGIO INMACULADA DE LOURDES L2,-33.0291211,-71.5614301,"San Pablo de La Cruz 380, 2580311 Viña del Mar, Valparaíso, Chile",google
DE VALPARAISO,VALPARAISO,VIÑA DEL MAR,COLEGIO JUANITA FERNANDEZ L1,-33.0013462,-71.4998069,"Sau Sau 201, Viña del Mar, Valparaíso, Chile",google
DE VALPARAISO,VALPARAISO,VIÑA DEL MAR,COLEGIO JUANITA FERNANDEZ L2,-33.0013462,-71.4998069,"Sau Sau 201, Viña del Mar, Valparaíso, Chile",google
DE VALPARAISO,VALPARAISO,VIÑA DEL MAR,COLEGIO LAS PALMAS,-33.0578694,-71.5349106,"Colegio Las Palmas, 315, Isla de Pascua, Las Palmas Chilenas, Viña del Mar, Provincia de Valparaíso, Región de Valparaíso, 2250000, Chile",nominatim
DE VALPARAISO,VALPARAISO,VIÑA DEL MAR,COLEGIO MANANTIAL,-32.9993477,-71.5019474,"Colegio Manantial, 801, Río Riñihue, Bosques de Santa Julia, Santa Julia, Viña del Mar, Provincia de Valparaíso, Región de Valparaíso, 2540114, Chile",nominatim
DE VALPARAISO,VALPARAISO,VIÑA DEL MAR,COLEGIO MARIA AUXILIADORA,-33.0183258,-71.5496553,"Colegio María Auxiliadora, 446, 1 Oriente, Población Vergara, Viña del Mar, Provincia de Valparaíso, Región de Valparaíso, 2520754, Chile",nominatim
DE VALPARAISO,VALPARAISO,VIÑA DEL MAR,COLEGIO MIRAFLORES D-329,-33.0225253,-71.51705249999999,"El Lúcumo 2940, 2560462 Viña del Mar, Valparaíso, Chile",google
DE VALPARAISO,VALPARAISO,VIÑA DEL MAR,COLEGIO PRESIDENTE PEDRO AGUIRRE CERDA,-33.0068512,-71.5381848,"Colegio Presidente Pedro Aguirre Cerda Viña del Mar, 1841, 19 Norte, Población Gratry Santa Inés, Viña del Mar, Provincia de Valparaíso, Región de Valparaíso, 2520977, Chile",nominatim
DE VALPARAISO,VALPARAISO,VIÑA DEL MAR,COLEGIO REBECA FERNANDEZ,-32.9989309,-71.4808288,"Colegio Rebeca Fernández, Avenida Novena, Villa La Cruz, Reñaca Alto, Viña del Mar, Provincia de Valparaíso, Región de Valparaíso, Chile",nominatim
DE VALPARAISO,VALPARAISO,VIÑA DEL MAR,COLEGIO REPUBLICA DE COLOMBIA L1,-33.0136948,-71.5460034,"10 Nte 985, Viña del Mar, Valparaíso, Chile",google
DE VALPARAISO,VALPARAISO,VIÑA DEL MAR,COLEGIO REPUBLICA DE COLOMBIA L2,-33.0136948,-71.5460034,"10 Nte 985, Viña del Mar, Valparaíso, Chile",google
DE VALPARAISO,VALPARAISO,VIÑA DEL MAR,COLEGIO SAGRADA FAMILIA REÑACA,-32.9532487,-71.5374386,"Colegio Sagrada Familia, Villarrica, Foresta de Reñaca, Viña del Mar, Provincia de Valparaíso, Región de Valparaíso, 2511525, Chile",nominatim
DE VALPARAISO,VALPARAISO,VIÑA DEL MAR,COLEGIO SAGRADOS CORAZONES MONJAS FRANCESAS,-33.02553,-71.55965309999999,"Álvarez 242, 2562041 Viña del Mar, Valparaíso, Chile",google
DE VALPARAISO,VALPARAISO,VIÑA DEL MAR,COLEGIO SAN ANDRES,-33.0470419,-71.5639054,"Colegio San Andrés, 401, Avenida Chile Sur, Santiago Ferrari, Nueva Aurora, Viña del Mar, Provincia de Valparaíso, Región de Valparaíso, 2580347, Chile",nominatim
DE VALPARAISO,VALPARAISO,VIÑA DEL MAR,COLEGIO SAN IGNACIO (SEDE LUSITANIA),-33.030126,-71.5300003,"Los Plátanos 2289, 2561204 Viña del Mar, Valparaíso, Chile",google
DE VALPARAISO,VALPARAISO,VIÑA DEL MAR,COLEGIO SAN NICOLAS,-33.0295103,-71.4943189,"Colegio San Nicolás, 575, Avenida Tamarugal, El Olivar, Viña del Mar, Provincia de Valparaíso, Región de Valparaíso, 2562126, Chile",nominatim
DE VALPARAISO,VALPARAISO,VIÑA DEL MAR,COLEGIO SEMINARIO SAN RAFAEL L1,-33.0533697,-71.6021157,"Sta. Elena 74, 2353222 Valparaíso, Chile",google
DE VALPARAISO,VALPARAISO,VIÑA DEL MAR,COLEGIO SEMINARIO SAN RAFAEL L2,-33.0533697,-71.6021157,"Sta. Elena 74, 2353222 Valparaíso, Chile",google
DE VALPARAISO,VALPARAISO,VIÑA DEL MAR,COLEGIO WINTERHILL,-33.0270705,-71.561332,"Colegio Winterhill, 31, Andwanter, Población Monterrey, Recreo, Viña del Mar, Provincia de Valparaíso, Región de Valparaíso, 2580022, Chile",nominatim
DE VALPARAISO,VALPARAISO,VIÑA DEL MAR,CORPORACION DOCENTE SAINT DOMINIC,-33.017233,-71.5481546,"2 Ote. 575, Colegio Saint Dominic, Viña del Mar, Valparaíso, Chile",google
DE VALPARAISO,VALPARAISO,VIÑA DEL MAR,"DUOC UC, SEDE VIÑA DEL MAR L1",-33.0336892,-71.5331841,"Álvarez 2336, 2571188 Viña del Mar, Valparaíso, Chile",google
DE VALPARAISO,VALPARAISO,VIÑA DEL MAR,"DUOC UC, SEDE VIÑA DEL MAR L2",-33.0336892,-71.5331841,"Álvarez 2336, 2571188 Viña del Mar, Valparaíso, Chile",google
DE VALPARAISO,VALPARAISO,VIÑA DEL MAR,ESCUELA ARTURO PRAT CHACON,-33.0195402,-71.5153449,"2560279 Viña del Mar, Valparaíso, Chile",google
DE VALPARAISO,VALPARAISO,VIÑA DEL MAR,ESCUELA BASICA CHORRILLOS E-323,-33.03539,-71.53142,"Berger 2556, Viña del Mar, Valparaíso, Chile",google
DE VALPARAISO,VALPARAISO,VIÑA DEL MAR,ESCUELA BASICA D-318 UNESCO,-33.0153481,-71.55002759999999,"Viña del Mar, Valparaíso, Chile",google
DE VALPARAISO,VALPARAISO,VIÑA DEL MAR,ESCUELA BASICA HUMBERTO VILCHES ALZAMORA,-33.012826,-71.546278,"11 Nte. 946, Viña del Mar, Valparaíso, Chile",google
DE VALPARAISO,VALPARAISO,VIÑA DEL MAR,ESCUELA BASICA REPUBLICA DEL ECUADOR,-33.0237581,-71.5553146,"Etchevers 115, 2571483 Viña del Mar, Valparaíso, Chile",google
DE VALPARAISO,VALPARAISO,VIÑA DEL MAR,ESCUELA BASICA SANTA JULIA D-334 L1,-33.0003565,-71.5074395,"Sta. Julia, Viña del Mar, Valparaíso, Chile",google
DE VALPARAISO,VALPARAISO,VIÑA DEL MAR,ESCUELA BASICA SANTA JULIA D-334 L2,-33.0003565,-71.5074395,"Sta. Julia, Viña del Mar, Valparaíso, Chile",google
DE VALPARAISO,VALPARAISO,VIÑA DEL MAR,ESCUELA CANAL BEAGLE,-33.0403408,-71.5118304,"Escuela Canal Beagle, Bahía Soberanía, Canal Beagle, Viña del Mar, Provincia de Valparaíso, Región de Valparaíso, 2562126, Chile",nominatim
DE VALPARAISO,VALPARAISO,VIÑA DEL MAR,ESCUELA DOCTOR ADRIANO MACHADO PARDO,-33.04055,-71.56734999999999,"Chile Nte. 625, 2580986 Viña del Mar, Valparaíso, Chile",google
DE VALPARAISO,VALPARAISO,VIÑA DEL MAR,ESCUELA ESPECIAL JUANITA DE AGUIRRE CERDA,-33.0265122,-71.5439982,"Escuela Especial Juanita de Aguirre Cerda, 253, Peñablanca, Población Saenz, Forestal, Viña del Mar, Provincia de Valparaíso, Región de Valparaíso, 2520534, Chile",nominatim
DE VALPARAISO,VALPARAISO,VIÑA DEL MAR,ESCUELA LIBERTADOR BERNARDO O'HIGGINS,-33.0280225,-71.5485196,"Escuela Libertador Bernardo O'Higgins, 360, Alberto Blest Gana, Población Saenz, Forestal, Viña del Mar, Provincia de Valparaíso, Región de Valparaíso, 2520534, Chile",nominatim
DE VALPARAISO,VALPARAISO,VIÑA DEL MAR,ESCUELA LORD COCHRANE,-33.0341654,-71.579712,"Escuela Lord Cochrane, Madre de Dios, Condominio Alto Recreo, Recreo, Viña del Mar, Provincia de Valparaíso, Región de Valparaíso, 2580727, Chile",nominatim
DE VALPARAISO,VALPARAISO,VIÑA DEL MAR,ESCUELA LOS PRINCIPES,-33.0135535,-71.5026331,"Manuel Guerrero 68, 2551541 Viña del Mar, Valparaíso, Chile",google
DE VALPARAISO,VALPARAISO,VIÑA DEL MAR,ESCUELA MARCELA PAZ,-33.0316738,-71.5574594,"Escuela Básica Esther Huneeus Marcela Paz, 919, Valencia, Empart, Forestal, Viña del Mar, Provincia de Valparaíso, Región de Valparaíso, 2571546, Chile",nominatim
DE VALPARAISO,VALPARAISO,VIÑA DEL MAR,ESCUELA ORLANDO PEÑA CARVAJAL,-32.9880735,-71.5277861,"Escuela Orlando Peña Carvajal, 5725, 1 Sur, Quinto Sector Gómez Carreño, Gómez Carreño, Viña del Mar, Provincia de Valparaíso, Región de Valparaíso, 2571190, Chile",nominatim
DE VALPARAISO,VALPARAISO,VIÑA DEL MAR,ESCUELA PATRICIO LYNCH ZALDIVAR,-33.029308,-71.522288,"Calle 9 - Miraflores s/n, Viña del Mar, Valparaíso, Chile",google
DE VALPARAISO,VALPARAISO,VIÑA DEL MAR,ESCUELA PRESIDENTE EDUARDO FREI MONTALVA L1,-33.0366905,-71.5390237,"79, - Doce de Octubre 77, 2570295 Viña del Mar, Valparaíso, Chile",google
DE VALPARAISO,VALPARAISO,VIÑA DEL MAR,ESCUELA PRESIDENTE EDUARDO FREI MONTALVA L2,-33.0366905,-71.5390237,"79, - Doce de Octubre 77, 2570295 Viña del Mar, Valparaíso, Chile",google
DE VALPARAISO,VALPARAISO,VIÑA DEL MAR,ESCUELA PRESIDENTE JOSE MANUEL BALMACEDA,-33.0251999,-71.5697387,"Escuela Presidente José Manuel Balmaceda, 550, Cuarta, Población Caleta Abarca, Recreo, Viña del Mar, Provincia de Valparaíso, Región de Valparaíso, 2580347, Chile",nominatim
DE VALPARAISO,VALPARAISO,VIÑA DEL MAR,ESCUELA PRESIDENTE SALVADOR ALLENDE,-32.994967,-71.5041134,"Escuela Básica Presidente Salvador Allende, Avenida Mar de Chile, Población Nuevo Horizonte, Santa Julia, Viña del Mar, Provincia de Valparaíso, Región de Valparaíso, 2540114, Chile",nominatim
DE VALPARAISO,VALPARAISO,VIÑA DEL MAR,ESCUELA TECNICA PROFESIONAL DOCTOR OSCAR MARIN SOCIAS,-33.047838,-71.5394742,"Rogelio Astudillo, Viña del Mar, Valparaíso, Chile",google
DE VALPARAISO,VALPARAISO,VIÑA DEL MAR,ESCUELA TEODORO LOWEY,-33.0307301,-71.5807715,"Escuela Teodoro Lowey, 1679, José Miguel Carrera, Barrio Recreo, Recreo, Viña del Mar, Provincia de Valparaíso, Región de Valparaíso, 2581548, Chile",nominatim
DE VALPARAISO,VALPARAISO,VIÑA DEL MAR,ESCUELA VILLA INDEPENDENCIA,-33.0219019,-71.4951054,"Escuela Villa Independencia, 950, Gabriela Mistral, Villa Arauco, Viña del Mar, Provincia de Valparaíso, Región de Valparaíso, 2562126, Chile",nominatim
DE VALPARAISO,VALPARAISO,VIÑA DEL MAR,ESCUELA VILLA MONTE,-33.0438375,-71.5578264,"Escuela Villa Monte, Pasaje Mirador, Villa Monte, Nueva Aurora, Viña del Mar, Provincia de Valparaíso, Región de Valparaíso, 2580347, Chile",nominatim
DE VALPARAISO,VALPARAISO,VIÑA DEL MAR,ESCUELA VIOLETA PARRA,-33.0420249,-71.5318975,"Escuela Violeta Parra, 8, Los Suspiros, Lomas de Chorrillos, Forestal, Viña del Mar, Provincia de Valparaíso, Región de Valparaíso, 2250000, Chile",nominatim
DE VALPARAISO,VALPARAISO,VIÑA DEL MAR,"FACULTAD DE FILOSOFIA Y EDUCACION PUCV, CAMPUS SAUSALITO",-33.0119198,-71.53898629999999,"El Bosque 1275, Viña del Mar, Valparaíso, Chile",google
DE VALPARAISO,VALPARAISO,VIÑA DEL MAR,LICEO A-33 GUILLERMO RIVERA COTAPOS L1,-33.0268586,-71.55069139999999,"820, - Álvarez 708, 2571923 Viña del Mar, Valparaíso, Chile",google
DE VALPARAISO,VALPARAISO,VIÑA DEL MAR,LICEO A-33 GUILLERMO RIVERA COTAPOS L2,-33.0268586,-71.55069139999999,"820, - Álvarez 708, 2571923 Viña del Mar, Valparaíso, Chile",google
DE VALPARAISO,VALPARAISO,VIÑA DEL MAR,LICEO BENJAMIN VICUÑA MACKENNA,-33.0296217,-71.5823336,"Latorre 297, Valparaíso, Chile",google
DE VALPARAISO,VALPARAISO,VIÑA DEL MAR,LICEO BICENTENARIO DE VIÑA DEL MAR L1,-33.0213929,-71.55045849999999,"2 Nte. 700, 2520282 Viña del Mar, Valparaíso, Chile",google
DE VALPARAISO,VALPARAISO,VIÑA DEL MAR,LICEO BICENTENARIO DE VIÑA DEL MAR L2,-33.0213929,-71.55045849999999,"2 Nte. 700, 2520282 Viña del Mar, Valparaíso, Chile",google
DE VALPARAISO,VALPARAISO,VIÑA DEL MAR,LICEO INDUSTRIAL DE VIÑA DEL MAR,-33.0227398,-71.5073562,"Liceo Industrial A-35, 4137, Avenida Presidente Eduardo Frei Montalva, Villa Buzo Sobenes, Miraflores, Viña del Mar, Provincia de Valparaíso, Región de Valparaíso, 2562126, Chile",nominatim
DE VALPARAISO,VALPARAISO,VIÑA DEL MAR,LICEO JOSE FRANCISCO VERGARA,-32.9978162,-71.5197078,"Liceo José Francisco Vergara, 4545, Índico, Segundo Sector Gómez Carreño, Gómez Carreño, Viña del Mar, Provincia de Valparaíso, Región de Valparaíso, 2571190, Chile",nominatim
DE VALPARAISO,VALPARAISO,VIÑA DEL MAR,LICEO NUESTRA SEÑORA DE LA PAZ L1,-33.00157,-71.54113,"24 Nte. 1299, 2530001 Valparaíso, Viña del Mar, Valparaíso, Chile",google
DE VALPARAISO,VALPARAISO,VIÑA DEL MAR,LICEO NUESTRA SEÑORA DE LA PAZ L2,-33.00157,-71.54113,"24 Nte. 1299, 2530001 Valparaíso, Viña del Mar, Valparaíso, Chile",google
DE VALPARAISO,VALPARAISO,VIÑA DEL MAR,LICEO PARROQUIAL SAN ANTONIO,-32.997976,-71.5144593,"Liceo Parroquial San Antonio, 4759, Almirante Gómez Carreño, Primer Sector Gómez Carreño, Gómez Carreño, Viña del Mar, Provincia de Valparaíso, Región de Valparaíso, 2571190, Chile",nominatim
DE VALPARAISO,VALPARAISO,VIÑA DEL MAR,LICEO SANTA TERESA DE LOS ANDES L1,-33.0218131,-71.5173738,"El Lúcumo 3407-3415, Viña del Mar, Valparaíso, Chile",google
DE VALPARAISO,VALPARAISO,VIÑA DEL MAR,LICEO SANTA TERESA DE LOS ANDES L2,-33.0218131,-71.5173738,"El Lúcumo 3407-3415, Viña del Mar, Valparaíso, Chile",google
DE VALPARAISO,VALPARAISO,VIÑA DEL MAR,SAINT PETER'S SCHOOL,-33.0166964,-71.5508422,"Saint Peter's School, 575, Avenida Libertad, Población Vergara, Viña del Mar, Provincia de Valparaíso, Región de Valparaíso, 2520112, Chile",nominatim
DE VALPARAISO,VALPARAISO,VIÑA DEL MAR,SCUOLA ITALIANA ARTURO DELL´ ORO VIÑA DEL MAR,-33.0293348,-71.5305991,"Scuola Italiana Arturo dell’Oro, 2202, Los Acacios, Miraflores Bajo, Miraflores, Viña del Mar, Provincia de Valparaíso, Región de Valparaíso, 2520534, Chile",nominatim
DE VALPARAISO,VALPARAISO,VIÑA DEL MAR,THE KINGSTOWN SCHOOL,-32.9952744,-71.4958748,"Mirador de Reñaca - Lago Riñihue 1025, Viña del Mar, Valparaíso, Chile",google
DE VALPARAISO,VALPARAISO,VIÑA DEL MAR,THE MACKAY SCHOOL L1,-32.9728125,-71.53640539999999,"Vicuña Mackenna 700, 2540197 Viña del Mar, Valparaíso, Chile",google
DE VALPARAISO,VALPARAISO,VIÑA DEL MAR,THE MACKAY SCHOOL L2,-32.9728125,-71.53640539999999,"Vicuña Mackenna 700, 2540197 Viña del Mar, Valparaíso, Chile",google
DE VALPARAISO,VALPARAISO,VIÑA DEL MAR,"UNIVERSIDAD ANDRES BELLO, CAMPUS VIÑA DEL MAR",-33.0128563,-71.5414619,"unab campus, Viña del Mar, Valparaíso, Chile",google
DE VALPARAISO,VALPARAISO,VIÑA DEL MAR,UNIVERSIDAD DE LAS AMERICAS L1,-33.0323582,-71.5681596,"José Francisco Vergara 810, 2580633 Viña del Mar, Valparaíso, Chile",google
DE VALPARAISO,VALPARAISO,VIÑA DEL MAR,UNIVERSIDAD DE LAS AMERICAS L2,-33.0323582,-71.5681596,"José Francisco Vergara 810, 2580633 Viña del Mar, Valparaíso, Chile",google
DE VALPARAISO,VALPARAISO,VIÑA DEL MAR,"UNIVERSIDAD FEDERICO SANTA MARIA, SEDE VIÑA DEL MAR",-33.0358759,-71.4851229,"Av. Federico Sta. María, 2430020 Quilpué, Valparaíso, Chile",google
DE VALPARAISO,VALPARAISO,VIÑA DEL MAR,"UNIVERSIDAD VIÑA DEL MAR, SEDE RECREO",-33.0250654,-71.56408689999999,"Diego Portales 90, 2580022 Viña del Mar, Valparaíso, Chile",google
DEL BIOBIO,ARAUCO,ARAUCO,ESCUELA BASICA BRISAS DEL MAR,-37.2302908,-73.4457041,"Escuela Básica Brisas del Mar, Prat, Tubul, Arauco, Provincia de Arauco, Región del Biobío, Chile",nominatim
DEL BIOBIO,ARAUCO,ARAUCO,ESCUELA BASICA MARE NOSTRUM,-37.245227,-73.3166499,"Carlos Condell 380, 4360672 Arauco, Bío Bío, Chile",google
DEL BIOBIO,ARAUCO,ARAUCO,ESCUELA BASICA SAN PEDRO DE LARAQUETE,-37.1681158,-73.1805143,"Unnamed Road, Arauco, Bío Bío, Chile",google
DEL BIOBIO,ARAUCO,ARAUCO,ESCUELA BASICA VICENTE MILLAN IRIARTE,-37.2481196,-73.3220923,"Tucapel S/N, 4360624 Arauco, Bío Bío, Chile",google
DEL BIOBIO,ARAUCO,ARAUCO,ESCUELA EDELMIRA VERGARA QUIÑONES,-37.2450685,-73.3320232,"Edelmira Vergara Quiñones, Arauco, Bío Bío, Chile",google
DEL BIOBIO,ARAUCO,ARAUCO,ESCUELA VALLE RAMADILLAS,-37.3064793,-73.2618868,"Escuela Valle Ramadillas, Ignacio Carrera Pinto, Montserrat, Ramadillas, Arauco, Provincia de Arauco, Región del Biobío, Chile",nominatim
DEL BIOBIO,ARAUCO,ARAUCO,LICEO BICENTENARIO SAN FELIPE DE ARAUCO,-37.2437972,-73.3175655,"Chacabuco 115, 4360701 Arauco, Bío Bío, Chile",google
DEL BIOBIO,ARAUCO,ARAUCO,LICEO POLITECNICO CARAMPANGUE,-37.2586366,-73.2424413,"Liceo Politécnico Carampangue, Condell, Carampangue Nuevo, Carampangue, Arauco, Provincia de Arauco, Región del Biobío, Chile",nominatim
DEL BIOBIO,ARAUCO,ARAUCO,LICEO SAN FRANCISCO DE ASIS,-37.245826,-73.31905619999999,"Carlos Condell 520, 4360682 Arauco, Bío Bío, Chile",google
DEL BIOBIO,ARAUCO,ARAUCO,LICEO TECNICO FILIDOR GAETE MONSALVEZ,-37.1988247,-73.5646835,"Liceo Técnico Pesquero Filidor Gaete Monsálvez, Ruta P-328, Caleta Llico, Los Rojas, Llico, Arauco, Provincia de Arauco, Región del Biobío, Chile",nominatim
DEL BIOBIO,ARAUCO,CAÑETE,ESCUELA ARTURO PRAT CHACON,-37.8002223,-73.4003747,"Escuela Arturo Prat Chacón, 114, Condell, Centro, Cañete, Provincia de Arauco, Región del Biobío, 4399001, Chile",nominatim
DEL BIOBIO,ARAUCO,CAÑETE,ESCUELA BASICA RENE ANDRADES TOLEDO,-37.8026926,-73.3936408,"Covadonga 800, 4390225 Cañete, Bío Bío, Chile",google
DEL BIOBIO,ARAUCO,CAÑETE,ESCUELA LEONCIO ARANEDA FIGUEROA,-37.8005003,-73.3982027,"Escuela Leoncio Araneda Figueroa, Arturo Prat, Centro, Cañete, Provincia de Arauco, Región del Biobío, 4399001, Chile",nominatim
DEL BIOBIO,ARAUCO,CAÑETE,LICEO GABRIELA MISTRAL,-37.799757,-73.3985855,"Liceo Gabriela Mistral, Arturo Prat, Centro, Cañete, Provincia de Arauco, Región del Biobío, 4399001, Chile",nominatim
DEL BIOBIO,ARAUCO,CAÑETE,LICEO HUMANISTA CIENTIFICO JOSE DE LA CRUZ MIRANDA CORREA,-37.7961225,-73.3997967,"Tucapel 053, Cañete, Bío Bío, Chile",google
DEL BIOBIO,ARAUCO,CONTULMO,ESCUELA SAN LUIS DE CONTULMO,-38.0174856,-73.2307742,"Escuela San Luis de Contulmo, 350, Fresia, Contulmo, Provincia de Arauco, Región del Biobío, Chile",nominatim
DEL BIOBIO,ARAUCO,CONTULMO,LICEO POLIVALENTE NAHUELBUTA,-38.0165043,-73.22781719999999,"Millaray 118, 4400092 Contulmo, Bío Bío, Chile",google
DEL BIOBIO,ARAUCO,CURANILAHUE,ESCUELA 04 DE OCTUBRE,-37.4779308,-73.3432122,"Curanilahue, Bio Bio, Chile",google
DEL BIOBIO,ARAUCO,CURANILAHUE,ESCUELA BUENA ESPERANZA,-37.468587,-73.3633382,"Escuela Buena Esperanza, Los Cipreses, Chillancito, Curanilahue, Provincia de Arauco, Región del Biobío, 4370786, Chile",nominatim
DEL BIOBIO,ARAUCO,CURANILAHUE,ESCUELA COLICO SUR,-37.4731829,-73.3505084,"Escuela Colico Sur, Pasaje A, Los Amarillos, Curanilahue, Provincia de Arauco, Región del Biobío, 4370786, Chile",nominatim
DEL BIOBIO,ARAUCO,CURANILAHUE,ESCUELA GABRIELA MISTRAL,-37.4861678,-73.345445,"Escuela Gabriela Mistral, Callejón Extremadura, El Dos, Curanilahue, Provincia de Arauco, Región del Biobío, 4370786, Chile",nominatim
DEL BIOBIO,ARAUCO,CURANILAHUE,ESCUELA PABLO NERUDA,-37.4799448,-73.3351303,"Escuela Pablo Neruda, Luis Cruz Martínez, Población Eleuterio Ramírez, Curanilahue, Provincia de Arauco, Región del Biobío, 4370786, Chile",nominatim
DEL BIOBIO,ARAUCO,CURANILAHUE,ESCUELA SAN JOSE DE COLICO,-37.3669827,-73.3398388,"Escuela San José de Colico, Avenida Blanco Encalada, San José de Colico, Curanilahue, Provincia de Arauco, Región del Biobío, Chile",nominatim
DEL BIOBIO,ARAUCO,CURANILAHUE,LICEO POLIVALENTE MARIANO LATORRE,-37.4738568,-73.3426707,"Liceo Polivalente Mariano Latorre, Caupolicán, Cerro Verde, Curanilahue, Provincia de Arauco, Región del Biobío, 4370786, Chile",nominatim
DEL BIOBIO,ARAUCO,LEBU,ESCUELA ARMANDO ARANCIBIA OLIVOS,-38.3434505,-73.9126752,"Escuela Armando Arancibia Olivos Isla Mocha, Parcela 32, Caleta La Hacienda, Lebu, Provincia de Arauco, Región del Biobío, Chile",nominatim
DEL BIOBIO,ARAUCO,LEBU,ESCUELA ARTURO EBENSPERGER RICHTER,-37.6057093,-73.6426197,"Escuela Arturo Ebensperger Richter, Pasaje Chilco, Villa Vistas de Lebu, Lebu, Provincia de Arauco, Región del Biobío, Chile",nominatim
DEL BIOBIO,ARAUCO,LEBU,ESCUELA FRESIA GRACIELA MULLER RUIZ,-37.608553,-73.6573849,"Mackay 544, 4350287 Lebu, Bío Bío, Chile",google
DEL BIOBIO,ARAUCO,LEBU,ESCUELA GUILLERMO RODRIGUEZ RIOBO,-37.6458866,-73.6183388,"Lebu, Bio Bio, Chile",google
DEL BIOBIO,ARAUCO,LEBU,ESCUELA PEHUEN,-37.667874,-73.5407154,"Escuela Pehuen, Ruta P-470, Panguilemu, Pehuén, Lebu, Provincia de Arauco, Región del Biobío, Chile",nominatim
DEL BIOBIO,ARAUCO,LEBU,LICEO BICENTENARIO ISIDORA RAMOS DE GAJARDO,-37.6102818,-73.6492627,"Av. Luis Cruz Martínez 93, Lebu, Bío Bío, Chile",google
DEL BIOBIO,ARAUCO,LEBU,LICEO POLIVALENTE DR RIGOBERTO IGLESIAS BASTIAS,-37.6058149,-73.6534598,"Liceo Polivalente doctor Rigoberto Iglesias Bastias, 145, Saavedra, Población ""Lebu"", Lebu, Provincia de Arauco, Región del Biobío, Chile",nominatim
DEL BIOBIO,ARAUCO,LOS ALAMOS,ESCUELA BASICA ORLANDO DELGADO ZUÑIGA,-37.67400629999999,-73.3943142,"anturo prat 245, Antiguala, Los Alamos, Bío Bío, Chile",google
DEL BIOBIO,ARAUCO,LOS ALAMOS,ESCUELA FELIX EYHERAMENDY,-37.6250908,-73.4602194,"Pedro Eyheramendy N° 579, Los Álamos, Los Alamos, Bío Bío, Chile",google
DEL BIOBIO,ARAUCO,LOS ALAMOS,ESCUELA JOSE ULLOA FIERRO,-37.6631907,-73.3916481,"Los Álamos, Los Alamos, Bio Bio, Chile",google
DEL BIOBIO,ARAUCO,LOS ALAMOS,ESCUELA LOS GUALLES,-37.5576666,-73.416068,"CHRM+WH, Los Ríos, Los Alamos, Bío Bío, Chile",google
DEL BIOBIO,ARAUCO,LOS ALAMOS,ESCUELA ZAIDA ARANEDA VIGUERAS,-37.63050370000001,-73.406485,"P-60-R 1600, Los Alamos, Bío Bío, Chile",google
DEL BIOBIO,ARAUCO,LOS ALAMOS,LICEO CLAUDIO FLORES SOTO,-37.6137364,-73.41270209999999,"Ruta 160 822, Los Álamos, Los Alamos, Bío Bío, Chile",google
DEL BIOBIO,ARAUCO,LOS ALAMOS,LICEO CRISTO REDENTOR,-37.629438,-73.4708515,"Los Álamos, Los Alamos, Bio Bio, Chile",google
DEL BIOBIO,ARAUCO,TIRUA,ESCUELA ELOISA GONZALEZ,-38.3413361,-73.49125029999999,"Los Philos S/N, S/N, 4410000 Tirua, Tirúa, Bío Bío, Chile",google
DEL BIOBIO,ARAUCO,TIRUA,LICEO TRAPAQUEANTE,-38.3403598,-73.4900332,"Guacolda, Tirúa, 4410024 Tirua, Tirúa, Bío Bío, Chile",google
DEL BIOBIO,BIOBIO,ALTO BIOBIO,ESCUELA DE CONCENTRACION FRONTERIZA RALCO ALTO BIOBIO,-37.896187,-71.618017,"Ralco, Alto Biobío, Bío Bío, Chile",google
DEL BIOBIO,BIOBIO,ALTO BIOBIO,ESCUELA PARTICULAR CAUÑICU,-37.8803651,-71.6383424,"Cauñicu, Alto Bio Bio, Alto Biobío, Bío Bío, Chile",google
DEL BIOBIO,BIOBIO,ALTO BIOBIO,ESCUELA RALCO LEPOY,-38.06519600000001,-71.3540792,"Alto Biobío, Bío Bío, Chile",google
DEL BIOBIO,BIOBIO,ANTUCO,ESCUELA VOLCAN ANTUCO,-37.3596206,-71.5294285,"Escuela Volcan Antuco, Ruta Q-45, Los Canelos, Antuco, Provincia de Bío-Bío, Región del Biobío, Chile",nominatim
DEL BIOBIO,BIOBIO,ANTUCO,LICEO DOCTOR VICTOR RIOS RUIZ,-37.3320495,-71.6779569,"Liceo Doctor Víctor Ríos Ruiz, 105, Arturo Prat, Antuco, Provincia de Bío-Bío, Región del Biobío, Chile",nominatim
DEL BIOBIO,BIOBIO,CABRERO,ANEXO ENRIQUE ZAÑARTU PRIETO,-37.0367025,-72.4052864,"Av. Vial 367, Cabrero, Bío Bío, Chile",google
DEL BIOBIO,BIOBIO,CABRERO,ESCUELA ALTO CABRERO,-37.0331168,-72.398419,"Escuela Alto Cabrero, Tucapel, Jardines del Alto, Villa Andinos, Cabrero, Provincia de Bío-Bío, Región del Biobío, 4470337, Chile",nominatim
DEL BIOBIO,BIOBIO,CABRERO,ESCUELA BASICA ENRIQUE ZAÑARTU PRIETO,-37.032751,-72.4044292,"Escuela Basica Enrique Zanartu Prieto, 301, Manuel Palacios, Villa Araucanía, Villa Andinos, Cabrero, Provincia de Bío-Bío, Región del Biobío, 4470337, Chile",nominatim
DEL BIOBIO,BIOBIO,CABRERO,ESCUELA CHARRUA,-37.1018065,-72.3232849,"Escuela Hogar Charrúa, Alfonso Olea, Charrúa, Cabrero, Provincia de Bío-Bío, Región del Biobío, Chile",nominatim
DEL BIOBIO,BIOBIO,CABRERO,ESCUELA SALTOS DEL LAJA,-37.0377073,-72.3936405,"Saltos del Laja, Cabrero, Bío Bío, Chile",google
DEL BIOBIO,BIOBIO,CABRERO,LICEO POLITECNICO GENERAL OSCAR BONILLA BRADANOV,-37.0362722,-72.4004376,"Cabrero, Bio Bio, Chile",google
DEL BIOBIO,BIOBIO,CABRERO,LICEO POLIVALENTE MANUEL ARISTIDES ZAÑARTU ZAÑARTU,-37.0362722,-72.4004376,"Cabrero, Bio Bio, Chile",google
DEL BIOBIO,BIOBIO,LAJA,COLEGIO SAN JORGE,-37.2823912,-72.7085552,"Escuela San Jorge, Félix Eicher, Río Polcura, Laja, Provincia de Bío-Bío, Región del Biobío, 4560570, Chile",nominatim
DEL BIOBIO,BIOBIO,LAJA,ESCUELA ANDRES ALCAZAR,-37.2805459,-72.7113039,"Escuela D-1229 Andrés Alcázar, 210, Baquedano, Nueva Esperanza, Laja, Provincia de Bío-Bío, Región del Biobío, 4560570, Chile",nominatim
DEL BIOBIO,BIOBIO,LAJA,ESCUELA JOSE ABELARDO NUÑEZ,-37.2797735,-72.71552489999999,"C. Balmaceda 268-326, Laja, Bío Bío, Chile",google
DEL BIOBIO,BIOBIO,LAJA,ESCUELA NIVEQUETEN,-37.2804824,-72.7024963,"Escuela E-980 Nivequetén, 14, Los Magnolios, Río Polcura, Laja, Provincia de Bío-Bío, Región del Biobío, 4560000, Chile",nominatim
DEL BIOBIO,BIOBIO,LAJA,ESCUELA PARTICULAR ALFA Y OMEGA,-37.2702477,-72.7103234,"Escuela Particular Alfa y Omega, 130, Pino, Nueva Esperanza, Laja, Provincia de Bío-Bío, Región del Biobío, 4560000, Chile",nominatim
DEL BIOBIO,BIOBIO,LAJA,LICEO HEROES DE LA CONCEPCIÓN AREA TECNICO PROFESIONAL,-37.2785762,-72.7129403,"Baquedano 273, Laja, Bío Bío, Chile",google
DEL BIOBIO,BIOBIO,LAJA,LICEO POLITECNICO HEROES DE LA CONCEPCION,-37.2785762,-72.7129403,"Baquedano 273, Laja, Bío Bío, Chile",google
DEL BIOBIO,BIOBIO,LOS ANGELES,COLEGIO ALTO LAUQUEN,-37.4933783,-72.3357587,"Lauquen 555, Los Angeles, Los Ángeles, Bío Bío, Chile",google
DEL BIOBIO,BIOBIO,LOS ANGELES,COLEGIO DON ORIONE,-37.4598064,-72.3512824,"Valdivia 1101, Los Angeles, Los Ángeles, Bío Bío, Chile",google
DEL BIOBIO,BIOBIO,LOS ANGELES,COLEGIO INGLES WOODLAND,-37.45838579999999,-72.3392965,"Av. Almte. Latorre 0525, 4450321 Los Angeles, Los Ángeles, Bío Bío, Chile",google
DEL BIOBIO,BIOBIO,LOS ANGELES,COLEGIO MARIA INMACULADA DE LOS ANGELES,-37.48424,-72.3486601,"Las Quintas 188, 4440000 Biobío, Los Ángeles, Bío Bío, Chile",google
DEL BIOBIO,BIOBIO,LOS ANGELES,COLEGIO SAN GABRIEL ARCANGEL,-37.4423329,-72.3385663,"Dr. Manuel Rioseco 855 Los Ángeles, 4440000 Biobío, Los Ángeles, Bío Bío, Chile",google
DEL BIOBIO,BIOBIO,LOS ANGELES,COLEGIO SANTO TOMAS,-37.4823527,-72.3514486,"Bernardo O'Higgins 756, 4430586 Los Angeles, Los Ángeles, Bío Bío, Chile",google
DEL BIOBIO,BIOBIO,LOS ANGELES,ESCUELA ARTURO ALESSANDRI PALMA,-37.4922973,-72.3274134,"Los Ángeles, Bio Bio, Chile",google
DEL BIOBIO,BIOBIO,LOS ANGELES,ESCUELA BASICA 11 DE SEPTIEMBRE,-37.4699929,-72.3676991,"Talcahuano 385, 4440798 Biobio, Los Ángeles, Bío Bío, Chile",google
DEL BIOBIO,BIOBIO,LOS ANGELES,ESCUELA BASICA CHACAYAL SUR,-37.4471102,-72.1388699,"HV36+5F, Los Ángeles, Bio Bio, Chile",google
DEL BIOBIO,BIOBIO,LOS ANGELES,ESCUELA BASICA EL NOGAL,-37.4118733,-72.30878729999999,"Los Ángeles, Bio Bio, Chile",google
DEL BIOBIO,BIOBIO,LOS ANGELES,ESCUELA BASICA ITILHUE,-37.4691768,-72.36101239999999,"Los Ángeles, Bio Bio, Chile",google
DEL BIOBIO,BIOBIO,LOS ANGELES,ESCUELA BASICA LA AGUADA DE CUEL,-37.519749,-72.50047599999999,"37°31'11.1""S 72°30'01 Avenida Eyzaguirre 3215, Puente Alto, Los Ángeles, Región Metropolitana, Chile",google
DEL BIOBIO,BIOBIO,LOS ANGELES,ESCUELA BASICA LA LEYENDA,-37.4691768,-72.36101239999999,"Los Ángeles, Bio Bio, Chile",google
DEL BIOBIO,BIOBIO,LOS ANGELES,ESCUELA BASICA LA QUEBRADA,-37.4691768,-72.36101239999999,"Los Ángeles, Bio Bio, Chile",google
DEL BIOBIO,BIOBIO,LOS ANGELES,ESCUELA BASICA LA RINCONADA DEL SALTO,-37.4691768,-72.36101239999999,"Los Ángeles, Bio Bio, Chile",google
DEL BIOBIO,BIOBIO,LOS ANGELES,ESCUELA BASICA LAS QUINTAS,-37.4838134,-72.3523573,"Las Quintas, Los Angeles, Los Ángeles, Bío Bío, Chile",google
DEL BIOBIO,BIOBIO,LOS ANGELES,ESCUELA BASICA MILLANTU,-37.3975863,-72.6196434,"100 del - Miguel Sagardia, Millantu, Los Ángeles, Bío Bío, Chile",google
DEL BIOBIO,BIOBIO,LOS ANGELES,ESCUELA BASICA REPUBLICA DE ISRAEL,-37.46179950000001,-72.342545,"España 200, 4450614 Los Angeles, Los Ángeles, Bío Bío, Chile",google
DEL BIOBIO,BIOBIO,LOS ANGELES,ESCUELA DIEGO PORTALES PALAZUELOS,-37.484628,-72.214325,"km 10 s/n - Camino Al Peral, Los Angeles, Los Ángeles, Bío Bío, Chile",google
DEL BIOBIO,BIOBIO,LOS ANGELES,ESCUELA ESPAÑA,-37.4741204,-72.3532207,"4430171 Los Ángeles, Bio Bio, Chile",google
DEL BIOBIO,BIOBIO,LOS ANGELES,ESCUELA GENERAL JOSE DE SAN MARTIN,-37.4665772,-72.3550681,"Ercilla 575, 4450832 Los Angeles, Los Ángeles, Bío Bío, Chile",google
DEL BIOBIO,BIOBIO,LOS ANGELES,ESCUELA HOGAR NIEVES VASQUEZ PALACIOS,-37.4437343,-72.3298028,"4450002 Los Ángeles, Bio Bio, Chile",google
DEL BIOBIO,BIOBIO,LOS ANGELES,ESCUELA ISLA DE LAJA,-37.4632118,-72.36518079999999,"Bombero Francisco Rioseco 1164, 4440384 Los Angeles, Los Ángeles, Bío Bío, Chile",google
DEL BIOBIO,BIOBIO,LOS ANGELES,ESCUELA JOSE MANSO DE VELASCO,-37.4726562,-72.3469093,"98, - Ricardo Vicuña Ote. 2, Los Angeles, Los Ángeles, Bío Bío, Chile",google
DEL BIOBIO,BIOBIO,LOS ANGELES,ESCUELA MANUEL BLANCO ENCALADA,-37.47363929999999,-72.3575297,"Blanco Encalada 184, 4430088 Los Angeles, Los Ángeles, Bío Bío, Chile",google
DEL BIOBIO,BIOBIO,LOS ANGELES,ESCUELA PARTICULAR JUAN PABLO SEGUNDO,-37.460614,-72.337135,"Montalbán 765, 4450434 Los Angeles, Los Ángeles, Bío Bío, Chile",google
DEL BIOBIO,BIOBIO,LOS ANGELES,ESCUELA PEDRO RUIZ ALDEA,-37.4691484,-72.361424,"Colo Colo 1051, 4440727 Los Angeles, Los Ángeles, Bío Bío, Chile",google
DEL BIOBIO,BIOBIO,LOS ANGELES,ESCUELA THOMAS JEFFERSON,-37.4563746,-72.3486892,"Miraflores 255, 4450169 Los Angeles, Los Ángeles, Bío Bío, Chile",google
DEL BIOBIO,BIOBIO,LOS ANGELES,LICEO AGROINDUSTRIAL LLANO BLANCO,-37.5639634,-72.1795065,"Q-61 15400, Los Ángeles, Bío Bío, Chile",google
DEL BIOBIO,BIOBIO,LOS ANGELES,LICEO ALEMAN DEL VERBO DIVINO,-37.4769299,-72.3522277,"Patricio Lynch 350, 4430359 Los Angeles, Los Ángeles, Bío Bío, Chile",google
DEL BIOBIO,BIOBIO,LOS ANGELES,LICEO COEDUCACIONAL SANTA MARIA DE LOS ANGELES,-37.4730789,-72.35219169999999,"Av. Ricardo Vicuña 492, 4430101 Los Angeles, Los Ángeles, Bío Bío, Chile",google
DEL BIOBIO,BIOBIO,LOS ANGELES,LICEO COMERCIAL CAMILO HENRIQUEZ,-37.465718,-72.3681174,"Galvarino 1310, 4444000 Los Angeles, Los Ángeles, Bío Bío, Chile",google
DEL BIOBIO,BIOBIO,LOS ANGELES,LICEO COMERCIAL DIEGO PORTALES PALAZUELOS,-37.472661,-72.34622499999999,"Av. Ricardo Vicuña 180, 4451030 Los Angeles, Los Ángeles, Bío Bío, Chile",google
DEL BIOBIO,BIOBIO,LOS ANGELES,LICEO INDUSTRIAL SAMUEL VIVANCO PARADA,-37.4696939,-72.3647584,"Colo Colo 1151, Los Angeles, Los Ángeles, Bío Bío, Chile",google
DEL BIOBIO,BIOBIO,LOS ANGELES,LICEO LOS ANGELES A-59 L1,-37.4691768,-72.36101239999999,"Los Ángeles, Bio Bio, Chile",google
DEL BIOBIO,BIOBIO,LOS ANGELES,LICEO LOS ANGELES A-59 L2,-37.4691768,-72.36101239999999,"Los Ángeles, Bio Bio, Chile",google
DEL BIOBIO,BIOBIO,LOS ANGELES,LICEO PARTICULAR CARLOS CONDELL,-37.4768193,-72.3625885,"Bulnes 746, 4430332 Los Angeles, Los Ángeles, Bío Bío, Chile",google
DEL BIOBIO,BIOBIO,LOS ANGELES,LICEO SANTA FE,-37.4668718,-72.57921639999999,"Los Ángeles, Bio Bio, Chile",google
DEL BIOBIO,BIOBIO,LOS ANGELES,LICEO TECNICO BICENTENARIO JUANITA FERNANDEZ SOLAR,-37.4684822,-72.36530859999999,"Patricio Castro 1051, 4451240 Los Angeles, Los Ángeles, Bío Bío, Chile",google
DEL BIOBIO,BIOBIO,MULCHEN,ESCUELA BASICA MULCHEN,-37.7178812,-72.23743429999999,"Mulchén, Bio Bio, Chile",google
DEL BIOBIO,BIOBIO,MULCHEN,ESCUELA VILLA LA GRANJA,-37.7303602,-72.23625969999999,"4530880 Mulchén, Bio Bio, Chile",google
DEL BIOBIO,BIOBIO,MULCHEN,LICEO BICENTENARIO DE EXCELENCIA NUEVO MUNDO,-37.7114737,-72.2398951,"Sotomayor, 4530786 Mulchen, Mulchén, Bío Bío, Chile",google
DEL BIOBIO,BIOBIO,MULCHEN,LICEO MIGUEL ANGEL CERDA LEIVA,-37.7189886,-72.2450295,"4530608 Mulchén, Bio Bio, Chile",google
DEL BIOBIO,BIOBIO,NACIMIENTO,COLEGIO SAN JUAN DE DIOS,-37.506404,-72.689443,"Colegio San Juan de Dios, 1200, José Zavala Ríos, Población Las Pozas 7, Nacimiento, Provincia de Bío-Bío, Región del Biobío, 4550000, Chile",nominatim
DEL BIOBIO,BIOBIO,NACIMIENTO,ESCUELA EL SABER,-37.5016495,-72.6719079,"Escuela El Saber, 480, San Martín, Villa Alegre, Nacimiento, Provincia de Bío-Bío, Región del Biobío, 4550000, Chile",nominatim
DEL BIOBIO,BIOBIO,NACIMIENTO,ESCUELA NACIMIENTO DE NUESTRO SEÑOR,-37.4912473,-72.6871964,"Escuela Nacimiento de Nuestro Señor, 1415, Villa Alegre, Nacimiento, Provincia de Bío-Bío, Región del Biobío, 4550000, Chile",nominatim
DEL BIOBIO,BIOBIO,NACIMIENTO,ESCUELA OSCAR GUERRERO QUINSAC,-37.4955052,-72.6797136,"Escuela Oscar Guerrero Quinsac, 1105, Villa Alegre, Nacimiento, Provincia de Bío-Bío, Región del Biobío, 4550000, Chile",nominatim
DEL BIOBIO,BIOBIO,NACIMIENTO,ESCUELA TOQUI LAUTARO,-37.5083794,-72.6597411,"Escuela Toqui Lautaro, 650, Galvarino, Cuarto Centenario, Nacimiento, Provincia de Bío-Bío, Región del Biobío, 4550000, Chile",nominatim
DEL BIOBIO,BIOBIO,NACIMIENTO,LICEO MUNICIPAL DE NACIMIENTO,-37.5068687,-72.6713317,"Liceo Municipal Nacimiento, 880, General Prieto, Villa Los Castaños, Nacimiento, Provincia de Bío-Bío, Región del Biobío, 4550000, Chile",nominatim
DEL BIOBIO,BIOBIO,NEGRETE,ESCUELA BASICA VILLA COIGUE,-37.5536136,-72.59732,"Ruta 180, Negrete, Bío Bío, Chile",google
DEL BIOBIO,BIOBIO,NEGRETE,LICEO POLIVALENTE LA FRONTERA,-37.5833331,-72.5320234,"Liceo Polivalente La Frontera, 30, Emilio Serrano, Villa Los Ríos, Negrete, Provincia de Bío-Bío, Región del Biobío, 4540000, Chile",nominatim
DEL BIOBIO,BIOBIO,QUILACO,LICEO BICENTENARIO VALLE DEL SOL QUILACO,-37.6845031,-72.0007821,"Av. Arturo Prat 1491, Quilaco, Bío Bío, Chile",google
DEL BIOBIO,BIOBIO,QUILLECO,LICEO FRANCISCO BASCUÑAN GUERRERO,-37.4676075,-71.9809925,"Liceo Francisco Bascuñan Guerrero, 398, Arturo Prat, Quilleco, Provincia de Bío-Bío, Región del Biobío, Chile",nominatim
DEL BIOBIO,BIOBIO,QUILLECO,LICEO ISABEL RIQUELME,-37.4027608,-72.0114501,"Liceo Isabel Riquelme, Libertador Bernardo O'Higgins, Canteras, Quilleco, Provincia de Bío-Bío, Región del Biobío, Chile",nominatim
DEL BIOBIO,BIOBIO,SAN ROSENDO,LICEO ISIDORA AGUIRRE TUPPER,-37.2613353,-72.7219974,"Liceo Isidora Aguirre Tupper, Santiago Bueras, San Rosendo, Provincia de Bío-Bío, Región del Biobío, 4570000, Chile",nominatim
DEL BIOBIO,BIOBIO,SANTA BARBARA,ESCUELA BASICA CACIQUE LEVIAN,-37.6656582,-72.017476,"Cacique Levian, Santa Bárbara, Bío Bío, Chile",google
DEL BIOBIO,BIOBIO,SANTA BARBARA,ESCUELA BASICA ENRIQUE BERNSTEIN CARABANTES,-37.6691195,-72.0249096,"Diego Portales 155, Santa Bárbara, Bío Bío, Chile",google
DEL BIOBIO,BIOBIO,SANTA BARBARA,LICEO CARDENAL ANTONIO SAMORE,-37.6656074,-72.03256979999999,"Santa Bárbara, Bio Bio, Chile",google
DEL BIOBIO,BIOBIO,TUCAPEL,ESCUELA ALEJANDRO PEREZ URBANO,-37.2764955,-71.8333266,"Escuela F-1016 Alejandro Pérez Urbano, 447, Alejandro Pérez, Trupán Bajo, Trupán Norte, Trupán, Tucapel, Provincia de Bío-Bío, Región del Biobío, Chile",nominatim
DEL BIOBIO,BIOBIO,TUCAPEL,ESCUELA LOS AVELLANOS,-37.2887858,-71.721697,"Escuela F-1015 Los Avellanos, Ricardo Claro, Polcura, Tucapel, Provincia de Bío-Bío, Región del Biobío, Chile",nominatim
DEL BIOBIO,BIOBIO,TUCAPEL,ESCUELA LUIS MARTINEZ GONZALEZ,-37.2394233,-71.9410805,"Escuela D-1228 Luis Martínez González, Diego Portales, Huépil, Tucapel, Provincia de Bío-Bío, Región del Biobío, 4480000, Chile",nominatim
DEL BIOBIO,BIOBIO,TUCAPEL,LICEO ANDRES ALCAZAR DE TUCAPEL,-37.2906619,-71.9455884,"Liceo Andrés Alcázar, 240, Avenida Rústico Molina, Huequén, Tucapel, Provincia de Bío-Bío, Región del Biobío, Chile",nominatim
DEL BIOBIO,BIOBIO,TUCAPEL,LICEO DE HUEPIL,-37.2399597,-71.9421741,"Liceo de Huepil, 171, 12 de Febrero, Huépil, Tucapel, Provincia de Bío-Bío, Región del Biobío, 4480000, Chile",nominatim
DEL BIOBIO,BIOBIO,YUMBEL,ESCUELA ENRIQUE PUFFE KIND,-37.2127483,-72.4339034,"Escuela Enrique Puffe Kind, 4766, Camino a La Aguada, La Aguada, Yumbel, Provincia de Bío-Bío, Región del Biobío, Chile",nominatim
DEL BIOBIO,BIOBIO,YUMBEL,ESCUELA HEROES DE CHILE,-37.100917,-72.5603595,"Escuela Héroes de Chile - E-115, Freire, Villa San Pedro, Yumbel, Provincia de Bío-Bío, Región del Biobío, Chile",nominatim
DEL BIOBIO,BIOBIO,YUMBEL,ESCUELA MUNICIPAL RERE,-37.1329651,-72.7271614,"Escuela Municipal Rere, 175, Pedro Aguirre Cerda, Rere, Yumbel, Provincia de Bío-Bío, Región del Biobío, Chile",nominatim
DEL BIOBIO,BIOBIO,YUMBEL,ESCUELA PADRE PEDRO CAMPOS MENCHACA,-36.9877714,-72.6235129,"Escuela Padre Pedro Campos Menchaca, 50, Balmaceda, Tomeco, Yumbel, Provincia de Bío-Bío, Región del Biobío, Chile",nominatim
DEL BIOBIO,BIOBIO,YUMBEL,INSTITUTO SAN SEBASTIAN BASICO,-37.0961965,-72.5611462,"Quezada 451, Yumbel, Bío Bío, Chile",google
DEL BIOBIO,BIOBIO,YUMBEL,LICEO MUNICIPAL RIO CLARO,-37.1974974,-72.6222685,"Liceo Municipal Río Claro, 440, Bernardo O'Higgins, Pozo de Oro, Río Claro, Yumbel, Provincia de Bío-Bío, Región del Biobío, Chile",nominatim
DEL BIOBIO,BIOBIO,YUMBEL,LICEO PADRE LUIS ALBERTO SALDES IRARRAZABAL,-37.096618,-72.5648832,"Quezada 750, 4580000 Yumbel, Bío Bío, Chile",google
DEL BIOBIO,BIOBIO,YUMBEL,LICEO TECNICO PROFESIONAL GONZALO GUGLIELMI MONTIEL,-37.1425612,-72.5391482,"Liceo Técnico Profesional Gonzalo Guglielmi Montiel, 369, Ignacio Carrera Pinto, Estación Yumbel, Yumbel, Provincia de Bío-Bío, Región del Biobío, Chile",nominatim
DEL BIOBIO,CONCEPCION,CHIGUAYANTE,COLEGIO AURORA DE CHILE CHIGUAYANTE,-36.9328768,-73.0215131,"Colegio Aurora de Chile Sur, Manuel Rodríguez, Libertad, Chiguayante, Provincia de Concepción, Región del Biobío, 4100812, Chile",nominatim
DEL BIOBIO,CONCEPCION,CHIGUAYANTE,COLEGIO AURORA DE CHILE SUR,-36.9328768,-73.0215131,"Colegio Aurora de Chile Sur, Manuel Rodríguez, Libertad, Chiguayante, Provincia de Concepción, Región del Biobío, 4100812, Chile",nominatim
DEL BIOBIO,CONCEPCION,CHIGUAYANTE,COLEGIO CONCEPCION CHIGUAYANTE,-36.9026874,-73.0279701,"Colegio Concepción Chiguayante, 180, Avenida Colón, Villa Docencia, Chiguayante, Provincia de Concepción, Región del Biobío, 4100734, Chile",nominatim
DEL BIOBIO,CONCEPCION,CHIGUAYANTE,COLEGIO CONCEPCION PEDRO DE VALDIVIA,-36.8573672,-73.0487823,"Colegio Concepción, 1945, Avenida Pedro de Valdivia, Chiguayante, Provincia de Concepción, Región del Biobío, 4040237, Chile",nominatim
DEL BIOBIO,CONCEPCION,CHIGUAYANTE,COLEGIO MADRE PAULINA,-36.939757,-73.0103272,"Colegio Madre Paulina, O'Higgins, Población La Estrella, Chiguayante, Provincia de Concepción, Región del Biobío, 4100746, Chile",nominatim
DEL BIOBIO,CONCEPCION,CHIGUAYANTE,COLEGIO PARTICULAR AURORA DE CHILE,-36.9259718,-73.025525,"Colegio Particular Aurora de Chile, 604, Manuel Rodríguez, Población Olombi Banna, Chiguayante, Provincia de Concepción, Región del Biobío, 4100812, Chile",nominatim
DEL BIOBIO,CONCEPCION,CHIGUAYANTE,COLEGIO SAN PATRICIO,-36.9228679,-73.029305,"Colegio San Patricio, 567, Cochrane, Población Santo Tomás, Chiguayante, Provincia de Concepción, Región del Biobío, 4100730, Chile",nominatim
DEL BIOBIO,CONCEPCION,CHIGUAYANTE,COLEGIO THE PACIFIC SCHOOL,-36.9087623,-73.027324,"Lautaro 185, Chiguayante, Bío Bío, Chile",google
DEL BIOBIO,CONCEPCION,CHIGUAYANTE,ESCUELA BALMACEDA SAAVEDRA LAULHERE,-36.9558445,-73.0179433,"Escuela Balmaceda Saavedra Laulhere, Calle 2, Leonera Medio, Chiguayante, Provincia de Concepción, Región del Biobío, 4100807, Chile",nominatim
DEL BIOBIO,CONCEPCION,CHIGUAYANTE,ESCUELA BASICA REPUBLICA DE GRECIA,-36.9558768,-73.01572709999999,"Escocia, 4111069 Chiguayante, Bío Bío, Chile",google
DEL BIOBIO,CONCEPCION,CHIGUAYANTE,ESCUELA BELGICA,-36.9301748,-73.02837,"Escuela Básica Bélgica, 316, Avenida Los Héroes, Chiguayante Sur, Chiguayante, Provincia de Concepción, Región del Biobío, 4100784, Chile",nominatim
DEL BIOBIO,CONCEPCION,CHIGUAYANTE,INSTITUTO HUMANIDADES MONSEÑOR JOSE MANUEL SANTO ASCARZA,-36.9427778,-73.0180999,"Los Aromos 2-72, Chiguayante, Bío Bío, Chile",google
DEL BIOBIO,CONCEPCION,CHIGUAYANTE,LICEO CHIGUAYANTE,-36.9230106,-73.0308293,"Liceo Chiguayante, Cochrane, Población Santo Tomás, Chiguayante, Provincia de Concepción, Región del Biobío, 4100783, Chile",nominatim
DEL BIOBIO,CONCEPCION,CONCEPCION,C.P. BIOBIO,-36.8184811,-73.0741724,"Biobío, Concepción, Bío Bío, Chile",google
DEL BIOBIO,CONCEPCION,CONCEPCION,CENTRO INTEGRADO DE EDUCACION ESPECIAL,-36.8201352,-73.0443904,"Concepción, Bio Bio, Chile",google
DEL BIOBIO,CONCEPCION,CONCEPCION,COLEGIO ALMONDALE LOMAS,-36.7753842,-73.0438037,"Sta. Teresa de los Andes 265, Concepción, Bío Bío, Chile",google
DEL BIOBIO,CONCEPCION,CONCEPCION,COLEGIO BICENTENARIO ESPAÑA,-36.8240023,-73.0364381,"Av. Roosevelt 1596, Concepción, Bío Bío, Chile",google
DEL BIOBIO,CONCEPCION,CONCEPCION,COLEGIO CREACION CONCEPCION,-36.821485,-73.0191183,"Arturo Pérez Canto 902, 4050269 Concepción, Bío Bío, Chile",google
DEL BIOBIO,CONCEPCION,CONCEPCION,COLEGIO DEL SAGRADO CORAZON,-36.8260244,-73.055819,"Maipú 349, 4030000 Concepción, Bío Bío, Chile",google
DEL BIOBIO,CONCEPCION,CONCEPCION,COLEGIO GRAN BRETAÑA,-36.8200805,-73.05285429999999,"Manuel Bulnes 760, 4030278 Concepción, Bío Bío, Chile",google
DEL BIOBIO,CONCEPCION,CONCEPCION,COLEGIO INMACULADA CONCEPCION,-36.8279948,-73.0486526,"Anibal Pinto 340, 4070132 Concepción, Bío Bío, Chile",google
DEL BIOBIO,CONCEPCION,CONCEPCION,COLEGIO LA PROVIDENCIA,-36.8224688,-73.03972449999999,"Lautaro 487, 4070018 Concepción, Bío Bío, Chile",google
DEL BIOBIO,CONCEPCION,CONCEPCION,COLEGIO MADRES DOMINICAS CONCEPCION,-36.828456,-73.0579434,"Freire 114, 4030621 Concepción, Bío Bío, Chile",google
DEL BIOBIO,CONCEPCION,CONCEPCION,COLEGIO MARIA INMACULADA,-36.82183,-73.06013,"Gral Cruz 250, 4030409 Concepción, Bío Bío, Chile",google
DEL BIOBIO,CONCEPCION,CONCEPCION,COLEGIO MARINA DE CHILE,-36.8093226,-73.073796,"Marina de Chile 2836, 4060726 Concepción, Bío Bío, Chile",google
DEL BIOBIO,CONCEPCION,CONCEPCION,COLEGIO SALESIANO CONCEPCION,-36.8191818,-73.03458959999999,"Av. San Juan Bosco 140, 4070529 Concepción, Bío Bío, Chile",google
DEL BIOBIO,CONCEPCION,CONCEPCION,COLEGIO SAN PEDRO NOLASCO CONCEPCION,-36.8239467,-73.0474883,"Freire 959, 4030513 Concepción, Bío Bío, Chile",google
DEL BIOBIO,CONCEPCION,CONCEPCION,COLEGIO SANTA EUFRASIA,-36.8153908,-73.0391334,"Lientur 1002, 4081351 Concepción, Bío Bío, Chile",google
DEL BIOBIO,CONCEPCION,CONCEPCION,COLEGIO SANTA LUISA DE CONCEPCION,-36.8124829,-73.0736507,"Arturo Prat 2673, 4060986 Concepción, Bío Bío, Chile",google
DEL BIOBIO,CONCEPCION,CONCEPCION,COLEGIO SANTA SABINA,-36.7894676,-73.04281329999999,"Los Lleuques 1477, 4030000 Concepción, Bío Bío, Chile",google
DEL BIOBIO,CONCEPCION,CONCEPCION,COLEGIO TECNICO PROFESIONAL LOS ACACIOS,-36.8075905,-73.0275746,"Pje. Los Acacios, Concepción, Bío Bío, Chile",google
DEL BIOBIO,CONCEPCION,CONCEPCION,COLEGIO VILLA NONGUEN,-36.8312248,-73.00706679999999,"Río Loa 75 Villa Nonguén - Río Loa 1383, 4050886 Concepción, Bío Bío, Chile",google
DEL BIOBIO,CONCEPCION,CONCEPCION,ESCUELA BASICA AGUA DE LA GLORIA,-36.8314298,-72.9212088,"Ruta 146 & Ruta 148,Concepción, Región del Bío Bío, Chile - Ruta N-48-O, Concepción, Región del Biobío, Chile",google
DEL BIOBIO,CONCEPCION,CONCEPCION,ESCUELA BASICA RENE LOUVEL BERT,-36.8199996,-73.01512480000001,"Collao 1165, 4050181 Concepción, Bío Bío, Chile",google
DEL BIOBIO,CONCEPCION,CONCEPCION,ESCUELA DIEGO PORTALES PALAZUELOS,-36.8010492,-73.0360007,"Principal 355, 4080457 Concepción, Bío Bío, Chile",google
DEL BIOBIO,CONCEPCION,CONCEPCION,ESCUELA PALESTINA DE PALOMARES,-36.8273824,-72.99364059999999,"30 - Nonguén 28, 4051102 Concepción, Bío Bío, Chile",google
DEL BIOBIO,CONCEPCION,CONCEPCION,INSTITUTO DE HUMANIDADES ALFREDO SILVA SANTIAGO,-36.8311809,-73.0450822,"Colo Colo 24, Concepción, Bío Bío, Chile",google
DEL BIOBIO,CONCEPCION,CONCEPCION,LICEO COMERCIAL ENRIQUE OYARZUN MONDACA,-36.8297035,-73.0495844,"Caupolicán 201, 4070253 Concepción, Bío Bío, Chile",google
DEL BIOBIO,CONCEPCION,CONCEPCION,LICEO COMERCIAL FEMENINO DE CONCEPCION,-36.8239532,-73.05675819999999,"Las Heras 355, 4030484 Concepción, Bío Bío, Chile",google
DEL BIOBIO,CONCEPCION,CONCEPCION,LICEO DE ADULTOS JOSE MANUEL BALMACEDA FERNANDEZ,-36.8173018,-73.0440789,"Juan Martínez de Rozas 1445, Concepción, Bío Bío, Chile",google
DEL BIOBIO,CONCEPCION,CONCEPCION,LICEO DE NIÑAS,-36.8300362,-73.0507892,"Lincoyán 248, 4070233 Concepción, Bío Bío, Chile",google
DEL BIOBIO,CONCEPCION,CONCEPCION,LICEO DOMINGO SANTA MARIA,-36.8127226,-73.0336006,"Sta. María 2350, 4080897 Concepción, Bío Bío, Chile",google
DEL BIOBIO,CONCEPCION,CONCEPCION,LICEO INDUSTRIAL DE CONCEPCION,-36.8217126,-73.0095734,"Collao 1602, 4051381 Concepción, Bío Bío, Chile",google
DEL BIOBIO,CONCEPCION,CONCEPCION,LICEO LUCERO GONZALEZ,-36.8348029,-73.0046358,"Cam. Nonguén 1273, 4051029 Concepción, Bío Bío, Chile",google
DEL BIOBIO,CONCEPCION,CONCEPCION,LICEO POLIVALENTE LORENZO ARENAS OLIVO,-36.8115886,-73.077491,"IV Centenario 215, 4060905 Concepción, Bío Bío, Chile",google
DEL BIOBIO,CONCEPCION,CONCEPCION,LICEO REPUBLICA DE ISRAEL,-36.8162467,-73.0414626,"Juan Martínez de Rozas 1645, 4081375 Concepción, Bío Bío, Chile",google
DEL BIOBIO,CONCEPCION,CONCEPCION,LICEO REPUBLICA DEL ECUADOR,-36.8469042,-73.05112260000001,"Av. Pedro de Valdivia 1111, Concepción, Chiguayante, Bío Bío, Chile",google
DEL BIOBIO,CONCEPCION,CONCEPCION,LICEO SAN AGUSTIN DE CONCEPCION,-36.8276159,-73.0446075,"Tucapel 219, 4070127 Concepción, Bío Bío, Chile",google
DEL BIOBIO,CONCEPCION,CONCEPCION,LICEO TECNICO FEMENINO A-29 DE CONCEPCION,-36.83246159999999,-73.0480961,"Víctor Lamas 567, 4070282 Concepción, Bío Bío, Chile",google
DEL BIOBIO,CONCEPCION,CONCEPCION,LICEO TECNICO PROFESIONAL JORGE SANCHEZ UGARTE,-36.8058101,-73.04602229999999,"Liceo Tecnico Profecional Jorge Sanchez Ugarte Calle - Juan de Dios Rivera, Concepción, 4061376 Concepción, Bío Bío, Chile",google
DEL BIOBIO,CONCEPCION,CONCEPCION,UCSC EDIFICIO FACEA,-36.8327711,-73.0342093,"FACEA, Concepción, Bío Bío, Chile",google
DEL BIOBIO,CONCEPCION,CONCEPCION,"UNIVERSIDAD DE LAS AMERICAS CAMPUS EL BOLDAL, SEDE CONCEPCI",-36.7833111,-73.05842129999999,"Av. Pdte. Jorge Alessandri Rodriguez 1160, 4100000 Concepción, Bío Bío, Chile",google
DEL BIOBIO,CONCEPCION,CONCEPCION,UNIVERSIDAD SANTO TOMAS SEDE CONCEPCIÓN,-36.8263376,-73.0616253,"Arturo Prat 879, Concepción, Bío Bío, Chile",google
DEL BIOBIO,CONCEPCION,CORONEL,COLEGIO AMANECER CORONEL,-36.9940584,-73.1620881,"Colegio Amanecer, José Santos Ossa, Población Bernardo O'Higgins, Coronel, Provincia de Concepción, Región del Biobío, 4190000, Chile",nominatim
DEL BIOBIO,CONCEPCION,CORONEL,COLEGIO POLIVALENTE DOMINGO PARRA CORVALAN,-36.986775,-73.152918,"Colegio Polivalente Domingo Parra Corvalán, Pasaje Canelillo, Moisés Silva, Coronel, Provincia de Concepción, Región del Biobío, 4190000, Chile",nominatim
DEL BIOBIO,CONCEPCION,CORONEL,ESCUELA ARTURO HUGHES CERNA,-36.982389,-73.1585374,"Escuela Arturo Hughes Cerna F-690, 1442, Las Quilas, Lagunillas, Coronel, Provincia de Concepción, Región del Biobío, 4190000, Chile",nominatim
DEL BIOBIO,CONCEPCION,CORONEL,ESCUELA BASICA JAVIERA CARRERA,-37.0151636,-73.1532698,"Escuela Básica D-673 Javiera Carrera, 696, 3 Oriente, Población Libertad, Coronel, Provincia de Concepción, Región del Biobío, 4190000, Chile",nominatim
DEL BIOBIO,CONCEPCION,CORONEL,ESCUELA BASICA PATAGUAL,-37.0185169,-73.0221772,"El Patagual, Coronel, Bío Bío, Chile",google
DEL BIOBIO,CONCEPCION,CORONEL,ESCUELA BASICA PLAYAS NEGRAS,-37.0366948,-73.1441163,"Escuela Básica Playas Negras D-667, 126, Laguna del Desierto, Playas Negras, Coronel, Provincia de Concepción, Región del Biobío, Chile",nominatim
DEL BIOBIO,CONCEPCION,CORONEL,ESCUELA ESCUADRON,-36.9553835,-73.1485335,"Escuela Escuadrón, Avenida Galvarino, Parque La Posada, Coronel, Provincia de Concepción, Región del Biobío, Chile",nominatim
DEL BIOBIO,CONCEPCION,CORONEL,ESCUELA FRANCISCO COLOANE,-37.0455276,-73.5132267,"ESCUELA Francisco Coloane, Alonso de Ercilla, Puerto Sur, Coronel, Provincia de Concepción, Región del Biobío, Chile",nominatim
DEL BIOBIO,CONCEPCION,CORONEL,ESCUELA GENARO RIOS CAMPOS,-37.0053917,-73.1459832,"Escuela Genaro Ríos Campos, Río Llanquihue, Villa Nuevo Horizonte, Coronel, Provincia de Concepción, Región del Biobío, 4190000, Chile",nominatim
DEL BIOBIO,CONCEPCION,CORONEL,ESCUELA JORGE ROJAS MIRANDA,-37.021501,-73.149405,"Avenida La Paz N° 198 - Cerro Merquín, Coronel, Coronel, Bío Bío, Chile",google
DEL BIOBIO,CONCEPCION,CORONEL,ESCUELA JUAN JOSE LATORRE BENAVENTE,-36.97545,-73.5289387,"Escuela Juan Jose Latorre Benavente, Camino Puerto Norte - Puerto Sur, Caleta Inglés Bajo, Puerto Norte, Puerto Sur, Coronel, Provincia de Concepción, Región del Biobío, Chile",nominatim
DEL BIOBIO,CONCEPCION,CORONEL,ESCUELA OCTAVIO SALINAS CARIAGA,-37.0077264,-73.1616635,"Colegio Octavio Salinas Cariaga, Millabú, Villa Mora, Schwager, Coronel, Provincia de Concepción, Región del Biobío, 4190000, Chile",nominatim
DEL BIOBIO,CONCEPCION,CORONEL,ESCUELA REMIGIO CASTRO ABURTO,-37.0300416,-73.1453685,"Balmaceda 120, Coronel, Bío Bío, Chile",google
DEL BIOBIO,CONCEPCION,CORONEL,ESCUELA ROSITA RENARD,-37.0022319,-73.1644957,"Escuela D-648 Rosita Renard, 01501, Gabriela Mistral, Camilo Olavarría, Coronel, Provincia de Concepción, Región del Biobío, 4190000, Chile",nominatim
DEL BIOBIO,CONCEPCION,CORONEL,ESCUELA VISTA HERMOSA,-37.0255709,-73.1316972,"Escuela Vista Hermosa, Los Acacios, Corcovado, Coronel, Provincia de Concepción, Región del Biobío, Chile",nominatim
DEL BIOBIO,CONCEPCION,CORONEL,INSTITUTO DE HUMANIDADES ANTONIO MORENO CASAMITJANA,-36.9820177,-73.1671175,"Instituto de Humanidades Antonio Moreno Casamitjana, Volcán Lonquimay, Escuadrón Sur, Coronel, Provincia de Concepción, Región del Biobío, 4190000, Chile",nominatim
DEL BIOBIO,CONCEPCION,CORONEL,LICEO ANTONIO SALAMANCA MORALES,-37.0282718,-73.1469029,"Cochrane 79, 4200839 Coronel, Bío Bío, Chile",google
DEL BIOBIO,CONCEPCION,CORONEL,LICEO BICENTENARIO DE CORONEL,-36.9683294,-73.1466637,"Liceo Bicentenario de Coronel, 4620, Avenida La Mora, Villa Rehue, Coronel, Provincia de Concepción, Región del Biobío, Chile",nominatim
DEL BIOBIO,CONCEPCION,CORONEL,LICEO BICENTENARIO DE EXCELENCIA INDUSTRIAL METODISTA CORON,-37.0339745,-73.14052149999999,"Coronel, Bio Bio, Chile",google
DEL BIOBIO,CONCEPCION,CORONEL,LICEO BICENTENARIO DE EXCELENCIA TECNOLOGICO FEDERICO SCHWA,-36.9696206,-73.146855,"Coronel, Bio Bio, Chile",google
DEL BIOBIO,CONCEPCION,CORONEL,LICEO COMERCIAL ANDRES BELLO LOPEZ,-37.0116316,-73.1555626,"Liceo Comercial Andrés Bello López, Manuel Montt, Villa Mora, Coronel, Provincia de Concepción, Región del Biobío, 4190000, Chile",nominatim
DEL BIOBIO,CONCEPCION,CORONEL,LICEO TECNICO PROFESIONAL DE LA MADERA,-36.97661,-73.16408,"Cordillera 3581, Coronel, Bío Bío, Chile",google
DEL BIOBIO,CONCEPCION,CORONEL,LICEO YOBILO DE CORONEL,-37.0072007,-73.153558,"Liceo Yobilo, Pereira, Villa Mora, Coronel, Provincia de Concepción, Región del Biobío, 4190000, Chile",nominatim
DEL BIOBIO,CONCEPCION,FLORIDA,ESCUELA BASICA FLORIDA,-36.8258837,-72.6613069,"Básica Florida, Carlos Condell, Población El Esfuerzo, Florida, Provincia de Concepción, Región del Biobío, Chile",nominatim
DEL BIOBIO,CONCEPCION,FLORIDA,LICEO COPIULEMU,-36.899417,-72.8046345,"Liceo Copiulemu, Las Rosas, Copiulemu, Florida, Provincia de Concepción, Región del Biobío, Chile",nominatim
DEL BIOBIO,CONCEPCION,FLORIDA,LICEO INES ENRIQUEZ FRODDEN,-36.822413,-72.6534835,"Liceo ines Enríquez frodden, 1099, Sargento Aldea, Población El Esfuerzo, Florida, Provincia de Concepción, Región del Biobío, Chile",nominatim
DEL BIOBIO,CONCEPCION,HUALPEN,COLEGIO ALONKURA,-36.7912293,-73.0928299,"Av. Curanilahue 471, Hualpén, Bío Bío, Chile",google
DEL BIOBIO,CONCEPCION,HUALPEN,COLEGIO BASICO VILLA ACERO,-36.7970505,-73.0938676,"Quirihue 8780, 4602673 Hualpén, Bío Bío, Chile",google
DEL BIOBIO,CONCEPCION,HUALPEN,COLEGIO DE LOS SAGRADOS CORAZONES,-36.80082180000001,-73.0847203,"Av. Cristóbal Colón 8956, 4600160 Concepción, Hualpén, Bío Bío, Chile",google
DEL BIOBIO,CONCEPCION,HUALPEN,COLEGIO MONTANER DE HUALPEN,-36.787292,-73.1104764,"Colegio Montaner, 1911, Avenida Grecia, Hualpencillo, Hualpén, Provincia de Concepción, Región del Biobío, 4600000, Chile",nominatim
DEL BIOBIO,CONCEPCION,HUALPEN,COLEGIO PARQUE CENTRAL,-36.7919865,-73.07984739999999,"Los Zorzales 7935, Hualpén, Bío Bío, Chile",google
DEL BIOBIO,CONCEPCION,HUALPEN,COLEGIO PRESTON SCHOOL,-36.7987085,-73.1070146,"Av. Gran Bretaña 4630, Hualpén, Bío Bío, Chile",google
DEL BIOBIO,CONCEPCION,HUALPEN,COLEGIO RUCALHUE,-36.7992438,-73.1012118,"Av. Rucalhue 780, 4603244 Hualpén, Bío Bío, Chile",google
DEL BIOBIO,CONCEPCION,HUALPEN,ESCUELA BLANCA ESTELA PRAT CARVAJAL,-36.7895516,-73.1041696,"Escuela Blanca Estela Prat Carvajal, 3421, Bulgaria, Hualpencillo, Hualpén, Provincia de Concepción, Región del Biobío, 4600000, Chile",nominatim
DEL BIOBIO,CONCEPCION,HUALPEN,ESCUELA HELEN KELLER ADAMS,-36.78451099999999,-73.0985223,"Finlandia 932, Helen Keller and Thomas Jefferson Schools, Hualpén, Bío Bío, Chile",google
DEL BIOBIO,CONCEPCION,HUALPEN,ESCUELA REPUBLICA DEL PERU,-36.7858171,-73.11575789999999,"Hungria 2970, Hualpén, Bío Bío, Chile",google
DEL BIOBIO,CONCEPCION,HUALPEN,ESCUELA THOMAS JEFFERSON D 465,-36.7845038,-73.0978946,"Finlandia, 4602081 Hualpén, Bío Bío, Chile",google
DEL BIOBIO,CONCEPCION,HUALPEN,LICEO INDUSTRIAL DE LA CONSTRUCCION HERNAN VALENZUELA LEYTO,-36.7823821,-73.1024651,"Bucarest 2750, 4603254 Hualpén, Bío Bío, Chile",google
DEL BIOBIO,CONCEPCION,HUALPEN,LICEO SIMON BOLIVAR,-36.7944542,-73.0899366,"Frutillar 8630, Hualpén, Bío Bío, Chile",google
DEL BIOBIO,CONCEPCION,HUALPEN,LICEO TECNICO PROFESIONAL LUCILA GODOY ALCAYAGA,-36.781569,-73.1090409,"Suiza 2692, 4600954 Hualpén, Bío Bío, Chile",google
DEL BIOBIO,CONCEPCION,HUALPEN,LICEO TECNICO PROFESIONAL PEDRO DEL RIO ZAÑARTU,-36.7970508,-73.15273909999999,"Museo Pedro del Río Zañartu Park - Fundo Hualpen S/N, Hualpén, Bío Bío, Chile",google
DEL BIOBIO,CONCEPCION,HUALQUI,COLEGIO CHRISTIAN COLLEGE,-36.9753158,-72.9342133,"Christian College, 365, Ramón Freire, Camposanto, Hualqui, Provincia de Concepción, Región del Biobío, 4180000, Chile",nominatim
DEL BIOBIO,CONCEPCION,HUALQUI,ESCUELA BASICA LOS LIBERTADORES,-36.96673639999999,-72.9318708,"C. Chile 405, Hualqui, Bío Bío, Chile",google
DEL BIOBIO,CONCEPCION,HUALQUI,ESCUELA CARLOS ALBERTO FERNANDEZ CASTILLO,-36.9723471,-72.9364855,"4180482 Hualqui, Bio Bio, Chile",google
DEL BIOBIO,CONCEPCION,HUALQUI,ESCUELA NUEVA REPUBLICA,-36.9676645,-72.93063839999999,"Pasaje Onas 451, población - Alonso de Ercilla 2, 4180226 Hualqui, Bío Bío, Chile",google
DEL BIOBIO,CONCEPCION,HUALQUI,LICEO SAN JUAN BAUTISTA DE HUALQUI,-36.973326,-72.9346566,"Bernardo O'Higgins 635, Hualqui, Bío Bío, Chile",google
DEL BIOBIO,CONCEPCION,LOTA,COLEGIO ANGEL DE PEREDO,-37.0912329,-73.1556655,"Escuela E-703 Ángel de Peredo, Caupolicán, Barrio Chino, Lota Bajo, Lota, Provincia de Concepción, Región del Biobío, Chile",nominatim
DEL BIOBIO,CONCEPCION,LOTA,ESCUELA BASICA BELLO HORIZONTE,-37.0772192,-73.15258639999999,"Vista Hermosa 1165, Lota, Bío Bío, Chile",google
DEL BIOBIO,CONCEPCION,LOTA,ESCUELA BASICA SANTA MARIA DE GUADALUPE,-37.0949745,-73.1557754,"Escuela Básica Santa María de Guadalupe, 297, Pedro Aguirre Cerda, Población Sotomayor, Lota Bajo, Lota, Provincia de Concepción, Región del Biobío, Chile",nominatim
DEL BIOBIO,CONCEPCION,LOTA,ESCUELA BASICA VALLE DE COLCURA,-37.110918,-73.1480407,"Colcura, Lota, Bio Bio, Chile",google
DEL BIOBIO,CONCEPCION,LOTA,ESCUELA ISIDORA GOYENECHEA,-37.0843819,-73.153763,"Escuela Isidora Goyenechea, Darío Salas, Gabriela Mistral, Lota Alto, Lota, Provincia de Concepción, Región del Biobío, Chile",nominatim
DEL BIOBIO,CONCEPCION,LOTA,GIMNASIO MUNICIPAL,-37.0883478,-73.162798,"Gimnasio Municipal de Lota, Los Copihues, El Parque, Lota Alto, Lota, Provincia de Concepción, Región del Biobío, Chile",nominatim
DEL BIOBIO,CONCEPCION,LOTA,INSTITUTO HUMANIDADES SAN FRANCISCO DE ASIS,-37.0787487,-73.1561196,"Carlos Cousiño 889, 4210766 Lota, Bío Bío, Chile",google
DEL BIOBIO,CONCEPCION,LOTA,LICEO BALDOMERO LILLO FIGUEROA,-37.0925078,-73.1554096,"Carrera 501-599, Lota, Bío Bío, Chile",google
DEL BIOBIO,CONCEPCION,LOTA,LICEO CARLOS COUSIÑO GOYENECHEA,-37.0848413,-73.162403,"Liceo Carlos Cousiño Goyenechea, Carlos Cousiño, El Parque, Lota Alto, Lota, Provincia de Concepción, Región del Biobío, Chile",nominatim
DEL BIOBIO,CONCEPCION,LOTA,LICEO COMERCIAL PRESIDENTE FREI MONTALVA,-37.0728948,-73.1485861,"Liceo Comercial Presidente Frei Montalva, 348, Avenida Playa Blanca, Playa Blanca, Lota, Provincia de Concepción, Región del Biobío, Chile",nominatim
DEL BIOBIO,CONCEPCION,LOTA,LICEO THOMPSON MATTHEWS,-37.084771,-73.1615286,"Juan Manuel Valle 430, 4210000 Lota, Bío Bío, Chile",google
DEL BIOBIO,CONCEPCION,PENCO,COLEGIO EL REFUGIO,-36.7405386,-72.9979279,"Colegio El Refugio, O'Higgins, Población Pedro de Valdivia, Penco, Provincia de Concepción, Región del Biobío, Chile",nominatim
DEL BIOBIO,CONCEPCION,PENCO,ESCUELA ALMIRANTE JORGE MONTT ALVAREZ,-36.7289963,-72.9898358,"Lorenzo Rivero 338, Cerro Verde Alto, 4140314 Penco, Concepcion, Bío Bío, Chile",google
DEL BIOBIO,CONCEPCION,PENCO,ESCUELA ALMIRANTE PATRICIO LYNCH,-36.7132847,-72.9769444,"Escuela Almirante Patricio Lynch, 6, Camilo Henríquez, Barrio Chino, Lirquén, Penco, Provincia de Concepción, Región del Biobío, Chile",nominatim
DEL BIOBIO,CONCEPCION,PENCO,ESCUELA BASICA FORJADORES DE CHILE,-36.7428493,-73.0045923,"Escuela Básica Forjadores de Chile, Eusebio Lillo, Forjadores de Chile, Penco, Provincia de Concepción, Región del Biobío, Chile",nominatim
DEL BIOBIO,CONCEPCION,PENCO,ESCUELA BASICA LOS CONQUISTADORES,-36.7359605,-72.9938451,"176, - Cochrane 100, 4150186 Penco, Bío Bío, Chile",google
DEL BIOBIO,CONCEPCION,PENCO,ESCUELA EDUARDO CAMPBELL SAAVEDRA,-36.7253749,-72.9909053,"Central 445, Cerro Verde Bajo Penco, Penco, Concepcion, Bío Bío, Chile",google
DEL BIOBIO,CONCEPCION,PENCO,ESCUELA ISLA DE PASCUA,-36.7378365,-72.99383,"Colegio Isla de Pascua, 485, Las Heras, Población Pedro de Valdivia, Penco, Provincia de Concepción, Región del Biobío, Chile",nominatim
DEL BIOBIO,CONCEPCION,PENCO,ESCUELA LA GREDA,-36.7675541,-73.0136399,"Escuela la Greda, 23, 2 Poniente, La Greda, Penco, Provincia de Concepción, Región del Biobío, 4091007, Chile",nominatim
DEL BIOBIO,CONCEPCION,PENCO,ESCUELA PENCO,-36.7430054,-72.9919826,"Escuela Penco, 295, Maitén, Población Miraflores, Penco, Provincia de Concepción, Región del Biobío, Chile",nominatim
DEL BIOBIO,CONCEPCION,PENCO,ESCUELA REPUBLICA DE ITALIA,-36.7422194,-73.0000142,"Roberto Ovalle 02, Penco, Bío Bío, Chile",google
DEL BIOBIO,CONCEPCION,PENCO,LICEO PENCOPOLITANO,-36.7386422,-73.0002425,"Liceo Pencopolitano, 51, San Vicente, Bellavista, Penco, Provincia de Concepción, Región del Biobío, 4140000, Chile",nominatim
DEL BIOBIO,CONCEPCION,SAN PEDRO DE LA PAZ,COLEGIO ALEMAN DE CONCEPCION,-36.8510891,-73.0930103,"Cam. El Venado 1075, San Pedro de la Paz, Bío Bío, Chile",google
DEL BIOBIO,CONCEPCION,SAN PEDRO DE LA PAZ,COLEGIO CONCEPCION LOS HUERTOS,-36.8374039,-73.1067479,"Colegio Concepción San Pedro (Campus Huertos), Las Margaritas, Villa Los Pensamientos, San Pedro de la Paz, Provincia de Concepción, Región del Biobío, 4600000, Chile",nominatim
DEL BIOBIO,CONCEPCION,SAN PEDRO DE LA PAZ,COLEGIO EDUCA BIOBIO,-36.8540313,-73.1425899,"Colegio Educa Bío Bío, Tucapel, Villa Las Flores, San Pedro de la Paz, Provincia de Concepción, Región del Biobío, 4121707, Chile",nominatim
DEL BIOBIO,CONCEPCION,SAN PEDRO DE LA PAZ,COLEGIO FRATERNIDAD,-36.8816523,-73.1451977,"Colegio Fraternidad, 400, Avenida Los Parques, Barrio Arboleda, San Pedro de la Paz, Provincia de Concepción, Región del Biobío, 4120000, Chile",nominatim
DEL BIOBIO,CONCEPCION,SAN PEDRO DE LA PAZ,COLEGIO GALVARINO,-36.8779809,-73.1374722,"Colegio Galvarino, 6293, Ruta 160, La Foresta, San Pedro de la Paz, Provincia de Concepción, Región del Biobío, 4121707, Chile",nominatim
DEL BIOBIO,CONCEPCION,SAN PEDRO DE LA PAZ,COLEGIO INSTITUTO SAN PEDRO,-36.8326352,-73.1141644,"Colegio Instituto San Pedro, 1975, Las Violetas, Villa Los Boldos, San Pedro de la Paz, Provincia de Concepción, Región del Biobío, 4600000, Chile",nominatim
DEL BIOBIO,CONCEPCION,SAN PEDRO DE LA PAZ,COLEGIO LOS EDUCADORES,-36.8272578,-73.1439888,"Colegio Los Educadores, 67, Saturno, Santa Inés, San Pedro de la Paz, Provincia de Concepción, Región del Biobío, Chile",nominatim
DEL BIOBIO,CONCEPCION,SAN PEDRO DE LA PAZ,COLEGIO NUEVOS HORIZONTES,-36.8504277,-73.1458084,"Colegio Nuevos Horizontes, Guacolda, San Pedro de la Costa 2, San Pedro de la Paz, Provincia de Concepción, Región del Biobío, 4121707, Chile",nominatim
DEL BIOBIO,CONCEPCION,SAN PEDRO DE LA PAZ,COLEGIO PARTICULAR ALBERTO BLEST GANA,-36.8976389,-73.1450081,"Pje. Alberto Blest Gana, San Pedro de la Paz, Bío Bío, Chile",google
DEL BIOBIO,CONCEPCION,SAN PEDRO DE LA PAZ,COLEGIO SAN IGNACIO,-36.8395192,-73.1206679,"Colegio San Ignacio Concepción, 2350, Paseo Los Batros, Villa Alonso de Ercilla, San Pedro de la Paz, Provincia de Concepción, Región del Biobío, 4121707, Chile",nominatim
DEL BIOBIO,CONCEPCION,SAN PEDRO DE LA PAZ,ESCUELA BASICA BOCA BIO BIO SUR,-36.8256349,-73.1445103,"Escuela Básica Nahuelbuta, Saturno, Santa Inés, San Pedro de la Paz, Provincia de Concepción, Región del Biobío, Chile",nominatim
DEL BIOBIO,CONCEPCION,SAN PEDRO DE LA PAZ,ESCUELA BASICA LUIS ALBERTO ACEVEDO,-36.8412713,-73.0914664,"Colo Colo 249, 4130328 San Pedro de la Paz, Bío Bío, Chile",google
DEL BIOBIO,CONCEPCION,SAN PEDRO DE LA PAZ,ESCUELA BASICA MICHAIHUE,-36.8412554,-73.1446931,"C. Uno 560, 4133135 San Pedro de la Paz, Bío Bío, Chile",google
DEL BIOBIO,CONCEPCION,SAN PEDRO DE LA PAZ,ESCUELA DARIO SALAS MARCHANT,-36.8411637,-73.1044957,"Escuela dario Salas Marchant, 39, Los Acacios, Villa García Hurtado, San Pedro de la Paz, Provincia de Concepción, Región del Biobío, 4070713, Chile",nominatim
DEL BIOBIO,CONCEPCION,SAN PEDRO DE LA PAZ,ESCUELA ENRIQUE SORO BARRIGA,-36.8336427,-73.1169262,"4132637 San Pedro de la Paz, Bio Bio, Chile",google
DEL BIOBIO,CONCEPCION,SAN PEDRO DE LA PAZ,ESCUELA MIGUEL JOSE ZAÑARTU SANTA MARIA,-36.8463968,-73.1003131,"Pedro de León 142-160, San Pedro de la Paz, Bío Bío, Chile",google
DEL BIOBIO,CONCEPCION,SAN PEDRO DE LA PAZ,ESCUELA PARTICULAR SAN JOSE,-36.8864351,-73.134616,"Los Castaños 7170, 4121701 San Pedro de la Paz, Bío Bío, Chile",google
DEL BIOBIO,CONCEPCION,SAN PEDRO DE LA PAZ,ESCUELA SARGENTO CANDELARIA PEREZ,-36.8267921,-73.1268989,"Escuela Básica Sargento Candelaria Perez, 918, Sargento Aldea, Los Nísperos, San Pedro de la Paz, Provincia de Concepción, Región del Biobío, 4600000, Chile",nominatim
DEL BIOBIO,CONCEPCION,SAN PEDRO DE LA PAZ,LICEO PARTICULAR LOS ANDES,-36.837268,-73.1374767,"Daniel Belmar 825, San Pedro de la Paz, 4130000 Biobío, San Pedro de la Paz, Bío Bío, Chile",google
DEL BIOBIO,CONCEPCION,SAN PEDRO DE LA PAZ,LICEO SAN PEDRO,-36.8395364,-73.110708,"Liceo San Pedro, Los Agustinos, Villa Los Robles, San Pedro de la Paz, Provincia de Concepción, Región del Biobío, 4600000, Chile",nominatim
DEL BIOBIO,CONCEPCION,SANTA JUANA,ESCUELA DIEGO PORTALES,-37.1711794,-72.9482493,"Escuela Diego Portales, Ignacio Carrera Pinto, Aldea Missouri, Santa Juana, Provincia de Concepción, Región del Biobío, Chile",nominatim
DEL BIOBIO,CONCEPCION,SANTA JUANA,ESCUELA PARTICULAR CLORINDA AVELLO,-37.1750076,-72.9399462,"Escuela Particular Clorinda Avello, 240, José Cardenio Avello, Población Alameda, Santa Juana, Provincia de Concepción, Región del Biobío, Chile",nominatim
DEL BIOBIO,CONCEPCION,SANTA JUANA,LICEO NUEVA ZELANDIA,-37.1807687,-72.9399756,"Liceo Nueva Zelandia, Ruta Mirador, Población Alameda, Santa Juana, Provincia de Concepción, Región del Biobío, Chile",nominatim
DEL BIOBIO,CONCEPCION,TALCAHUANO,COLEGIO AMANECER TALCAHUANO,-36.7519636,-73.0839227,"Colegio Amanecer, 4511, Avenida Claudio Gay Oriente, Vegas de Perales, Talcahuano, Provincia de Concepción, Región del Biobío, 4300329, Chile",nominatim
DEL BIOBIO,CONCEPCION,TALCAHUANO,COLEGIO ARTURO PRAT CHACON,-36.7761177,-73.089496,"Ejército 330, 4300278 Talcahuano, Bío Bío, Chile",google
DEL BIOBIO,CONCEPCION,TALCAHUANO,COLEGIO BASICO LOS LOBOS,-36.7204403,-73.1411172,"Colegio Básico Los Lobos, 193, Las Garzas, Los Lobos, Talcahuano, Provincia de Concepción, Región del Biobío, 4261172, Chile",nominatim
DEL BIOBIO,CONCEPCION,TALCAHUANO,COLEGIO BASICO NUEVA LOS LOBOS,-36.7139917,-73.1378761,"Playa El Galgo 1252, 4261133 Talcahuano, Bío Bío, Chile",google
DEL BIOBIO,CONCEPCION,TALCAHUANO,COLEGIO BASICO SAN VICENTE,-36.723513,-73.12255499999999,"Brasil 396, 4261422 Talcahuano, Bío Bío, Chile",google
DEL BIOBIO,CONCEPCION,TALCAHUANO,COLEGIO ESPIRITU SANTO,-36.7473216,-73.1017172,"Colegio Espíritu Santo, Avenida Desiderio García, Corvi, Talcahuano, Provincia de Concepción, Región del Biobío, 4300329, Chile",nominatim
DEL BIOBIO,CONCEPCION,TALCAHUANO,COLEGIO ETCHEGOYEN TALCAHUANO SEDE BRISAS DEL SOL,-36.7152421,-73.112071,"Aníbal Pinto 332, 4260000 Talcahuano, Bío Bío, Chile",google
DEL BIOBIO,CONCEPCION,TALCAHUANO,COLEGIO HUACHIPATO,-36.7431647,-73.1029305,"Colegio Huachipato, 306, Carlos Urzúa, Corvi, Talcahuano, Provincia de Concepción, Región del Biobío, 4261172, Chile",nominatim
DEL BIOBIO,CONCEPCION,TALCAHUANO,COLEGIO LOS CONDORES,-36.755362,-73.092987,"Colegio Los Condores, 4850, Las Hortensias, Los Girasoles, Talcahuano, Provincia de Concepción, Región del Biobío, 4300329, Chile",nominatim
DEL BIOBIO,CONCEPCION,TALCAHUANO,COLEGIO MIXTO INMACULADA CONCEPCION,-36.7155293,-73.1133319,"Colegio Mixto Inmaculada Concepción de Talcahuano, 271, Bulnes, Cerro David Fuentes, Talcahuano, Provincia de Concepción, Región del Biobío, 4261172, Chile",nominatim
DEL BIOBIO,CONCEPCION,TALCAHUANO,COLEGIO REMODELACION SIMONS,-36.7239713,-73.108719,"Colegio Remodelación Simons, 1035, Benavente, El Morro, Talcahuano, Provincia de Concepción, Región del Biobío, 4261172, Chile",nominatim
DEL BIOBIO,CONCEPCION,TALCAHUANO,COLEGIO SANTA BERNARDITA,-36.749457,-73.0932539,"Colegio Santa Bernardita, 3761, Avenida Colón, Población Inchalam, Talcahuano, Provincia de Concepción, Región del Biobío, 4300329, Chile",nominatim
DEL BIOBIO,CONCEPCION,TALCAHUANO,ESCUELA ARTURO PRAT CHACON,-36.7761177,-73.089496,"Ejército 330, 4300278 Talcahuano, Bío Bío, Chile",google
DEL BIOBIO,CONCEPCION,TALCAHUANO,ESCUELA BASICA BUENA VISTA-ZAROR,-36.7110611,-73.1182538,"Escuela Básica Cerro Cornou, 205, 28 de Octubre, Cerro Cornou, Talcahuano, Provincia de Concepción, Región del Biobío, 4261172, Chile",nominatim
DEL BIOBIO,CONCEPCION,TALCAHUANO,ESCUELA BASICA CERRO SAN FRANCISCO,-36.7154445,-73.13104919999999,"Quilacura, Talcahuano, Bío Bío, Chile",google
DEL BIOBIO,CONCEPCION,TALCAHUANO,ESCUELA BASICA CRUZ DEL SUR,-36.7526157,-73.0876698,"Escuela Básica Cruz del Sur, 318, Juan Guillermo Sosa, Cooperativa Planta Asmar, Talcahuano, Provincia de Concepción, Región del Biobío, 4300329, Chile",nominatim
DEL BIOBIO,CONCEPCION,TALCAHUANO,ESCUELA BASICA LA DAMA BLANCA,-36.7141973,-73.1161896,"Sgto Juan de Dios Aldea Fonseca 132, 4261522 Talcahuano, Bío Bío, Chile",google
DEL BIOBIO,CONCEPCION,TALCAHUANO,ESCUELA BASICA LAS HIGUERAS,-36.7426107,-73.1028074,"Escuela Básica Las Higueras, 505, Héctor Brañas, Corvi, Talcahuano, Provincia de Concepción, Región del Biobío, 4261172, Chile",nominatim
DEL BIOBIO,CONCEPCION,TALCAHUANO,ESCUELA BASICA PENINSULA DE TUMBES,-36.6727778,-73.1202778,"Peninsula Tumbes, Talcahuano, Bío Bío, Chile",google
DEL BIOBIO,CONCEPCION,TALCAHUANO,ESCUELA DIEGO PORTALES D 475,-36.7780772,-73.0952582,"Escuela Diego Portales D - 475, 830, Tarapacá, Diego Portales, Talcahuano, Provincia de Concepción, Región del Biobío, 4600770, Chile",nominatim
DEL BIOBIO,CONCEPCION,TALCAHUANO,ESCUELA SANTA CLARA,-36.7399367,-73.0931962,"Escuela Santa Clara, 410, Manuel Montt, Santa Clara, Talcahuano, Provincia de Concepción, Región del Biobío, 4261172, Chile",nominatim
DEL BIOBIO,CONCEPCION,TALCAHUANO,ESCUELA SANTA LEONOR,-36.7766399,-73.0845361,"Liceo Santa Leonor, 245, Arteaga Alemparte, Esmeralda, Talcahuano, Provincia de Concepción, Región del Biobío, 4300329, Chile",nominatim
DEL BIOBIO,CONCEPCION,TALCAHUANO,ESCUELA VILLA CENTINELA SUR,-36.7120374,-73.1408253,"Bahía Inglesa 139, 4260239 Talcahuano, Bío Bío, Chile",google
DEL BIOBIO,CONCEPCION,TALCAHUANO,ESCUELA VILLA INDEPENDENCIA,-36.7601097,-73.0935323,"Villa Independencia D-484, 5063, Río Maule, Villa Independencia, Talcahuano, Provincia de Concepción, Región del Biobío, 4300329, Chile",nominatim
DEL BIOBIO,CONCEPCION,TALCAHUANO,LICEO ALMIRANTE PEDRO ESPINA RITCHIE,-36.7186756,-73.1093616,"Liceo Almirante Pedro Espina Ritchie, 750, Avenida Blanco Encalada, Cerro David Fuentes, Talcahuano, Provincia de Concepción, Región del Biobío, 4261172, Chile",nominatim
DEL BIOBIO,CONCEPCION,TALCAHUANO,LICEO COMERCIAL PROFESOR SERGIO MORAGA ARCIL,-36.7467015,-73.0915027,"Liceo Comercial Profesor Sergio Moraga Arcil, 270, Almirante Neff, Parques y Jardines, Talcahuano, Provincia de Concepción, Región del Biobío, 4300329, Chile",nominatim
DEL BIOBIO,CONCEPCION,TALCAHUANO,LICEO INDUSTRIAL JUAN ANTONIO RIOS,-36.751829,-73.1051501,"Liceo Industrial Juan Antonio Ríos, 979, Avenida Desiderio García, Villa Presidente Ríos, Talcahuano, Provincia de Concepción, Región del Biobío, 4600770, Chile",nominatim
DEL BIOBIO,CONCEPCION,TALCAHUANO,LICEO LA ASUNCION,-36.7442152,-73.103026,"Liceo La Asunción, Daniel Súnico, Corvi, Talcahuano, Provincia de Concepción, Región del Biobío, 4300329, Chile",nominatim
DEL BIOBIO,CONCEPCION,TALCAHUANO,LICEO POLIVALENTE LAS SALINAS,-36.7463292,-73.090453,"Liceo Polivalente Las Salinas, 310, Almirante Neff, Parques y Jardines, Talcahuano, Provincia de Concepción, Región del Biobío, 4300329, Chile",nominatim
DEL BIOBIO,CONCEPCION,TALCAHUANO,LICEO TECNICO DE TALCAHUANO,-36.7214029,-73.1093729,"Liceo Técnico de Talcahuano, 1250, Avenida Blanco Encalada, El Morro, Talcahuano, Provincia de Concepción, Región del Biobío, 4261172, Chile",nominatim
DEL BIOBIO,CONCEPCION,TOME,CENTRO EDUCACIONAL BICENTENARIO ALTOS DE TOME,-36.6008947,-72.95866389999999,"(interior) - Enrique Molina G 809, Tome, Tomé, Bío Bío, Chile",google
DEL BIOBIO,CONCEPCION,TOME,COLEGIO PARTICULAR MARGARITA NASEAU,-36.6169885,-72.96135079999999,"Riquelme 1211, 4160000 Tome, Tomé, Bío Bío, Chile",google
DEL BIOBIO,CONCEPCION,TOME,ESCUELA BASICA ARTURO PRAT,-36.6145463,-72.9595032,"Arturo Prat, Tome, Tomé, Bío Bío, Chile",google
DEL BIOBIO,CONCEPCION,TOME,ESCUELA BASICA BELLAVISTA,-36.6319315,-72.95661079999999,"Tomé, Bio Bio, Chile",google
DEL BIOBIO,CONCEPCION,TOME,ESCUELA BASICA CALETA DEL MEDIO,-36.5381608,-72.95994569999999,"Tomé, Bio Bio, Chile",google
DEL BIOBIO,CONCEPCION,TOME,ESCUELA BASICA COCHOLGUE F-426,-36.6014527,-72.9712134,"O-274 1360, Tome, Tomé, Bío Bío, Chile",google
DEL BIOBIO,CONCEPCION,TOME,ESCUELA BASICA DICHATO,-36.5486907,-72.9363953,"Dichato, Tomé, Bio Bio, Chile",google
DEL BIOBIO,CONCEPCION,TOME,ESCUELA BASICA PUNTA DE PARRA,-36.6724594,-72.95801019999999,"Punta de Parra, Tomé, Bío Bío, Chile",google
DEL BIOBIO,CONCEPCION,TOME,ESCUELA BASICA RAFAEL,-36.629172,-72.7931739,"Rafael, Tomé, Bio Bio, Chile",google
DEL BIOBIO,CONCEPCION,TOME,LICEO BICENTENARIO DE EXCELENCIA INDUSTRIAL DE TOME,-36.61088,-72.95551019999999,"Portales 1911, 4160960 Tome, Tomé, Bío Bío, Chile",google
DEL BIOBIO,CONCEPCION,TOME,LICEO REPUBLICA DEL ECUADOR,-36.6161108,-72.9533319,"Aníbal Pinto 1210, 4160112 Tome, Tomé, Bío Bío, Chile",google
DEL BIOBIO,CONCEPCION,TOME,LICEO VICENTE ALBERTO PALACIOS VALDES,-36.6138386,-72.9559972,"Mariano Egaña 1525, 4160994 Tome, Tomé, Bío Bío, Chile",google
DEL LIBERTADOR GENERAL BERNARDO O'HIGGINS,CACHAPOAL,CODEGUA,COLEGIO JESUS ANDINO,-34.0386612,-70.6689687,"Colegio Jesus Andino, O'Higgins, Los Silva, Codegua Norte, Codegua, Provincia de Cachapoal, Región del Libertador General Bernardo O'Higgins, 2900000, Chile",nominatim
DEL LIBERTADOR GENERAL BERNARDO O'HIGGINS,CACHAPOAL,CODEGUA,LICEO MUNICIPAL DE CODEGUA,-34.0388279,-70.6648623,"Liceo Municipal de Codegua, Patricio Gallegos, Villa Parque Colonial, Los Silva Bajo, Codegua, Provincia de Cachapoal, Región del Libertador General Bernardo O'Higgins, 2900000, Chile",nominatim
DEL LIBERTADOR GENERAL BERNARDO O'HIGGINS,CACHAPOAL,COINCO,LICEO MUNICIPAL LUIS GREGORIO VALENZUELA LAVIN,-34.2694766,-70.9499312,"Liceo Municipal Luis Gregorio Valenzuela Lavin, Fernando Díaz Muñoz, Coinco, Provincia de Cachapoal, Chile",nominatim
DEL LIBERTADOR GENERAL BERNARDO O'HIGGINS,CACHAPOAL,COLTAUCO,COLEGIO NUESTRA SEÑORA DE LORETO,-34.2641217,-71.0292608,"Colegio Nuestra Señora de Loreto, Ruta H-30, Villa La Fortura, Loreto, Loreto - Molino, Coltauco, Provincia de Cachapoal, Región del Libertador General Bernardo O'Higgins, 3010000, Chile",nominatim
DEL LIBERTADOR GENERAL BERNARDO O'HIGGINS,CACHAPOAL,COLTAUCO,ESCUELA MUNICIPAL OSVALDO RUIZ GARCIA,-34.2945829,-71.081806,"Escuela Municipal Osvaldo Ruiz García, Las Flores, Coltauco, Provincia de Cachapoal, Chile",nominatim
DEL LIBERTADOR GENERAL BERNARDO O'HIGGINS,CACHAPOAL,COLTAUCO,LICEO BERTA ZAMORANO LIZANA,-34.2874721,-71.0824485,"Liceo Politécnico Berta Zamorano Lizana, República de Chile, Coltauco, Provincia de Cachapoal, Región del Libertador General Bernardo O'Higgins, Chile",nominatim
DEL LIBERTADOR GENERAL BERNARDO O'HIGGINS,CACHAPOAL,DOÑIHUE,COLEGIO REPUBLICA DE CHILE,-34.1897591,-70.8817906,"Colegio República de Chile, Eliseo López, Villa Tricahue, Lo Miranda, Doñihue, Provincia de Cachapoal, Chile",nominatim
DEL LIBERTADOR GENERAL BERNARDO O'HIGGINS,CACHAPOAL,DOÑIHUE,ESCUELA LAURA MATUS MELENDEZ,-34.2241433,-70.9683386,"Escuela Laura Matus Meléndez, Avenida Rancagua, Doñihue, Provincia de Cachapoal, Chile",nominatim
DEL LIBERTADOR GENERAL BERNARDO O'HIGGINS,CACHAPOAL,DOÑIHUE,ESCUELA LO MIRANDA,-34.1915118,-70.8895003,"Escuela Lo Miranda, Pedro Aguirre Cerda, Villa Sor Teresa de los Andes, Lo Miranda, Doñihue, Provincia de Cachapoal, Chile",nominatim
DEL LIBERTADOR GENERAL BERNARDO O'HIGGINS,CACHAPOAL,DOÑIHUE,LICEO CLAUDIO ARRAU,-34.2238934,-70.9623193,"Liceo Claudio Arrau León, Errázuriz, Doñihue, Provincia de Cachapoal, Chile",nominatim
DEL LIBERTADOR GENERAL BERNARDO O'HIGGINS,CACHAPOAL,GRANEROS,ESCUELA ANTONIO TREDAN ARKO,-34.076588,-70.73251379999999,"Caupolican 240, Graneros, O'Higgins, Chile",google
DEL LIBERTADOR GENERAL BERNARDO O'HIGGINS,CACHAPOAL,GRANEROS,ESCUELA HERNAN OLGUIN MAYBE,-34.0634814,-70.725882,"Colegio Hernán Olguin Maibeé, 2880781 Graneros, O'Higgins, Chile",google
DEL LIBERTADOR GENERAL BERNARDO O'HIGGINS,CACHAPOAL,GRANEROS,ESCUELA SIXTO MENDEZ PARADA,-34.0715078,-70.7237672,"Colegio Sixto Mendez Parada, Pasaje 2, Villa Los Castaños, Graneros Sur, Graneros, Provincia de Cachapoal, Región del Libertador General Bernardo O'Higgins, 2120000, Chile",nominatim
DEL LIBERTADOR GENERAL BERNARDO O'HIGGINS,CACHAPOAL,GRANEROS,LICEO MUNICIPAL MISAEL LOBOS MONROY,-34.0705638,-70.72378840000002,"2880132 Graneros, O'Higgins, Chile",google
DEL LIBERTADOR GENERAL BERNARDO O'HIGGINS,CACHAPOAL,LAS CABRAS,ESCUELA CONTRAMAESTRE CONSTANTINO MICALVI,-34.1783621,-71.4015808,"Escuela Contramaestre Constantino Micalvi, Estadio, El Manzano, Las Cabras, Provincia de Cachapoal, Chile",nominatim
DEL LIBERTADOR GENERAL BERNARDO O'HIGGINS,CACHAPOAL,LAS CABRAS,ESCUELA REPUBLICA DE GRECIA,-34.2209663,-71.4405735,"Escuela República de Grecia F-114, Llallauquén, Playas de Llallauquén, Las Cabras, Provincia de Cachapoal, Chile",nominatim
DEL LIBERTADOR GENERAL BERNARDO O'HIGGINS,CACHAPOAL,LAS CABRAS,ESCUELA ROMILIO ARELLANO TRONCOSO,-34.2896459,-71.305669,"Av. Subteniente Pérez Canto, Las Cabras, O'Higgins, Chile",google
DEL LIBERTADOR GENERAL BERNARDO O'HIGGINS,CACHAPOAL,LAS CABRAS,LICEO FRANCISCO ANTONIO ENCINA,-34.2935311,-71.308615,"John Kennedy, 3030000 Las Cabras, O'Higgins, Chile",google
DEL LIBERTADOR GENERAL BERNARDO O'HIGGINS,CACHAPOAL,MACHALI,COLEGIO BELLAVISTA,-34.201374,-70.5258751,"H-265 138, Coya, Machalí, O'Higgins, Chile",google
DEL LIBERTADOR GENERAL BERNARDO O'HIGGINS,CACHAPOAL,MACHALI,COLEGIO COYA,-34.1935453,-70.6963241,"Pdte Eduardo Frei - Carretera El Cobre, 2820002 Machalí, O'Higgins, Chile",google
DEL LIBERTADOR GENERAL BERNARDO O'HIGGINS,CACHAPOAL,MACHALI,COLEGIO GABRIELA MISTRAL,-34.1837536,-70.6494275,"Castro 300, 2910681 Machalí, O'Higgins, Chile",google
DEL LIBERTADOR GENERAL BERNARDO O'HIGGINS,CACHAPOAL,MACHALI,COLEGIO JUAN TACHOIRE MOENA,-34.1829569,-70.6502407,"Castro 397, 2910538 Cachapoal, Machalí, O'Higgins, Chile",google
DEL LIBERTADOR GENERAL BERNARDO O'HIGGINS,CACHAPOAL,MACHALI,COLEGIO LOS LLANOS,-34.1664129,-70.6496669,"C. Paula Jaraquemada 101, Pobl, 2910096 Machalí, Rancagua, O'Higgins, Chile",google
DEL LIBERTADOR GENERAL BERNARDO O'HIGGINS,CACHAPOAL,MACHALI,COLEGIO NAHUELCURA,-34.1741483,-70.69112,"Av. San Juan 378, Machalí, O'Higgins, Chile",google
DEL LIBERTADOR GENERAL BERNARDO O'HIGGINS,CACHAPOAL,MACHALI,COLEGIO SANTA TERESA DE LOS ANDES,-34.1794299,-70.6888338,"-34.179354,-70.68890499999999, 2910282 Machalí, O'Higgins, Chile",google
DEL LIBERTADOR GENERAL BERNARDO O'HIGGINS,CACHAPOAL,MACHALI,LICEO MACHALI,-34.1759491,-70.6599121,"Machalí - Colón - Sewell 1224, Machalí, O'Higgins, Chile",google
DEL LIBERTADOR GENERAL BERNARDO O'HIGGINS,CACHAPOAL,MALLOA,ESCUELA ALCIDES REYES FRIAS,-34.4451905,-70.9457302,"La Gloria 53, Malloa, O'Higgins, Chile",google
DEL LIBERTADOR GENERAL BERNARDO O'HIGGINS,CACHAPOAL,MALLOA,ESCUELA MUNICIPAL DE PELEQUEN,-34.4648046,-70.9238812,"Escuela Municipal de Limahue, Ruta de la Fruta, Limahue Puente, Limahue, Malloa, Provincia de Cachapoal, Región del Libertador General Bernardo O'Higgins, 2950000, Chile",nominatim
DEL LIBERTADOR GENERAL BERNARDO O'HIGGINS,CACHAPOAL,MOSTAZAL,COLEGIO ANDRES BELLO,-33.978575,-70.7116148,"Colegio Andrés Bello, Avenida Independencia, Villa Huilmay, La Loma, San Francisco de Mostazal, Mostazal, Provincia de Cachapoal, Región del Libertador General Bernardo O'Higgins, 2890204, Chile",nominatim
DEL LIBERTADOR GENERAL BERNARDO O'HIGGINS,CACHAPOAL,MOSTAZAL,COLEGIO DEL CAMINO REAL MARIO MIRANDA PINTO,-34.0015808,-70.7156174,"Cam. Real, Mostazal, O'Higgins, Chile",google
DEL LIBERTADOR GENERAL BERNARDO O'HIGGINS,CACHAPOAL,MOSTAZAL,ESC. HIJOS DEL SOL,-34.0159229,-70.667093,"Mostazal, O'Higgins, Chile",google
DEL LIBERTADOR GENERAL BERNARDO O'HIGGINS,CACHAPOAL,MOSTAZAL,ESCUELA GABRIELA MISTRAL,-33.9842252,-70.7069685,"Escuela Gabriela Mistral, 570, San Guillermo, Patria Nueva, La Loma, San Francisco de Mostazal, Mostazal, Provincia de Cachapoal, 2890204, Chile",nominatim
DEL LIBERTADOR GENERAL BERNARDO O'HIGGINS,CACHAPOAL,MOSTAZAL,ESCUELA SAN FRANCISCO DE ASIS,-33.9359799,-70.7121561,"Escuela San Francisco de Asís, José Lagos, Villa Las Lomas, Callejón Los Pincheira, Angostura, Mostazal, Provincia de Cachapoal, Región del Libertador General Bernardo O'Higgins, 2890204, Chile",nominatim
DEL LIBERTADOR GENERAL BERNARDO O'HIGGINS,CACHAPOAL,MOSTAZAL,LICEO ELVIRA SANCHEZ DE GARCES,-34.0062764,-70.6438614,"Liceo Elvira Sanchez de Garces, 149, José Toribio Medina, El Estero, La Punta, Mostazal, Provincia de Cachapoal, Región del Libertador General Bernardo O'Higgins, Chile",nominatim
DEL LIBERTADOR GENERAL BERNARDO O'HIGGINS,CACHAPOAL,OLIVAR,COLEGIO MARIA VILLALOBOS ARTEAGA,-34.2099059,-70.8154993,"Olivar, O'Higgins, Chile",google
DEL LIBERTADOR GENERAL BERNARDO O'HIGGINS,CACHAPOAL,OLIVAR,ESCUELA MUNICIPAL DE GULTRO,-34.2010738,-70.7577337,"Escuela Municipal de Gultro, Camino Termas, Villa Padre Hurtado, Camino a Termas, Gultro, Olivar, Provincia de Cachapoal, Región del Libertador General Bernardo O'Higgins, 2820687, Chile",nominatim
DEL LIBERTADOR GENERAL BERNARDO O'HIGGINS,CACHAPOAL,OLIVAR,ESCUELA NUESTRA SEÑORA DE LA MERCED,-34.2325665,-70.876316,"Escuela Nuestra Señora de la Merced, Ruta H-40, Villa Jesús, Curepto, Olivar Bajo, Olivar, Provincia de Cachapoal, Región del Libertador General Bernardo O'Higgins, 2920000, Chile",nominatim
DEL LIBERTADOR GENERAL BERNARDO O'HIGGINS,CACHAPOAL,PEUMO,ESCUELA ANTONIO DE ZUÑIGA,-34.3950236,-71.1714864,"Colegio Antonio de Zúñiga, Vicuña Mackenna, Villa La Cantera, Arboledas, Peumo, Provincia de Cachapoal, Región del Libertador General Bernardo O'Higgins, Chile",nominatim
DEL LIBERTADOR GENERAL BERNARDO O'HIGGINS,CACHAPOAL,PEUMO,ESCUELA JUAN VALDES ORTUZAR,-34.3050027,-71.2690443,"Escuela Juan Valdes Ortuzar, Ruta de la Fruta, El Cortijo, El Mirador, La Esperanza, Peumo, Provincia de Cachapoal, Región del Libertador General Bernardo O'Higgins, Chile",nominatim
DEL LIBERTADOR GENERAL BERNARDO O'HIGGINS,CACHAPOAL,PEUMO,LICEO JEAN BUCHANAN DE LARRAIN,-34.3976355,-71.1633141,"Antonio Hoces, Peumo, O'Higgins, Chile",google
DEL LIBERTADOR GENERAL BERNARDO O'HIGGINS,CACHAPOAL,PICHIDEGUA,CENTRO EDUCATIVO SIGLO XXI,-34.3663923,-71.26513899999999,"Ignacio Carrera Pinto 104, Pichidegua, O'Higgins, Chile",google
DEL LIBERTADOR GENERAL BERNARDO O'HIGGINS,CACHAPOAL,PICHIDEGUA,ESCUELA BASICA PATAGUAS CERRO,-34.3082227,-71.3894883,"Escuela Básica Pataguas Cerro, Pataguas Cerro, Villa La Dehesa, Pataguas Cerro, Pichidegua, Provincia de Cachapoal, Región del Libertador General Bernardo O'Higgins, Chile",nominatim
DEL LIBERTADOR GENERAL BERNARDO O'HIGGINS,CACHAPOAL,PICHIDEGUA,ESCUELA ENRIQUE SERRANO,-34.3565017,-71.2834351,"Escuela Enrique Serrano de Viale Rigo, Esmeralda, Villa El Edén, Pichidegua, Provincia de Cachapoal, 2980000, Chile",nominatim
DEL LIBERTADOR GENERAL BERNARDO O'HIGGINS,CACHAPOAL,PICHIDEGUA,LICEO LATINOAMERICANO,-34.3608773,-71.2786127,"Liceo Latinoamericano, Miraflores, Población 21 de Mayo, Pichidegua, Provincia de Cachapoal, 2980000, Chile",nominatim
DEL LIBERTADOR GENERAL BERNARDO O'HIGGINS,CACHAPOAL,QUINTA DE TILCOCO,ESCUELA BASICA REPUBLICA DE ITALIA,-34.3541287,-70.96570369999999,"Jaime Barrientos Soto 303,, Quinta de Tilcoco, O'Higgins, Chile",google
DEL LIBERTADOR GENERAL BERNARDO O'HIGGINS,CACHAPOAL,QUINTA DE TILCOCO,LICEO REPUBLICA DE ITALIA,-34.3531197,-70.9645956,"Liceo República de Italia, José Miguel Carrera, Villa Alegre, Quinta de Tilcoco, Provincia de Cachapoal, Región del Libertador General Bernardo O'Higgins, Chile",nominatim
DEL LIBERTADOR GENERAL BERNARDO O'HIGGINS,CACHAPOAL,RANCAGUA,C.P. RANCAGUA,-34.1773854,-70.7107004,"Villa Brasilia C, Rancagua, Provincia de Cachapoal, Región del Libertador General Bernardo O'Higgins, 2020800, Chile",nominatim
DEL LIBERTADOR GENERAL BERNARDO O'HIGGINS,CACHAPOAL,RANCAGUA,COLEGIO AURORA DE CHILE,-34.1674108,-70.7307899,"Colegio Aurora de Chile, 49, Mac-Iver, Población Bernardo O'Higgins, Rancagua Sur, Rancagua, Provincia de Cachapoal, Región del Libertador General Bernardo O'Higgins, 2852046, Chile",nominatim
DEL LIBERTADOR GENERAL BERNARDO O'HIGGINS,CACHAPOAL,RANCAGUA,COLEGIO AYELEN,-34.1644875,-70.7752299,"Colegio Ayelén, 3403, San Ramón, Don Alberto, Rancagua, Provincia de Cachapoal, Región del Libertador General Bernardo O'Higgins, 2820000, Chile",nominatim
DEL LIBERTADOR GENERAL BERNARDO O'HIGGINS,CACHAPOAL,RANCAGUA,COLEGIO BENJAMIN VICUÑA MACKENNA,-34.1509638,-70.7100117,"Colegio Benjamín Vicuña Mackenna, Butalcura, Los Pinares I, Rancagua, Provincia de Cachapoal, Región del Libertador General Bernardo O'Higgins, 2880000, Chile",nominatim
DEL LIBERTADOR GENERAL BERNARDO O'HIGGINS,CACHAPOAL,RANCAGUA,COLEGIO JOSE ANTONIO MANSO DE VELASCO,-34.1524462,-70.7400176,"Chorrillos 1072, Rancagua, O'Higgins, Chile",google
DEL LIBERTADOR GENERAL BERNARDO O'HIGGINS,CACHAPOAL,RANCAGUA,COLEGIO LEONARDO DA VINCI,-34.1823909,-70.7690592,"Colegio Leonardo Da Vinci, 2770, Avenida Provincial, Villa Florencia, Rancagua, Provincia de Cachapoal, Región del Libertador General Bernardo O'Higgins, 2820000, Chile",nominatim
DEL LIBERTADOR GENERAL BERNARDO O'HIGGINS,CACHAPOAL,RANCAGUA,COLEGIO LIBERTADOR SIMON BOLIVAR,-34.1703746,-70.7540183,"Simon Bolívar, Rancagua, O'Higgins, Chile",google
DEL LIBERTADOR GENERAL BERNARDO O'HIGGINS,CACHAPOAL,RANCAGUA,COLEGIO MANUEL RODRIGUEZ,-34.174464,-70.7084839,"Colegio Manuel Rodríguez, 1195, Avenida Miguel Ramírez, Villa Pullman, Rancagua, Provincia de Cachapoal, Región del Libertador General Bernardo O'Higgins, 2910796, Chile",nominatim
DEL LIBERTADOR GENERAL BERNARDO O'HIGGINS,CACHAPOAL,RANCAGUA,COLEGIO MANUEL ROJAS,-34.182207,-70.754082,"Colegio Manuel Rojas, 1446, Avenida Santa Julia (Camino de la Concepción), José Gil de Castro, Rancagua Sur, Rancagua, Provincia de Cachapoal, Región del Libertador General Bernardo O'Higgins, 2841048, Chile",nominatim
DEL LIBERTADOR GENERAL BERNARDO O'HIGGINS,CACHAPOAL,RANCAGUA,COLEGIO MINERAL EL TENIENTE,-34.1761409,-70.7175193,"Colegio Mineral El Teniente, 767, Arturo Arancibia, Villa Rio Cachapoal, Rancagua, Provincia de Cachapoal, Región del Libertador General Bernardo O'Higgins, 2020800, Chile",nominatim
DEL LIBERTADOR GENERAL BERNARDO O'HIGGINS,CACHAPOAL,RANCAGUA,COLEGIO MUNICIPAL EDUARDO DE GEYTER,-34.1611724,-70.741137,"Italia 582, Rancagua, O'Higgins, Chile",google
DEL LIBERTADOR GENERAL BERNARDO O'HIGGINS,CACHAPOAL,RANCAGUA,COLEGIO PABLO GARRIDO VARGAS,-34.1888675,-70.73041409999999,"Lord Cochrane 637, 2820995 Rancagua, O'Higgins, Chile",google
DEL LIBERTADOR GENERAL BERNARDO O'HIGGINS,CACHAPOAL,RANCAGUA,COLEGIO SAN SEBASTIAN SCHOOL,-34.1610684,-70.7026511,"San Sebastian School, Pasaje Botón de Oro, Villa Nevada, Rancagua, Provincia de Cachapoal, Región del Libertador General Bernardo O'Higgins, 2910796, Chile",nominatim
DEL LIBERTADOR GENERAL BERNARDO O'HIGGINS,CACHAPOAL,RANCAGUA,COLEGIO SANTA FILOMENA,-34.1672731,-70.7133074,"Colegio Santa Filomena, 1462, Los Olivos, Población Santa Filomena, Rancagua, Provincia de Cachapoal, Región del Libertador General Bernardo O'Higgins, 2020800, Chile",nominatim
DEL LIBERTADOR GENERAL BERNARDO O'HIGGINS,CACHAPOAL,RANCAGUA,ESCUELA BERNARDO O'HIGGINS,-34.1701789,-70.7298405,"Colegio Bernardo O'Higgins, 455, Teniente Coronel José Bernardo Cuevas, Población Bernardo O'Higgins, Rancagua Sur, Rancagua, Provincia de Cachapoal, Región del Libertador General Bernardo O'Higgins, 2852046, Chile",nominatim
DEL LIBERTADOR GENERAL BERNARDO O'HIGGINS,CACHAPOAL,RANCAGUA,ESCUELA MUNICIPAL HERMANOS CARRERA,-34.1469969,-70.7228768,"Av. Illanes 0345, Rancagua, O'Higgins, Chile",google
DEL LIBERTADOR GENERAL BERNARDO O'HIGGINS,CACHAPOAL,RANCAGUA,ESCUELA MUNICIPAL JEAN PIAGET,-34.1717835,-70.7589242,"Veintiuno de Mayo 0340, 2840817 Rancagua, O'Higgins, Chile",google
DEL LIBERTADOR GENERAL BERNARDO O'HIGGINS,CACHAPOAL,RANCAGUA,ESCUELA MUNICIPAL PATRICIO MEKIS,-34.151566,-70.71901969999999,"El Sol 761, 2830075 Rancagua, O'Higgins, Chile",google
DEL LIBERTADOR GENERAL BERNARDO O'HIGGINS,CACHAPOAL,RANCAGUA,ESCUELA MUNICIPAL RENE SCHNEIDER CHEREAU,-34.1629614,-70.70753069999999,"Av. República de Chile - Av. República de Uruguay &, Rancagua, O'Higgins, Chile",google
DEL LIBERTADOR GENERAL BERNARDO O'HIGGINS,CACHAPOAL,RANCAGUA,ESCUELA MUNICIPAL VIRGINIA BRAVO,-34.1013011,-70.8090758,"Rancagua, O'Higgins, Chile",google
DEL LIBERTADOR GENERAL BERNARDO O'HIGGINS,CACHAPOAL,RANCAGUA,ESCUELA REPUBLICA ARGENTINA,-34.1710528,-70.7477307,"Escuela República Argentina, 850, Oficial Carlos María O'Carrol, Población Sewell, Rancagua Sur, Rancagua, Provincia de Cachapoal, Región del Libertador General Bernardo O'Higgins, 2841048, Chile",nominatim
DEL LIBERTADOR GENERAL BERNARDO O'HIGGINS,CACHAPOAL,RANCAGUA,ESTADIO EL TENIENTE L1,-34.177772,-70.7374947,"Av. Capitán Ramón Freire, Rancagua, O'Higgins, Chile",google
DEL LIBERTADOR GENERAL BERNARDO O'HIGGINS,CACHAPOAL,RANCAGUA,ESTADIO EL TENIENTE L2,-34.177772,-70.7374947,"Av. Capitán Ramón Freire, Rancagua, O'Higgins, Chile",google
DEL LIBERTADOR GENERAL BERNARDO O'HIGGINS,CACHAPOAL,RANCAGUA,ESTADIO EL TENIENTE L3,-34.177772,-70.7374947,"Av. Capitán Ramón Freire, Rancagua, O'Higgins, Chile",google
DEL LIBERTADOR GENERAL BERNARDO O'HIGGINS,CACHAPOAL,RANCAGUA,INACAP L1,-34.1714462,-70.7416348,"O'Carrol 452, 2840828 Rancagua, O'Higgins, Chile",google
DEL LIBERTADOR GENERAL BERNARDO O'HIGGINS,CACHAPOAL,RANCAGUA,INACAP L2,-34.1714462,-70.7416348,"O'Carrol 452, 2840828 Rancagua, O'Higgins, Chile",google
DEL LIBERTADOR GENERAL BERNARDO O'HIGGINS,CACHAPOAL,RANCAGUA,INSTITUTO SAGRADO CORAZON,-34.1777833,-70.7204817,"Pedro León Gallo 545, 2820294 Rancagua, O'Higgins, Chile",google
DEL LIBERTADOR GENERAL BERNARDO O'HIGGINS,CACHAPOAL,RANCAGUA,LICEO COMERCIAL JORGE ALESSANDRI RODRIGUEZ,-34.17013240000001,-70.7406259,"Gral. liceo comercial, Rancagua, O'Higgins, Chile",google
DEL LIBERTADOR GENERAL BERNARDO O'HIGGINS,CACHAPOAL,RANCAGUA,LICEO INDUSTRIAL ERNESTO PINTO LAGARRIGUE,-34.1545758,-70.7353446,"Liceo Industrial Ernesto Pinto Lagarrigue, 255, Avenida República de Chile, William Braden, Rancagua, Provincia de Cachapoal, Región del Libertador General Bernardo O'Higgins, 2852046, Chile",nominatim
DEL LIBERTADOR GENERAL BERNARDO O'HIGGINS,CACHAPOAL,RANCAGUA,LICEO INDUSTRIAL PRESIDENTE PEDRO AGUIRRE CERDA,-34.1688268,-70.7241351,"sin numero - La Victoria, 0000000 Machalí, Rancagua, O'Higgins, Chile",google
DEL LIBERTADOR GENERAL BERNARDO O'HIGGINS,CACHAPOAL,RANCAGUA,LICEO OSCAR CASTRO ZUÑIGA L1,-34.1710956,-70.7377669,"Almarza 410, 2820000 Rancagua, O'Higgins, Chile",google
DEL LIBERTADOR GENERAL BERNARDO O'HIGGINS,CACHAPOAL,RANCAGUA,LICEO OSCAR CASTRO ZUÑIGA L2,-34.1710956,-70.7377669,"Almarza 410, 2820000 Rancagua, O'Higgins, Chile",google
DEL LIBERTADOR GENERAL BERNARDO O'HIGGINS,CACHAPOAL,RENGO,COLEGIO CARLOS CONDELL DE LA HAZA,-34.4121869,-70.86345589999999,"2940241 Rengo, O'Higgins, Chile",google
DEL LIBERTADOR GENERAL BERNARDO O'HIGGINS,CACHAPOAL,RENGO,COLEGIO EL NARANJAL,-34.4056484,-70.8722757,"Escuela El Naranjal, Avenida José Bisquert, Población Padre Hurtado, Villa del Cóbil, Rengo, Provincia de Cachapoal, Región del Libertador General Bernardo O'Higgins, 2940640, Chile",nominatim
DEL LIBERTADOR GENERAL BERNARDO O'HIGGINS,CACHAPOAL,RENGO,COLEGIO LA PAZ,-34.4046898,-70.8599236,"Colegio La Paz, Guanguali, Población Calicanto 2, Rengo, Provincia de Cachapoal, Región del Libertador General Bernardo O'Higgins, 2940640, Chile",nominatim
DEL LIBERTADOR GENERAL BERNARDO O'HIGGINS,CACHAPOAL,RENGO,COLEGIO LUIS GALDAMES,-34.4007175,-70.8552249,"Escuela Luis Galdames, Arturo Prat, Villa Francisco Ruiz, Rengo, Provincia de Cachapoal, Región del Libertador General Bernardo O'Higgins, 2940640, Chile",nominatim
DEL LIBERTADOR GENERAL BERNARDO O'HIGGINS,CACHAPOAL,RENGO,COLEGIO MANUEL FRANCISCO CORREA,-34.3495041,-70.8378075,"H-511 152, Rengo, O'Higgins, Chile",google
DEL LIBERTADOR GENERAL BERNARDO O'HIGGINS,CACHAPOAL,RENGO,ESCUELA BASICA LO DE LOBO,-34.3777988,-70.8173607,"Lo de Lobos, Rengo, O'Higgins, Chile",google
DEL LIBERTADOR GENERAL BERNARDO O'HIGGINS,CACHAPOAL,RENGO,ESCUELA COLONIA ESMERALDA,-34.330959,-70.900217,"La Esmeralda, Rengo, O'Higgins, Chile",google
DEL LIBERTADOR GENERAL BERNARDO O'HIGGINS,CACHAPOAL,RENGO,ESCUELA FERNANDA AEDO FAUNDEZ,-34.4097994,-70.8473513,"395, - Nuevo Amanecer 385, 2941114 Rengo, O'Higgins, Chile",google
DEL LIBERTADOR GENERAL BERNARDO O'HIGGINS,CACHAPOAL,RENGO,ESCUELA VICENTE HUIDOBRO,-34.4144378,-70.8590435,"Escuela Vicente Huidobro, Pasaje 8, Población Gregorio Araya, Población Las Torres, Rengo, Provincia de Cachapoal, Región del Libertador General Bernardo O'Higgins, 2940640, Chile",nominatim
DEL LIBERTADOR GENERAL BERNARDO O'HIGGINS,CACHAPOAL,RENGO,LICEO INDUSTRIAL DE RENGO,-34.4112826,-70.8480568,"Liceo Industrial de Rengo, Pasaje Bolivia, Vista Hermosa, Rengo, Provincia de Cachapoal, Región del Libertador General Bernardo O'Higgins, 2940640, Chile",nominatim
DEL LIBERTADOR GENERAL BERNARDO O'HIGGINS,CACHAPOAL,RENGO,LICEO LUIS URBINA FLORES,-34.4036386,-70.8552823,"Liceo Luis Urbina Flores, Avenida Alonso de Ercilla, Villa Rienzi Valencia, Rengo, Provincia de Cachapoal, Región del Libertador General Bernardo O'Higgins, 2940640, Chile",nominatim
DEL LIBERTADOR GENERAL BERNARDO O'HIGGINS,CACHAPOAL,RENGO,LICEO ORIENTE,-34.4124544,-70.8487921,"Liceo Bicentenario Oriente, Avenida Coronel Marzán, Las Américas, Rengo, Provincia de Cachapoal, Región del Libertador General Bernardo O'Higgins, 2940640, Chile",nominatim
DEL LIBERTADOR GENERAL BERNARDO O'HIGGINS,CACHAPOAL,REQUINOA,ESCUELA BASICA CAMPO LINDO,-34.2693551,-70.853259,"Campolindo, El Abra, Requínoa, O'Higgins, Chile",google
DEL LIBERTADOR GENERAL BERNARDO O'HIGGINS,CACHAPOAL,REQUINOA,ESCUELA BERTA SAAVEDRA SEGURA,-34.2828962,-70.8159017,"Pablo Rubio 395, 2930174 Requinoa, Requínoa, O'Higgins, Chile",google
DEL LIBERTADOR GENERAL BERNARDO O'HIGGINS,CACHAPOAL,REQUINOA,ESCUELA CANADA,-34.2805111,-70.8241182,"Santa Licila 125, El esfuerzo,, Requinoa, Requínoa, O'Higgins, Chile",google
DEL LIBERTADOR GENERAL BERNARDO O'HIGGINS,CACHAPOAL,REQUINOA,ESCUELA REPUBLICA DE FRANCIA,-34.226275,-70.78498069999999,"s/n, - Manuel Rodríguez, Los Lirios, Requínoa, O'Higgins, Chile",google
DEL LIBERTADOR GENERAL BERNARDO O'HIGGINS,CACHAPOAL,REQUINOA,LICEO DE REQUINOA,-34.2808369,-70.8147668,"Pablo Rubio, Requinoa, Requínoa, O'Higgins, Chile",google
DEL LIBERTADOR GENERAL BERNARDO O'HIGGINS,CACHAPOAL,SAN VICENTE,ESC. ADRIANA ARANGUIZ CERDA,-34.433312,-71.1538047,"CAMINO PUBLICO KM Nº 8 LOCALIDAD DE PENCAHUE - S/N, 2970000 San Vicente de Tagua Tagua, O'Higgins, Chile",google
DEL LIBERTADOR GENERAL BERNARDO O'HIGGINS,CACHAPOAL,SAN VICENTE,ESCUELA CARMEN GALLEGOS DE ROBLES,-34.4413607,-71.0782279,"Carmen Gallegos de Robles, San Vicente de Tagua Tagua, O'Higgins, Chile",google
DEL LIBERTADOR GENERAL BERNARDO O'HIGGINS,CACHAPOAL,SAN VICENTE,ESCUELA MUNICIPAL ZUÑIGA,-34.3788153,-71.1223568,"Escuela Municipal Toquihua, Camino Alto del Huesillo, Villa Miguel Zuliani, Toquihua del Medio, Toquihua, San Vicente de Tagua Tagua, Provincia de Cachapoal, Región del Libertador General Bernardo O'Higgins, Chile",nominatim
DEL LIBERTADOR GENERAL BERNARDO O'HIGGINS,CACHAPOAL,SAN VICENTE,GIMNASIO MUNICIPAL,-34.4403021,-71.0820691,"Gimnasio Municipal, Cristóforo Colombo Serafín, Condominio El Real, San Vicente de Tagua Tagua, Provincia de Cachapoal, Región del Libertador General Bernardo O'Higgins, 2970000, Chile",nominatim
DEL LIBERTADOR GENERAL BERNARDO O'HIGGINS,CACHAPOAL,SAN VICENTE,INSTITUTO SAN VICENTE DE TAGUA TAGUA,-34.4337725,-71.0806348,"Instituto San Vicente, Paula Jaraquemada, Población Manuel Rodriguez, Tunca El Cristo, San Vicente de Tagua Tagua, Provincia de Cachapoal, 2970000, Chile",nominatim
DEL LIBERTADOR GENERAL BERNARDO O'HIGGINS,CACHAPOAL,SAN VICENTE,LICEO IGNACIO CARRERA PINTO,-34.4415424,-71.0795146,"Liceo Bicentenario Ignacio Carrera Pinto, Carmen Gallegos de Robles, Barrio Comercial Estación, Villa Italia, San Vicente de Tagua Tagua, Provincia de Cachapoal, Región del Libertador General Bernardo O'Higgins, 2970000, Chile",nominatim
DEL LIBERTADOR GENERAL BERNARDO O'HIGGINS,CACHAPOAL,SAN VICENTE,LICEO TECNICO PROFESIONAL EL TAMBO,-34.4773537,-70.9791313,"Liceo Técnico Profesional El Tambo, Ruta I-90-H, Villa los Cipreses, El Tambo, San Vicente de Tagua Tagua, Provincia de Cachapoal, Región del Libertador General Bernardo O'Higgins, Chile",nominatim
DEL LIBERTADOR GENERAL BERNARDO O'HIGGINS,CARDENAL CARO,LA ESTRELLA,ESCUELA PROFESORA MONICA SILVA GOMEZ,-34.2098907,-71.65391860000001,"La Estrella, O'Higgins, Chile",google
DEL LIBERTADOR GENERAL BERNARDO O'HIGGINS,CARDENAL CARO,LITUECHE,ESCUELA MUNICIPAL QUELENTARO,-34.0257867,-71.5427513,"Escuela Municipal Quelentaro, Ruta I-62-G, Padre Hurtado, Litueche, Provincia de Cardenal Caro, 2510000, Chile",nominatim
DEL LIBERTADOR GENERAL BERNARDO O'HIGGINS,CARDENAL CARO,LITUECHE,LICEO EL ROSARIO DE LITUECHE,-34.1164153,-71.7274511,"Liceo El Rosario, 701, Hermanos Carrera, El Rosario, Litueche, Provincia de Cardenal Caro, Chile",nominatim
DEL LIBERTADOR GENERAL BERNARDO O'HIGGINS,CARDENAL CARO,MARCHIGUE,ESCUELA MUNICIPAL AMERICA,-34.3961235,-71.6200289,"Marchigüe, O'Higgins, Chile",google
DEL LIBERTADOR GENERAL BERNARDO O'HIGGINS,CARDENAL CARO,MARCHIGUE,LICEO MUNICIPAL INSTITUTO CARDENAL CARO,-34.3971373,-71.6195264,"I-208, Marchigüe, O'Higgins, Chile",google
DEL LIBERTADOR GENERAL BERNARDO O'HIGGINS,CARDENAL CARO,NAVIDAD,ESCUELA FRANCISCO CHAVEZ CIFUENTES,-33.9438832,-71.7367606,"Escuela Francisco Chavez Cifuentes, Ignacio Carrera Pinto, La Cruz, Rapel, Navidad, Provincia de Cardenal Caro, Región del Libertador General Bernardo O'Higgins, Chile",nominatim
DEL LIBERTADOR GENERAL BERNARDO O'HIGGINS,CARDENAL CARO,NAVIDAD,LICEO MUNICIPAL PABLO NERUDA,-33.9596409,-71.822338,"G-880 608, Navidad, O'Higgins, Chile",google
DEL LIBERTADOR GENERAL BERNARDO O'HIGGINS,CARDENAL CARO,PAREDONES,ESCUELA BASICA MERCEDES URZUA DIAZ,-34.6438644,-71.8990591,"Escuela Básica Mercedes Urzua Diaz, 76, Avenida Doctor Moore, Población Sergio Reyes, Paredones, Provincia de Cardenal Caro, Chile",nominatim
DEL LIBERTADOR GENERAL BERNARDO O'HIGGINS,CARDENAL CARO,PAREDONES,ESCUELA BASICA UNION DE MUJERES AMERICANAS,-34.6428644,-72.0366076,"Bucalemu, Paredones, O'Higgins, Chile",google
DEL LIBERTADOR GENERAL BERNARDO O'HIGGINS,CARDENAL CARO,PAREDONES,ESCUELA MUNICIPAL SAN PEDRO DE ALCANTARA,-34.7686772,-71.83563819999999,"San Pedro de Alcantara, Paredones, O'Higgins, Chile",google
DEL LIBERTADOR GENERAL BERNARDO O'HIGGINS,CARDENAL CARO,PICHILEMU,ESCUELA CAHUIL,-34.481896,-72.0117769,"Escuela Cahuil, Camino a Cáhuil, Cáhuil, Pichilemu, Provincia de Cardenal Caro, Región del Libertador General Bernardo O'Higgins, Chile",nominatim
DEL LIBERTADOR GENERAL BERNARDO O'HIGGINS,CARDENAL CARO,PICHILEMU,ESCUELA DIGNA CAMILO AGUILAR,-34.3907269,-72.00349,"Escuela Digna Camilo Aguilar, 255, José Joaquín Pérez, Barrio El Llano, Pichilemu, Provincia de Cardenal Caro, Región del Libertador General Bernardo O'Higgins, 3200000, Chile",nominatim
DEL LIBERTADOR GENERAL BERNARDO O'HIGGINS,CARDENAL CARO,PICHILEMU,ESCUELA DIVINO MAESTRO,-34.3947048,-71.9896012,"Escuela Divino Maestro, 1365, Los Jazmines, Villa Mar Azul, Pichilemu, Provincia de Cardenal Caro, Región del Libertador General Bernardo O'Higgins, 3200000, Chile",nominatim
DEL LIBERTADOR GENERAL BERNARDO O'HIGGINS,CARDENAL CARO,PICHILEMU,LICEO AGUSTIN ROSS EDWARDS,-34.390299,-72.0023973,"Liceo Agustín Ross Edwards, 725, Ángel Gaete, Barrio El Llano, Pichilemu, Provincia de Cardenal Caro, Región del Libertador General Bernardo O'Higgins, 3200000, Chile",nominatim
DEL LIBERTADOR GENERAL BERNARDO O'HIGGINS,COLCHAGUA,CHEPICA,COLEGIO BASICO DE CHEPICA,-34.7270163,-71.2752074,"Chépica, O'Higgins, Chile",google
DEL LIBERTADOR GENERAL BERNARDO O'HIGGINS,COLCHAGUA,CHEPICA,ESCUELA LUIS ATHAS,-34.7657647,-71.1942274,"I-86 177, Auquinco, Chépica, O'Higgins, Chile",google
DEL LIBERTADOR GENERAL BERNARDO O'HIGGINS,COLCHAGUA,CHEPICA,LICEO FERMIN DEL REAL CASTILLO,-34.7269025,-71.2755876,"I-86 3289, 3120000 Chépica, O'Higgins, Chile",google
DEL LIBERTADOR GENERAL BERNARDO O'HIGGINS,COLCHAGUA,CHIMBARONGO,COMPLEJO EDUCACIONAL CHIMBARONGO,-34.7081922,-71.0398024,"Complejo Educacional Chimbarongo/ Liceo C 29, Manuel Blanco Encalada, Villa Oriente, Chimbarongo, Provincia de Colchagua, Región del Libertador General Bernardo O'Higgins, 3090000, Chile",nominatim
DEL LIBERTADOR GENERAL BERNARDO O'HIGGINS,COLCHAGUA,CHIMBARONGO,ESCUELA FERNANDO ARENAS ALMARZA,-34.7137253,-71.0455322,"Escuela Municipal Fernando Arenas Almarza, Javiera Carrera Sur, Villa Los Mercedarios, Chimbarongo, Provincia de Colchagua, Región del Libertador General Bernardo O'Higgins, 3090000, Chile",nominatim
DEL LIBERTADOR GENERAL BERNARDO O'HIGGINS,COLCHAGUA,CHIMBARONGO,ESCUELA MUNICIPAL E-456,-34.7121921,-70.9309704,"Chimbarongo, O'Higgins, Chile",google
DEL LIBERTADOR GENERAL BERNARDO O'HIGGINS,COLCHAGUA,CHIMBARONGO,ESCUELA MUNICIPAL F449 PEOR ES NADA,-34.7904115,-71.0444349,"Escuela Municipal F449 Peor Es Nada, Ruta I-725, Peor Es Nada, Chimbarongo, Provincia de Colchagua, Región del Libertador General Bernardo O'Higgins, Chile",nominatim
DEL LIBERTADOR GENERAL BERNARDO O'HIGGINS,COLCHAGUA,CHIMBARONGO,ESCUELA MUNICIPAL LAS QUEZADAS F-413,-34.6510732,-70.970811,"Escuela Municipal Las Quezadas F-413, Callejón Quezada, Callejón Las Quezadas, Tinguiririca, Chimbarongo, Provincia de Colchagua, Región del Libertador General Bernardo O'Higgins, 3070000, Chile",nominatim
DEL LIBERTADOR GENERAL BERNARDO O'HIGGINS,COLCHAGUA,LOLOL,ESCUELA GALVARINO VALENZUELA MORAGA,-34.7281349,-71.6461079,"Escuela Básica Galvarino Valenzuela Moraga, Los Laureles, Villa Cruz Roja, Lolol, Provincia de Colchagua, Región del Libertador General Bernardo O'Higgins, 3140000, Chile",nominatim
DEL LIBERTADOR GENERAL BERNARDO O'HIGGINS,COLCHAGUA,LOLOL,LICEO MUNICIPAL DE LOLOL,-34.728699,-71.6452075,"Lolol, O'Higgins, Chile",google
DEL LIBERTADOR GENERAL BERNARDO O'HIGGINS,COLCHAGUA,NANCAGUA,COLEGIO BASICO CONSOLIDADO,-34.6501767,-71.2041725,"Colegio Basico Consolidado, 412, 18 de Septiembre, Villa El Molino, Nancagua, Provincia de Colchagua, Región del Libertador General Bernardo O'Higgins, Chile",nominatim
DEL LIBERTADOR GENERAL BERNARDO O'HIGGINS,COLCHAGUA,NANCAGUA,ESCUELA MUNICIPAL DE CUNACO,-34.6508095,-71.28285509999999,"Cunaco, Nancagua, O'Higgins, Chile",google
DEL LIBERTADOR GENERAL BERNARDO O'HIGGINS,COLCHAGUA,NANCAGUA,LICEO MUNICIPAL JUAN PABLO II,-34.682957,-71.1962102,"Pje. Juan Pablo II, Puquillay, Nancagua, O'Higgins, Chile",google
DEL LIBERTADOR GENERAL BERNARDO O'HIGGINS,COLCHAGUA,PALMILLA,ESCUELA MUNICIPAL DE PALMILLA,-34.4449629,-71.3750729,"Escuela Municipal San Francisco del Huique, Ruta H-82-I, Santa Ana de Huique, San Francisco de Huique, Palmilla, Provincia de Colchagua, Región del Libertador General Bernardo O'Higgins, Chile",nominatim
DEL LIBERTADOR GENERAL BERNARDO O'HIGGINS,COLCHAGUA,PALMILLA,LICEO SAN JOSE DEL CARMEN,-34.5237818,-71.3724059,"Liceo San José del Carmen, Avenida Central, El Millán Pupilla, San José del Carmen, Palmilla, Provincia de Colchagua, Región del Libertador General Bernardo O'Higgins, Chile",nominatim
DEL LIBERTADOR GENERAL BERNARDO O'HIGGINS,COLCHAGUA,PERALILLO,COLEGIO BASICO VIOLETA PARRA,-34.4762561,-71.4816518,"Peralillo, O'Higgins, Chile",google
DEL LIBERTADOR GENERAL BERNARDO O'HIGGINS,COLCHAGUA,PERALILLO,COLEGIO MANUEL RODRIGUEZ ERDOIZA,-34.4505898,-71.5465287,"Población, Peralillo, O'Higgins, Chile",google
DEL LIBERTADOR GENERAL BERNARDO O'HIGGINS,COLCHAGUA,PERALILLO,LICEO VICTOR JARA,-34.4743392,-71.4799259,"Liceo Bicentenario Víctor Jara, Camino al Parque, Población San Agustín, Peralillo, Provincia de Colchagua, Región del Libertador General Bernardo O'Higgins, Chile",nominatim
DEL LIBERTADOR GENERAL BERNARDO O'HIGGINS,COLCHAGUA,PLACILLA,GIMNASIO MUNICIPAL,-34.6337953,-71.1108273,"Placilla, O'Higgins, Chile",google
DEL LIBERTADOR GENERAL BERNARDO O'HIGGINS,COLCHAGUA,PLACILLA,LICEO SAN FRANCISCO DE PLACILLA,-34.6379305,-71.119671,"Liceo San Francisco, Miraflores, Placilla, Provincia de Colchagua, Región del Libertador General Bernardo O'Higgins, Chile",nominatim
DEL LIBERTADOR GENERAL BERNARDO O'HIGGINS,COLCHAGUA,PUMANQUE,ESCUELA MUNICIPAL DE PUMANQUE,-34.5989885,-71.6519331,"Escuela Municipal de Pumanque, 140, Bernardo O'Higgins, Pumanque, Provincia de Colchagua, Región del Libertador General Bernardo O'Higgins, Chile",nominatim
DEL LIBERTADOR GENERAL BERNARDO O'HIGGINS,COLCHAGUA,SAN FERNANDO,COLEGIO GIUSEPPE BERTOLUZZI DE FELIP,-34.5977443,-70.96994049999999,"José Miguel Carrera 488, 3071911 San Fernando, O'Higgins, Chile",google
DEL LIBERTADOR GENERAL BERNARDO O'HIGGINS,COLCHAGUA,SAN FERNANDO,COLEGIO HERMANO FERNANDO DE LA FUENTE,-34.5834129,-70.9938492,"Colegio Hermano Fernando De La Fuente, 770, Negrete, Villa El Olivo, San Fernando, Provincia de Colchagua, Región del Libertador General Bernardo O'Higgins, 3071085, Chile",nominatim
DEL LIBERTADOR GENERAL BERNARDO O'HIGGINS,COLCHAGUA,SAN FERNANDO,ESCUELA BASICA ANTONIO LARA MEDINA,-34.5813982,-70.910717,"Escuela Básica Antonio Lara Medina, Ruta I-151, La Marinana Norte, San José de Los Lingues, San Fernando, Provincia de Colchagua, Región del Libertador General Bernardo O'Higgins, Chile",nominatim
DEL LIBERTADOR GENERAL BERNARDO O'HIGGINS,COLCHAGUA,SAN FERNANDO,ESCUELA BASICA ISABEL LA CATOLICA,-34.5871027,-70.9877505,"Av. Manuel Rodríguez 751, 3071100 San Fernando, O'Higgins, Chile",google
DEL LIBERTADOR GENERAL BERNARDO O'HIGGINS,COLCHAGUA,SAN FERNANDO,ESCUELA CONCENTRACION RURAL SERGIO VERDUGO HERRERA,-34.5842562,-70.989941,"San Fernando, O'Higgins, Chile",google
DEL LIBERTADOR GENERAL BERNARDO O'HIGGINS,COLCHAGUA,SAN FERNANDO,ESCUELA HOGAR MARIA LUISA BOUCHON,-34.584011,-70.9938457,"Escuela Hogar María Luisa Bouchon, 701, Guadalupe, Villa La Higuera, San Fernando, Provincia de Colchagua, Región del Libertador General Bernardo O'Higgins, 3071086, Chile",nominatim
DEL LIBERTADOR GENERAL BERNARDO O'HIGGINS,COLCHAGUA,SAN FERNANDO,ESCUELA JORGE MUÑOZ SILVA,-34.5847073,-70.9866757,"Escuela Jorge Muñoz Silva, Cardenal Caro, Villa El Olivo, San Fernando, Provincia de Colchagua, Región del Libertador General Bernardo O'Higgins, 3071082, Chile",nominatim
DEL LIBERTADOR GENERAL BERNARDO O'HIGGINS,COLCHAGUA,SAN FERNANDO,ESCUELA JOSE DE SAN MARTIN,-34.5942719,-70.9802259,"Escuela José de San Martín, Calle 1, Villa Sur, San Fernando, Provincia de Colchagua, Región del Libertador General Bernardo O'Higgins, 3072268, Chile",nominatim
DEL LIBERTADOR GENERAL BERNARDO O'HIGGINS,COLCHAGUA,SAN FERNANDO,ESCUELA OLEGARIO LAZO BAEZA,-34.5923589,-70.9876879,"Escuela Olegario Lazo Baeza, 821, Tres Montes, Villa O'Higgins, San Fernando, Provincia de Colchagua, Región del Libertador General Bernardo O'Higgins, 3070662, Chile",nominatim
DEL LIBERTADOR GENERAL BERNARDO O'HIGGINS,COLCHAGUA,SAN FERNANDO,ESCUELA VILLA CENTINELA,-34.5791264,-71.0054888,"Escuela de Lenguaje Peumayen, Callejón El Álamo, Villa Las Tinajas, La Ramada, San Fernando, Provincia de Colchagua, Región del Libertador General Bernardo O'Higgins, 3071379, Chile",nominatim
DEL LIBERTADOR GENERAL BERNARDO O'HIGGINS,COLCHAGUA,SAN FERNANDO,INSTITUTO COMERCIAL ALBERTO VALENZUELA LLANOS,-34.5771117,-70.9890309,"Av. Manso de Velasco 389, San Fernando, O'Higgins, Chile",google
DEL LIBERTADOR GENERAL BERNARDO O'HIGGINS,COLCHAGUA,SAN FERNANDO,LICEO DE HOMBRES NEANDRO SCHILLING,-34.5826711,-70.9886391,"Liceo Neandro Schilling, 583, Argomedo, Villa Olímpica, San Fernando, Provincia de Colchagua, Región del Libertador General Bernardo O'Higgins, 3071530, Chile",nominatim
DEL LIBERTADOR GENERAL BERNARDO O'HIGGINS,COLCHAGUA,SAN FERNANDO,LICEO DE NIÑAS EDUARDO CHARME,-34.5758038,-70.9939865,"Eduardo Charme, San Fernando, O'Higgins, Chile",google
DEL LIBERTADOR GENERAL BERNARDO O'HIGGINS,COLCHAGUA,SAN FERNANDO,LICEO HERIBERTO SOTO SOTO,-34.5777796,-70.9912356,"Liceo Heriberto Soto Soto, 1287, Guadalupe, Villa La Higuera, San Fernando, Provincia de Colchagua, Región del Libertador General Bernardo O'Higgins, 3071086, Chile",nominatim
DEL LIBERTADOR GENERAL BERNARDO O'HIGGINS,COLCHAGUA,SANTA CRUZ,ESCUELA MARIA ARAYA VALDES,-34.6459171,-71.36412159999999,"Av. Ramón Sanfurgo 581, Santa Cruz, O'Higgins, Chile",google
DEL LIBERTADOR GENERAL BERNARDO O'HIGGINS,COLCHAGUA,SANTA CRUZ,ESCUELA MUNICIPAL DE ISLA DE YAQUIL,-34.5942485,-71.4285617,"Isla de Yáquil, Santa Cruz, O'Higgins, Chile",google
DEL LIBERTADOR GENERAL BERNARDO O'HIGGINS,COLCHAGUA,SANTA CRUZ,ESCUELA MUNICIPAL DE PANIAHUE,-34.667905,-71.2972185,"Escuela Municipal de Guindo Alto, Camino Los Guindos, Camino a Cunaco, El Boldal, Santa Cruz, Provincia de Colchagua, Región del Libertador General Bernardo O'Higgins, Chile",nominatim
DEL LIBERTADOR GENERAL BERNARDO O'HIGGINS,COLCHAGUA,SANTA CRUZ,ESCUELA MUNICIPAL LUIS OYARZUN PEÑA,-34.6393257,-71.36949469999999,"Jose Toribio Medina 129, 3130000 Santa Cruz, O'Higgins, Chile",google
DEL LIBERTADOR GENERAL BERNARDO O'HIGGINS,COLCHAGUA,SANTA CRUZ,INSTITUTO POLITECNICO,-34.6318469,-71.3667638,"Instituto Politécnico, Avenida Cabello, Villa España, Santa Cruz, Provincia de Colchagua, Región del Libertador General Bernardo O'Higgins, 3130000, Chile",nominatim
DEL LIBERTADOR GENERAL BERNARDO O'HIGGINS,COLCHAGUA,SANTA CRUZ,LICEO MUNICIPAL DE SANTA CRUZ,-34.6382807,-71.3623183,"Liceo Municipal De Adultos Daniel Barros G-88, 88, Daniel Barros Grez, Villa La Vendimia, Santa Cruz, Provincia de Colchagua, Región del Libertador General Bernardo O'Higgins, 3130000, Chile",nominatim
DEL MAULE,CAUQUENES,CAUQUENES,COLEGIO BLANCO ENCALADA,-35.9655208,-72.3210692,"Colegio Blanco Encalada, Chacabuco, Población Caiquén, Cauquenes, Provincia de Cauquenes, Región del Maule, Chile",nominatim
DEL MAULE,CAUQUENES,CAUQUENES,ESCUELA ADOLFO QUIROZ HERNANDEZ,-36.0587861,-72.0921992,"Escuela Adolfo Quiroz Hernandez, Ruta M-750, Quella, Cauquenes, Provincia de Cauquenes, Región del Maule, Chile",nominatim
DEL MAULE,CAUQUENES,CAUQUENES,ESCUELA ANIBAL PINTO,-35.9648937,-72.3332414,"Escuela Aníbal Pinto, Aníbal Pinto, Villa Magisterio, Cauquenes, Provincia de Cauquenes, Región del Maule, Chile",nominatim
DEL MAULE,CAUQUENES,CAUQUENES,ESCUELA ARTISTICA BARRIO ESTACION,-35.983984,-72.3145631,"Escuela Artistica Barrio Estación, Salinas, Estación Cauquenes, Cauquenes, Provincia de Cauquenes, Chile",nominatim
DEL MAULE,CAUQUENES,CAUQUENES,ESCUELA CLORINDO ALVEAR,-36.0500042,-72.4561147,"Escuela Clorindo Alvear, Progreso, Coronel de Maule, Cauquenes, Provincia de Cauquenes, Región del Maule, Chile",nominatim
DEL MAULE,CAUQUENES,CAUQUENES,ESCUELA LOS CONQUISTADORES,-35.958077,-72.2993262,"Escuela Los Conquistadores, Las Higueras, Villa San Marcos, Cauquenes, Provincia de Cauquenes, Chile",nominatim
DEL MAULE,CAUQUENES,CAUQUENES,ESCUELA OCTAVIO PALMA PEREZ,-35.7207252,-72.1263983,"Escuela Octavio Palma Pérez, Balmaceda, Sauzal, Cauquenes, Provincia de Cauquenes, Región del Maule, Chile",nominatim
DEL MAULE,CAUQUENES,CAUQUENES,ESCUELA PORONGO,-35.9516048,-72.3475479,"Escuela Porongo, Avenida Luis Manríquez, Los Adobes, Cauquenes, Provincia de Cauquenes, Región del Maule, Chile",nominatim
DEL MAULE,CAUQUENES,CAUQUENES,ESCUELA PURISIMA CONCEPCION DE POCILLAS,-36.1613308,-72.231382,"Escuela Purisima de Concepcion, San Daniel, Pocillas, Cauquenes, Provincia de Cauquenes, Región del Maule, Chile",nominatim
DEL MAULE,CAUQUENES,CAUQUENES,ESCUELA ROSITA OHIGGINS,-35.960688,-72.3380706,"Montero 1915, Cauquenes, Maule, Chile",google
DEL MAULE,CAUQUENES,CAUQUENES,LICEO ANTONIO VARAS,-35.9696056,-72.3139904,"Liceo Antonio Varas, 252, Claudina Urrutia, Cauquenes, Provincia de Cauquenes, Chile",nominatim
DEL MAULE,CAUQUENES,CAUQUENES,LICEO BICENTENARIO DE CAUQUENES,-35.9815308,-72.3177937,"Liceo Bicentenario de Cauquenes, Rieles, Población Caupolicán, Cauquenes, Provincia de Cauquenes, Chile",nominatim
DEL MAULE,CAUQUENES,CAUQUENES,LICEO CLAUDINA URRUTIA DE LAVIN,-35.9659354,-72.316498,"Catedral 525, 3691438 Cauquenes, Maule, Chile",google
DEL MAULE,CAUQUENES,CAUQUENES,LICEO INMACULADA CONCEPCION,-35.9662362,-72.3181169,"Liceo Inmaculada Concepción, 604, Antonio Varas, Población Caiquén, Cauquenes, Provincia de Cauquenes, Región del Maule, Chile",nominatim
DEL MAULE,CAUQUENES,CHANCO,ESCUELA LOS HEROES,-35.7316035,-72.5306565,"Escuela Los Héroes, 18 de Septiembre, Chanco, Provincia de Cauquenes, Chile",nominatim
DEL MAULE,CAUQUENES,CHANCO,ESCUELA PAHUIL,-35.6157352,-72.5724898,"Escuela Pahuil, Ruta M-50-K, Pahuil, Chanco, Provincia de Cauquenes, Chile",nominatim
DEL MAULE,CAUQUENES,CHANCO,LICEO FEDERICO ALBERT FAUPP,-35.7323273,-72.5335016,"Liceo federico Albert Faupp, 54, Yerbas Buenas, Chanco, Provincia de Cauquenes, Chile",nominatim
DEL MAULE,CAUQUENES,PELLUHUE,ESCUELA BLANCA BUSTOS CASTILLO,-35.9145175,-72.6656698,"Escuela Blanca Bustos Castillo, Ruta M-910, Casas del Mar, Tres Esquinas, Chovellén, Pelluhue, Provincia de Cauquenes, Región del Maule, Chile",nominatim
DEL MAULE,CAUQUENES,PELLUHUE,ESCUELA GLADYS CANALES PAREDES,-35.8473915,-72.6382226,"Escuela Gladys Canales Paredes, Avenida Padre Samuel Jofré, Parrón, Curanipe, Pelluhue, Provincia de Cauquenes, Chile",nominatim
DEL MAULE,CAUQUENES,PELLUHUE,LICEO PELLUHUE,-35.8124689,-72.5738356,"Liceo de Pelluhue, Riquelme, Villa Las Vertientes, Pelluhue, Provincia de Cauquenes, 3710000, Chile",nominatim
DEL MAULE,CURICO,CURICO,COLEGIO ALESSANDRI,-34.9755109,-71.2195851,"Av. Arturo Alessandri, Curicó, Maule, Chile",google
DEL MAULE,CURICO,CURICO,COLEGIO DIEGO THOMPSON,-34.9720381,-71.2046203,"Liquidambar 2118, Curicó, Romeral, Maule, Chile",google
DEL MAULE,CURICO,CURICO,COLEGIO EL BOLDO,-34.9623617,-71.2296941,"Colegio el Boldo, Curicó, Maule, Chile",google
DEL MAULE,CURICO,CURICO,COLEGIO LOS CONQUISTADORES,-34.9806453,-71.2335392,"Curico, Curicó, Maule, Chile",google
DEL MAULE,CURICO,CURICO,COLEGIO MANUEL LARRAIN,-34.9802093,-71.2511827,"Manuel Larraín, Curicó, Maule, Chile",google
DEL MAULE,CURICO,CURICO,COLEGIO MULTICULTURAL RAYEN MAPU,-34.9794157,-71.34066949999999,"Camino A Tutuquén bajo, s/n, Curicó, Maule, Chile",google
DEL MAULE,CURICO,CURICO,COLEGIO POLITECNICO SAN JOSE,-34.9914581,-71.23530939999999,"Chacabuco 45, 3342096 Curicó, Maule, Chile",google
DEL MAULE,CURICO,CURICO,COLEGIO POLIVALENTE JAPON,-34.9907387,-71.2485789,"Fresias 939, 1031, 3340000 Curicó, Maule, Chile",google
DEL MAULE,CURICO,CURICO,ESCUELA DE ADMINISTRACION & COMERCIO TECNICO PROFESIONAL,-34.9841821,-71.2531201,"La Quinta S/N Curicó, 3370000 Maule, Curicó, Maule, Chile",google
DEL MAULE,CURICO,CURICO,ESCUELA DIEGO PORTALES,-35.12434289999999,-71.14761250000001,"J-65, Curicó, Maule, Chile",google
DEL MAULE,CURICO,CURICO,ESCUELA ERNESTO CASTRO ARELLANO,-34.9792817,-71.2391681,"Carmen 1030, 3342912 Curicó, Maule, Chile",google
DEL MAULE,CURICO,CURICO,ESCUELA GRECIA,-34.9948736,-71.2392046,"Yungay 0249, Curicó, Maule, Chile",google
DEL MAULE,CURICO,CURICO,ESCUELA HOLANDA,-34.9184689,-71.2365797,"EsLos Guindos, Curicó, Maule, Chile",google
DEL MAULE,CURICO,CURICO,ESCUELA INTERNADO POTRERO GRANDE,-35.1809999,-71.1056511,"Curico, Curicó, Maule, Chile",google
DEL MAULE,CURICO,CURICO,ESCUELA ISLA DE MARCHANT,-34.9393316,-71.2634746,"Curico, Curicó, Maule, Chile",google
DEL MAULE,CURICO,CURICO,ESCUELA LA OBRA,-35.023234,-71.2195819,"J-665 1120, Curicó, Maule, Chile",google
DEL MAULE,CURICO,CURICO,ESCUELA MARIA OLGA FIGUEROA LEYTON,-34.9315074,-71.1966036,"Principal 91, 3340000 Curicó, Maule, Chile",google
DEL MAULE,CURICO,CURICO,ESCUELA PALESTINA,-34.9865229,-71.2423893,"M. Rodriguez 482, Curicó, Maule, Chile",google
DEL MAULE,CURICO,CURICO,ESCUELA REPUBLICA ARGENTINA,-34.9968841,-71.2428663,"-390 - Huaiquillo 358, 3342581 Curicó, Maule, Chile",google
DEL MAULE,CURICO,CURICO,ESCUELA REPUBLICA ESTADOS UNIDOS,-35.0639356,-71.1702336,"Camino publico Los Niches Km 9,5 Curicó, 3340000 Maule, Curicó, Maule, Chile",google
DEL MAULE,CURICO,CURICO,ESCUELA REPUBLICA ORIENTAL DEL URUGUAY,-34.9806453,-71.2335392,"Curico, Curicó, Maule, Chile",google
DEL MAULE,CURICO,CURICO,INSTITUTO INGLES,-34.9711448,-71.2437054,"3342999 Curico, Curicó, Maule, Chile",google
DEL MAULE,CURICO,CURICO,INSTITUTO POLITECNICO SUPERIOR JUAN TERRIER DAILLY,-34.9806453,-71.2335392,"Curico, Curicó, Maule, Chile",google
DEL MAULE,CURICO,CURICO,LICEO BICENTENARIO ADMINISTRACION & COMERCIO HC,-34.9809414,-71.2619546,"Avenida circunvalación 965 Curicó, 3340000 Maule, Curicó, Maule, Chile",google
DEL MAULE,CURICO,CURICO,LICEO LUIS CRUZ MARTINEZ DE CURICO,-34.985918,-71.23695599999999,"Estado 176, Curicó, Maule, Chile",google
DEL MAULE,CURICO,CURICO,LICEO ZAPALLAR,-34.9841376,-71.214075,"Manuel Labra - Cam. A Zapallar 205, Curicó, Maule, Chile",google
DEL MAULE,CURICO,CURICO,POLIDEPORTIVO,-34.9806453,-71.2335392,"Curico, Curicó, Maule, Chile",google
DEL MAULE,CURICO,HUALAÑE,ESCUELA BARBA RUBIA,-34.9434954,-71.6531365,"Hualañé, Maule, Chile",google
DEL MAULE,CURICO,HUALAÑE,ESCUELA LA HUERTA DE MATAQUITO,-35.0905102,-71.6612148,"CALLE GABRIELA MISTRAL S/N Hualañé, 3400000 Maule, Hualañé, Maule, Chile",google
DEL MAULE,CURICO,HUALAÑE,ESCUELA MONSEÑOR MANUEL LARRAIN ERRAZURIZ,-34.9732356,-71.8047751,"Hualañe - Pedro Aguirre Cerda, Curicó, Hualañé, Maule, Chile",google
DEL MAULE,CURICO,HUALAÑE,LICEO HUALAÑE,-34.9743939,-71.8054026,"Curicó - Iloca - Lipimavida 99 Hualañé, 3400000 Maule, Hualañé, Maule, Chile",google
DEL MAULE,CURICO,LICANTEN,COLEGIO DOCTOR MANUEL AVILES INOSTROZA,-34.9318275,-72.1773529,"Licanten, Licantén, Maule, Chile",google
DEL MAULE,CURICO,LICANTEN,COLEGIO JUAN IGNACIO MOLINA DE LICANTEN,-34.9801766,-71.9862407,"Unnamed Road, Licanten, Licantén, Maule, Chile",google
DEL MAULE,CURICO,LICANTEN,LICEO AUGUSTO SANTELICES VALENZUELA,-34.981189,-71.988781,"Licantén, Licanten, Maule, Chile",google
DEL MAULE,CURICO,MOLINA,ESCUELA INTERNADO LAS PALMAS TRES ESQUINAS,-35.114319,-71.2808779,"Molina, Maule, Chile",google
DEL MAULE,CURICO,MOLINA,ESCUELA PRESIDENTE EDUARDO FREI MONTALVA,-35.114319,-71.2808779,"Molina, Maule, Chile",google
DEL MAULE,CURICO,MOLINA,ESCUELA QUECHEREGUAS DE PICHINGAL,-35.1189203,-71.2095226,"Escuela Quechereguas de Pichingal, Ruta J-741, Villa Santa Esperanza, Pichingal, Molina, Provincia de Curicó, Región del Maule, Chile",nominatim
DEL MAULE,CURICO,MOLINA,ESCUELA REINO DE DINAMARCA,-35.113399,-71.2795565,"Escuela Reino de Dinamarca, 1327, Yerbas Buenas, Villa Bicentenario, Molina, Provincia de Curicó, Región del Maule, Chile",nominatim
DEL MAULE,CURICO,MOLINA,ESCUELA SAN PEDRO DE MOLINA,-35.1066628,-71.2948298,"Escuela San Pedro, Pasaje 8, Villa Altos San Pedro, Molina, Provincia de Curicó, Región del Maule, Chile",nominatim
DEL MAULE,CURICO,MOLINA,ESCUELA SUPERIOR DE NIÑAS DE MOLINA,-35.114319,-71.2808779,"Molina, Maule, Chile",google
DEL MAULE,CURICO,MOLINA,LICEO BICENTENARIO DE MOLINA MARIA DEL TRANSITO DE LA CRUZ,-35.1097379,-71.2716222,"Molina, Maule, Chile",google
DEL MAULE,CURICO,MOLINA,LICEO JUAN AGUSTIN MORALES GONZALEZ,-35.114319,-71.2808779,"Molina, Maule, Chile",google
DEL MAULE,CURICO,MOLINA,LICEO POLIVALENTE DE MOLINA,-36.6013689,-72.9584096,"Liceo Polivalente de Tomé, 809, Enrique Molina, Frutillares, Tomé, Provincia de Concepción, Región del Biobío, 4161024, Chile",nominatim
DEL MAULE,CURICO,RAUCO,ESCUELA LOS ALMENDROS,-35.0360438,-71.5384738,"Escuela Los Almendros, Ruta J-682, Palquibudi, Rauco, Provincia de Curicó, Región del Maule, Chile",nominatim
DEL MAULE,CURICO,RAUCO,ESCUELA LUIS LEYTON RUBIO,-34.9552672,-71.3465374,"Escuela Luis Leyton Rubio, Ruta J-60, Quilpoco, Rauco, Provincia de Curicó, Región del Maule, Chile",nominatim
DEL MAULE,CURICO,RAUCO,ESCUELA RAUCO,-42.5461112,-73.7969134,"Escuela Rural Rauco, Camino a Rauco, Rauco, Chonchi, Provincia de Chiloé, Región de Los Lagos, Chile",nominatim
DEL MAULE,CURICO,RAUCO,LICEO POLIVALENTE DE RAUCO,-34.8858504,-71.2962224,"Liceo Polivalente de Rauco, Ruta J-470, La Palmilla, Rauco, Provincia de Curicó, Región del Maule, Chile",nominatim
DEL MAULE,CURICO,ROMERAL,ESCUELA ARTURO ALESSANDRI PALMA,-34.9529289,-71.1229971,"Liceo Arturo Alessandri Palma, 620, Avenida Brasil, San Sebastián, Romeral, Provincia de Curicó, Región del Maule, Chile",nominatim
DEL MAULE,CURICO,ROMERAL,ESCUELA BASICA LUIS ESCOBAR LARA,-35.0002612,-70.811934,"Escuela Basica Luis Escobar Lara, Avenida Ramón Freire, Los Queñes, Romeral, Provincia de Curicó, Región del Maule, Chile",nominatim
DEL MAULE,CURICO,ROMERAL,ESCUELA GERARDO RODRIGUEZ ORTUZAR,-34.9790772,-70.9835441,"Escuela Gerardo Rodriguez Ortuzar, La Parroquia, Romeral, Provincia de Curicó, Región del Maule, Chile",nominatim
DEL MAULE,CURICO,ROMERAL,ESCUELA TRES ESQUINAS,-34.9627836,-71.1002855,"Escuela Tres Esquinas, Camino Viejo Tres esquinas, Tres Esquinas, Guaico Uno, Romeral, Provincia de Curicó, Región del Maule, Chile",nominatim
DEL MAULE,CURICO,ROMERAL,LICEO ARTURO ALESSANDRI PALMA,-34.9529289,-71.1229971,"Liceo Arturo Alessandri Palma, 620, Avenida Brasil, San Sebastián, Romeral, Provincia de Curicó, Región del Maule, Chile",nominatim
DEL MAULE,CURICO,SAGRADA FAMILIA,ESCUELA DE EDUCACION GENERAL BASICA MONSENOR ENRIQUE CORNEJ,-34.9991411,-71.38519850000002,"160, Sagrada Familia, Maule, Chile",google
DEL MAULE,CURICO,SAGRADA FAMILIA,ESCUELA EUGENIO TAGLE VALDES,-35.0723986,-71.4749585,"Escuela Eugenio Tagle Valdes, Camino Los Quillayes, Población La Victoria 2, San Juan, Santa María, Sagrada Familia, Provincia de Curicó, Región del Maule, Chile",nominatim
DEL MAULE,CURICO,SAGRADA FAMILIA,ESCUELA LA ISLA,-35.0276092,-71.3026759,"Escuela La Isla, Ruta J-68, La Isla, Sagrada Familia, Provincia de Curicó, Región del Maule, Chile",nominatim
DEL MAULE,CURICO,SAGRADA FAMILIA,ESCUELA LO VALDIVIA,-34.9971777,-71.3438424,"Escuela Lo Valdivia, Ruta J-68, Lo Valdivia Viejo, Corral de Piedra, Sagrada Familia, Provincia de Curicó, Región del Maule, 3400000, Chile",nominatim
DEL MAULE,CURICO,SAGRADA FAMILIA,ESCUELA VILLA PRAT,-35.0939165,-71.6129534,"Escuela Villa Prat, Avenida Padre Alfonso Araya, Pudahuel, Villa Prat, Sagrada Familia, Provincia de Curicó, Región del Maule, Chile",nominatim
DEL MAULE,CURICO,SAGRADA FAMILIA,LICEO POLIVALENTE SAGRADA FAMILIA,-34.9970424,-71.3868631,"Liceo Polivalente de Sagrada Familia, Villa Santa Elena, Población Santa Elena, Sagrada Familia, Provincia de Curicó, Región del Maule, 3400000, Chile",nominatim
DEL MAULE,CURICO,TENO,CENTRO EDUCACIONAL AQUELARRE LICEO BICENTENARIO,-34.880577,-71.1600265,"J-40 293, Teno, Maule, Chile",google
DEL MAULE,CURICO,TENO,ESCUELA COMALLE,-34.848736,-71.2696344,"Escuela COmalle, Ruta J-440-I, La Vizcaya, Comalle, Teno, Provincia de Curicó, Región del Maule, Chile",nominatim
DEL MAULE,CURICO,TENO,ESCUELA MANUEL RODRIGUEZ ERDOIZA,-34.9592308,-70.9712889,"Escuela Manuel Rodriguez Erdoiza, Ruta J-25, Luxemburgo, La Laguna, Teno, Provincia de Curicó, Región del Maule, Chile",nominatim
DEL MAULE,CURICO,TENO,ESCUELA SAN RAFAEL,-34.8400452,-71.1026661,"San Rafael, Avenida Padre León Dehon, Louis Letsch, El Quelmén, Teno, Provincia de Curicó, Región del Maule, Chile",nominatim
DEL MAULE,CURICO,TENO,ESCUELA SUSANA MONTES VELASCO,-34.921357,-71.0288594,"Escuela Susana Montes Velasco, Ruta J-25, Santa Susana, Teno, Provincia de Curicó, Región del Maule, Chile",nominatim
DEL MAULE,CURICO,TENO,ESCUELA TENO,-34.8719763,-71.161029,"Escuela Teno, 390, Avenida Lautaro, Don Matías 2, Teno, Provincia de Curicó, Región del Maule, Chile",nominatim
DEL MAULE,CURICO,TENO,ESCUELA TENO ANEXO,-34.8697762,-71.16248829999999,"Teno, Maule, Chile",google
DEL MAULE,CURICO,TENO,LICEO TENO,-34.8705752,-71.1656276,"Liceo c4, Avenida Doctor Faúndez, Don Clemente, Población Esperanza, Teno, Provincia de Curicó, Región del Maule, Chile",nominatim
DEL MAULE,CURICO,VICHUQUEN,ESCUELA EMA CORNEJO DE CARDOEN,-34.6896265,-72.0518286,"Boyeruca, Vichuquén, Maule, Chile",google
DEL MAULE,CURICO,VICHUQUEN,ESCUELA ENTRE AGUAS DE LLICO,-34.7635133,-72.0797766,"Llico, Vichuquén, Maule, Chile",google
DEL MAULE,CURICO,VICHUQUEN,ESCUELA LAGO VICHUQUEN DE AQUELARRE,-34.8514696,-72.0404865,"J-850, Aquelarre, Vichuquén, Maule, Chile",google
DEL MAULE,CURICO,VICHUQUEN,ESCUELA PLAYA LINDA DE LIPIMAVIDA,-34.8497816,-72.1416102,"J-60, Lipimavida, Vichuquén, Maule, Chile",google
DEL MAULE,CURICO,VICHUQUEN,LICEO NUEVO HORIZONTE,-34.8844859,-71.9941505,"381, - Comercio, 3420000 Vichuquén, Maule, Chile",google
DEL MAULE,LINARES,COLBUN,ESCUELA BASICA DE COLBUN,-35.7582321,-71.4178924,"Colbún, Maule, Chile",google
DEL MAULE,LINARES,COLBUN,ESCUELA CARLOS DEL CAMPO RIVERA,-35.8172933,-71.4670702,"Capilla de Palacios, Colbún, Maule, Chile",google
DEL MAULE,LINARES,COLBUN,ESCUELA LA GUARDIA,-35.7012384,-71.2728348,"L-391, Colbún, Maule, Chile",google
DEL MAULE,LINARES,COLBUN,ESCUELA MAULE SUR,-35.6360947,-71.4018869,"L-13, Colbun, Colbún, Maule, Chile",google
DEL MAULE,LINARES,COLBUN,ESCUELA PANIMAVIDA,-35.758829,-71.4158358,"Panimávida, Colbún, Maule, Chile",google
DEL MAULE,LINARES,COLBUN,LICEO CAPITAN IGNACIO CARRERA PINTO,-35.7026636,-71.40071379999999,"Los Aromos 612, Colbun, Colbún, Maule, Chile",google
DEL MAULE,LINARES,LINARES,COLEGIO MARGOT LOYOLA PALACIOS,-35.8406031,-71.60197389999999,"Yungay 833, 3581753 Linares, Maule, Chile",google
DEL MAULE,LINARES,LINARES,ESCUELA ALEJANDRO GIDI,-35.841826,-71.5732351,"Escuela Alejandro Gidi, Patricio Lynch, Villa Santa Sara, Linares, Provincia de Linares, Región del Maule, 3580281, Chile",nominatim
DEL MAULE,LINARES,LINARES,ESCUELA GRACIELA LETELIER,-35.8309333,-71.5143509,"Escuela GracieLa Letelier, Ruta L-11, Vara Gruesa, Linares, Provincia de Linares, Chile",nominatim
DEL MAULE,LINARES,LINARES,ESCUELA JANUARIO ESPINOSA,-35.8062884,-71.7413103,"Escuela Januario Espinosa, Palmilla, Población Renacer, Copihue Nueve, Palmilla, Linares, Provincia de Linares, Región del Maule, Chile",nominatim
DEL MAULE,LINARES,LINARES,ESCUELA JUAN MARTINEZ DE ROZAS,-35.85282410000001,-71.6016885,"Fco A Encina 264-330, Linares, Maule, Chile",google
DEL MAULE,LINARES,LINARES,ESCUELA LAS HORNILLAS,-35.7999482,-71.6596084,"Escuela Las Hornillas, Ruta L-240, Curva de Putagán, Las Obras, Linares, Provincia de Linares, Región del Maule, Chile",nominatim
DEL MAULE,LINARES,LINARES,ESCUELA LLANKANAO MANUEL FRANCISCO MEZA SECO,-35.8948353,-71.5207887,"Escuela Llankanao Manuel Francisco Meza Seco, Ruta L-45, Molinos de Llancanao, Linares, Provincia de Linares, Región del Maule, 9250000, Chile",nominatim
DEL MAULE,LINARES,LINARES,ESCUELA LUCILA GODOY,-35.8405053,-71.6145689,"Colegio Lucila Godoy, 0910, Rucalhue, Villa Independencia, Linares, Provincia de Linares, 4300000, Chile",nominatim
DEL MAULE,LINARES,LINARES,ESCUELA PEDRO AGUIRRE CERDA,-35.838076,-71.5826342,"Escuela Pedro Aguirre Cerda, El Pangal, Quinta La Libertad, Linares, Provincia de Linares, Región del Maule, 3580281, Chile",nominatim
DEL MAULE,LINARES,LINARES,ESCUELA PRESIDENTE CARLOS IBAÑEZ DEL CAMPO,-35.8682091,-71.5943295,"Pdte. Carlos Ibáñez del Campo, Linares, Maule, Chile",google
DEL MAULE,LINARES,LINARES,ESCUELA RAMON BELMAR SALDIAS,-35.847555,-71.6048921,"Escuela Ramón Belmar Saldías, Yungay, Villa Presidente Ibáñez, Linares, Provincia de Linares, Región del Maule, 3581359, Chile",nominatim
DEL MAULE,LINARES,LINARES,ESCUELA SALOMON SALMAN DABUD,-35.86246260000001,-71.59557339999999,"Av. Cardenal Raúl Silva Henriquez 0880, 3580422 Linares, Maule, Chile",google
DEL MAULE,LINARES,LINARES,ESCUELA SAN ANTONIO,-35.866816,-71.542306,"Escuela San Antonio, Ruta L-419, Jardín Las Pircas Linares, San Víctor Álamos, Linares, Provincia de Linares, Región del Maule, 9250000, Chile",nominatim
DEL MAULE,LINARES,LINARES,ESCUELA SANTA BARBARA,-35.836863,-71.5941468,"Escuela Santa Bárbara, 367, Venezuela, Población Schneider, Linares, Provincia de Linares, Región del Maule, 4300000, Chile",nominatim
DEL MAULE,LINARES,LINARES,INSTITUTO COMERCIAL,-35.8448699,-71.5993893,"Instituto Comercial de Linares, 579, O'Higgins, Villa Sara Lamothe, Linares, Provincia de Linares, Región del Maule, 3581359, Chile",nominatim
DEL MAULE,LINARES,LINARES,INSTITUTO LINARES,-35.8459741,-71.5951822,"Instituto Linares, 584, Chacabuco, Villa Sara Lamothe, Linares, Provincia de Linares, Región del Maule, 3581004, Chile",nominatim
DEL MAULE,LINARES,LINARES,LICEO POLITECNICO DE LINARES,-35.8381252,-71.5973373,"Liceo Politecnico Ireneo Badilla Fuentes, 101, Avenida Presidente Ibáñez, Villa Sara Lamothe, Linares, Provincia de Linares, Región del Maule, 4300000, Chile",nominatim
DEL MAULE,LINARES,LINARES,LICEO TECNICO PROFESIONAL DIEGO PORTALES,-35.84998700000001,-71.5890237,"Carmen 370, 3580785 Linares, Maule, Chile",google
DEL MAULE,LINARES,LINARES,LICEO VALENTIN LETELIER,-35.8500032,-71.5948943,"Liceo Valentín Letelier Madariaga, 288, Lautaro, Huapi, Linares, Provincia de Linares, Región del Maule, 3581004, Chile",nominatim
DEL MAULE,LINARES,LONGAVI,COLEGIO ABATE MOLINA,-35.9658523,-71.6864586,"3620000 Longaví, Longavi, Maule, Chile",google
DEL MAULE,LINARES,LONGAVI,ESCUELA FRANCISCO URRUTIA URRUTIA,-36.0533405,-71.5680479,"L-55, Longaví, Maule, Chile",google
DEL MAULE,LINARES,LONGAVI,ESCUELA GABRIEL BENAVENTE BENAVENTE,-35.9634456,-71.6876473,"Longaví, Longavi, Maule, Chile",google
DEL MAULE,LINARES,LONGAVI,ESCUELA JOSE MIGUEL CARRERA,-35.918982,-71.649442,"L-461 17, Longaví, Maule, Chile",google
DEL MAULE,LINARES,LONGAVI,ESCUELA JUAN DE LA CRUZ DOMINGUEZ GONZALEZ,-35.9653724,-71.6867218,"1 Sur 85, 3620000 Longaví, Maule, Chile",google
DEL MAULE,LINARES,LONGAVI,ESCUELA LUIS PEREIRA IÑIGUEZ,-35.81154799999999,-71.79956899999999,"Camino A Bodega S/N, Longaví, Maule, Chile",google
DEL MAULE,LINARES,LONGAVI,ESCUELA MARCELA PAZ,-35.9634456,-71.6876473,"Longaví, Longavi, Maule, Chile",google
DEL MAULE,LINARES,LONGAVI,LICEO ARTURO ALESSANDRI PALMA,-35.9692475,-71.68744819999999,"Longaví, Longavi, Maule, Chile",google
DEL MAULE,LINARES,LONGAVI,LICEO LAURA URRUTIA BENAVENTE,-36.1505462,-71.5812974,"G9J2+F4, Longavi, Maule, Chile",google
DEL MAULE,LINARES,PARRAL,COLEGIO ALBERTO MOLINA CASTILLO,-36.1406484,-71.8227528,"Parral, Maule, Chile",google
DEL MAULE,LINARES,PARRAL,COLEGIO PABLO NERUDA,-36.1391733,-71.8273669,"Escuela Parral Pablo Neruda, Avenida Aníbal Pinto, Población Carlos Paulsen, Parral, Provincia de Linares, Región del Maule, 3630000, Chile",nominatim
DEL MAULE,LINARES,PARRAL,COLEGIO PROVIDENCIA,-36.1444769,-71.8248452,"Colegio Providencia, Capitán Ignacio Carrera Pinto, Villa Pablo Neruda, Parral, Provincia de Linares, Región del Maule, 3630000, Chile",nominatim
DEL MAULE,LINARES,PARRAL,COLEGIO SANTIAGO URRUTIA BENAVENTE,-36.1348406,-71.8392081,"Escuela Santiago Urrutia Benavente, 4 Poniente, Población Esperanza, Villa Aurora, Parral, Provincia de Linares, 3630000, Chile",nominatim
DEL MAULE,LINARES,PARRAL,ESCUELA ARRAU MENDEZ,-36.1441343,-71.836756,"Escuela Arrau Mendez, Doctor Santelices, Barrio Arrau Méndez, Villa Aurora, Parral, Provincia de Linares, 3630000, Chile",nominatim
DEL MAULE,LINARES,PARRAL,ESCUELA EL LIBERTADOR,-36.254836,-71.690174,"Escuela El Libertador, Ruta L-851, Remulcao, Parral, Provincia de Linares, Región del Maule, Chile",nominatim
DEL MAULE,LINARES,PARRAL,ESCUELA FRANCISCO MAUREIRA,-36.236329,-71.8089245,"Escuela Francisco Maureira, Ruta L-825, Talquita, Parral, Provincia de Linares, Chile",nominatim
DEL MAULE,LINARES,PARRAL,ESCUELA IGNACIO URRUTIA DE LA SOTTA,-36.2238984,-71.7381601,"Escuela Ignacio Urrutia de la Sotta, Ruta L-851, Camino Tras La Escuela, Los Carros, Parral, Provincia de Linares, Región del Maule, Chile",nominatim
DEL MAULE,LINARES,PARRAL,ESCUELA JOSE MATTA CALLEJON,-36.1333419,-71.8198458,"Av. Buenos Aires 628, Parral, Maule, Chile",google
DEL MAULE,LINARES,PARRAL,ESCUELA LUIS ARMANDO GOMEZ MUÑOZ,-36.1499462,-71.823348,"Escuela Luis Armando Gomez Muñoz, Urrutia, Villa Cordillera, Parral, Provincia de Linares, Región del Maule, 3630000, Chile",nominatim
DEL MAULE,LINARES,PARRAL,ESCUELA NIDER ORREGO QUEVEDO,-36.1432851,-71.8272926,"Escuela Nider Orrego Quevedo, San Martín, Don Vicente II, Parral, Provincia de Linares, Región del Maule, 3630000, Chile",nominatim
DEL MAULE,LINARES,PARRAL,GIMNASIO COLEGIO BICENTENARIO LAS CAMELIAS COMUNA DE PARRAL,-36.1406484,-71.8227528,"Parral, Maule, Chile",google
DEL MAULE,LINARES,PARRAL,LICEO FEDERICO HEISE MARTI,-36.1419855,-71.8209927,"Liceo Federico Heise Marti, 375, Urrutia, Villa Pablo Neruda, Parral, Provincia de Linares, Región del Maule, 3630000, Chile",nominatim
DEL MAULE,LINARES,RETIRO,COLEGIO AJIAL,-36.1596244,-71.7387949,"Colegio Ajial, Ruta L-751, Nuevo Renacer, Capellanía, Retiro, Provincia de Linares, Región del Maule, Chile",nominatim
DEL MAULE,LINARES,RETIRO,COLEGIO BICENTENARIO LAS CAMELIAS COMUNA DE RETIRO,-36.05766010000001,-71.7656136,"Errazuriz, Rincónada, Retiro, Maule, Chile",google
DEL MAULE,LINARES,RETIRO,ESCUELA COPIHUE,-36.0908247,-71.8012353,"Escuela Copihue F-565, César Lobos Lastra, Villa Los Copihues, Copihue, Retiro, Provincia de Linares, Chile",nominatim
DEL MAULE,LINARES,RETIRO,ESCUELA GERTRUDIS ALARCON ARCE,-36.0489599,-71.7584573,"Retiro, Maule, Chile",google
DEL MAULE,LINARES,RETIRO,ESCUELA MANUEL MONTT,-36.0546371,-71.7627954,"Escuela Manuel Montt, Los Magnolios, Población Ejército de Chile, Retiro, Provincia de Linares, Chile",nominatim
DEL MAULE,LINARES,RETIRO,ESCUELA SANTA DELFINA,-36.1429705,-71.6587406,"Escuela Santa Delfina, Ruta L-665, Santa Delfina, Retiro, Provincia de Linares, Chile",nominatim
DEL MAULE,LINARES,RETIRO,LICEO GUILLERMO MARIN LARRAIN,-36.054737,-71.763655,"Errazuriz n°21 Retiro, 3640000 Maule, Retiro, Maule, Chile",google
DEL MAULE,LINARES,SAN JAVIER,ESCUELA BERNARDO OHIGGINS,-35.5766363,-71.6567001,"Escuela Bernardo Ohiggins, Callejón tres Marías, Orilla de Maule, San Javier, Provincia de Linares, Chile",nominatim
DEL MAULE,LINARES,SAN JAVIER,ESCUELA JORGE GONZALEZ BASTIAS,-35.5438712,-72.0931566,"Escuela Jorge González Bastias, 788, Bernardo O'Higgins, Nirivilo, San Javier, Provincia de Linares, Chile",nominatim
DEL MAULE,LINARES,SAN JAVIER,ESCUELA JOSE MANUEL BALMACEDA,-35.5946132,-71.7355642,"Escuela Jose Manuel Balmaceda, 1433, Tacna, Villa Puesta del Sol, San Javier, Provincia de Linares, Región del Maule, Chile",nominatim
DEL MAULE,LINARES,SAN JAVIER,ESCUELA JOSE MIGUEL CARRERA,-35.6063585,-71.8028519,"Escuela José Miguel Carrera, Ruta L-30-K, Vista Hermosa, Vaquería, San Javier, Provincia de Linares, Chile",nominatim
DEL MAULE,LINARES,SAN JAVIER,ESCUELA JULIO MONTT SALAMANCA,-35.7351872,-71.8024466,"Escuela Julio Montt Salamanca, Ruta L-370, El Esfuerzo, La Ilusión, San Javier, Provincia de Linares, Región del Maule, Chile",nominatim
DEL MAULE,LINARES,SAN JAVIER,ESCUELA JUSTA NARVAEZ,-35.5929485,-71.7416808,"Colegio Justa Narvaez, Arturo Prat, Villa Puesta del Sol, San Javier, Provincia de Linares, Región del Maule, Chile",nominatim
DEL MAULE,LINARES,SAN JAVIER,ESCUELA MANUEL DE SALAS,-35.5988957,-71.7184558,"Colegio Manuel de Salas, 1360, Avenida Balmaceda, Población Julio Michea, San Javier, Provincia de Linares, Región del Maule, Chile",nominatim
DEL MAULE,LINARES,SAN JAVIER,ESCUELA MARIANO LATORRE,-35.6604726,-71.9640237,"Escuela Mariano Latorre, Ruta L-388, Ranchillos, San Javier, Provincia de Linares, Región del Maule, Chile",nominatim
DEL MAULE,LINARES,SAN JAVIER,LICEO MANUEL MONTT,-35.5982333,-71.7236345,"Liceo Manuel Montt de San Javier, Las Araucarias, Villa Melgare, San Javier, Provincia de Linares, Región del Maule, Chile",nominatim
DEL MAULE,LINARES,SAN JAVIER,LICEO SAGRADOS CORAZONES,-35.5991564,-71.7363829,"Liceo Sagrados Corazones, Miraflores, Parque Del Sol, San Javier, Provincia de Linares, Región del Maule, Chile",nominatim
DEL MAULE,LINARES,VILLA ALEGRE,ESCUELA ALCALDE ORLANDO RODRIGUEZ DEL C.,-35.6732265,-71.74182520000001,"Villa Alegre, Maule, Chile",google
DEL MAULE,LINARES,VILLA ALEGRE,ESCUELA MANUEL SALVADOR DEL CAMPO,-35.7646975,-71.6678869,"Av. Santiago Bueras, Putagan, Villa Alegre, Maule, Chile",google
DEL MAULE,LINARES,VILLA ALEGRE,ESCUELA SERAFIN GUTIERREZ,-35.6937329,-71.6753492,"Escuela Alcalde Serafin Gutierrez, Avenida Esperanza, Villa Don Arturo, Estación Villa Alegre, Villa Alegre, Provincia de Linares, Región del Maule, Chile",nominatim
DEL MAULE,LINARES,VILLA ALEGRE,ESCUELA TIMOTEO ARAYA ALEGRIA,-35.6737478,-71.7441474,"Escuela Timoteo Araya Alegria, 12 de Octubre, Raúl Silva Henríquez, Villa Alegre, Provincia de Linares, Región del Maule, Chile",nominatim
DEL MAULE,LINARES,VILLA ALEGRE,LICEO FRANCISCO ANTONIO ENCINA ARMANET,-35.6875822,-71.72672899999999,"L-16 531, Villa Alegre, Maule, Chile",google
DEL MAULE,LINARES,YERBAS BUENAS,ANEXO LICEO JUAN DE DIOS PUGA,-35.7501325,-71.5870741,"Yerbas Buenas, Maule, Chile",google
DEL MAULE,LINARES,YERBAS BUENAS,ESCUELA COIRONAL G-510,-35.7701646,-71.59052179999999,"Sabores del Coironal - Restaurante y Heladeria - Ruta L 25, 3600000 Yerbas Buenas, Maule, Chile",google
DEL MAULE,LINARES,YERBAS BUENAS,ESCUELA DE MAITENCILLO,-35.6698094,-71.4852704,"Escuela Maitencillo, Ruta L-251, Juventud de Chile, Maitencillo Afuera, Yerbas Buenas, Provincia de Linares, Chile",nominatim
DEL MAULE,LINARES,YERBAS BUENAS,ESCUELA PARTICULAR ARTURO PRAT,-35.7156158,-71.5223135,"7FMH+Q3, Yerbas Buenas, Maule, Chile",google
DEL MAULE,LINARES,YERBAS BUENAS,ESCUELA SILVANO FERNANDEZ,-35.747306,-71.5458945,"Escuela Silvano Fernandez, Avenida Leonor Ferrada, Villa Puipuyén, Rincón de Abránquil, Abránquil, Yerbas Buenas, Provincia de Linares, Chile",nominatim
DEL MAULE,LINARES,YERBAS BUENAS,LICEO BICENTENARIO AGRICOLA MARTA MARTINEZ CRUZ,-35.7440875,-71.5747797,"Yerbas Buenas, Maule, Chile",google
DEL MAULE,LINARES,YERBAS BUENAS,LICEO JUAN DE DIOS PUGA,-35.7500403,-71.586861,"Liceo Juan de Dios Puga, Isabel Riquelme, Villa El Bosque, Yerbas Buenas, Provincia de Linares, Chile",nominatim
DEL MAULE,LINARES,YERBAS BUENAS,LICEO JUAN GOMEZ MILLAS,-35.617687,-71.5413188,"Liceo Juan Gomez Millas, Ruta L-11, Orilla de Maule, Las Acacias, Yerbas Buenas, Provincia de Linares, Chile",nominatim
DEL MAULE,TALCA,CONSTITUCION,COLEGIO BOSQUES DE GAIA,-35.3317874,-72.4292583,"El Belloto 1900, 3560445 Constitución, Maule, Chile",google
DEL MAULE,TALCA,CONSTITUCION,COLEGIO EDUARDO MARTIN ABEJON,-35.3445729,-72.39808529999999,"Jorge González Bastías 480, Constitución, Maule, Chile",google
DEL MAULE,TALCA,CONSTITUCION,COLEGIO SAN ALBERTO HURTADO,-35.3312439,-72.4130469,"Oñederra 453, 3560000 Constitución, Maule, Chile",google
DEL MAULE,TALCA,CONSTITUCION,ESCUELA CERRO ALTO JOSE OPAZO DIAZ,-35.3433303,-72.4163602,"Av. Patricio Aylwin 1321, Constitución, Maule, Chile",google
DEL MAULE,TALCA,CONSTITUCION,ESCUELA CHACARILLAS,-35.3413319,-72.41865299999999,"CHACARILLAS 1050, 3540000 Constitución, Maule, Chile",google
DEL MAULE,TALCA,CONSTITUCION,ESCUELA COSTA BLANCA,-35.4779911,-72.5071499,"Constitución, Maule, Chile",google
DEL MAULE,TALCA,CONSTITUCION,ESCUELA ENRIQUE DONN MULLER,-35.3334434,-72.4071651,"Bulnes 811-919, Constitución, Maule, Chile",google
DEL MAULE,TALCA,CONSTITUCION,ESCUELA SUPERIOR NUEVA BILBAO,-35.3391965,-72.40149889999999,"Blanco 1410, 3560950 Constitución, Maule, Chile",google
DEL MAULE,TALCA,CONSTITUCION,INSTITUTO POLITECNICO SUPERIOR EGIDIO ROZ,-35.3307095,-72.4070075,"Cruz 60, Constitución, Maule, Chile",google
DEL MAULE,TALCA,CONSTITUCION,LICEO CONSTITUCION,-35.329627,-72.4122911,"Pje. Freire 350, 3560857 Constitución, Maule, Chile",google
DEL MAULE,TALCA,CONSTITUCION,LICEO POLIVALENTE ENRIQUE MAC IVER,-35.3268715,-72.4191518,"Enrique Maciver, Constitución, Maule, Chile",google
DEL MAULE,TALCA,CONSTITUCION,LICEO RURAL PUTU,-35.2133723,-72.2836339,"Putu, Constitución, Maule, Chile",google
DEL MAULE,TALCA,CUREPTO,ESCUELA ELENA ARMIJO MORALES,-35.1161599,-71.6943949,"Escuela Elena Armijo Morales, Ruta J-76-K, Huaquén, Curepto, Provincia de Talca, Región del Maule, Chile",nominatim
DEL MAULE,TALCA,CUREPTO,ESCUELA FRAY PEDRO ARMENGOL VALENZUELA,-35.2477318,-71.9839874,"Escuela Fray Pedro Armengol Valenzuela, 1, Chacabuco, Comunidad Los Álamos, Camarico, Gualleco, Curepto, Provincia de Talca, Región del Maule, Chile",nominatim
DEL MAULE,TALCA,CUREPTO,ESCUELA PEDRO ANTONIO GONZALEZ,-35.0987974,-72.0119799,"Escuela Pedro Antonio González, Ruta K-60-J, Los Olivos, Curepto, Provincia de Talca, 3570000, Chile",nominatim
DEL MAULE,TALCA,CUREPTO,LICEO LUIS EDMUNDO CORREA ROJAS,-35.0895594,-72.0202979,"Liceo Luis Edmundo Correa Rojas, Patricio Lynch, Curepto, Provincia de Talca, 3570000, Chile",nominatim
DEL MAULE,TALCA,EMPEDRADO,LICEO SAN IGNACIO,-35.5897678,-72.2826473,"Liceo San Ignacio, 125, General Bueras, Empedrado, Provincia de Talca, 3540000, Chile",nominatim
DEL MAULE,TALCA,MAULE,COLEGIO MELIAN,-35.5254678,-71.6956693,"Colegio Melian, Avenida Balmaceda, Villa Cordillera, Vertientes del Maule, Maule, Provincia de Talca, Región del Maule, Chile",nominatim
DEL MAULE,TALCA,MAULE,COLEGIO SANTO TOMAS DE TALCA,-35.4550276,-71.6926501,"Colegio Santo Tomás, Ruta K-370, Don Pablo, Maule Norte, Maule, Provincia de Talca, Región del Maule, 3460000, Chile",nominatim
DEL MAULE,TALCA,MAULE,COLEGIO SUYAI,-35.5190113,-71.6857038,"Colegio Suyai, Las Violetas, Cardenal Samoré, Maule, Provincia de Talca, Chile",nominatim
DEL MAULE,TALCA,MAULE,ESCUELA CHACARILLA,-35.4830495,-71.6565503,"Escuela Chacarilla, Calle de Servicio Ruta 5, El Sausal, Chacarillas, Maule, Provincia de Talca, Chile",nominatim
DEL MAULE,TALCA,MAULE,ESCUELA COLIN,-35.475826,-71.74368,"Escuela Colin, Camino Posta Rural, Villa Froilán Méndez, Santa Clara, Camino a Querquel, Maule, Provincia de Talca, Chile",nominatim
DEL MAULE,TALCA,MAULE,ESCUELA MAULE,-37.0029414,-73.1857563,"Escuela Maule, Costanera Maule, Maule, Coronel, Provincia de Concepción, Región del Biobío, 4190000, Chile",nominatim
DEL MAULE,TALCA,MAULE,ESCUELA RURAL DUAO,-35.5555154,-71.5934901,"Escuela Rural Duao, Ruta K-505, Duao, Maule, Provincia de Talca, Región del Maule, Chile",nominatim
DEL MAULE,TALCA,MAULE,ESCUELA RURAL NUMPAY,-35.4909048,-71.7057372,"Escuela Básica Rural Numpay, Ruta K-390, Unihue, Maule, Provincia de Talca, Región del Maule, Chile",nominatim
DEL MAULE,TALCA,PELARCO,COLEGIO ANTARES,-35.3813204,-71.4486414,"Colegio Antares, Pasaje San Sebastián, Loteo Mi Kasa, Pelarco, Provincia de Talca, Región del Maule, Chile",nominatim
DEL MAULE,TALCA,PELARCO,ESCUELA EL MANZANO,-35.4274191,-71.4067431,"Escuela El Manzano, Ruta K-255, El Manzano, Pelarco, Provincia de Talca, Región del Maule, Chile",nominatim
DEL MAULE,TALCA,PELARCO,ESCUELA HERNAN CIUDAD INOSTROZA,-35.3888525,-71.5441426,"Escuela Hernan Ciudad Inostroza, Ruta K-25, Población Los Álamos, Santa Margarita, Santa Rita, Pelarco, Provincia de Talca, Región del Maule, Chile",nominatim
DEL MAULE,TALCA,PELARCO,LICEO DE PELARCO,-35.3859059,-71.4406825,"Liceo Técnico Profesional Pelarco, San Pedro, Villa Sagrados Corazones, Pelarco, Provincia de Talca, Región del Maule, Chile",nominatim
DEL MAULE,TALCA,PENCAHUE,COMPLEJO EDUCACIONAL PENCAHUE,-35.3977419,-71.798357,"K-60 890, Pencahue, Maule, Chile",google
DEL MAULE,TALCA,PENCAHUE,ESCUELA CORINTO,-35.4411043,-71.8649862,"Escuela Corinto, Raúl Ignacio Castillo, Villa Nueva Corinto, Corinto, Pencahue, Provincia de Talca, Región del Maule, Chile",nominatim
DEL MAULE,TALCA,PENCAHUE,ESCUELA OSVALDO HIRIART CORVALAN,-35.2847067,-71.7791488,"Escuela Osvaldo Hiriart Corvalán, Camino Cementerio Botalcura, Villa Porvenir, Pencahue, Provincia de Talca, Región del Maule, Chile",nominatim
DEL MAULE,TALCA,PENCAHUE,ESCUELA PADRE LUIS OLIVA NAVARRETE,-35.3228321,-71.9559766,"Escuela Padre Luis Oliva Navarrete, Ruta K-60-J, La Aguada, Pencahue, Provincia de Talca, Chile",nominatim
DEL MAULE,TALCA,PENCAHUE,ESCUELA RIVERA DEL MAULE,-35.4223554,-72.0573112,"Escuela Rivera del Maule, Ruta K-332, Toconey, Pencahue, Provincia de Talca, Región del Maule, Chile",nominatim
DEL MAULE,TALCA,PENCAHUE,ESCUELA SANTA LAURA DE LO FIGUEROA,-35.4141635,-71.7599434,"Escuela Santa Laura De Lo Figueroa, Los Espinos, Caupolicán Poniente, Lo Figueroa, Pencahue, Provincia de Talca, Chile",nominatim
DEL MAULE,TALCA,RIO CLARO,ESCUELA BASICA JUAN LUIS SANFUENTES ANDONAEGUI,-35.2815923,-71.25940849999999,"Río Claro, Maule, Chile",google
DEL MAULE,TALCA,RIO CLARO,ESCUELA PORVENIR,-35.1611736,-71.2863145,"Río Claro, Maule, Chile",google
DEL MAULE,TALCA,RIO CLARO,ESCUELA SANTA HERMINIA,-35.2227339,-71.3480692,"Río Claro, Maule, Chile",google
DEL MAULE,TALCA,RIO CLARO,LICEO AGROINDUSTRIAL RIO CLARO,-35.2833479,-71.2550349,"Río Claro, Maule, Chile",google
DEL MAULE,TALCA,RIO CLARO,POLIDEPORTIVO CUMPEO,-35.279302,-71.257887,"Cumpeo, Río Claro, Maule, Chile",google
DEL MAULE,TALCA,SAN CLEMENTE,ESCUELA ARTURO PRAT CHACON,-35.5342582,-71.486937,"San Clemente, Maule, Chile",google
DEL MAULE,TALCA,SAN CLEMENTE,ESCUELA AURORA,-35.4928805,-71.5280197,"Escuela Rural Básica Aurora, Estación, Victoria Oriente, San Clemente, Provincia de Talca, Región del Maule, Chile",nominatim
DEL MAULE,TALCA,SAN CLEMENTE,ESCUELA CHEQUEN DE LA PEÑA,-35.5570422,-71.5647574,"Escuela Chequén de la Peña, Ruta K-505, Chequén, El Olivar, San Clemente, Provincia de Talca, Región del Maule, Chile",nominatim
DEL MAULE,TALCA,SAN CLEMENTE,ESCUELA CORRALONES,-35.5498209,-71.354367,"Escuela Corralones, Ruta J-75-K, Corralones, San Clemente, Provincia de Talca, Región del Maule, Chile",nominatim
DEL MAULE,TALCA,SAN CLEMENTE,ESCUELA DEIDAMIA PAREDES BELLO,-35.5333881,-71.4146088,"Escuela Deidamia Paredes Bello, Mariposas Centro, La Hormiga, Mariposas, San Clemente, Provincia de Talca, Región del Maule, Chile",nominatim
DEL MAULE,TALCA,SAN CLEMENTE,ESCUELA EL COLORADO,-35.6418987,-71.2618428,"Escuela Rural El Colorado, El Petril Colorado, Población El Pretil, El Colorado, San Clemente, Provincia de Talca, Región del Maule, Chile",nominatim
DEL MAULE,TALCA,SAN CLEMENTE,ESCUELA ENRIQUE CORREA GUZMAN,-35.4904296,-71.2102244,"Escuela Enrique Correa Guzmán, Camino Picazo, Picazo, San Clemente, Provincia de Talca, Región del Maule, Chile",nominatim
DEL MAULE,TALCA,SAN CLEMENTE,ESCUELA LOS MONTES,-35.573248,-71.2767798,"Escuela Los Montes, Ruta K-455, Los Montes Norte, San Clemente, Provincia de Talca, Región del Maule, Chile",nominatim
DEL MAULE,TALCA,SAN CLEMENTE,ESCUELA PASO INTERNACIONAL PEHUENCHE,-35.5432948,-71.4794731,"Colegio Paso Internacional Pehuenche, Pehuén, Población Los Huertos, San Clemente, Provincia de Talca, Chile",nominatim
DEL MAULE,TALCA,SAN CLEMENTE,ESCUELA SAN CLEMENTE,-33.3397214,-70.6708009,"Escuela Especial San Clemente de Huechuraba, 8046, San Clemente, Haras de Huechuraba II, Huechuraba, Provincia de Santiago, Región Metropolitana de Santiago, 8600651, Chile",nominatim
DEL MAULE,TALCA,SAN CLEMENTE,LICEO SAN CLEMENTE ENTRE RIOS,-35.538037,-71.4843642,"Liceo Entre Ríos, Paula Montal, Población Los Huertos, San Clemente, Provincia de Talca, Chile",nominatim
DEL MAULE,TALCA,SAN CLEMENTE,POLIDERPORTIVO,-35.5384199,-71.4875303,"San Clemente, Maule, Chile",google
DEL MAULE,TALCA,SAN RAFAEL,ESCUELA ALTO PANGUE,-35.3503208,-71.5761022,"Colegio Alto Pangue, Avenida O'Higgins, Alto Pangue, San Rafael, Provincia de Talca, Chile",nominatim
DEL MAULE,TALCA,SAN RAFAEL,ESCUELA PANGUE ARRIBA,-35.337609,-71.4393368,"Escuela Pangue Arriba, Ruta K-17, Pangue Arriba, San Rafael, Provincia de Talca, Región del Maule, Chile",nominatim
DEL MAULE,TALCA,SAN RAFAEL,ESCUELA SAN RAFAEL,-35.3081287,-71.5172503,"Escuela San rafael, 9, Santa Blanca, Población Manuel Correa N., San Rafael del Bajo, San Rafael, Provincia de Talca, Chile",nominatim
DEL MAULE,TALCA,TALCA,CENTRO EDUCACIONAL LUIS RUTTEN,-35.4451382,-71.6272257,"Centro Educacional Luis Rutten, Avenida 8 Sur, Villa Doña Consuelo, San Miguel, Talca, Provincia de Talca, Región del Maule, 3461761, Chile",nominatim
DEL MAULE,TALCA,TALCA,CENTRO EDUCATIVO SALESIANOS TALCA,-35.419139,-71.649434,"Once Ote. 1751, Talca, Maule, Chile",google
DEL MAULE,TALCA,TALCA,COLEGIO DARIO SALAS,-35.4123999,-71.6573916,"Escuela Dario Salas, Avenida 12 Norte, Barrio Chorrillos, Barrio Norte, Talca, Provincia de Talca, Región del Maule, 3461632, Chile",nominatim
DEL MAULE,TALCA,TALCA,COLEGIO EDUARDO GALEANO,-35.4135736,-71.6139993,"Colegio Eduardo Galeano, 3450, Calle 28 Oriente, Parque Bicentenario, Talca, Provincia de Talca, Región del Maule, 3461761, Chile",nominatim
DEL MAULE,TALCA,TALCA,COLEGIO JUAN IGNACIO MOLINA DE LA FLORIDA,-35.4425557,-71.6843597,"Escuela Juan Ignacio Molina (La Florida), Avenida Colín, Villa Paradero, La Florida, Talca, Provincia de Talca, 3460000, Chile",nominatim
DEL MAULE,TALCA,TALCA,COLEGIO LAS RASTRAS,-35.4183645,-71.608015,"Colegio Las Rastras, Ramadillas de Lircay, Valles del Country, Talca, Provincia de Talca, Región del Maule, 3461761, Chile",nominatim
DEL MAULE,TALCA,TALCA,CORPORACION EDUCACIONAL COLEGIO INGLES DE TALCA,-35.4504332,-71.5965375,"Avenida San Miguel, Nro 5766, Talca, Maule, Chile",google
DEL MAULE,TALCA,TALCA,ESCUELA AURORA DE CHILE,-35.448606,-71.6681304,"Colegio Aurora de Chile, Calle 21 Sur, Población Aurora de Chile, La Florida, Talca, Provincia de Talca, Región del Maule, 3460000, Chile",nominatim
DEL MAULE,TALCA,TALCA,ESCUELA BASICA TALCA,-35.4309501,-71.6560714,"Escuela Básica Talca, Calle 8 Oriente, Villa Claudio Matte, Talca, Provincia de Talca, Región del Maule, 3461761, Chile",nominatim
DEL MAULE,TALCA,TALCA,ESCUELA BRILLA EL SOL,-35.4408886,-71.6615985,"Escuela Brilla el Sol, Pasaje 13½ Sur A, Barrio El Prado, Talca, Provincia de Talca, Región del Maule, 3461761, Chile",nominatim
DEL MAULE,TALCA,TALCA,ESCUELA CARLOS SALINAS LAGOS,-35.4294828,-71.6651866,"Tres Sur 856, 3461925 Talca, Maule, Chile",google
DEL MAULE,TALCA,TALCA,ESCUELA CARLOS SPANO,-35.4377011,-71.67124860000001,"Pje. Juan E Rosales 620, Talca, Maule, Chile",google
DEL MAULE,TALCA,TALCA,ESCUELA CARLOS TRUPP WANNER,-35.444693,-71.6326059,"Diez Sur 3285, 3480233 Talca, Maule, Chile",google
DEL MAULE,TALCA,TALCA,ESCUELA COSTANERA,-35.4367853,-71.6588937,"Escuela Costanera, 6 oriente, Villa San Luis, Barrio Norte, Talca, Provincia de Talca, Región del Maule, 3461761, Chile",nominatim
DEL MAULE,TALCA,TALCA,ESCUELA EL EDEN,-35.4348224,-71.6755831,"Escuela El Edén, Calle 6 Poniente, Villa Edén, La Florida, Talca, Provincia de Talca, Región del Maule, 3460000, Chile",nominatim
DEL MAULE,TALCA,TALCA,ESCUELA ESPERANZA,-35.4195388,-71.6412551,"Escuela Esperanza, Calle 16 Oriente, Los Paltos, Talca, Provincia de Talca, Región del Maule, 3461761, Chile",nominatim
DEL MAULE,TALCA,TALCA,ESCUELA HUILQUILEMU,-35.4614239,-71.5756675,"Escuela Huilquilemu, Avenida San Miguel, Huilquilemu Norte, Huilquilemu, Talca, Provincia de Talca, Chile",nominatim
DEL MAULE,TALCA,TALCA,ESCUELA JOSE M. BALMACEDA Y FERNANDEZ,-35.4084578,-71.6431313,"Once Ote. 3006, 3463094 Talca, Maule, Chile",google
DEL MAULE,TALCA,TALCA,ESCUELA LA FLORIDA,-35.4348413,-71.6824265,"Escuela La Florida, Los Avellanos, La Florida, Talca, Provincia de Talca, Región del Maule, 3460000, Chile",nominatim
DEL MAULE,TALCA,TALCA,ESCUELA LAS AMERICAS,-35.4484792,-71.6577422,"Escuela Las Américas, Calle 18 Sur, Población Colín 4, Talca, Provincia de Talca, Región del Maule, 3461761, Chile",nominatim
DEL MAULE,TALCA,TALCA,ESCUELA PANGUILEMO EDITA GALLEGOS RODRIGUEZ,-35.3640417,-71.5892224,"Escuela Panguilemo Edita Gallegos Rodríguez, Los Avellanos, Panguilemo, Talca, Provincia de Talca, Chile",nominatim
DEL MAULE,TALCA,TALCA,ESCUELA PROSPERIDAD,-35.4127529,-71.6566576,"Escuela Prosperidad de Talca, Avenida 12 Norte, Loteo Prosperidad, Barrio Norte, Talca, Provincia de Talca, Región del Maule, 3461632, Chile",nominatim
DEL MAULE,TALCA,TALCA,ESCUELA SAN MIGUEL,-35.4388107,-71.6133608,"Escuela San Miguel, Avenida Las Rastras, Estancia Las Rastras, Esmeralda, Talca, Provincia de Talca, Región del Maule, 3461761, Chile",nominatim
DEL MAULE,TALCA,TALCA,ESCUELA SARGENTO 2DO DANIEL REBOLLEDO,-35.4425296,-71.6555012,"Pje. 36 1, Talca, Maule, Chile",google
DEL MAULE,TALCA,TALCA,ESCUELA VILLA CULENAR,-35.449401,-71.6895659,"Escuela Villa Culenar, 01290, Avenida Colín, Portal Las Palmas, La Florida, Talca, Provincia de Talca, 3460000, Chile",nominatim
DEL MAULE,TALCA,TALCA,ESCUELA VILLA LA PAZ,-35.4059912,-71.6600454,"Escuela Villa La Paz, 190, 2 Oriente, Barrio La Paz, Barrio Norte, Talca, Provincia de Talca, Región del Maule, 3461632, Chile",nominatim
DEL MAULE,TALCA,TALCA,ESCUELA VIÑA PURISIMA,-35.4332254,-71.6757919,"Escuela Viña Purísima, 10 Sur, Villa Edén, La Florida, Talca, Provincia de Talca, Región del Maule, 3460000, Chile",nominatim
DEL MAULE,TALCA,TALCA,INSTITUTO SUPERIOR DE COMERCIO ENRIQUE MALDONADO,-35.422923,-71.667166,"Calle 1 Pte. 1447, Talca, Maule, Chile",google
DEL MAULE,TALCA,TALCA,LICEO ABATE MOLINA,-35.4217602,-71.6590354,"Liceo Abate Molina (Zona Vieja), Avenida Bernardo O'Higgins, Población Argentina, Talca, Provincia de Talca, Región del Maule, 3461632, Chile",nominatim
DEL MAULE,TALCA,TALCA,LICEO BICENTENARIO DIEGO PORTALES,-35.4212514,-71.6697447,"Cuatro Nte. 0417, Talca, Maule, Chile",google
DEL MAULE,TALCA,TALCA,LICEO BICENTENARIO ORIENTE DE TALCA,-35.4359906,-71.6463458,"Liceo Bicentenario Oriente de Talca, 573, Calle 14 Oriente, Villa Juan Herrera, San Miguel, Talca, Provincia de Talca, 3461761, Chile",nominatim
DEL MAULE,TALCA,TALCA,LICEO CARLOS CONDELL,-35.4362514,-71.645499,"Liceo Carlos Condell de la Haza B-35, 410, Calle 14 Oriente, Villa Juan Herrera, San Miguel, Talca, Provincia de Talca, 3461761, Chile",nominatim
DEL MAULE,TALCA,TALCA,LICEO COMPLEJO EDUCACIONAL JAVIERA CARRERA,-35.4030872,-71.6477848,"Calle 6 Ote. 3000, Talca, Maule, Chile",google
DEL MAULE,TALCA,TALCA,LICEO DE CULTURA Y DIFUSION ARTISTICA,-35.4323976,-71.6648966,"Liceo de Cultura y Difusión Artística, Calle 2 Oriente, Población Belgrano, Talca, Provincia de Talca, Región del Maule, 3460000, Chile",nominatim
DEL MAULE,TALCA,TALCA,LICEO HECTOR PEREZ BIOTT,-35.4299132,-71.6408048,"Liceo Héctor Pérez Biott, Calle 2 Sur, Villa Juan Herrera, San Miguel, Talca, Provincia de Talca, 3461761, Chile",nominatim
DEL MAULE,TALCA,TALCA,LICEO IGNACIO CARRERA PINTO,-35.42641,-71.6746769,"Liceo Ignacio Carrera Pinto, Avenida Padre Guido Lebret, Villa Edén, La Florida, Talca, Provincia de Talca, Región del Maule, 3460000, Chile",nominatim
DEL MAULE,TALCA,TALCA,LICEO PABLO NERUDA DE TALCA,-35.4445383,-71.6904327,"Liceo Pablo Neruda de Talca, 27 Sur, Villa Quinto Centenario, La Florida, Talca, Provincia de Talca, Región del Maule, 3460000, Chile",nominatim
DEL MAULE,TALCA,TALCA,LICEO PROFESIONAL EL SAUCE,-35.4729766,-71.5576987,"Liceo Técnico Profesional El Sauce, Avenida San Miguel, 18 de Abril, El Porvenir, Talca, Provincia de Talca, Chile",nominatim
DEL MAULE,TALCA,TALCA,LICEO TECNICO AMELIA COURBIS,-35.4256552,-71.6605182,"3460000 Talca, Maule, Chile",google
DEL MAULE,TALCA,TALCA,UNIVERSIDAD TECNOLOGICA DE CHILE INACAP,-35.4364254,-71.6243185,"Av San Miguel 3496, 4600000 Talca, Maule, Chile",google
METROPOLITANA DE SANTIAGO,CHACABUCO,COLINA,C.C.P. COLINA,-33.1963545,-70.6734942,"Calle C, Población Ignacio Carrera Pinto, Colina, Provincia de Chacabuco, Región Metropolitana de Santiago, Chile",nominatim
METROPOLITANA DE SANTIAGO,CHACABUCO,COLINA,COLEGIO SAN JOSE DE CHICUREO L1,-33.27715999999999,-70.63989699999999,"Avenida San José Oriente 14531, Chicureo, Colina, Región Metropolitana, Chile",google
METROPOLITANA DE SANTIAGO,CHACABUCO,COLINA,COLEGIO SAN JOSE DE CHICUREO L2,-33.27715999999999,-70.63989699999999,"Avenida San José Oriente 14531, Chicureo, Colina, Región Metropolitana, Chile",google
METROPOLITANA DE SANTIAGO,CHACABUCO,COLINA,ESCUELA ALGARROBAL,-33.3071842,-70.6970348,"Escuela Básica Algarrobal, Fermín Vergara, San Joaquín, Las Canteras, Colina, Provincia de Chacabuco, Región Metropolitana de Santiago, 9340000, Chile",nominatim
METROPOLITANA DE SANTIAGO,CHACABUCO,COLINA,ESCUELA ANDALIEN DE COLINA,-33.2121863,-70.6858906,"Andalien de Colina, 1100, Camino Viejo a Colina, Estancia Liray, Colina, Provincia de Chacabuco, Región Metropolitana de Santiago, 9361382, Chile",nominatim
METROPOLITANA DE SANTIAGO,CHACABUCO,COLINA,ESCUELA DE LENGUAJE CAMINA ALTO,-33.1863886,-70.664465,"Escuela de Lenguaje Camina Alto, 200, Nicolás Massú, Población Centenario II, Esmeralda, Colina, Provincia de Chacabuco, Región Metropolitana de Santiago, Chile",nominatim
METROPOLITANA DE SANTIAGO,CHACABUCO,COLINA,ESCUELA ERNESTO SOTO NEGRETE,-33.2095176,-70.6783242,"Escuela Especial Ernesto Soto Negrete, 0112, San Alberto, Población Los Aromos, Colina, Provincia de Chacabuco, Región Metropolitana de Santiago, 9361382, Chile",nominatim
METROPOLITANA DE SANTIAGO,CHACABUCO,COLINA,ESCUELA FRANCISCO PETRINOVIC KARLOVAC,-33.2045451,-70.6759654,"Colina, Santiago Metropolitan Region, Chile",google
METROPOLITANA DE SANTIAGO,CHACABUCO,COLINA,ESCUELA MARCOS GOYCOOLEA CORTES,-33.2078956,-70.6795812,"Escuela Básica Marcos Goycoolea Cortés, 407, María Ester Fuenzalida, Población Los Aromos, Colina, Provincia de Chacabuco, Región Metropolitana de Santiago, 9361382, Chile",nominatim
METROPOLITANA DE SANTIAGO,CHACABUCO,COLINA,ESCUELA PREMIO NOBEL PABLO NERUDA,-33.1961155,-70.6738084,"Escuela Premio Nobel Pablo Neruda, 861, Pasaje 10, Población Ignacio Carrera Pinto, Colina, Provincia de Chacabuco, Región Metropolitana de Santiago, Chile",nominatim
METROPOLITANA DE SANTIAGO,CHACABUCO,COLINA,ESCUELA SAN FRANCISCO DE ASIS,-33.2648786,-70.6782846,"Escuela San Francisco de Asís, 80, Hermanos Carrera, Las Campiñas, Lo Arcaya, Colina, Provincia de Chacabuco, Región Metropolitana de Santiago, 9361382, Chile",nominatim
METROPOLITANA DE SANTIAGO,CHACABUCO,COLINA,ESCUELA SAN VICENTE DE LO ARCAYA,-33.243489,-70.6799053,"Escuela Básica San Vicente de Lo Arcaya G646, Lo Arcaya, Brisas de Chicureo, Los Reyes de Lo Arcaya, Lo Arcaya, Colina, Provincia de Chacabuco, Región Metropolitana de Santiago, 9361382, Chile",nominatim
METROPOLITANA DE SANTIAGO,CHACABUCO,COLINA,ESCUELA SANTA MARTA DE LIRAY,-33.2402423,-70.7353059,"Escuela Básica Santa Marta De Liray, 5;25, Las Acacias, La Copa Poniente, Santa Marta de Liray, Colina, Provincia de Chacabuco, Región Metropolitana de Santiago, Chile",nominatim
METROPOLITANA DE SANTIAGO,CHACABUCO,COLINA,ESCUELA SANTA TERESA DEL CARMELO,-33.205835,-70.671601,"Escuela Básica Santa Teresa del Carmelo, 520, Alpatacal, Población El Estero, Colina, Provincia de Chacabuco, Región Metropolitana de Santiago, Chile",nominatim
METROPOLITANA DE SANTIAGO,CHACABUCO,COLINA,LICEO BICENTENARIO CHACABUCO,-33.2003669,-70.6787483,"Pasaje Aconcagua 315, Colina, Región Metropolitana, Chile",google
METROPOLITANA DE SANTIAGO,CHACABUCO,COLINA,LICEO BICENTENARIO SANTA TERESA DE LOS ANDES,-33.2388732,-70.73700269999999,"Cam. Al Cerro, Colina, Región Metropolitana, Chile",google
METROPOLITANA DE SANTIAGO,CHACABUCO,COLINA,LICEO ESMERALDA,-33.1844806,-70.6514807,"Liceo Esmeralda, General San Martín, Villa O'Higgins, Esmeralda, Colina, Provincia de Chacabuco, Región Metropolitana de Santiago, Chile",nominatim
METROPOLITANA DE SANTIAGO,CHACABUCO,COLINA,LICEO PELDEHUE,-33.1768861,-70.6426563,"Liceo Peldehue, General San Martín, Villa O'Higgins, Esmeralda, Colina, Provincia de Chacabuco, Región Metropolitana de Santiago, Chile",nominatim
METROPOLITANA DE SANTIAGO,CHACABUCO,COLINA,LICEO POLIVALENTE RIGOBERTO FONTT IZQUIERDO,-33.1948383,-70.6746068,"Liceo Polivalente Rigoberto Fontt Izquierdo, 450, Capitán Ignacio Carrera Pinto, Población Ignacio Carrera Pinto, Colina, Provincia de Chacabuco, Región Metropolitana de Santiago, Chile",nominatim
METROPOLITANA DE SANTIAGO,CHACABUCO,COLINA,LYCEE ANTOINE DE SAINT EXUPERY,-33.2045451,-70.6759654,"Colina, Santiago Metropolitan Region, Chile",google
METROPOLITANA DE SANTIAGO,CHACABUCO,LAMPA,COLEGIO PUMAHUE CHICAUMA,-33.3047608,-70.7379712,"Colegio Pumahue Chicauma, Avenida El Parque, Lampa, Carretera Panamericana, Chicauma, Provincia de Chacabuco, Región Metropolitana de Santiago, 9391481, Chile",nominatim
METROPOLITANA DE SANTIAGO,CHACABUCO,LAMPA,COLEGIO SOL DEL VALLE,-33.3249173,-70.7415277,"Colegio Sol del Valle, 573, Avenida Costanera Poniente, Valle Norte 6, Lampa, Valle Grande, Provincia de Chacabuco, Región Metropolitana de Santiago, 9391481, Chile",nominatim
METROPOLITANA DE SANTIAGO,CHACABUCO,LAMPA,COMPLEJO EDUCACIONAL MANUEL PLAZA REYES,-33.286828,-70.8715966,"Complejo Educacional Manuel Plaza Reyes, 1066, Ignacio Carrera Pinto, Villa Remanso de Lampa, Lampa, Provincia de Chacabuco, Región Metropolitana de Santiago, Chile",nominatim
METROPOLITANA DE SANTIAGO,CHACABUCO,LAMPA,ESCUELA CACIQUE COLIN,-33.292535,-70.771381,"Escuela Básica Cacique Colin, La Vilana, Jardines de la Estación, Lampa, La Vilana, Lo Castro, Provincia de Chacabuco, Región Metropolitana de Santiago, 9391481, Chile",nominatim
METROPOLITANA DE SANTIAGO,CHACABUCO,LAMPA,ESCUELA EMPRENDER LARAPINTA,-33.2948625,-70.8778511,"Colegio Emprender Larapinta, 1000, Avenida Los Halcones, Villa Luis Durand, Lampa, Larapinta, Lampa, Provincia de Chacabuco, Región Metropolitana de Santiago, Chile",nominatim
METROPOLITANA DE SANTIAGO,CHACABUCO,LAMPA,ESCUELA MANUEL SEGOVIA MONTENEGRO,-33.2860073,-70.8739734,"Escuela Manuel Segovia Montenegro, 1002, Pedro Aguirre Cerda, Villa Sargento Aldea, Lampa, Provincia de Chacabuco, Región Metropolitana de Santiago, Chile",nominatim
METROPOLITANA DE SANTIAGO,CHACABUCO,LAMPA,ESCUELA NORMA GONZALEZ GUERRA,-33.3053656,-70.8526055,"Escuela Norma González Guerra, 121, Nuevo Amanecer, Lampa, Provincia de Chacabuco, Región Metropolitana de Santiago, Chile",nominatim
METROPOLITANA DE SANTIAGO,CHACABUCO,LAMPA,ESCUELA POLONIA GUTIERREZ L1,-33.2832637,-70.8800641,"Baquedano 408, 9380013 Lampa, Región Metropolitana, Chile",google
METROPOLITANA DE SANTIAGO,CHACABUCO,LAMPA,ESCUELA POLONIA GUTIERREZ L2,-33.2832637,-70.8800641,"Baquedano 408, 9380013 Lampa, Región Metropolitana, Chile",google
METROPOLITANA DE SANTIAGO,CHACABUCO,LAMPA,ESCUELA REPUBLICA DE POLONIA,-33.2401017,-70.8118251,"Esuela República de Polonia, 163, Avenida España, Lampa, Los Cántaros, Batuco, Provincia de Chacabuco, Región Metropolitana de Santiago, 9380000, Chile",nominatim
METROPOLITANA DE SANTIAGO,CHACABUCO,LAMPA,ESCUELA SAN PEDRO VALLE GRANDE,-33.3220475,-70.7464093,"Colegio San Pedro Valle Grande, 245, General San Martín Norte, Santa María, Lampa, Valle Grande, Provincia de Chacabuco, Región Metropolitana de Santiago, 9391481, Chile",nominatim
METROPOLITANA DE SANTIAGO,CHACABUCO,LAMPA,ESCUELA SANTA SARA,-33.2243573,-70.7717909,"Escuela Básica F-N°372 Santa Sara, Camino Santa Sara, Lampa, Santa Sara, Provincia de Chacabuco, Región Metropolitana de Santiago, 9380000, Chile",nominatim
METROPOLITANA DE SANTIAGO,CHACABUCO,LAMPA,LICEO DE BATUCO L1,-33.2829255,-70.8791356,"Lampa, Santiago Metropolitan Region, Chile",google
METROPOLITANA DE SANTIAGO,CHACABUCO,LAMPA,LICEO DE BATUCO L2,-33.2829255,-70.8791356,"Lampa, Santiago Metropolitan Region, Chile",google
METROPOLITANA DE SANTIAGO,CHACABUCO,LAMPA,LICEO SAINT ANDREWS COLLEGE,-33.2829255,-70.8791356,"Lampa, Santiago Metropolitan Region, Chile",google
METROPOLITANA DE SANTIAGO,CHACABUCO,TILTIL,COLEGIO SAINT LOUIS SCHOOL,-33.1664713,-70.7906105,"Saint Louis School, 495, Las Cimas, Alto El Manzano, Tiltil, Provincia de Chacabuco, Región Metropolitana de Santiago, Chile",nominatim
METROPOLITANA DE SANTIAGO,CHACABUCO,TILTIL,ESCUELA BASICA G-N°352 PLAZUELA DE POLPAICO,-33.1520859,-70.8878115,"Escuela Básica G-N°352 Plazuela de Polpaico, Ruta G-132, Plazuela de Polpaico, Polpaico, Tiltil, Provincia de Chacabuco, Región Metropolitana de Santiago, Chile",nominatim
METROPOLITANA DE SANTIAGO,CHACABUCO,TILTIL,ESCUELA G-N°345 RUNGUE,-33.0095919,-70.8925914,"Escuela Básica G-N°345 Rungue, Ruta G-16, La Leona, Rungue, Tiltil, Provincia de Chacabuco, Región Metropolitana de Santiago, Chile",nominatim
METROPOLITANA DE SANTIAGO,CHACABUCO,TILTIL,LICEO HUERTOS FAMILIARES,-33.1306798,-70.8023253,"Liceo Huertos Familiares, 300, 1 Sur, Huertos Familiares, Tiltil, Provincia de Chacabuco, Región Metropolitana de Santiago, Chile",nominatim
METROPOLITANA DE SANTIAGO,CHACABUCO,TILTIL,LICEO MANUEL RODRIGUEZ,-33.0861186,-70.9244258,"Liceo Polivalente Manuel Rodríguez, 102, Daniel Moya, El Sauce, Tiltil, Provincia de Chacabuco, Región Metropolitana de Santiago, Chile",nominatim
METROPOLITANA DE SANTIAGO,CORDILLERA,PIRQUE,COLEGIO COLONIAL DE PIRQUE,-33.6302954,-70.5721625,"Colegio Colonial de Pirque, Parque Residencial El Portal, Villa San Ramón, Pirque, Provincia de Cordillera, Región Metropolitana de Santiago, 8150000, Chile",nominatim
METROPOLITANA DE SANTIAGO,CORDILLERA,PIRQUE,ESCUELA G-N°646 LO ARCAYA,-33.6911374,-70.5777985,"Escuela Básica G-N°646 Lo Arcaya, Camino Los Quillayes, La Laguna, Pirque, Lo Arcaya, Provincia de Cordillera, Región Metropolitana de Santiago, Chile",nominatim
METROPOLITANA DE SANTIAGO,CORDILLERA,PIRQUE,LICEO EL PRINCIPAL,-33.7214199,-70.5494315,"Liceo El Principal, Camino La Escuela, Los Magnolios, Pirque, El Principal, Provincia de Cordillera, Región Metropolitana de Santiago, Chile",nominatim
METROPOLITANA DE SANTIAGO,CORDILLERA,PIRQUE,LICEO TECNICO PROFESIONAL EL LLANO,-33.6513235,-70.5674404,"El Llano, Pirque, Región Metropolitana, Chile",google
METROPOLITANA DE SANTIAGO,CORDILLERA,PUENTE ALTO,C.D.P. DE PUENTE ALTO,-33.6016107,-70.5101416,"Calle D, Condominio Las Vizcachas, Puente Alto, Provincia de Cordillera, Región Metropolitana de Santiago, Chile",nominatim
METROPOLITANA DE SANTIAGO,CORDILLERA,PUENTE ALTO,CENTRO EDUCACIONAL FERNANDO DE ARAGON L1,-33.580783,-70.5973623,"Av. Gabriela Pte. 1317, 8150215 Puente Alto, Región Metropolitana, Chile",google
METROPOLITANA DE SANTIAGO,CORDILLERA,PUENTE ALTO,CENTRO EDUCACIONAL FERNANDO DE ARAGON L2,-33.580783,-70.5973623,"Av. Gabriela Pte. 1317, 8150215 Puente Alto, Región Metropolitana, Chile",google
METROPOLITANA DE SANTIAGO,CORDILLERA,PUENTE ALTO,CENTRO EDUCACIONAL LARUN RAYUN,-33.5746274,-70.5566766,"Centro Educacional Larun Rayun, 2580, Avenida Gabriela Oriente, Las Nieves, Puente Alto, Provincia de Cordillera, Región Metropolitana de Santiago, 8150000, Chile",nominatim
METROPOLITANA DE SANTIAGO,CORDILLERA,PUENTE ALTO,CENTRO EDUCACIONAL NUEVA CREACION,-33.6162962,-70.5717047,"Centro Educacional Nueva Creación, 275, Avenida Sargento Menadier, Población Nueva Esperanza, Puente Alto, Provincia de Cordillera, Región Metropolitana de Santiago, 8150000, Chile",nominatim
METROPOLITANA DE SANTIAGO,CORDILLERA,PUENTE ALTO,CENTRO EDUCACIONAL PRINCIPADO DE ASTURIAS,-33.5793262,-70.5980027,"Av. Ejercito Libertador 3459, 8150215 Puente Alto, Región Metropolitana, Chile",google
METROPOLITANA DE SANTIAGO,CORDILLERA,PUENTE ALTO,CENTRO EDUCACIONAL SAN CARLOS DE ARAGON L1,-33.6197591,-70.601271,"Av. Concha y Toro 260, Puente Alto, Región Metropolitana, Chile",google
METROPOLITANA DE SANTIAGO,CORDILLERA,PUENTE ALTO,CENTRO EDUCACIONAL SAN CARLOS DE ARAGON L2,-33.6197591,-70.601271,"Av. Concha y Toro 260, Puente Alto, Región Metropolitana, Chile",google
METROPOLITANA DE SANTIAGO,CORDILLERA,PUENTE ALTO,CHILEAN EAGLES COLLEGE LAS VIZCACHAS,-33.5969649,-70.5223979,"Chilean Eagles College Las Vizcachas, Los Castaños, Las Vizcachas, Puente Alto, Provincia de Cordillera, Región Metropolitana de Santiago, 8150000, Chile",nominatim
METROPOLITANA DE SANTIAGO,CORDILLERA,PUENTE ALTO,COLEGIO ACROPOLIS,-33.589219,-70.5671978,"Colegio Acrópolis, 1003, Ángel Pimentel, Portal Andino, Puente Alto, Provincia de Cordillera, Región Metropolitana de Santiago, 8150000, Chile",nominatim
METROPOLITANA DE SANTIAGO,CORDILLERA,PUENTE ALTO,COLEGIO ALICANTE DEL SOL L1,-33.5958543,-70.5865902,"Av. Jorge Ross Ossa 665, 8150215 Puente Alto, Región Metropolitana, Chile",google
METROPOLITANA DE SANTIAGO,CORDILLERA,PUENTE ALTO,COLEGIO ALICANTE DEL SOL L2,-33.5958543,-70.5865902,"Av. Jorge Ross Ossa 665, 8150215 Puente Alto, Región Metropolitana, Chile",google
METROPOLITANA DE SANTIAGO,CORDILLERA,PUENTE ALTO,COLEGIO ALICANTE DEL VALLE,-33.5960429,-70.5460581,"Colegio Alicante del Valle, 2245, Avenida San Carlos, Barrio Terrandina, Puente Alto, Provincia de Cordillera, Región Metropolitana de Santiago, 8207897, Chile",nominatim
METROPOLITANA DE SANTIAGO,CORDILLERA,PUENTE ALTO,COLEGIO ALTAZOR,-33.599999,-70.5810084,"Colegio Altazor, 261, Independencia, Condominio Los Otoñales 1, Puente Alto, Provincia de Cordillera, Región Metropolitana de Santiago, 8150000, Chile",nominatim
METROPOLITANA DE SANTIAGO,CORDILLERA,PUENTE ALTO,COLEGIO CARDENAL RAUL SILVA HENRIQUEZ,-33.6104831,-70.5541599,"Colegio Polivalente Cardenal Raúl Silva Henríquez, 01811, Avenida Eyzaguirre, Villa La Primavera, Puente Alto, Provincia de Cordillera, Región Metropolitana de Santiago, 8207897, Chile",nominatim
METROPOLITANA DE SANTIAGO,CORDILLERA,PUENTE ALTO,COLEGIO COMPAÑIA DE MARIA PUENTE ALTO,-33.5904302,-70.5784733,"Colegio Educacional Particular Compañía de María Puente Alto, 2411, Avenida Concha y Toro, Villa La Foresta I, Puente Alto, Provincia de Cordillera, Región Metropolitana de Santiago, 8151746, Chile",nominatim
METROPOLITANA DE SANTIAGO,CORDILLERA,PUENTE ALTO,COLEGIO EL RACO,-33.6018902,-70.5660527,"Colegio El Raco, 763, Haendel, Cielos Andinos, Puente Alto, Provincia de Cordillera, Región Metropolitana de Santiago, 8207897, Chile",nominatim
METROPOLITANA DE SANTIAGO,CORDILLERA,PUENTE ALTO,COLEGIO EL SEMBRADOR,-33.5757127,-70.5664197,"Colegio El Sembrador, 01450, Avenida Gabriela Oriente, Las Nieves, Puente Alto, Provincia de Cordillera, Región Metropolitana de Santiago, 8150000, Chile",nominatim
METROPOLITANA DE SANTIAGO,CORDILLERA,PUENTE ALTO,COLEGIO EL SEMBRADOR ANEXO 2 L1,-33.5830089,-70.5727818,"German Ebbinghauss 2956, 8205885 Puente Alto, Región Metropolitana, Chile",google
METROPOLITANA DE SANTIAGO,CORDILLERA,PUENTE ALTO,COLEGIO EL SEMBRADOR ANEXO 2 L2,-33.5830089,-70.5727818,"German Ebbinghauss 2956, 8205885 Puente Alto, Región Metropolitana, Chile",google
METROPOLITANA DE SANTIAGO,CORDILLERA,PUENTE ALTO,COLEGIO EMPRENDER OBISPO ALVEAR,-33.5904336,-70.5915897,"Los Mañíos 978, 8151676 Puente Alto, Región Metropolitana, Chile",google
METROPOLITANA DE SANTIAGO,CORDILLERA,PUENTE ALTO,COLEGIO EXTREMADURA DE PUENTE ALTO,-33.5865927,-70.556721,"Soc. Educacional Colegio Nueva Extremadura Ltda., 2288, Ángel Pimentel, Condominio Tempus, Puente Alto, Provincia de Cordillera, Región Metropolitana de Santiago, 8207897, Chile",nominatim
METROPOLITANA DE SANTIAGO,CORDILLERA,PUENTE ALTO,COLEGIO EYZAGUIRRE MEDIA,-33.6153327,-70.6085307,"Av. Eyzaguirre 2891, 8166152 Puente Alto, Región Metropolitana, Chile",google
METROPOLITANA DE SANTIAGO,CORDILLERA,PUENTE ALTO,COLEGIO MAIPO,-33.6162109,-70.5791027,"Colegio Maipo, 266, Ramón Núñez, Población Maipo, Puente Alto, Provincia de Cordillera, Región Metropolitana de Santiago, 8150000, Chile",nominatim
METROPOLITANA DE SANTIAGO,CORDILLERA,PUENTE ALTO,COLEGIO MANQUECURA PUENTE ALTO L1,-33.5616445,-70.5421376,"8170682 Santiago, Puente Alto, Región Metropolitana, Chile",google
METROPOLITANA DE SANTIAGO,CORDILLERA,PUENTE ALTO,COLEGIO MANQUECURA PUENTE ALTO L2,-33.5616445,-70.5421376,"8170682 Santiago, Puente Alto, Región Metropolitana, Chile",google
METROPOLITANA DE SANTIAGO,CORDILLERA,PUENTE ALTO,COLEGIO MERRYLAND,-33.5649717,-70.5667424,"Colegio Merryland, 4137, Avenida México, Las Cumbres, Puente Alto, Provincia de Cordillera, Región Metropolitana de Santiago, 8150000, Chile",nominatim
METROPOLITANA DE SANTIAGO,CORDILLERA,PUENTE ALTO,COLEGIO MIRADOR,-33.5927516,-70.5583868,"Colegio Mirador, 1713, Avenida Las Nieves Oriente, Condominio Tempus, Puente Alto, Provincia de Cordillera, Región Metropolitana de Santiago, 8207897, Chile",nominatim
METROPOLITANA DE SANTIAGO,CORDILLERA,PUENTE ALTO,COLEGIO NAVARRA,-33.5836999,-70.5539544,"Colegio Navarra, 02550, Avenida Luis Matte Larraín, Villa Don Ramón, Puente Alto, Provincia de Cordillera, Región Metropolitana de Santiago, 8150000, Chile",nominatim
METROPOLITANA DE SANTIAGO,CORDILLERA,PUENTE ALTO,COLEGIO NUEVA ERA SIGLO XXI SEDE PUENTE ALTO,-33.602066,-70.5877947,"Independencia 894, 8150215 Puente Alto, Región Metropolitana, Chile",google
METROPOLITANA DE SANTIAGO,CORDILLERA,PUENTE ALTO,COLEGIO NUEVO HORIZONTE DE PUENTE ALTO,-33.5947548,-70.6018169,"Escuela Básica Nuevo Horizonte, 2270, Avenida Chiloé, Villa Creta, Puente Alto, Provincia de Cordillera, Región Metropolitana de Santiago, 8150000, Chile",nominatim
METROPOLITANA DE SANTIAGO,CORDILLERA,PUENTE ALTO,COLEGIO PADRE JOSE KENTENICH,-33.6028532,-70.5592042,"Colegio Polivalente Padre José Kentenich, 01335, Profesor Alcaíno, Villa Lomas Oriente, Puente Alto, Provincia de Cordillera, Región Metropolitana de Santiago, 8207897, Chile",nominatim
METROPOLITANA DE SANTIAGO,CORDILLERA,PUENTE ALTO,COLEGIO PARTICULAR POLITECNICO EYZAGUIRRE BASICA,-33.6153327,-70.6085307,"Av. Eyzaguirre 2891, 8166152 Puente Alto, Región Metropolitana, Chile",google
METROPOLITANA DE SANTIAGO,CORDILLERA,PUENTE ALTO,COLEGIO PEDRO APOSTOL,-33.6253139,-70.592397,"Colegio Pedro Apóstol, 1412, Del Tranque, Villa La Nogalada, Puente Alto, Provincia de Cordillera, Región Metropolitana de Santiago, 8150000, Chile",nominatim
METROPOLITANA DE SANTIAGO,CORDILLERA,PUENTE ALTO,COLEGIO PROFESOR ILDEFONSO CALDERON,-33.5808968,-70.5724474,"Colegio Polivalente Profesor Ildefonso Calderón, 749, Avenida El Peñón, Villa Los Prados, Puente Alto, Provincia de Cordillera, Región Metropolitana de Santiago, 8150000, Chile",nominatim
METROPOLITANA DE SANTIAGO,CORDILLERA,PUENTE ALTO,COLEGIO QUITALMAHUE,-33.632489,-70.6242074,"Colegio Quitalmahue, 1650, Quitalmahue, Población Cerro Morado, Puente Alto, Provincia de Cordillera, Región Metropolitana de Santiago, 8181117, Chile",nominatim
METROPOLITANA DE SANTIAGO,CORDILLERA,PUENTE ALTO,COLEGIO SAN GUILLERMO,-33.6265706,-70.6099985,"Escuela Básica Particular San Guillermo, 3014, El Silo, Villa Enrique Alvear, Población San Guillermo 2, Puente Alto, Provincia de Cordillera, Región Metropolitana de Santiago, 8150000, Chile",nominatim
METROPOLITANA DE SANTIAGO,CORDILLERA,PUENTE ALTO,COLEGIO SAN MIGUEL DE LOS ANDES L1,-33.5651336,-70.5734004,"Vic. Mackenna Villa Andes el Sur - Cochoa 0983, Par 27, 8220227 Puente Alto, Región Metropolitana, Chile",google
METROPOLITANA DE SANTIAGO,CORDILLERA,PUENTE ALTO,COLEGIO SAN MIGUEL DE LOS ANDES L2,-33.5651336,-70.5734004,"Vic. Mackenna Villa Andes el Sur - Cochoa 0983, Par 27, 8220227 Puente Alto, Región Metropolitana, Chile",google
METROPOLITANA DE SANTIAGO,CORDILLERA,PUENTE ALTO,COLEGIO SANTA MARIA DE LA CORDILLERA,-33.5809396,-70.5879362,"Colegio Santa María de la Cordillera, 662, Coquimbo, Los Conquistadores, Puente Alto, Provincia de Cordillera, Región Metropolitana de Santiago, 8150000, Chile",nominatim
METROPOLITANA DE SANTIAGO,CORDILLERA,PUENTE ALTO,COLEGIO SENDA DEL SABER,-33.5813409,-70.6076746,"Colegio Senda Del Saber, 03871, Rosa Ester, Villa Valle del Elqui, Puente Alto, Provincia de Cordillera, Región Metropolitana de Santiago, 8150000, Chile",nominatim
METROPOLITANA DE SANTIAGO,CORDILLERA,PUENTE ALTO,COLEGIO TERRA ANDINA,-33.6137104,-70.5258638,"Colegio Terra Andina, 4525, Lago Tarahuín, Villa San Alberto, Puente Alto, Provincia de Cordillera, Región Metropolitana de Santiago, 8207897, Chile",nominatim
METROPOLITANA DE SANTIAGO,CORDILLERA,PUENTE ALTO,COLEGIO TUPAHUE,-33.6028637,-70.5838945,"Colegio Tupahue, 543, Avenida Domingo Tocornal, Condominio Los Otoñales 1, Puente Alto, Provincia de Cordillera, Región Metropolitana de Santiago, 8150000, Chile",nominatim
METROPOLITANA DE SANTIAGO,CORDILLERA,PUENTE ALTO,ESCUELA ANDES DEL SUR,-33.5667255,-70.5652496,"Escuela Básica Andes del Sur, 1600, Avenida Los Toros, Las Cumbres, Puente Alto, Provincia de Cordillera, Región Metropolitana de Santiago, 8150000, Chile",nominatim
METROPOLITANA DE SANTIAGO,CORDILLERA,PUENTE ALTO,ESCUELA CASAS VIEJAS,-33.6078625,-70.5272237,"Escuela Casas Viejas, 4407, Avenida 27 de Septiembre, Casas Viejas, Puente Alto, Provincia de Cordillera, Región Metropolitana de Santiago, 8207897, Chile",nominatim
METROPOLITANA DE SANTIAGO,CORDILLERA,PUENTE ALTO,ESCUELA CONSOLIDADA,-33.6117703,-70.5710351,"Escuela Consolidada, 0365, Pedro Lagos, Población Nueva Esperanza, Puente Alto, Provincia de Cordillera, Región Metropolitana de Santiago, 8150000, Chile",nominatim
METROPOLITANA DE SANTIAGO,CORDILLERA,PUENTE ALTO,ESCUELA EJERCITO LIBERTADOR,-33.6093934,-70.5915347,"Escuela Ejército Libertador, 569, Avenida Ejército Libertador, Villa Juan Gómez Millas, Puente Alto, Provincia de Cordillera, Región Metropolitana de Santiago, 8150000, Chile",nominatim
METROPOLITANA DE SANTIAGO,CORDILLERA,PUENTE ALTO,ESCUELA GABRIELA,-33.5719822,-70.5987568,"Escuela Gabriela, 4001, Avenida Ejército Libertador, Condominio Las Capillas, Puente Alto, Provincia de Cordillera, Región Metropolitana de Santiago, 8150000, Chile",nominatim
METROPOLITANA DE SANTIAGO,CORDILLERA,PUENTE ALTO,ESCUELA LAS PALMAS,-33.6191435,-70.6260592,"Escuela Las Palmas, 998, Avenida Eyzaguirre, Población Bajos de Mena, Puente Alto, Provincia de Cordillera, Región Metropolitana de Santiago, 8150000, Chile",nominatim
METROPOLITANA DE SANTIAGO,CORDILLERA,PUENTE ALTO,ESCUELA LOS ANDES,-33.6142406,-70.5629282,"Escuela Los Andes, 0232, Nonato Coo, Población Los Andes, Puente Alto, Provincia de Cordillera, Región Metropolitana de Santiago, 9480000, Chile",nominatim
METROPOLITANA DE SANTIAGO,CORDILLERA,PUENTE ALTO,ESCUELA LUIS MATTE LARRAIN,-33.5850144,-70.5759049,"Escuela Luis Matte Larraín, Avenida Luis Matte Larraín, Campanario, Puente Alto, Provincia de Cordillera, Región Metropolitana de Santiago, 8150000, Chile",nominatim
METROPOLITANA DE SANTIAGO,CORDILLERA,PUENTE ALTO,ESCUELA NONATO COO,-33.6030142,-70.5704532,"Escuela Nonato Coo, 0440, Profesor Alcaíno, Población Carol Urzúa, Puente Alto, Provincia de Cordillera, Región Metropolitana de Santiago, 8150000, Chile",nominatim
METROPOLITANA DE SANTIAGO,CORDILLERA,PUENTE ALTO,ESCUELA OSCAR BONILLA,-33.6210301,-70.5921484,"Escuela Óscar Bonilla, 1371, Los Comendadores, Villa Independencia, Puente Alto, Provincia de Cordillera, Región Metropolitana de Santiago, 8150000, Chile",nominatim
METROPOLITANA DE SANTIAGO,CORDILLERA,PUENTE ALTO,ESCUELA PADRE ALBERTO HURTADO,-33.5919932,-70.6020331,"Mahuidanche 1846, 8150215 Puente Alto, Región Metropolitana, Chile",google
METROPOLITANA DE SANTIAGO,CORDILLERA,PUENTE ALTO,ESCUELA SAN PABLO,-33.5703489,-70.5722478,"Colegio San Pablo, 3850, Nonato Coo, Las Cumbres, Puente Alto, Provincia de Cordillera, Región Metropolitana de Santiago, 8150000, Chile",nominatim
METROPOLITANA DE SANTIAGO,CORDILLERA,PUENTE ALTO,ESCUELA VILLA INDEPENDENCIA,-33.6171341,-70.5889758,"Escuela Villa Independencia, 1175, Coyhaique, Villa Independencia, Puente Alto, Provincia de Cordillera, Región Metropolitana de Santiago, 8150000, Chile",nominatim
METROPOLITANA DE SANTIAGO,CORDILLERA,PUENTE ALTO,ESCUELA VILLA PEDRO AGUIRRE CERDA,-33.6214854,-70.5853136,"Escuela Villa Pedro Aguirre Cerda, 635, Toesca, Población Teniente Merino, Puente Alto, Provincia de Cordillera, Región Metropolitana de Santiago, 8150000, Chile",nominatim
METROPOLITANA DE SANTIAGO,CORDILLERA,PUENTE ALTO,LICEO BICENTENARIO SAN PEDRO DE PUENTE ALTO,-33.6267151,-70.5773144,"Liceo Bicentenario de Excelencia San Pedro de Puente Alto, 179, Claudio Matte, San Pedro, Puente Alto, Provincia de Cordillera, Región Metropolitana de Santiago, 9480000, Chile",nominatim
METROPOLITANA DE SANTIAGO,CORDILLERA,PUENTE ALTO,LICEO CHILOE L1,-33.6268099,-70.6239527,"Chiloé 0945, Puente Alto, Región Metropolitana, Chile",google
METROPOLITANA DE SANTIAGO,CORDILLERA,PUENTE ALTO,LICEO CHILOE L2,-33.6268099,-70.6239527,"Chiloé 0945, Puente Alto, Región Metropolitana, Chile",google
METROPOLITANA DE SANTIAGO,CORDILLERA,PUENTE ALTO,LICEO COMERCIAL DE PUENTE ALTO,-33.6164964,-70.5837327,"Liceo Comercial de Puente Alto, 214, Brasil, Población El Esfuerzo, Puente Alto, Provincia de Cordillera, Región Metropolitana de Santiago, 8150000, Chile",nominatim
METROPOLITANA DE SANTIAGO,CORDILLERA,PUENTE ALTO,LICEO INGENIERO MILITAR JUAN MACKENNA O'REILLY,-33.5630686,-70.554823,"Av. Camilo Henríquez 3910, 8170307 Puente Alto, Región Metropolitana, Chile",google
METROPOLITANA DE SANTIAGO,CORDILLERA,PUENTE ALTO,LICEO MARIA REINA,-33.5814622,-70.575079,"Liceo Polivalente María Reina, 0420, Maestro Palomo, Parque San Francisco, Puente Alto, Provincia de Cordillera, Región Metropolitana de Santiago, 8207897, Chile",nominatim
METROPOLITANA DE SANTIAGO,CORDILLERA,PUENTE ALTO,LICEO PUENTE ALTO,-33.6164964,-70.5837327,"Liceo Comercial de Puente Alto, 214, Brasil, Población El Esfuerzo, Puente Alto, Provincia de Cordillera, Región Metropolitana de Santiago, 8150000, Chile",nominatim
METROPOLITANA DE SANTIAGO,CORDILLERA,PUENTE ALTO,LICEO SAN GERONIMO,-33.6278137,-70.5865038,"Liceo San Geronimo, 01114, La Colonia, Población San Gerónimo, Puente Alto, Provincia de Cordillera, Región Metropolitana de Santiago, 8150000, Chile",nominatim
METROPOLITANA DE SANTIAGO,CORDILLERA,PUENTE ALTO,LICEO VOLCAN SAN JOSE,-33.6273164,-70.6165486,"Liceo Volcán San José, 3350, Estación La Obra, Villa Enrique Alvear, Población Volcán San José 3, Puente Alto, Provincia de Cordillera, Región Metropolitana de Santiago, 8150000, Chile",nominatim
METROPOLITANA DE SANTIAGO,CORDILLERA,SAN JOSE DE MAIPO,ESCUELA INTEGRADORA EL MANZANO,-33.5818631,-70.40149749999999,"El Manzano, San José de Maipo, Región Metropolitana, Chile",google
METROPOLITANA DE SANTIAGO,CORDILLERA,SAN JOSE DE MAIPO,ESCUELA JULIETA BECERRA ALVAREZ,-33.6400467,-70.3534319,"Cam. Al Volcán 19727, 9460168 Cordillera, San José de Maipo, Región Metropolitana, Chile",google
METROPOLITANA DE SANTIAGO,CORDILLERA,SAN JOSE DE MAIPO,LICEO SAN JOSE DE MAIPO,-33.6400239,-70.3523127,"San José de Maipo, Santiago Metropolitan Region, Chile",google
METROPOLITANA DE SANTIAGO,MAIPO,BUIN,COLEGIO ALTO DEL VALLE,-33.7315594,-70.7729977,"Colegio Alto del Valle, 2888, Ruta G-489, Santa Adela, Loreto, Buin, Provincia de Maipo, Región Metropolitana de Santiago, Chile",nominatim
METROPOLITANA DE SANTIAGO,MAIPO,BUIN,COLEGIO DE MAIPO,-33.7343193,-70.7778837,"Colegio de Maipo, 346, Felipe de Nery, Padre C. Díaz, Maipo, Buin, Provincia de Maipo, Región Metropolitana de Santiago, Chile",nominatim
METROPOLITANA DE SANTIAGO,MAIPO,BUIN,COLEGIO SAN FERNANDO DE BUIN ORIENTE,-33.734968,-70.7200921,"Colegio San Fernando de Buin Oriente, Zulema Fuenzalida, Condominio Parque Buin, Bajos de Matte, Buin, Provincia de Maipo, Región Metropolitana de Santiago, 9500708, Chile",nominatim
METROPOLITANA DE SANTIAGO,MAIPO,BUIN,ESCUELA HUMBERTO MORENO RAMIREZ,-33.8043517,-70.7685998,"Escuela Humberto Moreno Ramirez, 2453, Ruta G-46, Villa San José, Santa Elena de Viluco, Viluco, Buin, Provincia de Maipo, Región Metropolitana de Santiago, Chile",nominatim
METROPOLITANA DE SANTIAGO,MAIPO,BUIN,ESCUELA LOS ROSALES DEL BAJO,-33.7212393,-70.7414667,"Escuela Los Rosales del Bajo, 743, Bajos de Matte, Villa Santa María, La Obra, Buin, Provincia de Maipo, Región Metropolitana de Santiago, Chile",nominatim
METROPOLITANA DE SANTIAGO,MAIPO,BUIN,ESCUELA VALDIVIA DE PAINE,-33.8104534,-70.8576283,"Escuela Valdivia de Paine, 170, Pedro Aguirre Cerda, Valdivia de Paine, Buin, Provincia de Maipo, Región Metropolitana de Santiago, Chile",nominatim
METROPOLITANA DE SANTIAGO,MAIPO,BUIN,ESCUELA VILLASECA,-33.7454053,-70.7508545,"Escuela Villaseca, 814, Villaseca, La Siembra 1, Buin, Provincia de Maipo, Región Metropolitana de Santiago, 9500708, Chile",nominatim
METROPOLITANA DE SANTIAGO,MAIPO,BUIN,LICEO A-131 BASICA HAYDEE AZOCAR MANSILLA,-33.7282801,-70.7330851,"El Rodeo 016, 9500801 Buin, Región Metropolitana, Chile",google
METROPOLITANA DE SANTIAGO,MAIPO,BUIN,LICEO A-131 MEDIA HAYDEE AZOCAR MANSILLA L1,-33.7282801,-70.7330851,"El Rodeo 016, 9500801 Buin, Región Metropolitana, Chile",google
METROPOLITANA DE SANTIAGO,MAIPO,BUIN,LICEO A-131 MEDIA HAYDEE AZOCAR MANSILLA L2,-33.7282801,-70.7330851,"El Rodeo 016, 9500801 Buin, Región Metropolitana, Chile",google
METROPOLITANA DE SANTIAGO,MAIPO,BUIN,LICEO ALTO JAHUEL,-33.7299894,-70.684509,"Liceo Alto Jahuel, 185, Miraflores, Villa Paula Jaraquemada, Viña Portal del Alto, Alto Jahuel, Buin, Provincia de Maipo, Región Metropolitana de Santiago, Chile",nominatim
METROPOLITANA DE SANTIAGO,MAIPO,BUIN,LICEO CARDENAL CARO BASICA,-33.7304698,-70.7371524,"Liceo Cardenal Caro pre básica, 91, Santa María, Villa El Diamante, Buin, Provincia de Maipo, Región Metropolitana de Santiago, 9500708, Chile",nominatim
METROPOLITANA DE SANTIAGO,MAIPO,BUIN,LICEO CARDENAL CARO MEDIA,-33.7280108,-70.7476768,"Av. Manuel Rodríguez 865, 9500000 Buin, Región Metropolitana, Chile",google
METROPOLITANA DE SANTIAGO,MAIPO,BUIN,LICEO FRANCISCO JAVIER KRUGGER ALVARADO,-33.76263,-70.73678,"Hnos Carrera 469, Linderos, Buin, Región Metropolitana, Chile",google
METROPOLITANA DE SANTIAGO,MAIPO,BUIN,LICEO POLIVALENTE LOS GUINDOS,-33.712761,-70.7217938,"Liceo Polivalente Los Guindos, 491, Los Guindos, Bajos de Guindos, Alto Jahuel, Buin, Provincia de Maipo, Región Metropolitana de Santiago, Chile",nominatim
METROPOLITANA DE SANTIAGO,MAIPO,CALERA DE TANGO,LICEO POETISA GABRIELA MISTRAL BASICA L1,-33.63133130000001,-70.7606594,"Calera de Tango, Región Metropolitana, Chile",google
METROPOLITANA DE SANTIAGO,MAIPO,CALERA DE TANGO,LICEO POETISA GABRIELA MISTRAL BASICA L2,-33.63133130000001,-70.7606594,"Calera de Tango, Región Metropolitana, Chile",google
METROPOLITANA DE SANTIAGO,MAIPO,CALERA DE TANGO,LICEO POETISA GABRIELA MISTRAL MEDIA,-33.63133130000001,-70.7606594,"Calera de Tango, Región Metropolitana, Chile",google
METROPOLITANA DE SANTIAGO,MAIPO,PAINE,CENTRO EDUCACIONAL ENRIQUE BERNSTEIN CARABANTE L1,-33.80947890000001,-70.7364812,"Av. Bernardo O'Higgins 540, 9540000 Paine, Región Metropolitana, Chile",google
METROPOLITANA DE SANTIAGO,MAIPO,PAINE,CENTRO EDUCACIONAL ENRIQUE BERNSTEIN CARABANTE L2,-33.80947890000001,-70.7364812,"Av. Bernardo O'Higgins 540, 9540000 Paine, Región Metropolitana, Chile",google
METROPOLITANA DE SANTIAGO,MAIPO,PAINE,COLEGIO BICENTENARIO SANTA MARIA DE PAINE,-33.8060784,-70.7413473,"Av. Gral. Baquedano 348, 9540705 Paine, Región Metropolitana, Chile",google
METROPOLITANA DE SANTIAGO,MAIPO,PAINE,COLEGIO MARIA ANA MOGAS,-33.8095622,-70.737383,"Colegio Particular María Ana Mogas, 358, La Concepción, Población Santa María de Paine, Paine Oriente, Paine, Provincia de Maipo, Región Metropolitana de Santiago, Chile",nominatim
METROPOLITANA DE SANTIAGO,MAIPO,PAINE,ESCUELA BARBARA KAST RIST,-33.8046694,-70.7045783,"Escuela Bárbara Kast Rist, 2874, Avenida 18 de Septiembre, Las Rosas, 24 de Abril, Paine, Provincia de Maipo, Región Metropolitana de Santiago, Chile",nominatim
METROPOLITANA DE SANTIAGO,MAIPO,PAINE,ESCUELA ELIAS SANCHEZ ORTUZAR,-33.8538384,-70.7602472,"Escuela Elías Sánchez Ortúzar, Jorge Alessandri, Villa Rosario, Jorge Alessandri, Hospital, Paine, Provincia de Maipo, Región Metropolitana de Santiago, Chile",nominatim
METROPOLITANA DE SANTIAGO,MAIPO,PAINE,ESCUELA F-N°835 HERMANOS SANCHEZ CERDA,-33.8401032,-70.82876660000001,"G-546 5000, Paine, Región Metropolitana, Chile",google
METROPOLITANA DE SANTIAGO,MAIPO,PAINE,ESCUELA FRANCISCO LETELIER VALDES,-33.8459057,-70.9486609,"Escuela Básica G-N°830 Francisco Letelier Valdés, Ruta G-54, Country Los Almendros, Rangue, Paine, Provincia de Maipo, Región Metropolitana de Santiago, Chile",nominatim
METROPOLITANA DE SANTIAGO,MAIPO,PAINE,ESCUELA JAVIER EYZAGUIRE ECHAURREN,-33.9002641,-70.66082879999999,"Las Lilas 16080, Chada, Paine, Región Metropolitana, Chile",google
METROPOLITANA DE SANTIAGO,MAIPO,PAINE,ESCUELA PAULA JARAQUEMADA ALQUIZAR,-33.8104425,-70.7346538,"Concepción 568, Paine, Región Metropolitana, Chile",google
METROPOLITANA DE SANTIAGO,MAIPO,PAINE,LICEO GREGORIO MORALES MIRANDA,-33.8637056,-70.747973,"Liceo Gregorio Morales Miranda, 1161, Diego Portales, Villa La Salud, Champa, Hospital, Paine, Provincia de Maipo, Región Metropolitana de Santiago, Chile",nominatim
METROPOLITANA DE SANTIAGO,MAIPO,PAINE,LICEO MARIA CARVAJAL FUENZALIDA,-33.8331036,-70.6439933,"Liceo María Carvajal Fuenzalida, Santa Filomena, Villa Esperanza Unida de Huelquén, Huelquén, Paine, Provincia de Maipo, Región Metropolitana de Santiago, Chile",nominatim
METROPOLITANA DE SANTIAGO,MAIPO,SAN BERNARDO,CENTRO EDUCACIONAL BALDOMERO LILLO L1,-33.5807199,-70.689587,"Calderon de La Barca 272, 8050091 San Bernardo, Región Metropolitana, Chile",google
METROPOLITANA DE SANTIAGO,MAIPO,SAN BERNARDO,CENTRO EDUCACIONAL BALDOMERO LILLO L2,-33.5807199,-70.689587,"Calderon de La Barca 272, 8050091 San Bernardo, Región Metropolitana, Chile",google
METROPOLITANA DE SANTIAGO,MAIPO,SAN BERNARDO,CENTRO EDUCACIONAL PADRE ALBERTO HURTADO,-33.6040565,-70.6801145,"Centro Educacional Padre Alberto Hurtado, 1201, Gustavo Campaña Gandarillas, Villa Manuel Magallanes Moure, San Alberto de Nos, San Bernardo, Provincia de Maipo, Región Metropolitana de Santiago, 8082394, Chile",nominatim
METROPOLITANA DE SANTIAGO,MAIPO,SAN BERNARDO,COLEGIO CORDILLERA DE LOS ANDES,-33.5858564,-70.699079,"San Bernardo, Santiago Metropolitan Region, Chile",google
METROPOLITANA DE SANTIAGO,MAIPO,SAN BERNARDO,COLEGIO DOCTOR LUIS SEPULVEDA SALVATIERRA,-33.6389218,-70.70923760000001,"Huelen 105, NOS, San Bernardo, Región Metropolitana, Chile",google
METROPOLITANA DE SANTIAGO,MAIPO,SAN BERNARDO,COLEGIO DOMINGO EYZAGUIRRE,-33.5850409,-70.6962023,"Colegio Domingo Eyzaguirre, 107, Fontecilla, Villa Santa Marta, San Bernardo, Provincia de Maipo, Región Metropolitana de Santiago, 8059001, Chile",nominatim
METROPOLITANA DE SANTIAGO,MAIPO,SAN BERNARDO,COLEGIO HARAS LOS CONDORES,-33.6390227,-70.6734284,"Escuela Haras Los Condores, 1418, Camino Nos a Los Morros, San Francisco de Nos, San Bernardo, Provincia de Maipo, Región Metropolitana de Santiago, 8082394, Chile",nominatim
METROPOLITANA DE SANTIAGO,MAIPO,SAN BERNARDO,COLEGIO POLIVALENTE PRESIDENTE JOSE MANUEL BALMACEDA,-33.5600694,-70.7125689,"8060056 Santiago, San Bernardo, Región Metropolitana, Chile",google
METROPOLITANA DE SANTIAGO,MAIPO,SAN BERNARDO,COLEGIO SANTA TERESA DE LOS MORROS,-33.5886609,-70.6778509,"Escuela Santa Teresa de Los Morros, 13820, Avenida Padre Hurtado, Las Carmelitas, San Bernardo, Provincia de Maipo, Región Metropolitana de Santiago, 8059001, Chile",nominatim
METROPOLITANA DE SANTIAGO,MAIPO,SAN BERNARDO,COLEGIO SEBASTIAN ELCANO,-33.6075733,-70.697554,"Colegio Sebastián Elcano San Bernardo, 1238, Avenida Portales, Villa La Maestranza de San Bernardo, San Bernardo, Provincia de Maipo, Región Metropolitana de Santiago, 8059001, Chile",nominatim
METROPOLITANA DE SANTIAGO,MAIPO,SAN BERNARDO,COLEGIO VALLES DEL MAIPO,-33.6127949,-70.6987943,"Colegio Valles del Maipo, Enrique Madrid Osorio, Villa La Maestranza de San Bernardo, San Bernardo, Provincia de Maipo, Región Metropolitana de Santiago, 8059001, Chile",nominatim
METROPOLITANA DE SANTIAGO,MAIPO,SAN BERNARDO,ESCUELA ALEMANIA,-33.5811438,-70.7061051,"Escuela Alemania, 0320, Santiago, Villa Chena, San Bernardo, Provincia de Maipo, Región Metropolitana de Santiago, 8059001, Chile",nominatim
METROPOLITANA DE SANTIAGO,MAIPO,SAN BERNARDO,ESCUELA BASICA ANTUPILLAN,-33.5804497,-70.7015832,"Escuela Básica Antupillán, 0485, Eyzaguirre, Villa Los Industriales, San Bernardo, Provincia de Maipo, Región Metropolitana de Santiago, 8059001, Chile",nominatim
METROPOLITANA DE SANTIAGO,MAIPO,SAN BERNARDO,ESCUELA DIEGO PORTALES L1,-33.6038049,-70.68485679999999,"Av. San José 01100, 8071080 San Bernardo, Región Metropolitana, Chile",google
METROPOLITANA DE SANTIAGO,MAIPO,SAN BERNARDO,ESCUELA DIEGO PORTALES L2,-33.6038049,-70.68485679999999,"Av. San José 01100, 8071080 San Bernardo, Región Metropolitana, Chile",google
METROPOLITANA DE SANTIAGO,MAIPO,SAN BERNARDO,ESCUELA ELIODORO YAÑEZ PONCE DE LEON,-33.6683505,-70.7427558,"Escuela Eliodoro Yañez Ponce De León, 1900, Eliodoro Yáñez, Condominio Campos Lo Herrera, San Bernardo, Lo Herrera, Provincia de Maipo, Región Metropolitana de Santiago, 8080782, Chile",nominatim
METROPOLITANA DE SANTIAGO,MAIPO,SAN BERNARDO,ESCUELA ESCRITORA MARCELA PAZ,-33.6059488,-70.7064039,"Escuela Escritora Marcela Paz, 736, Ramón Liborio Carvallo, Población Obrero Ferroviaria, San Bernardo, Provincia de Maipo, Región Metropolitana de Santiago, 8059001, Chile",nominatim
METROPOLITANA DE SANTIAGO,MAIPO,SAN BERNARDO,ESCUELA HERNAN MERINO CORREA,-33.5949719,-70.6863901,"Colegio Hernán Merino Correa, 15147, Martín de Solís, Población Mujeres de Chile, San Bernardo, Provincia de Maipo, Región Metropolitana de Santiago, 8059001, Chile",nominatim
METROPOLITANA DE SANTIAGO,MAIPO,SAN BERNARDO,ESCUELA ISABEL RIQUELME,-33.5928777,-70.6944074,"Escuela Isabel Riquelme, 0191, Avenida Colón Sur, Villa Jardines de Colón, San Bernardo, Provincia de Maipo, Región Metropolitana de Santiago, 8059001, Chile",nominatim
METROPOLITANA DE SANTIAGO,MAIPO,SAN BERNARDO,ESCUELA JAVIERA CARRERA VERDUGO,-33.5837542,-70.6869146,"Escuela Javiera Carrera Verdugo, 450, Martin Monje, Población El Olivo, San Bernardo, Provincia de Maipo, Región Metropolitana de Santiago, 8059001, Chile",nominatim
METROPOLITANA DE SANTIAGO,MAIPO,SAN BERNARDO,ESCUELA JOSE NUEZ MARTIN,-33.6161569,-70.6929982,"Escuela José Nuez Martín, 394, Isla Juan Fernández, Casas del Parque 3, San Bernardo, Provincia de Maipo, Región Metropolitana de Santiago, 8082394, Chile",nominatim
METROPOLITANA DE SANTIAGO,MAIPO,SAN BERNARDO,ESCUELA LIBERTADOR GENERAL BERNARDO O'HIGGINS,-33.5928777,-70.6950809,"Escuela Libertador General Bernardo O'Higgins, 0145, Avenida Colón Sur, Villa Jardines de Colón, San Bernardo, Provincia de Maipo, Región Metropolitana de Santiago, 8059001, Chile",nominatim
METROPOLITANA DE SANTIAGO,MAIPO,SAN BERNARDO,ESCUELA MAHUIDA,-33.5983261,-70.7102325,"Escuela Mahuida, 795, San Alfonso, Barrio Esmeralda, San Bernardo, Provincia de Maipo, Región Metropolitana de Santiago, 8059001, Chile",nominatim
METROPOLITANA DE SANTIAGO,MAIPO,SAN BERNARDO,ESCUELA MANUEL MAGALLANES MOURE,-33.5886406,-70.703369,"Escuela Manuel Magallanes Moure, 578, Francisco Aranda, Villa Jardines de Colón, San Bernardo, Provincia de Maipo, Región Metropolitana de Santiago, 8059001, Chile",nominatim
METROPOLITANA DE SANTIAGO,MAIPO,SAN BERNARDO,ESCUELA PILAR MOLINER DE NUEZ,-33.5944606,-70.7071262,"Escuela Pilar Moliner de Nuez, 695, Avenida Covadonga, Barrio Esmeralda, San Bernardo, Provincia de Maipo, Región Metropolitana de Santiago, 8059001, Chile",nominatim
METROPOLITANA DE SANTIAGO,MAIPO,SAN BERNARDO,ESCUELA RENE SCHNEIDER,-33.5832664,-70.6920869,"Escuela General René Schneider Chereau, 0208, Pedro de Valdivia, Población La Portada, San Bernardo, Provincia de Maipo, Región Metropolitana de Santiago, 8059001, Chile",nominatim
METROPOLITANA DE SANTIAGO,MAIPO,SAN BERNARDO,ESCUELA REPUBLICA DE LOS EE.UU. DE AMERICA,-33.5764905,-70.7038086,"Santiago, San Bernardo, Región Metropolitana, Chile",google
METROPOLITANA DE SANTIAGO,MAIPO,SAN BERNARDO,ESCUELA REPUBLICA DEL BRASIL,-33.6038587,-70.6985409,"Escuela República del Brasil, 28, Nogales, Población Obrero Ferroviaria, San Bernardo, Provincia de Maipo, Región Metropolitana de Santiago, 8059001, Chile",nominatim
METROPOLITANA DE SANTIAGO,MAIPO,SAN BERNARDO,GIMNASIO MUNICIPAL,-33.5910378,-70.7103359,"Gimnasio Municipal Pedro Fernández Vilaspaz, O'Higgins Oriente, San Bernardo, Provincia de Maipo, Región Metropolitana de Santiago, 8059001, Chile",nominatim
METROPOLITANA DE SANTIAGO,MAIPO,SAN BERNARDO,LICEO A-127 FIDEL PINOCHET LE-BRUN,-33.6039293,-70.7113151,"Fidel Pinochet, San Bernardo, Región Metropolitana, Chile",google
METROPOLITANA DE SANTIAGO,MAIPO,SAN BERNARDO,LICEO BICENTENARIO DE EXCELENCIA,-33.6012996,-70.70415419999999,"Bulnes 950, 8071299 San Bernardo, Región Metropolitana, Chile",google
METROPOLITANA DE SANTIAGO,MAIPO,SAN BERNARDO,LICEO CARDENAL ANTONIO SAMORE,-33.563656,-70.70642629999999,"Arturo Gordon 12251, 8060643 San Bernardo, Región Metropolitana, Chile",google
METROPOLITANA DE SANTIAGO,MAIPO,SAN BERNARDO,LICEO CLARA SOLOVERA,-33.6487488,-70.6621517,"Liceo Clara Solovera, 24823, Camino Padre Hurtado, Central Hidroeléctrica Los Morros, San Bernardo, Provincia de Maipo, Región Metropolitana de Santiago, 8082394, Chile",nominatim
METROPOLITANA DE SANTIAGO,MAIPO,SAN BERNARDO,LICEO HARDWARE,-33.5960159,-70.6869392,"Liceo Industrial Hardware, 15011, Martín de Solís, Población Mujeres de Chile, San Bernardo, Provincia de Maipo, Región Metropolitana de Santiago, 8059001, Chile",nominatim
METROPOLITANA DE SANTIAGO,MAIPO,SAN BERNARDO,LICEO INDUSTRIAL MIGUEL AYLWIN GAJARDO,-33.5884225,-70.7005867,"Liceo Industrial Miguel Aylwin Gajardo, 495, 12 de Febrero, Villa Jardines de Colón, San Bernardo, Provincia de Maipo, Región Metropolitana de Santiago, 8059001, Chile",nominatim
METROPOLITANA DE SANTIAGO,MAIPO,SAN BERNARDO,LICEO LUCILA GODOY ALCAYAGA,-33.5839126,-70.7091389,"Liceo Polivalente Lucila Godoy Alcayaga, 017, Avenida Central, Villa Chena, San Bernardo, Provincia de Maipo, Región Metropolitana de Santiago, 8059001, Chile",nominatim
METROPOLITANA DE SANTIAGO,MAIPO,SAN BERNARDO,LICEO NUEVO PORVENIR,-33.5908487,-70.6820731,"Rodrigo de Quiroga 937, 8051176 San Bernardo, Región Metropolitana, Chile",google
METROPOLITANA DE SANTIAGO,MAIPO,SAN BERNARDO,LICEO VALLE DE LLUTA,-33.5845822,-70.6682393,"Liceo Valle de Lluta, 1665, Avenida Lo Blanco, Villa Santa Ana, San Bernardo, Provincia de Maipo, Región Metropolitana de Santiago, 8010000, Chile",nominatim
METROPOLITANA DE SANTIAGO,MAIPO,SAN BERNARDO,LINCOLN COLLEGE SAN BERNARDO,-33.6122452,-70.6927696,"Lincoln College, 1064, Almirante Riveros, Casas del Parque 3, San Bernardo, Provincia de Maipo, Región Metropolitana de Santiago, 8082394, Chile",nominatim
METROPOLITANA DE SANTIAGO,MAIPO,SAN BERNARDO,SAN IGNACIO COLLEGE L1,-33.6163039,-70.7046876,"Gral. Urrutia 384, 8080505 San Bernardo, Región Metropolitana, Chile",google
METROPOLITANA DE SANTIAGO,MAIPO,SAN BERNARDO,SAN IGNACIO COLLEGE L2,-33.6163039,-70.7046876,"Gral. Urrutia 384, 8080505 San Bernardo, Región Metropolitana, Chile",google
METROPOLITANA DE SANTIAGO,MELIPILLA,ALHUE,LICEO MUNICIPAL SARA TRONCOSO TRONCOSO,-34.032263,-71.10093789999999,"398, - Veintiuno de Mayo 300, Alhue, Alhué, Región Metropolitana, Chile",google
METROPOLITANA DE SANTIAGO,MELIPILLA,CURACAVI,ESCUELA CUYUNCAVI,-33.3914817,-71.12436459999999,"Los Patriotas 2040, 9630215 Curacavi, Curacaví, Región Metropolitana, Chile",google
METROPOLITANA DE SANTIAGO,MELIPILLA,CURACAVI,ESCUELA FERNANDO CARVAJAL PINTO,-33.4537319,-71.02859409999999,"Cam. Cta. Barriga 230, Curacaví, Región Metropolitana, Chile",google
METROPOLITANA DE SANTIAGO,MELIPILLA,CURACAVI,ESCUELA SAN JOSE OBRERO DE CURACAVI,-33.4081872,-71.1435068,"Ambrosio O'Higgins 725, Curacavi, Curacaví, Región Metropolitana, Chile",google
METROPOLITANA DE SANTIAGO,MELIPILLA,CURACAVI,ESCUELA VALLE DE PUANGUE,-33.4008848,-71.1302552,"Jorge Montt 1868, 9630106 Curacavi, Curacaví, Región Metropolitana, Chile",google
METROPOLITANA DE SANTIAGO,MELIPILLA,CURACAVI,LICEO PRESIDENTE BALMACEDA,-33.39881829999999,-71.1307765,"Covadonga 451, Curacavi, Melipilla, Región Metropolitana, Chile",google
METROPOLITANA DE SANTIAGO,MELIPILLA,MARIA PINTO,ESCUELA F-N° 732 CHOROMBO ALTO,-33.5103088,-71.2653059,"Cam. Chorombo Alto 732, Chorombo, María Pinto, Región Metropolitana, Chile",google
METROPOLITANA DE SANTIAGO,MELIPILLA,MARIA PINTO,LICEO MUNICIPAL F-860 L1,-33.517104,-71.1235068,"María Pinto, Santiago Metropolitan Region, Chile",google
METROPOLITANA DE SANTIAGO,MELIPILLA,MARIA PINTO,LICEO MUNICIPAL F-860 L2,-33.517104,-71.1235068,"María Pinto, Santiago Metropolitan Region, Chile",google
METROPOLITANA DE SANTIAGO,MELIPILLA,MELIPILLA,CENTRO EDUCACIONAL MENESIANO,-33.7921525,-71.247588,"Centro Educacional Menesiano, El Dibujo 1, El Dibujo, Melipilla, Provincia de Melipilla, Región Metropolitana de Santiago, Chile",nominatim
METROPOLITANA DE SANTIAGO,MELIPILLA,MELIPILLA,COLEGIO ALONSO DE ERCILLA,-33.6872288,-71.2233001,"Pasaje Libertad 1150, Melipilla, Región Metropolitana, Chile",google
METROPOLITANA DE SANTIAGO,MELIPILLA,MELIPILLA,COLEGIO MELIPILLA,-33.7066875,-71.2191669,"Colegio Las Acacias de Melipilla, 2141, Vista Hermosa, Melipilla, Provincia de Melipilla, Región Metropolitana de Santiago, 9580000, Chile",nominatim
METROPOLITANA DE SANTIAGO,MELIPILLA,MELIPILLA,COLEGIO MONSEÑOR JAIME LARRAIN BUNSTER,-33.6993242,-71.2183458,"Colegio Monseñor Jaime Larraín Bunster, Pardo, Melipilla, Provincia de Melipilla, Región Metropolitana de Santiago, 9580000, Chile",nominatim
METROPOLITANA DE SANTIAGO,MELIPILLA,MELIPILLA,COLEGIO NUESTRA SEÑORA DE LA PRESENTACION,-33.6849374,-71.2104809,"Vargas 290, Ntra. Sra. de la Presentación, Melipilla, Región Metropolitana, Chile",google
METROPOLITANA DE SANTIAGO,MELIPILLA,MELIPILLA,COLEGIO POMAIRE,-33.6504949,-71.1502414,"Colegio Pomaire E-694, Julita Vera, Pomaire, Melipilla, Provincia de Melipilla, Región Metropolitana de Santiago, Chile",nominatim
METROPOLITANA DE SANTIAGO,MELIPILLA,MELIPILLA,COLEGIO SAN AGUSTIN COMERCIAL,-33.6895159,-71.2106665,"San Miguel 250, Colegio San Agustín Comercial, Melipilla, Región Metropolitana, Chile",google
METROPOLITANA DE SANTIAGO,MELIPILLA,MELIPILLA,COLEGIO SAN MANUEL,-33.6839681,-71.2220115,"Colegio San Manuel, 390, Policarpo Toro, Población Los Canelos, Melipilla, Provincia de Melipilla, Región Metropolitana de Santiago, 9580887, Chile",nominatim
METROPOLITANA DE SANTIAGO,MELIPILLA,MELIPILLA,ESCUELA NUESTRA SEÑORA Y MADRE DEL CARMEN,-33.681184,-71.2306399,"Merced 1772, Melipilla, Región Metropolitana, Chile",google
METROPOLITANA DE SANTIAGO,MELIPILLA,MELIPILLA,ESCUELA PEDRO MARIN ALEMANY,-33.7663157,-71.2699475,"Colegio Pedro Marín Alemany, Camino Fundo San Manuel, Los Plátanos Norte, Melipilla, Provincia de Melipilla, Región Metropolitana de Santiago, Chile",nominatim
METROPOLITANA DE SANTIAGO,MELIPILLA,MELIPILLA,ESCUELA REPUBLICA DEL BRASIL,-33.6831873,-71.2234926,"Melipilla, Santiago Metropolitan Region, Chile",google
METROPOLITANA DE SANTIAGO,MELIPILLA,MELIPILLA,ESCUELA SANTA ROSA ESMERALDA,-33.6640596,-71.2745905,"Escuela Santa Rosa Esmeralda, Ruta G-78, Esmeralda, Santa Rosa, Melipilla, Provincia de Melipilla, Región Metropolitana de Santiago, Chile",nominatim
METROPOLITANA DE SANTIAGO,MELIPILLA,MELIPILLA,LICEO EL BOLLENAR L1,-33.5686852,-71.2113146,"G-380 378, Melipilla, Región Metropolitana, Chile",google
METROPOLITANA DE SANTIAGO,MELIPILLA,MELIPILLA,LICEO EL BOLLENAR L2,-33.5686852,-71.2113146,"G-380 378, Melipilla, Región Metropolitana, Chile",google
METROPOLITANA DE SANTIAGO,MELIPILLA,MELIPILLA,LICEO GABRIELA MISTRAL DE MELIPILLA,-33.6824304,-71.2133499,"Liceo Gabriela Mistral, 121, Serrano, Las Margaritas, Melipilla, Provincia de Melipilla, Región Metropolitana de Santiago, 9580887, Chile",nominatim
METROPOLITANA DE SANTIAGO,MELIPILLA,MELIPILLA,LICEO HERMANOS SOTOMAYOR BAEZA L1,-33.6839843,-71.2182045,"Pardo, Melipilla, Región Metropolitana, Chile",google
METROPOLITANA DE SANTIAGO,MELIPILLA,MELIPILLA,LICEO HERMANOS SOTOMAYOR BAEZA L2,-33.6839843,-71.2182045,"Pardo, Melipilla, Región Metropolitana, Chile",google
METROPOLITANA DE SANTIAGO,MELIPILLA,MELIPILLA,LICEO POLITECNICO MELIPILLA L1,-33.6810067,-71.2003855,"0383 - Av. Vicuña Mackenna, 9580518 Melipilla, Región Metropolitana, Chile",google
METROPOLITANA DE SANTIAGO,MELIPILLA,MELIPILLA,LICEO POLITECNICO MELIPILLA L2,-33.6810067,-71.2003855,"0383 - Av. Vicuña Mackenna, 9580518 Melipilla, Región Metropolitana, Chile",google
METROPOLITANA DE SANTIAGO,MELIPILLA,SAN PEDRO,ESCUELA ENRIQUE REYMOND ALDUNATE,-33.9181712,-71.4601395,"Cam. A Rapel, San Pedro, Región Metropolitana, Chile",google
METROPOLITANA DE SANTIAGO,MELIPILLA,SAN PEDRO,LICEO SAN PEDRO,-33.8940192,-71.4544246,"Liceo San Pedro, Avenida Hermosilla, Las Arenas, San Pedro, Provincia de Melipilla, Región Metropolitana de Santiago, Chile",nominatim
METROPOLITANA DE SANTIAGO,SANTIAGO,CERRILLOS,COLEGIO BICENTENARIO POLITECNICO ALEMAN ALBERT EINSTEIN,-33.4973052,-70.7191665,"Lo Errazuriz 800, 9200195 Cerrillos, Región Metropolitana, Chile",google
METROPOLITANA DE SANTIAGO,SANTIAGO,CERRILLOS,COLEGIO LOS CONQUISTADORES,-33.508949,-70.7261309,"Colegio Los Conquistadores, 215, San José, Villa Zaror, Cerrillos, Provincia de Santiago, Región Metropolitana de Santiago, 9222145, Chile",nominatim
METROPOLITANA DE SANTIAGO,SANTIAGO,CERRILLOS,COLEGIO MATER DEI,-33.5010237,-70.7119296,"Colegio Particular Mater Dei, 186, Avenida Lo Errázuriz, Cerrillos, Provincia de Santiago, Región Metropolitana de Santiago, 9222145, Chile",nominatim
METROPOLITANA DE SANTIAGO,SANTIAGO,CERRILLOS,COLEGIO SAINT MAURICES,-33.5023697,-70.7283101,"El Mirador 1543, 9200517 Cerrillos, Región Metropolitana, Chile",google
METROPOLITANA DE SANTIAGO,SANTIAGO,CERRILLOS,COLEGIO SAN JOSE DE CERRILLOS,-33.501312,-70.717389,"Colegio San José de Cerrillos, 7357, Don Orione, Barrio Apóstoles, Cerrillos, Provincia de Santiago, Región Metropolitana de Santiago, 9222145, Chile",nominatim
METROPOLITANA DE SANTIAGO,SANTIAGO,CERRILLOS,ESCUELA CAMPOS DE MAIPU - CERRILLOS,-33.4987875,-70.7236965,"Arturo Prat Nª 7307, Cerrillos, 9200218 Cerrillos, Región Metropolitana, Chile",google
METROPOLITANA DE SANTIAGO,SANTIAGO,CERRILLOS,ESCUELA CERRILLOS,-33.4942858,-70.7104418,"Escuela Cerrillos, 570, Avenida Los Cerrillos, Villa Aeropuerto Cerrillos, Cerrillos, Provincia de Santiago, Región Metropolitana de Santiago, 9222145, Chile",nominatim
METROPOLITANA DE SANTIAGO,SANTIAGO,CERRILLOS,ESCUELA CONDORES DE PLATA,-33.4932091,-70.7186168,"Escuela Básica Cóndores de Plata, 925, Salomón Sack, Villa Aeropuerto Cerrillos, Cerrillos, Provincia de Santiago, Región Metropolitana de Santiago, 9222145, Chile",nominatim
METROPOLITANA DE SANTIAGO,SANTIAGO,CERRILLOS,ESCUELA EJERCITO LIBERTADOR DE CERRILLOS,-33.4890195,-70.7227236,"Escuela Ejército Libertador de Cerrillos, 6902, Rosa Ester Rodríguez, Población Oreste Plath, Cerrillos, Provincia de Santiago, Región Metropolitana de Santiago, 9240242, Chile",nominatim
METROPOLITANA DE SANTIAGO,SANTIAGO,CERRILLOS,ESCUELA ESTRELLA REINA DE CHILE,-33.4996456,-70.7250058,"Escuela Estrella Reina De Chile, 1151, 14 de Octubre, Villa Desco, Cerrillos, Provincia de Santiago, Región Metropolitana de Santiago, 9240242, Chile",nominatim
METROPOLITANA DE SANTIAGO,SANTIAGO,CERRILLOS,ESCUELA JOSE JOAQUIN PRIETO VIAL,-33.509522,-70.73774569999999,"Golfo de México 361, 9201110 Cerrillos, Región Metropolitana, Chile",google
METROPOLITANA DE SANTIAGO,SANTIAGO,CERRILLOS,ESCUELA PEDRO AGUIRRE CERDA,-33.4816806,-70.6933915,"Escuela Basica Pedro Aguirre Cerda, 669, Buzeta, Pedro Aguirre Cerda, Cerrillos, Provincia de Santiago, Región Metropolitana de Santiago, 9210007, Chile",nominatim
METROPOLITANA DE SANTIAGO,SANTIAGO,CERRILLOS,GIMNASIO MUNICIPAL DE CERRILLOS,-33.5051033,-70.728561,"Gimnasio Municipal de Cerrillos José Luis Infante Larrain, Avenida Américo Vespucio, Población Raúl Mazzone, Cerrillos, Provincia de Santiago, Región Metropolitana de Santiago, 9240242, Chile",nominatim
METROPOLITANA DE SANTIAGO,SANTIAGO,CERRO NAVIA,COLEGIO ENRIQUE ALVEAR DE CERRO NAVIA,-33.4169859,-70.7373685,"Colegio Enrique Alvear de Cerro Navia, 1685, Lago Tanganica, Villa Santa Victoria Norte, Cerro Navia, Provincia de Santiago, Región Metropolitana de Santiago, 9100277, Chile",nominatim
METROPOLITANA DE SANTIAGO,SANTIAGO,CERRO NAVIA,COMPLEJO EDUCACIONAL CERRO NAVIA,-33.4146997,-70.7250355,"Complejo Educacional Cerro Navia, 6760, Avenida Costanera Sur, Villa Sara Gajardo, Cerro Navia, Provincia de Santiago, Región Metropolitana de Santiago, 9100277, Chile",nominatim
METROPOLITANA DE SANTIAGO,SANTIAGO,CERRO NAVIA,ESCUELA CIUDAD SANTO DOMINGO DE GUZMAN,-33.4306911,-70.7298634,"Escuela Ciudad Santo Domingo De Guzmán, 6880, Ñancu, Población Roosevelt, Cerro Navia, Provincia de Santiago, Región Metropolitana de Santiago, 9010290, Chile",nominatim
METROPOLITANA DE SANTIAGO,SANTIAGO,CERRO NAVIA,ESCUELA DOCTOR TREVISO GIRARDI TONELLI,-33.420406,-70.7289304,"Escuela Doctor Treviso Girardi Tonelli, 1964, Clorinda Silva, Población Intendente Saavedra, Cerro Navia, Provincia de Santiago, Región Metropolitana de Santiago, 9100277, Chile",nominatim
METROPOLITANA DE SANTIAGO,SANTIAGO,CERRO NAVIA,ESCUELA ESPECIAL SARGENTO CANDELARIA,-33.4149115,-70.7627587,"Escuela Especial Sargento Candelaria Ane, 8550, La Capilla, Poblacion Alianza, Cerro Navia, Provincia de Santiago, Región Metropolitana de Santiago, 8661521, Chile",nominatim
METROPOLITANA DE SANTIAGO,SANTIAGO,CERRO NAVIA,ESCUELA FEDERICO ACEVEDO SALAZAR,-33.4208417,-70.754618,"Escuela Básica Federico Acevedo Salazar, 1601, Avenida Diagonal Reny, Población El Montijo, Cerro Navia, Provincia de Santiago, Región Metropolitana de Santiago, 9090184, Chile",nominatim
METROPOLITANA DE SANTIAGO,SANTIAGO,CERRO NAVIA,ESCUELA GENERAL RENE ESCAURIAZA,-33.4255211,-70.7489151,"Escuela General René Escauriaza, 1654, Sargento Candelaria, Villa Huelén, Cerro Navia, Provincia de Santiago, Región Metropolitana de Santiago, 9020078, Chile",nominatim
METROPOLITANA DE SANTIAGO,SANTIAGO,CERRO NAVIA,ESCUELA HERMINDA DE LA VICTORIA,-33.4244634,-70.7376746,"Escuela Herminda de la Victoria, 1530, Presidente Gálvez, Villa 4 de Septiembre, Cerro Navia, Provincia de Santiago, Región Metropolitana de Santiago, 9010290, Chile",nominatim
METROPOLITANA DE SANTIAGO,SANTIAGO,CERRO NAVIA,ESCUELA MILLAHUE,-33.4190744,-70.7439503,"Escuela Millahue, 7615, Luis Lazzarini, Villa Huelén, Cerro Navia, Provincia de Santiago, Región Metropolitana de Santiago, 9090184, Chile",nominatim
METROPOLITANA DE SANTIAGO,SANTIAGO,CERRO NAVIA,ESCUELA PAULO FREIRE,-33.4174321,-70.7246888,"Colegio Básica Paulo Freire;Escuela Básica Paulo Freire, 6635, Avenida 3 de Julio, Población Intendente Saavedra, Cerro Navia, Provincia de Santiago, Región Metropolitana de Santiago, 9100277, Chile",nominatim
METROPOLITANA DE SANTIAGO,SANTIAGO,CERRO NAVIA,ESCUELA PRESIDENTE ROOSEVELT,-33.4340101,-70.7382887,"Escuela Presidente Roosevelt, 1180, Estados Unidos, Población Roosevelt, Cerro Navia, Provincia de Santiago, Región Metropolitana de Santiago, 9010290, Chile",nominatim
METROPOLITANA DE SANTIAGO,SANTIAGO,CERRO NAVIA,ESCUELA PROFESOR MANUEL GUERRERO CEBALLOS,-33.4138636,-70.7529133,"Escuela Profesor Manuel Guerrero Ceballos, 8090, Avenida Costanera Sur, Villa Nueva California, Cerro Navia, Provincia de Santiago, Región Metropolitana de Santiago, 9090184, Chile",nominatim
METROPOLITANA DE SANTIAGO,SANTIAGO,CERRO NAVIA,ESCUELA PROVINCIA DE ARAUCO,-33.4234822,-70.7200309,"Escuela Provincia De Arauco, 1818, Cerro Navia, Villa Sara Gajardo, Cerro Navia, Provincia de Santiago, Región Metropolitana de Santiago, 8500445, Chile",nominatim
METROPOLITANA DE SANTIAGO,SANTIAGO,CERRO NAVIA,ESCUELA REPUBLICA DE CROACIA,-33.4342287,-70.7298819,"Escuela República de Croacia, 1185, Cardenal Raúl Silva Henríquez, Población Roosevelt, Cerro Navia, Provincia de Santiago, Región Metropolitana de Santiago, 8980000, Chile",nominatim
METROPOLITANA DE SANTIAGO,SANTIAGO,CERRO NAVIA,ESCUELA REPUBLICA DE ITALIA,-33.4263955,-70.7343463,"Escuela República de Italia, 1469, Amalfi, Población Roosevelt, Cerro Navia, Provincia de Santiago, Región Metropolitana de Santiago, 9010290, Chile",nominatim
METROPOLITANA DE SANTIAGO,SANTIAGO,CERRO NAVIA,ESCUELA SARGENTO CANDELARIA,-33.4251938,-70.7417128,"Escuela Sargento Candelaria, 7521, Sargento Candelaria, Villa Huelén, Cerro Navia, Provincia de Santiago, Región Metropolitana de Santiago, 9010290, Chile",nominatim
METROPOLITANA DE SANTIAGO,SANTIAGO,CERRO NAVIA,GIMNASIO MUNICIPAL,-33.4212524,-70.7530195,"GImnasio Municipal Cerro Navia, Avenida Mapocho Norte, Población El Montijo, Cerro Navia, Provincia de Santiago, Región Metropolitana de Santiago, 9090184, Chile",nominatim
METROPOLITANA DE SANTIAGO,SANTIAGO,CERRO NAVIA,LICEO LOS HEROES DE LA CONCEPCION,-33.4191513,-70.7522915,"Av. La Estrella 1633, 9090789 Cerro Navia, Región Metropolitana, Chile",google
METROPOLITANA DE SANTIAGO,SANTIAGO,CONCHALI,CENTRO POLITECNICO PARTICULAR CONCHALI,-33.3818362,-70.66181449999999,"8561336 Santiago, Conchali, Santiago Metropolitan Region, Chile",google
METROPOLITANA DE SANTIAGO,SANTIAGO,CONCHALI,COLEGIO CRISTOBAL COLON,-33.3754224,-70.6800602,"Berna 1658, 8560654 Conchalí, Región Metropolitana, Chile",google
METROPOLITANA DE SANTIAGO,SANTIAGO,CONCHALI,COLEGIO LIBERTADOR SAN MARTIN,-33.3910899,-70.6745152,"Av. Independencia 4009, Conchalí, Región Metropolitana, Chile",google
METROPOLITANA DE SANTIAGO,SANTIAGO,CONCHALI,ESCUELA ADVENTISTA SANTIAGO NORTE,-33.3714168,-70.6910007,"8550089 Santiago, Conchali, Santiago Metropolitan Region, Chile",google
METROPOLITANA DE SANTIAGO,SANTIAGO,CONCHALI,ESCUELA ARAUCARIAS DE CHILE,-33.3797452,-70.66049180000002,"8561065 Santiago, Conchali, Santiago Metropolitan Region, Chile",google
METROPOLITANA DE SANTIAGO,SANTIAGO,CONCHALI,ESCUELA AVIADOR DAGOBERTO GODOY,-33.3787182,-70.6723124,"Av. Pedro Fontova 5298, 8560993 Conchalí, Región Metropolitana, Chile",google
METROPOLITANA DE SANTIAGO,SANTIAGO,CONCHALI,ESCUELA CAMILO HENRIQUEZ,-33.3888175,-70.6784894,"Parral 2154, Conchalí, Región Metropolitana, Chile",google
METROPOLITANA DE SANTIAGO,SANTIAGO,CONCHALI,ESCUELA D-114 GENERAL BERNALES,-33.3847596,-70.68007759999999,"Conchalí, Conchali, Santiago Metropolitan Region, Chile",google
METROPOLITANA DE SANTIAGO,SANTIAGO,CONCHALI,ESCUELA EL CARMEN,-33.3839562,-70.6781558,"Diego Silva Henríquez 1703, 8561444 Conchalí, Región Metropolitana, Chile",google
METROPOLITANA DE SANTIAGO,SANTIAGO,CONCHALI,ESCUELA HORACIO JOHNSON GANA,-33.3762386,-70.6672463,"Del Granito 1249, Conchalí, Región Metropolitana, Chile",google
METROPOLITANA DE SANTIAGO,SANTIAGO,CONCHALI,ESCUELA PATROCINIO EL SEMBRADOR N 2,-33.3966155,-70.6725314,"Negrete 1915, 8551160 Conchalí, Región Metropolitana, Chile",google
METROPOLITANA DE SANTIAGO,SANTIAGO,CONCHALI,ESCUELA PEDRO AGUIRRE CERDA,-33.3941459,-70.6829868,"El Olivo 2561, 8551132 Conchalí, Región Metropolitana, Chile",google
METROPOLITANA DE SANTIAGO,SANTIAGO,CONCHALI,ESCUELA SAN DIEGO,-33.3844102,-70.679695,"Diego Silva Henríquez 1791, Serv Rdsi, 8561440 Conchalí, Región Metropolitana, Chile",google
METROPOLITANA DE SANTIAGO,SANTIAGO,CONCHALI,ESCUELA SOL NACIENTE,-33.3868063,-70.66185570000002,"Gral. Gambino 3890, 8541231 Conchalí, Región Metropolitana, Chile",google
METROPOLITANA DE SANTIAGO,SANTIAGO,CONCHALI,ESCUELA THE LITTLE SCHOOL,-33.3856473,-70.6807568,"Campanario 2160, 8550723 Conchalí, Región Metropolitana, Chile",google
METROPOLITANA DE SANTIAGO,SANTIAGO,CONCHALI,ESCUELA VALLE DEL INCA,-33.3894026,-70.6664423,"Alberto González 3760, 8540480 Conchalí, Región Metropolitana, Chile",google
METROPOLITANA DE SANTIAGO,SANTIAGO,CONCHALI,LICEO ABDON CIFUENTES,-33.3963311,-70.6630836,"Av. Dorsal 1387, 8540830 Conchalí, Región Metropolitana, Chile",google
METROPOLITANA DE SANTIAGO,SANTIAGO,CONCHALI,LICEO ALBERTO BLEST GANA,-33.3994522,-70.6683044,"Av. Independencia 2998, 8551271 Conchalí, Independencia, Región Metropolitana, Chile",google
METROPOLITANA DE SANTIAGO,SANTIAGO,CONCHALI,LICEO ALMIRANTE GALVARINO RIVEROS,-33.4574792,-70.6882803,"Almte. Galvarino Riveros, Estación Central, Región Metropolitana, Chile",google
METROPOLITANA DE SANTIAGO,SANTIAGO,CONCHALI,LICEO POETA FEDERICO GARCIA LORCA,-33.3695895,-70.6913064,"Julio Montt Salamanca 5999, 8550089 Conchalí, Región Metropolitana, Chile",google
METROPOLITANA DE SANTIAGO,SANTIAGO,EL BOSQUE,CENTRO CIVICO EL BOSQUE,-33.5572214,-70.6631394,"Centro Cívico Cultural El Bosque, 10264, Eleuterio Ramírez, Villa Ministro Bonilla, El Bosque, Provincia de Santiago, Región Metropolitana de Santiago, 8010000, Chile",nominatim
METROPOLITANA DE SANTIAGO,SANTIAGO,EL BOSQUE,COLEGIO BATALLA DE LA CONCEPCION,-33.580871,-70.6686853,"Colegio Batalla de la Concepción, Vecinal Sur, Villa María Luisa Bombal, El Bosque, Provincia de Santiago, Región Metropolitana de Santiago, 8010000, Chile",nominatim
METROPOLITANA DE SANTIAGO,SANTIAGO,EL BOSQUE,COMPLEJO EDUCACIONAL FELIPE HERRERA LANE,-33.5600164,-70.6663052,"Complejo Educacional Felipe Herrera Lane, 866, Los Cuervos, Villa Cisterna, El Bosque, Provincia de Santiago, Región Metropolitana de Santiago, 8010000, Chile",nominatim
METROPOLITANA DE SANTIAGO,SANTIAGO,EL BOSQUE,COMPLEJO EDUCACIONAL LAS ACACIAS,-33.5686438,-70.6703121,"Complejo Educacional Particular Las Acacias, 11475, Las Esmeraldas, Población 21 de Marzo, El Bosque, Provincia de Santiago, Región Metropolitana de Santiago, 8010000, Chile",nominatim
METROPOLITANA DE SANTIAGO,SANTIAGO,EL BOSQUE,DENVER COLORADO SCHOOL,-33.5750551,-70.6891014,"Centro Educacional Denver Colorado School, 59, Lo Moreno, Villa Habitacoop, El Bosque, Provincia de Santiago, Región Metropolitana de Santiago, 8012117, Chile",nominatim
METROPOLITANA DE SANTIAGO,SANTIAGO,EL BOSQUE,ESCUELA AVIADORES,-33.5501374,-70.6642463,"Escuela Básica Aviadores, 9820, Baquedano, Villa Schneider, El Bosque, Provincia de Santiago, Región Metropolitana de Santiago, 8000146, Chile",nominatim
METROPOLITANA DE SANTIAGO,SANTIAGO,EL BOSQUE,ESCUELA BASE EL BOSQUE,-33.562402,-70.67496,"Escuela Básica Base El Bosque, 11600, Mariano Latorre, Población Luis Cruz Martínez, El Bosque, Provincia de Santiago, Región Metropolitana de Santiago, 8012117, Chile",nominatim
METROPOLITANA DE SANTIAGO,SANTIAGO,EL BOSQUE,ESCUELA CIUDAD DE LYON,-33.5560648,-70.6567165,"Escuela Ciudad de Lyon, 10122, Almirante Riveros, Población Eduardo Frei Montalva, El Bosque, Provincia de Santiago, Región Metropolitana de Santiago, 8010000, Chile",nominatim
METROPOLITANA DE SANTIAGO,SANTIAGO,EL BOSQUE,ESCUELA CLAUDIO ARRAU LEON,-33.5714126,-70.6807424,"Escuela Claudio Arrau León, 530, Los Carolinos, Villa Los Carolinos, El Bosque, Provincia de Santiago, Región Metropolitana de Santiago, 8012117, Chile",nominatim
METROPOLITANA DE SANTIAGO,SANTIAGO,EL BOSQUE,ESCUELA CLUB HIPICO,-33.5800636,-70.6786368,"Escuela Básica Club Hípico, 13179, Martín de Solís, Villa Renacimiento, El Bosque, Provincia de Santiago, Región Metropolitana de Santiago, 8012117, Chile",nominatim
METROPOLITANA DE SANTIAGO,SANTIAGO,EL BOSQUE,ESCUELA GENERAL ALBERTO BACHELET MARTINEZ,-33.5662423,-70.6811977,"Albeniz 12021, El Bosque, Región Metropolitana, Chile",google
METROPOLITANA DE SANTIAGO,SANTIAGO,EL BOSQUE,ESCUELA JOSE MARTI,-33.5416941,-70.6838225,"Escuela Básica José Marti, 1080, 18 de Septiembre, Villa 4 de Septiembre, El Bosque, Provincia de Santiago, Región Metropolitana de Santiago, 7970000, Chile",nominatim
METROPOLITANA DE SANTIAGO,SANTIAGO,EL BOSQUE,ESCUELA MARCIAL MARTINEZ FERRARI,-33.5710245,-70.6867491,"Escuela Marcial Martinez De Ferrari, 12552, Gran Avenida José Miguel Carrera, Villa Los Carolinos, El Bosque, Provincia de Santiago, Región Metropolitana de Santiago, 8012117, Chile",nominatim
METROPOLITANA DE SANTIAGO,SANTIAGO,EL BOSQUE,ESCUELA MARIO ARCE GATICA,-33.5626841,-70.6643807,"Escuela Básica Mario Arce Gatica, 10958, Los Avellanos, Población Los Sauces, El Bosque, Provincia de Santiago, Región Metropolitana de Santiago, 8010000, Chile",nominatim
METROPOLITANA DE SANTIAGO,SANTIAGO,EL BOSQUE,ESCUELA NEMESIO ANTUNEZ L1,-33.57104460000001,-70.6631147,"Calle - El Libertador 1001, 8031542 El Bosque, San Bernardo, Región Metropolitana, Chile",google
METROPOLITANA DE SANTIAGO,SANTIAGO,EL BOSQUE,ESCUELA NEMESIO ANTUNEZ L2,-33.57104460000001,-70.6631147,"Calle - El Libertador 1001, 8031542 El Bosque, San Bernardo, Región Metropolitana, Chile",google
METROPOLITANA DE SANTIAGO,SANTIAGO,EL BOSQUE,ESCUELA ORLANDO LETELIER,-33.5518209,-70.6877936,"Escuela Orlando Letelier, 1214, El Pillán, Población  Santa Laura, El Bosque, Provincia de Santiago, Región Metropolitana de Santiago, 8012117, Chile",nominatim
METROPOLITANA DE SANTIAGO,SANTIAGO,EL BOSQUE,ESCUELA PAUL HARRIS,-33.5675743,-70.6591177,"Escuela Básica Paul Harris El Bosque, 11208, Las Perlas, Villa El Bosque, El Bosque, Provincia de Santiago, Región Metropolitana de Santiago, 8010000, Chile",nominatim
METROPOLITANA DE SANTIAGO,SANTIAGO,EL BOSQUE,ESCUELA VILLA SANTA ELENA,-33.5649191,-70.6672108,"Escuela Básica Villa Santa Elena, 11169, Pasaje Los Platinos, Población Santa Elena, El Bosque, Provincia de Santiago, Región Metropolitana de Santiago, 8010000, Chile",nominatim
METROPOLITANA DE SANTIAGO,SANTIAGO,EL BOSQUE,LICEO CHRISTA MC AULIFFE L1,-33.54903480000001,-70.6705331,"Gran Av. José Miguel Carrera 9730, 8030024 El Bosque, Región Metropolitana, Chile",google
METROPOLITANA DE SANTIAGO,SANTIAGO,EL BOSQUE,LICEO CHRISTA MC AULIFFE L2,-33.54903480000001,-70.6705331,"Gran Av. José Miguel Carrera 9730, 8030024 El Bosque, Región Metropolitana, Chile",google
METROPOLITANA DE SANTIAGO,SANTIAGO,EL BOSQUE,LICEO JUAN GOMEZ MILLAS,-33.5490944,-70.6727943,"Liceo Juan Gómez Millas, 9740, Gran Avenida José Miguel Carrera, Villa Las Rosas, Villa Primavera, El Bosque, Provincia de Santiago, Región Metropolitana de Santiago, 8012117, Chile",nominatim
METROPOLITANA DE SANTIAGO,SANTIAGO,EL BOSQUE,LICEO NUESTRA SEÑORA MARIA INMACULADA,-33.5521975,-70.6748507,"Luis Barros Borgoño 92, El Bosque, Región Metropolitana, Chile",google
METROPOLITANA DE SANTIAGO,SANTIAGO,ESTACION CENTRAL,COLEGIO ASCENSION NICOL,-33.4687072,-70.6988427,"Juana Weber de Amunátegui 4601, 9180186 Santiago, Estación Central, Región Metropolitana, Chile",google
METROPOLITANA DE SANTIAGO,SANTIAGO,ESTACION CENTRAL,COLEGIO ECHAURREN,-33.4751266,-70.71639379999999,"Luis Infante Cerda 5484, 9180714 Estación Central, Región Metropolitana, Chile",google
METROPOLITANA DE SANTIAGO,SANTIAGO,ESTACION CENTRAL,COLEGIO HERNANDO DE MAGALLANES,-33.4692143,-70.712486,"La Portada 5635, 9180307 Santiago, Estación Central, Región Metropolitana, Chile",google
METROPOLITANA DE SANTIAGO,SANTIAGO,ESTACION CENTRAL,COLEGIO PIAMARTA,-33.4700098,-70.7236278,"Estación Central, Santiago Metropolitan Region, Chile",google
METROPOLITANA DE SANTIAGO,SANTIAGO,ESTACION CENTRAL,COLEGIO POLIVALENTE PRINCIPE DE GALES,-33.4494597,-70.695131,"San Gumercindo 254, Paraguay 4317, 9170105 Santiago, Región Metropolitana, Chile",google
METROPOLITANA DE SANTIAGO,SANTIAGO,ESTACION CENTRAL,ESCUELA ARNALDO FALABELLA,-33.4586518,-70.6921449,"Coronel Godoy 555, 9160234 Estación Central, Santiago, Región Metropolitana, Chile",google
METROPOLITANA DE SANTIAGO,SANTIAGO,ESTACION CENTRAL,ESCUELA ARTURO ALESSANDRI PALMA L1,-33.455893,-70.6984563,"Av. Alameda Libertador Bernardo O'Higgins 4558, 9190005 Estación Central, Región Metropolitana, Chile",google
METROPOLITANA DE SANTIAGO,SANTIAGO,ESTACION CENTRAL,ESCUELA ARTURO ALESSANDRI PALMA L2,-33.455893,-70.6984563,"Av. Alameda Libertador Bernardo O'Higgins 4558, 9190005 Estación Central, Región Metropolitana, Chile",google
METROPOLITANA DE SANTIAGO,SANTIAGO,ESTACION CENTRAL,ESCUELA CARLOS CONDELL DE LA HAZA,-33.4617363,-70.70056509999999,"Transit 661, Serv Rdsi - Transit 661, 9190801 Estación Central, Región Metropolitana, Chile",google
METROPOLITANA DE SANTIAGO,SANTIAGO,ESTACION CENTRAL,ESCUELA CAROLINA VERGARA AYARES D-276,-33.4741382,-70.7056503,"Butalcura 834, 9180985 Estación Central, Santiago, Región Metropolitana, Chile",google
METROPOLITANA DE SANTIAGO,SANTIAGO,ESTACION CENTRAL,ESCUELA ESTADO DE PALESTINA,-33.473537,-70.7016491,"Pje. Coyhaique 6215, Estación Central, Región Metropolitana, Chile",google
METROPOLITANA DE SANTIAGO,SANTIAGO,ESTACION CENTRAL,ESCUELA JOSE ANTONIO LECAROS,-33.4640505,-70.6988436,"El Carmelo 182, 9180019 Estación Central, Región Metropolitana, Chile",google
METROPOLITANA DE SANTIAGO,SANTIAGO,ESTACION CENTRAL,ESCUELA PACTO ANDINO L1,-33.4635235,-70.70949379999999,"Las Lilas 5810, 9190389 Estación Central, Santiago, Región Metropolitana, Chile",google
METROPOLITANA DE SANTIAGO,SANTIAGO,ESTACION CENTRAL,ESCUELA PACTO ANDINO L2,-33.4635235,-70.70949379999999,"Las Lilas 5810, 9190389 Estación Central, Santiago, Región Metropolitana, Chile",google
METROPOLITANA DE SANTIAGO,SANTIAGO,ESTACION CENTRAL,ESCUELA REPUBLICA DE AUSTRIA,-33.4752838,-70.69510199999999,"Luis Cruz Martínez 4431, 9161320 Estación Central, Región Metropolitana, Chile",google
METROPOLITANA DE SANTIAGO,SANTIAGO,ESTACION CENTRAL,ESCUELA UNION LATINOAMERICANA,-33.4634238,-70.69203569999999,"Sta. Teresa 1071, 9161113 Estación Central, Región Metropolitana, Chile",google
METROPOLITANA DE SANTIAGO,SANTIAGO,ESTACION CENTRAL,ESCUELA VICTOR JARA,-33.4508803,-70.685626,"Av. Víctor Jara, Estación Central, Región Metropolitana, Chile",google
METROPOLITANA DE SANTIAGO,SANTIAGO,ESTACION CENTRAL,LICEO COMERCIAL B-72,-33.4639362,-70.7021121,"Av. 5 de Abril 4936, P 00, 9180027 Estación Central, Región Metropolitana, Chile",google
METROPOLITANA DE SANTIAGO,SANTIAGO,ESTACION CENTRAL,LICEO ESTACION CENTRAL L1,-33.4563568,-70.69885099999999,"Purísima 58, 9190004 Estación Central, Región Metropolitana, Chile",google
METROPOLITANA DE SANTIAGO,SANTIAGO,ESTACION CENTRAL,LICEO ESTACION CENTRAL L2,-33.4563568,-70.69885099999999,"Purísima 58, 9190004 Estación Central, Región Metropolitana, Chile",google
METROPOLITANA DE SANTIAGO,SANTIAGO,ESTACION CENTRAL,LICEO MADRE VICENCIA,-33.4601581,-70.7090659,"Las Catalpas 099, 9190163 Santiago, Estación Central, Región Metropolitana, Chile",google
METROPOLITANA DE SANTIAGO,SANTIAGO,HUECHURABA,CENTRO EDUCACIONAL DE HUECHURABA L1,-33.3745222,-70.63432019999999,"Av. El Bosque de Santiago 491, Huechuraba, Región Metropolitana, Chile",google
METROPOLITANA DE SANTIAGO,SANTIAGO,HUECHURABA,CENTRO EDUCACIONAL DE HUECHURABA L2,-33.3745222,-70.63432019999999,"Av. El Bosque de Santiago 491, Huechuraba, Región Metropolitana, Chile",google
METROPOLITANA DE SANTIAGO,SANTIAGO,HUECHURABA,CENTRO EDUCACIONAL ERNESTO YAÑEZ RIVERA,-33.3595321,-70.6859434,"Centro Educacional Ernesto Yañez Rivera, 6664, Lasana, Villa Los Libertadores, Huechuraba, Santiago, Provincia de Santiago, Región Metropolitana de Santiago, 8710022, Chile",nominatim
METROPOLITANA DE SANTIAGO,SANTIAGO,HUECHURABA,COLEGIO GRACE COLLEGE L1,-33.3541734,-70.6773307,"Av. Sta. Marta de Huechuraba 7353, 8600058 Huechuraba, Región Metropolitana, Chile",google
METROPOLITANA DE SANTIAGO,SANTIAGO,HUECHURABA,COLEGIO GRACE COLLEGE L2,-33.3541734,-70.6773307,"Av. Sta. Marta de Huechuraba 7353, 8600058 Huechuraba, Región Metropolitana, Chile",google
METROPOLITANA DE SANTIAGO,SANTIAGO,HUECHURABA,COLEGIO SAN FRANCISCO JAVIER DE HUECHURABA L1,-33.351017,-70.6829463,"Los Cedros 7550, Huechuraba, Región Metropolitana, Chile",google
METROPOLITANA DE SANTIAGO,SANTIAGO,HUECHURABA,COLEGIO SAN FRANCISCO JAVIER DE HUECHURABA L2,-33.351017,-70.6829463,"Los Cedros 7550, Huechuraba, Región Metropolitana, Chile",google
METROPOLITANA DE SANTIAGO,SANTIAGO,HUECHURABA,COLEGIO SANTA TERESA DE JESUS DE LOS ANDES,-33.36369,-70.6313854,"Colegio Santa Teresa de Jesús de Los Andes, 6187, El Litre, La Pincoya, Huechuraba, Provincia de Santiago, Región Metropolitana de Santiago, 9362427, Chile",nominatim
METROPOLITANA DE SANTIAGO,SANTIAGO,HUECHURABA,ESCUELA ADELAIDA LA FETRA,-33.3666581,-70.6343847,"Escuela Adelaida La Fetra, 606, Los Cerezos, La Pincoya, Huechuraba, Provincia de Santiago, Región Metropolitana de Santiago, 9362427, Chile",nominatim
METROPOLITANA DE SANTIAGO,SANTIAGO,HUECHURABA,ESCUELA CARLOS PRATS GONZALEZ,-33.3679239,-70.6369278,"Escuela Básica Carlos Prats González, 5886, Guayalolén, La Pincoya, Huechuraba, Provincia de Santiago, Región Metropolitana de Santiago, 9362427, Chile",nominatim
METROPOLITANA DE SANTIAGO,SANTIAGO,HUECHURABA,ESCUELA JOSE ABELARDO NUÑEZ N°3,-33.3747558,-70.6403857,"Carlos Aguirre Luco 824, 8590734 Huechuraba, Región Metropolitana, Chile",google
METROPOLITANA DE SANTIAGO,SANTIAGO,HUECHURABA,ESCUELA LAS CANTERAS,-33.3761152,-70.6233602,"Escuela Las Canteras, 263, Las Petunias, Población El Barrero, Huechuraba, Provincia de Santiago, Región Metropolitana de Santiago, 8580670, Chile",nominatim
METROPOLITANA DE SANTIAGO,SANTIAGO,HUECHURABA,ESCUELA SANTA VICTORIA DE HUECHURABA,-33.3738295,-70.6422206,"Escuela Santa Victoria de Huechuraba, 989, Carlos Aguirre Luco, Población Santa Victoria, Huechuraba, Provincia de Santiago, Región Metropolitana de Santiago, 9362427, Chile",nominatim
METROPOLITANA DE SANTIAGO,SANTIAGO,HUECHURABA,ESCUELA SANTIAGO DE GUAYAQUIL,-33.3784876,-70.6434152,"Escuela Santiago De Guayaquil, 920, Juan XXIII, Población 28 de Octubre, Huechuraba, Provincia de Santiago, Región Metropolitana de Santiago, 9362427, Chile",nominatim
METROPOLITANA DE SANTIAGO,SANTIAGO,INDEPENDENCIA,COLEGIO ELENA BETTINI,-33.4021659,-70.6723994,"Colegio Elena Bettini, 2761, 3 de Diciembre, Barrio Reina María, Independencia, Provincia de Santiago, Región Metropolitana de Santiago, 8540000, Chile",nominatim
METROPOLITANA DE SANTIAGO,SANTIAGO,INDEPENDENCIA,ESCUELA CAMILO MORI,-33.4247,-70.6668557,"Escuela Básica Camilo Mori, 2064, Baldomero Flores, Población Manuel Montt, Independencia, Provincia de Santiago, Región Metropolitana de Santiago, 8380552, Chile",nominatim
METROPOLITANA DE SANTIAGO,SANTIAGO,INDEPENDENCIA,LICEO A-80 PRESIDENTE JOSE MANUEL BALMACEDA L1,-33.4309763,-70.6633453,"Av. Pdte. Balmaceda 80, Santiago, Región Metropolitana, Chile",google
METROPOLITANA DE SANTIAGO,SANTIAGO,INDEPENDENCIA,LICEO A-80 PRESIDENTE JOSE MANUEL BALMACEDA L2,-33.4309763,-70.6633453,"Av. Pdte. Balmaceda 80, Santiago, Región Metropolitana, Chile",google
METROPOLITANA DE SANTIAGO,SANTIAGO,INDEPENDENCIA,LICEO GABRIELA MISTRAL L1,-33.4159796,-70.6567979,"Av. Independencia 1225, 8380416 Santiago, Independencia, Región Metropolitana, Chile",google
METROPOLITANA DE SANTIAGO,SANTIAGO,INDEPENDENCIA,LICEO GABRIELA MISTRAL L2,-33.4159796,-70.6567979,"Av. Independencia 1225, 8380416 Santiago, Independencia, Región Metropolitana, Chile",google
METROPOLITANA DE SANTIAGO,SANTIAGO,INDEPENDENCIA,LICEO MIGUEL RAFAEL PRADO L1,-33.4214865,-70.66233079999999,"Gamero 2051, Independencia, Región Metropolitana, Chile",google
METROPOLITANA DE SANTIAGO,SANTIAGO,INDEPENDENCIA,LICEO MIGUEL RAFAEL PRADO L2,-33.4214865,-70.66233079999999,"Gamero 2051, Independencia, Región Metropolitana, Chile",google
METROPOLITANA DE SANTIAGO,SANTIAGO,INDEPENDENCIA,LICEO MULTIGENERO DOCTORA ELOISA DIAZ INZUNZA L1,-33.421898,-70.5629142,"Dra. Eloisa Díaz, Las Condes, Región Metropolitana, Chile",google
METROPOLITANA DE SANTIAGO,SANTIAGO,INDEPENDENCIA,LICEO MULTIGENERO DOCTORA ELOISA DIAZ INZUNZA L2,-33.421898,-70.5629142,"Dra. Eloisa Díaz, Las Condes, Región Metropolitana, Chile",google
METROPOLITANA DE SANTIAGO,SANTIAGO,INDEPENDENCIA,LICEO SAN FRANCISCO DE QUITO L1,-33.4106564,-70.6624178,"Huasco 1801, 8380241 Independencia, Región Metropolitana, Chile",google
METROPOLITANA DE SANTIAGO,SANTIAGO,INDEPENDENCIA,LICEO SAN FRANCISCO DE QUITO L2,-33.4106564,-70.6624178,"Huasco 1801, 8380241 Independencia, Región Metropolitana, Chile",google
METROPOLITANA DE SANTIAGO,SANTIAGO,INDEPENDENCIA,LICEO SANTA TERESITA,-33.4122677,-70.6744413,"Liceo Particular Santa Teresita, 1258, Namur, Barrio Villa Moderna, Independencia, Provincia de Santiago, Región Metropolitana de Santiago, 8390450, Chile",nominatim
METROPOLITANA DE SANTIAGO,SANTIAGO,LA CISTERNA,CENTRO COMUNITARIO SERGIO SILVA ACUÑA,-33.5334985,-70.6519995,"Paraguay 1052-1062, 7980568 La Cisterna, Región Metropolitana, Chile",google
METROPOLITANA DE SANTIAGO,SANTIAGO,LA CISTERNA,CENTRO DE EMPRENDIMIENTO,-33.527301,-70.6554098,"Av. El Parrón 548, La Cisterna, Región Metropolitana, Chile",google
METROPOLITANA DE SANTIAGO,SANTIAGO,LA CISTERNA,CENTRO EDUCACIONAL SANTA CLARA,-33.5208241,-70.6571172,"Centro Educacional Santa Clara, 236, General Freire, Lo Ovalle, La Cisterna, Santiago, Provincia de Santiago, Región Metropolitana de Santiago, 8320000, Chile",nominatim
METROPOLITANA DE SANTIAGO,SANTIAGO,LA CISTERNA,COLEGIO ANTU,-33.5407833,-70.6775906,"Colegio Antu, 0750, Trinidad Ramírez, Villa El Trébol, La Cisterna, Provincia de Santiago, Región Metropolitana de Santiago, 7970000, Chile",nominatim
METROPOLITANA DE SANTIAGO,SANTIAGO,LA CISTERNA,COLEGIO NACIONES UNIDAS,-33.5271174,-70.6738195,"Colegio Naciones Unidas, 0960, Isabel La Católica, Población Nueva España, La Cisterna, Santiago, Provincia de Santiago, Región Metropolitana de Santiago, 8320000, Chile",nominatim
METROPOLITANA DE SANTIAGO,SANTIAGO,LA CISTERNA,COLEGIO PALESTINO,-33.5267722,-70.6551935,"Colegio Palestino, 498, Avenida El Parrón, La Cisterna, Santiago, Provincia de Santiago, Región Metropolitana de Santiago, 8320000, Chile",nominatim
METROPOLITANA DE SANTIAGO,SANTIAGO,LA CISTERNA,ESCUELA OSCAR ENCALADA YOVANOVICH,-33.5348961,-70.6663827,"Escuela Básica Oscar Encalada Yovanovich, 184, Avenida Pedro Aguirre Cerda, Población Lo Biaut, La Cisterna, Santiago, Provincia de Santiago, Región Metropolitana de Santiago, 8320000, Chile",nominatim
METROPOLITANA DE SANTIAGO,SANTIAGO,LA CISTERNA,LICEO INDUSTRIAL RAMON BARROS LUCO L1,-33.5214027,-70.6583023,"Gral Freire 101, 7980135 La Cisterna, Región Metropolitana, Chile",google
METROPOLITANA DE SANTIAGO,SANTIAGO,LA CISTERNA,LICEO INDUSTRIAL RAMON BARROS LUCO L2,-33.5214027,-70.6583023,"Gral Freire 101, 7980135 La Cisterna, Región Metropolitana, Chile",google
METROPOLITANA DE SANTIAGO,SANTIAGO,LA CISTERNA,LICEO POLITECNICO CIENCIA Y TECNOLOGIA L1,-33.5413242,-70.6597489,"Av. Goycolea, 8000152 La Cisterna, Región Metropolitana, Chile",google
METROPOLITANA DE SANTIAGO,SANTIAGO,LA CISTERNA,LICEO POLITECNICO CIENCIA Y TECNOLOGIA L2,-33.5413242,-70.6597489,"Av. Goycolea, 8000152 La Cisterna, Región Metropolitana, Chile",google
METROPOLITANA DE SANTIAGO,SANTIAGO,LA CISTERNA,LICEO POLIVALENTE OLOF PALME,-33.5459536,-70.6580917,"Liceo Polivalente Olof Palme, 9370, Julio Covarrubias, Barrio Venecia, La Cisterna, Provincia de Santiago, Región Metropolitana de Santiago, 8000146, Chile",nominatim
METROPOLITANA DE SANTIAGO,SANTIAGO,LA CISTERNA,LICEO PORTAL DE LA CISTERNA,-33.5154002,-70.6563322,"Liceo Portal La Cisterna, 6305, Esmeralda, Población Rosembick, La Cisterna, Santiago, Provincia de Santiago, Región Metropolitana de Santiago, 7980008, Chile",nominatim
METROPOLITANA DE SANTIAGO,SANTIAGO,LA FLORIDA,CENTRO EDUCACIONAL LA FLORIDA,-33.5541802,-70.5890611,"Centro Educacional La Florida, 364, Avenida San José de La Estrella, San Jorge, La Florida, Provincia de Santiago, Región Metropolitana de Santiago, 8250736, Chile",nominatim
METROPOLITANA DE SANTIAGO,SANTIAGO,LA FLORIDA,COLEGIO ALCANTARA DE LA CORDILLERA L1,-33.5220629,-70.5860674,"Walker Martínez 1106, 8242122 La Florida, Región Metropolitana, Chile",google
METROPOLITANA DE SANTIAGO,SANTIAGO,LA FLORIDA,COLEGIO ALCANTARA DE LA CORDILLERA L2,-33.5220629,-70.5860674,"Walker Martínez 1106, 8242122 La Florida, Región Metropolitana, Chile",google
METROPOLITANA DE SANTIAGO,SANTIAGO,LA FLORIDA,COLEGIO ALICANTE DE LA FLORIDA L1,-33.5361859,-70.5558417,"Sta. Victoria 9421, 8290035 La Florida, Región Metropolitana, Chile",google
METROPOLITANA DE SANTIAGO,SANTIAGO,LA FLORIDA,COLEGIO ALICANTE DE LA FLORIDA L2,-33.5361859,-70.5558417,"Sta. Victoria 9421, 8290035 La Florida, Región Metropolitana, Chile",google
METROPOLITANA DE SANTIAGO,SANTIAGO,LA FLORIDA,COLEGIO ATENAS,-33.5215908,-70.5617009,"Colegio Atenas, 3288, Avenida Walker Martínez, Villa Santa Teresa, La Florida, Provincia de Santiago, Región Metropolitana de Santiago, 7931136, Chile",nominatim
METROPOLITANA DE SANTIAGO,SANTIAGO,LA FLORIDA,COLEGIO CAPITAN PASTENE,-33.5543778,-70.6046298,"Escuela Básica Capitán Pastene, 1396, Avenida San José de La Estrella, Villa Georgia, La Florida, Provincia de Santiago, Región Metropolitana de Santiago, 8250736, Chile",nominatim
METROPOLITANA DE SANTIAGO,SANTIAGO,LA FLORIDA,COLEGIO DIVINA PASTORA L1,-33.5457635,-70.5896904,"Av. Vicuña Mackenna 9651, 8250517 La Florida, Región Metropolitana, Chile",google
METROPOLITANA DE SANTIAGO,SANTIAGO,LA FLORIDA,COLEGIO DIVINA PASTORA L2,-33.5457635,-70.5896904,"Av. Vicuña Mackenna 9651, 8250517 La Florida, Región Metropolitana, Chile",google
METROPOLITANA DE SANTIAGO,SANTIAGO,LA FLORIDA,COLEGIO FAMILIA DE NAZARETH,-33.5473987,-70.6010595,"Colegio Familia de Nazareth, 954, Avenida Trinidad, Villa Los Peumos, La Florida, Provincia de Santiago, Región Metropolitana de Santiago, 8250736, Chile",nominatim
METROPOLITANA DE SANTIAGO,SANTIAGO,LA FLORIDA,COLEGIO LICARAYEN,-33.5474324,-70.5982893,"Colegio Licarayén, 810, Avenida Trinidad, Villa Los Peumos, La Florida, Provincia de Santiago, Región Metropolitana de Santiago, 8250736, Chile",nominatim
METROPOLITANA DE SANTIAGO,SANTIAGO,LA FLORIDA,COLEGIO MARIA ELENA,-33.5632144,-70.6036102,"Colegio María Elena, 1310, María Elena, El Rodeo, La Florida, Provincia de Santiago, Región Metropolitana de Santiago, 8301711, Chile",nominatim
METROPOLITANA DE SANTIAGO,SANTIAGO,LA FLORIDA,COLEGIO NEW LITTLE COLLEGE,-33.5338934,-70.5911233,"Gimnasio de colegio new little college, Estados Unidos, Villa Crisol, La Florida, Provincia de Santiago, Región Metropolitana de Santiago, 8240000, Chile",nominatim
METROPOLITANA DE SANTIAGO,SANTIAGO,LA FLORIDA,COLEGIO NOVA TERRA,-33.5606365,-70.5741272,"Colegio Nova Terra, 848, Avenida Diego Portales, Villa El Carmén, La Florida, Provincia de Santiago, Región Metropolitana de Santiago, 8220451, Chile",nominatim
METROPOLITANA DE SANTIAGO,SANTIAGO,LA FLORIDA,COLEGIO PATRONA SEÑORA DE LOURDES,-33.5204391,-70.56904229999999,"Alicahue 7370, 8270829 La Florida, Región Metropolitana, Chile",google
METROPOLITANA DE SANTIAGO,SANTIAGO,LA FLORIDA,COLEGIO PIERRE TEILHARD DE CHARDIN,-33.5312346,-70.5846225,"Alonso de Ercilla 8597, 8241901 La Florida, Región Metropolitana, Chile",google
METROPOLITANA DE SANTIAGO,SANTIAGO,LA FLORIDA,COLEGIO PORTALES,-33.5615762,-70.5746898,"Colegio Portales, 814, Avenida Diego Portales, Villa El Carmén, La Florida, Provincia de Santiago, Región Metropolitana de Santiago, 8220451, Chile",nominatim
METROPOLITANA DE SANTIAGO,SANTIAGO,LA FLORIDA,COLEGIO SAN CARLOS DE LA FLORIDA,-33.5481122,-70.6117501,"Escuela Básica San Carlos De La Florida, 1628, Calle Uno, Población Guillermo El Conquistador, La Florida, Provincia de Santiago, Región Metropolitana de Santiago, 8231472, Chile",nominatim
METROPOLITANA DE SANTIAGO,SANTIAGO,LA FLORIDA,COLEGIO SAN DAMIAN,-33.5388875,-70.5966654,"Colegio San Damián, 593, Doctor Sótero del Río, Villa Los Peumos, La Florida, Provincia de Santiago, Región Metropolitana de Santiago, 8240000, Chile",nominatim
METROPOLITANA DE SANTIAGO,SANTIAGO,LA FLORIDA,COLEGIO SAN FRANCISCO DE ASIS L1,-33.5580186,-70.59214539999999,"Gral Arriagada 510, Pte Altos, 8310335 La Florida, Santiago, Región Metropolitana, Chile",google
METROPOLITANA DE SANTIAGO,SANTIAGO,LA FLORIDA,COLEGIO SAN FRANCISCO DE ASIS L2,-33.5580186,-70.59214539999999,"Gral Arriagada 510, Pte Altos, 8310335 La Florida, Santiago, Región Metropolitana, Chile",google
METROPOLITANA DE SANTIAGO,SANTIAGO,LA FLORIDA,COLEGIO SANTA MARIA L1,-33.5129256,-70.609593,"Av. Vicuña Mackenna Poniente 6185, La Florida, Región Metropolitana, Chile",google
METROPOLITANA DE SANTIAGO,SANTIAGO,LA FLORIDA,COLEGIO SANTA MARIA L2,-33.5129256,-70.609593,"Av. Vicuña Mackenna Poniente 6185, La Florida, Región Metropolitana, Chile",google
METROPOLITANA DE SANTIAGO,SANTIAGO,LA FLORIDA,COLEGIO SANTA PATRICIA DE LA FLORIDA,-33.5672852,-70.5960414,"Colegio Santa Patricia De La Florida, 4280, Concordia, Villa María Elena, La Florida, Provincia de Santiago, Región Metropolitana de Santiago, 8301703, Chile",nominatim
METROPOLITANA DE SANTIAGO,SANTIAGO,LA FLORIDA,COLEGIO VICENTE VALDES,-33.5229628,-70.5974423,"Colegio Polivalente Vicente Valdés, 25, Avenida Walker Martínez, Bellavista de La Florida, La Florida, Provincia de Santiago, Región Metropolitana de Santiago, 8240494, Chile",nominatim
METROPOLITANA DE SANTIAGO,SANTIAGO,LA FLORIDA,COMPLEJO EDUCACIONAL CARDENAL ANTONIO SAMORE,-33.5179512,-70.5931136,"Complejo Educacional Cardenal Antonio Samoré, 6865, Yokohama, Villa Perú, La Florida, Provincia de Santiago, Región Metropolitana de Santiago, 8240494, Chile",nominatim
METROPOLITANA DE SANTIAGO,SANTIAGO,LA FLORIDA,ESCUELA BELEN O´HIGGINS,-33.5379265,-70.6053153,"Escuela Básica Belén O Higgins, 9154, Catemu, Villa O'Higgins, La Florida, Provincia de Santiago, Región Metropolitana de Santiago, 8231472, Chile",nominatim
METROPOLITANA DE SANTIAGO,SANTIAGO,LA FLORIDA,ESCUELA BELLAVISTA,-33.5131173,-70.5998743,"Colegio Bellavista, 1090, Froilán Lagos Sepúlveda, Villa Perú, La Florida, Provincia de Santiago, Región Metropolitana de Santiago, 8240494, Chile",nominatim
METROPOLITANA DE SANTIAGO,SANTIAGO,LA FLORIDA,ESCUELA LAS ARAUCARIAS,-33.5106318,-70.5858705,"Escuela Básica Las Araucarias, 5820, Calle A, Villa Los Copihues, La Florida, Provincia de Santiago, Región Metropolitana de Santiago, 8240494, Chile",nominatim
METROPOLITANA DE SANTIAGO,SANTIAGO,LA FLORIDA,ESCUELA LAS LILAS,-33.5615178,-70.5743471,"Escuela Las Lilas, 828, Avenida Diego Portales, Villa El Carmén, La Florida, Provincia de Santiago, Región Metropolitana de Santiago, 8220451, Chile",nominatim
METROPOLITANA DE SANTIAGO,SANTIAGO,LA FLORIDA,ESCUELA MARCELA PAZ,-33.5306387,-70.60796,"Escuela Marcela Paz, 8289, Aconcagua, Villa O'Higgins, La Florida, Santiago, Provincia de Santiago, Región Metropolitana de Santiago, 8320000, Chile",nominatim
METROPOLITANA DE SANTIAGO,SANTIAGO,LA FLORIDA,ESCUELA ROSARIO CONCHA,-33.5187735,-70.5848074,"Escuela Particular Rosario Concha, 6674, Real Alicante, Villa Los Copihues, La Florida, Provincia de Santiago, Región Metropolitana de Santiago, 8240494, Chile",nominatim
METROPOLITANA DE SANTIAGO,SANTIAGO,LA FLORIDA,ESCUELA SANTA IRENE,-33.5207309,-70.5661948,"Escuela Santa Irene, 3015, Diagonal Santa Irene, Santa María de la Flor, La Florida, Provincia de Santiago, Región Metropolitana de Santiago, 7931136, Chile",nominatim
METROPOLITANA DE SANTIAGO,SANTIAGO,LA FLORIDA,ESCUELA UNIDAD DIVINA L1,-33.537642,-70.60113799999999,"Lircay 9000, 8252001 La Florida, Región Metropolitana, Chile",google
METROPOLITANA DE SANTIAGO,SANTIAGO,LA FLORIDA,ESCUELA UNIDAD DIVINA L2,-33.537642,-70.60113799999999,"Lircay 9000, 8252001 La Florida, Región Metropolitana, Chile",google
METROPOLITANA DE SANTIAGO,SANTIAGO,LA FLORIDA,GIMNASIO MUNICIPAL,-33.5181728,-70.5875608,"Gimnasio Municipal de La Florida, 6698, Alonso de Ercilla, Villa Los Copihues, La Florida, Provincia de Santiago, Región Metropolitana de Santiago, 8240494, Chile",nominatim
METROPOLITANA DE SANTIAGO,SANTIAGO,LA FLORIDA,LICEO ALBERTO MAGNO LA FLORIDA,-33.5226882,-70.5987142,"La Florida, Santiago Metropolitan Region, Chile",google
METROPOLITANA DE SANTIAGO,SANTIAGO,LA FLORIDA,LICEO ALTO CORDILLERA DE LA FLORIDA L1,-33.5537753,-70.5766718,"Colombia 10570, 8300988 La Florida, Región Metropolitana, Chile",google
METROPOLITANA DE SANTIAGO,SANTIAGO,LA FLORIDA,LICEO ALTO CORDILLERA DE LA FLORIDA L2,-33.5537753,-70.5766718,"Colombia 10570, 8300988 La Florida, Región Metropolitana, Chile",google
METROPOLITANA DE SANTIAGO,SANTIAGO,LA FLORIDA,LICEO BENJAMIN VICUÑA MACKENNA L1,-33.5220006,-70.5821488,"Walker Martínez 1478, 8242125 La Florida, Región Metropolitana, Chile",google
METROPOLITANA DE SANTIAGO,SANTIAGO,LA FLORIDA,LICEO BENJAMIN VICUÑA MACKENNA L2,-33.5220006,-70.5821488,"Walker Martínez 1478, 8242125 La Florida, Región Metropolitana, Chile",google
METROPOLITANA DE SANTIAGO,SANTIAGO,LA FLORIDA,LICEO INDIRA GANDHI,-33.552686,-70.5899471,"Liceo Indira Gandhi, 153, Avenida San José de La Estrella, San Jorge, La Florida, Provincia de Santiago, Región Metropolitana de Santiago, 8250736, Chile",nominatim
METROPOLITANA DE SANTIAGO,SANTIAGO,LA FLORIDA,LICEO LOS ALMENDROS L1,-33.5412665,-70.5983329,"El Quisco 470, 8250054 La Florida, Región Metropolitana, Chile",google
METROPOLITANA DE SANTIAGO,SANTIAGO,LA FLORIDA,LICEO LOS ALMENDROS L2,-33.5412665,-70.5983329,"El Quisco 470, 8250054 La Florida, Región Metropolitana, Chile",google
METROPOLITANA DE SANTIAGO,SANTIAGO,LA FLORIDA,LICEO MUNICIPAL DE LA FLORIDA,-33.5406862,-70.57804639999999,"Enrique Olivares 1003, La Florida, Región Metropolitana, Chile",google
METROPOLITANA DE SANTIAGO,SANTIAGO,LA FLORIDA,LICEO NUEVO AMANECER,-33.5138039,-70.566662,"Liceo Nuevo Amanecer, 5850, Volcán Calbuco, Santa María de la Flor, La Florida, Provincia de Santiago, Región Metropolitana de Santiago, 7931136, Chile",nominatim
METROPOLITANA DE SANTIAGO,SANTIAGO,LA FLORIDA,LINCOLN COLLEGE LA FLORIDA,-33.5441214,-70.5689795,"Lincoln College, 9688, Avenida La Florida, La Florida, Provincia de Santiago, Región Metropolitana de Santiago, 8250736, Chile",nominatim
METROPOLITANA DE SANTIAGO,SANTIAGO,LA FLORIDA,UNIVERSIDAD CATOLICA RAUL SILVA HENRIQUEZ - CAMPUS LO CAÑAS,-33.5247843,-70.5540749,"Lo Cañas 3636, La Florida, Región Metropolitana, Chile",google
METROPOLITANA DE SANTIAGO,SANTIAGO,LA GRANJA,COLEGIO ALMA MATER,-33.5564466,-70.6193425,"Colegio Alma Mater, 10554, Las Parcelas, Villa Los Pensamientos, La Granja, Provincia de Santiago, Región Metropolitana de Santiago, 8870068, Chile",nominatim
METROPOLITANA DE SANTIAGO,SANTIAGO,LA GRANJA,COLEGIO PROCERES DE CHILE,-33.5269064,-70.613941,"Colegio Municipal Próceres de Chile, 875, Linares, Población Yungay, La Granja, Santiago, Provincia de Santiago, Región Metropolitana de Santiago, 8320000, Chile",nominatim
METROPOLITANA DE SANTIAGO,SANTIAGO,LA GRANJA,COLEGIO SAN GREGORIO DE LA SALLE,-33.5365939,-70.6203944,"Colegio San Gregorio de la Salle, 8240, Avenida Cardenal Raúl Silva Henríquez, Villa Nueva San Gregorio, Población San Gregorio, La Granja, Provincia de Santiago, Región Metropolitana de Santiago, 8231472, Chile",nominatim
METROPOLITANA DE SANTIAGO,SANTIAGO,LA GRANJA,ESCUELA BELGICA,-33.5346659,-70.6254007,"Escuela Bélgica, 8143, El Tabo, Villa Nueva San Gregorio, Población San Gregorio, La Granja, Provincia de Santiago, Región Metropolitana de Santiago, 8870068, Chile",nominatim
METROPOLITANA DE SANTIAGO,SANTIAGO,LA GRANJA,ESCUELA BENJAMIN SUBERCASEAUX,-33.5538218,-70.6292067,"Escuela Básica Benjamín Sebercaseaux, 10195, Sofía Eastman de Hunneus, Villa Lo Videla, La Granja, Provincia de Santiago, Región Metropolitana de Santiago, 8870068, Chile",nominatim
METROPOLITANA DE SANTIAGO,SANTIAGO,LA GRANJA,ESCUELA CLAUDIO MATTE,-33.5200054,-70.6331044,"Escuela Particular Claudio Matte, 140, Padre Esteban Gumucio Vives, Villa Brasil, La Granja, Santiago, Provincia de Santiago, Región Metropolitana de Santiago, 8320000, Chile",nominatim
METROPOLITANA DE SANTIAGO,SANTIAGO,LA GRANJA,ESCUELA ISLAS DE CHILE,-33.5459691,-70.6141691,"Escuela Básica Islas De Chile, 777, Tricolor, Población Millalemu, La Granja, Provincia de Santiago, Región Metropolitana de Santiago, 8231472, Chile",nominatim
METROPOLITANA DE SANTIAGO,SANTIAGO,LA GRANJA,ESCUELA LA ARAUCANIA,-33.5349133,-70.6161441,"Escuela Básica La Araucanía, 760, Padre Juan Meyer, Villa San Gregorio, Población San Gregorio, La Granja, Provincia de Santiago, Región Metropolitana de Santiago, 8231472, Chile",nominatim
METROPOLITANA DE SANTIAGO,SANTIAGO,LA GRANJA,ESCUELA LOS HEROES DE YUNGAY,-33.521708,-70.618002,"Escuela Básica Los Héroes de Yungay, 6590, Pasaje Las Yucas, Población Yungay, La Granja, Santiago, Provincia de Santiago, Región Metropolitana de Santiago, 8320000, Chile",nominatim
METROPOLITANA DE SANTIAGO,SANTIAGO,LA GRANJA,ESCUELA PADRE ESTEBAN GUMUCIO VIVES,-33.5204535,-70.625176,"Escuela Básica Padre Esteban Gumucio Vives, 0381, Avenida Padre Esteban Gumucio Vives, Población Joao Goulart, La Granja, Santiago, Provincia de Santiago, Región Metropolitana de Santiago, 8320000, Chile",nominatim
METROPOLITANA DE SANTIAGO,SANTIAGO,LA GRANJA,ESCUELA POETA OSCAR CASTRO ZUÑIGA,-33.5299859,-70.6231394,"Combarbalá 525, 8780740 La Granja, Región Metropolitana, Chile",google
METROPOLITANA DE SANTIAGO,SANTIAGO,LA GRANJA,ESCUELA SANITAS,-33.5219949,-70.6281119,"Escuela Básica Sanitas, 629, Presidente Alessandri, Población Sanitas, La Granja, Santiago, Provincia de Santiago, Región Metropolitana de Santiago, 8320000, Chile",nominatim
METROPOLITANA DE SANTIAGO,SANTIAGO,LA GRANJA,ESCUELA TECNO SUR,-33.5368489,-70.631615,"Escuela Básica Tecno-Sur, 140, Avenida San Gregorio, Villa Las Dalias, La Granja, Provincia de Santiago, Región Metropolitana de Santiago, 8870068, Chile",nominatim
METROPOLITANA DE SANTIAGO,SANTIAGO,LA GRANJA,LICEO DOCTOR ALEJANDRO DEL RIO,-33.5164609,-70.6210897,"Liceo Doctor Alejandro del Río, 65, Calle M, Población Yungay, La Granja, Santiago, Provincia de Santiago, Región Metropolitana de Santiago, 8320000, Chile",nominatim
METROPOLITANA DE SANTIAGO,SANTIAGO,LA GRANJA,LICEO FRANCISCO FRIAS VALENZUELA,-33.5241012,-70.63576549999999,"Av. Sta. Rosa 6740, La Granja, Región Metropolitana, Chile",google
METROPOLITANA DE SANTIAGO,SANTIAGO,LA GRANJA,LICEO MUNICIPAL POETA NERUDA,-33.5515084,-70.6286598,"Liceo Municipal La Granja Poeta Neruda, 331;0331, Canto General, Villa Poeta Neruda, La Granja, Provincia de Santiago, Región Metropolitana de Santiago, 8870068, Chile",nominatim
METROPOLITANA DE SANTIAGO,SANTIAGO,LA GRANJA,LICEO POLIVALENTE BAHIA DARWIN,-33.5442162,-70.6263223,"Manuel Rodríguez 547, 8790983 La Granja, Región Metropolitana, Chile",google
METROPOLITANA DE SANTIAGO,SANTIAGO,LA GRANJA,LICEO TECNICO PROFESIONAL PATRICIO AYLWIN AZOCAR,-33.5551969,-70.6286674,"Liceo Técnico Profesional Patricio Aylwin Azocar, 10411, Sofía Eastman de Hunneus, Villa Lo Videla, La Granja, Provincia de Santiago, Región Metropolitana de Santiago, 8870068, Chile",nominatim
METROPOLITANA DE SANTIAGO,SANTIAGO,LA PINTANA,CENTRO EDUCACIONAL LA PINTANA L1,-33.5841866,-70.6533844,"Padre Hurtado 13132, 8821876 La Pintana, Región Metropolitana, Chile",google
METROPOLITANA DE SANTIAGO,SANTIAGO,LA PINTANA,CENTRO EDUCACIONAL LA PINTANA L2,-33.5841866,-70.6533844,"Padre Hurtado 13132, 8821876 La Pintana, Región Metropolitana, Chile",google
METROPOLITANA DE SANTIAGO,SANTIAGO,LA PINTANA,CENTRO EDUCACIONAL MARIANO LATORRE,-33.5782611,-70.6416429,"Punta de Horcón 12346, 8821247 La Pintana, Región Metropolitana, Chile",google
METROPOLITANA DE SANTIAGO,SANTIAGO,LA PINTANA,CHILEAN EAGLES COLLEGE-LA PINTANA,-33.5565749,-70.647952,"Chilean Eagles College-La Pintana, 1741, Venancia Leiva, Villa General Körner, La Pintana, Provincia de Santiago, Región Metropolitana de Santiago, 8010000, Chile",nominatim
METROPOLITANA DE SANTIAGO,SANTIAGO,LA PINTANA,COLEGIO AUSTRALIA,-33.6187769,-70.6281513,"Colegio Australia de La Pintana, 385, Los Plátanos, La Pintana, Provincia de Santiago, Región Metropolitana de Santiago, 8181117, Chile",nominatim
METROPOLITANA DE SANTIAGO,SANTIAGO,LA PINTANA,COLEGIO BICENTENARIO APRENDER,-33.5855631,-70.6286842,"La Pintana, Santiago Metropolitan Region, Chile",google
METROPOLITANA DE SANTIAGO,SANTIAGO,LA PINTANA,COLEGIO JORGE HUNEEUS ZEGERS,-33.5645266,-70.6290666,"Colegio Jorge Huneeus Zegers, 10934, Avenida Santa Rosa, Villa Don Ambrosio Sur, La Pintana, Provincia de Santiago, Región Metropolitana de Santiago, 8870068, Chile",nominatim
METROPOLITANA DE SANTIAGO,SANTIAGO,LA PINTANA,COLEGIO MARISTA MARCELINO CHAMPAGNAT L1,-33.5883594,-70.6164171,"Sexto de Línea 13540, 8150215 La Pintana, Región Metropolitana, Chile",google
METROPOLITANA DE SANTIAGO,SANTIAGO,LA PINTANA,COLEGIO MARISTA MARCELINO CHAMPAGNAT L2,-33.5883594,-70.6164171,"Sexto de Línea 13540, 8150215 La Pintana, Región Metropolitana, Chile",google
METROPOLITANA DE SANTIAGO,SANTIAGO,LA PINTANA,COLEGIO NERUDA,-33.5799587,-70.6581005,"Colegio Neruda, 12849, Profesor Julio Chávez, Peta Miguel Hernández, La Pintana, Provincia de Santiago, Región Metropolitana de Santiago, 8010000, Chile",nominatim
METROPOLITANA DE SANTIAGO,SANTIAGO,LA PINTANA,COLEGIO SANTO TOMAS,-33.5598187,-70.6273602,"Colegio Santo Tomás, Pasaje Apóstol Pablo, Villa Don Ambrosio Norte, La Pintana, Provincia de Santiago, Región Metropolitana de Santiago, 8870068, Chile",nominatim
METROPOLITANA DE SANTIAGO,SANTIAGO,LA PINTANA,COLEGIO SIMON BOLIVAR,-33.5952682,-70.62563709999999,"El Ombú 2669, La Pintana, Región Metropolitana, Chile",google
METROPOLITANA DE SANTIAGO,SANTIAGO,LA PINTANA,COLEGIO TECNICO PROFESIONAL NOCEDAL,-33.5972431,-70.6146582,"Colegio Tecnico Profesional Nocedal, 3187, La Primavera, Villa La Primavera, La Pintana, Provincia de Santiago, Región Metropolitana de Santiago, 8150513, Chile",nominatim
METROPOLITANA DE SANTIAGO,SANTIAGO,LA PINTANA,ESCUELA CAPITAN AVALOS,-33.5761163,-70.6564094,"Escuela Capitán Ávalos, 12220, Teniente Montt Salamanca, Peta Miguel Hernández, La Pintana, Provincia de Santiago, Región Metropolitana de Santiago, 8010000, Chile",nominatim
METROPOLITANA DE SANTIAGO,SANTIAGO,LA PINTANA,ESCUELA CELESTIN FREINET,-33.5573494,-70.641059,"Escuela Particular Celestín Freinet, 1949, Venancia Leiva, Villa La Cultura, La Pintana, Provincia de Santiago, Región Metropolitana de Santiago, 8870068, Chile",nominatim
METROPOLITANA DE SANTIAGO,SANTIAGO,LA PINTANA,ESCUELA JUAN DE DIOS ALDEA,-33.5865783,-70.6127102,"Escuela Básica Juan De Dios Aldea, 3471, Miguel Ángel, Villa Santa Catalina de Siena, La Pintana, Provincia de Santiago, Región Metropolitana de Santiago, 8150513, Chile",nominatim
METROPOLITANA DE SANTIAGO,SANTIAGO,LA PINTANA,ESCUELA PABLO DE ROKHA,-33.580325,-70.6508254,"Escuela Pablo De Rokha, 12816, José Toribio Medina, Población Pablo de Rokha, La Pintana, Provincia de Santiago, Región Metropolitana de Santiago, 8010000, Chile",nominatim
METROPOLITANA DE SANTIAGO,SANTIAGO,LA PINTANA,ESCUELA PRESIDENTE JOSE JOAQUIN PRIETO L1,-33.578314,-70.63005009999999,"Rey Don Felipe 1990, La Pintana, Región Metropolitana, Chile",google
METROPOLITANA DE SANTIAGO,SANTIAGO,LA PINTANA,ESCUELA PRESIDENTE JOSE JOAQUIN PRIETO L2,-33.578314,-70.63005009999999,"Rey Don Felipe 1990, La Pintana, Región Metropolitana, Chile",google
METROPOLITANA DE SANTIAGO,SANTIAGO,LA PINTANA,ESCUELA PROFESORA AURELIA ROJAS BURGOS,-33.5601513,-70.6200015,"Liceo Profesora Aurelia Rojas Burgos, 820, Aníbal Huneeus, Santo Tomás, La Pintana, Provincia de Santiago, Región Metropolitana de Santiago, 8150513, Chile",nominatim
METROPOLITANA DE SANTIAGO,SANTIAGO,LA PINTANA,ESCUELA VIOLETA PARRA,-33.5772032,-70.6498068,"Escuela Municipal Violeta Parra, 12351, Pedro Prado, Población Pablo de Rokha, La Pintana, Provincia de Santiago, Región Metropolitana de Santiago, 8010000, Chile",nominatim
METROPOLITANA DE SANTIAGO,SANTIAGO,LA PINTANA,LICEO SERGIO SILVA BASCUÑAN,-33.5642915,-70.6443587,"El - Av. Observatorio 1885, La Pintana, Región Metropolitana, Chile",google
METROPOLITANA DE SANTIAGO,SANTIAGO,LA PINTANA,LICEO VICTOR JARA,-33.5832898,-70.642816,"Liceo Victor Jara, 12951, El Raulí, San Ricardo, La Pintana, Provincia de Santiago, Región Metropolitana de Santiago, 8010000, Chile",nominatim
METROPOLITANA DE SANTIAGO,SANTIAGO,LA REINA,COLEGIO ANDREE ENGLISH SCHOOL,-33.4403711,-70.5513491,"Colegio Andrée English School, 9015, Avenida Príncipe de Gales, La Reina, Provincia de Santiago, Región Metropolitana de Santiago, 7850633, Chile",nominatim
METROPOLITANA DE SANTIAGO,SANTIAGO,LA REINA,COLEGIO CONFEDERACION SUIZA,-33.4589924,-70.5701687,"Liceo Confederación Suiza, 5896, Avenida José Arrieta, Barrio Blest Gana, La Reina, Provincia de Santiago, Región Metropolitana de Santiago, 7870154, Chile",nominatim
METROPOLITANA DE SANTIAGO,SANTIAGO,LA REINA,COLEGIO DE LA SALLE,-33.4409964,-70.5716563,"Colegio de La Salle, 1349, Avenida Ossa, La Reina, Provincia de Santiago, Región Metropolitana de Santiago, 7790108, Chile",nominatim
METROPOLITANA DE SANTIAGO,SANTIAGO,LA REINA,COLEGIO JOSE ARRIETA,-33.4620643,-70.5582095,"Colegio José Arrieta, 6870, Avenida José Arrieta, Barrio Francisco de Villagra, La Reina, Provincia de Santiago, Región Metropolitana de Santiago, 7870154, Chile",nominatim
METROPOLITANA DE SANTIAGO,SANTIAGO,LA REINA,COLEGIO SAN CONSTANTINO,-33.4523333,-70.5371696,"Colegio San Constantino, 9201, Avenida Alcalde Fernando Castillo Velasco, Villa La Reina, La Reina, Provincia de Santiago, Región Metropolitana de Santiago, 7860379, Chile",nominatim
METROPOLITANA DE SANTIAGO,SANTIAGO,LA REINA,COLEGIO SANTA CATALINA LABOURE,-33.4495302,-70.5701766,"Colegio Santa Catalina Labouré, 5663, Doctor Genaro Benavides, Barrio Blest Gana, La Reina, Provincia de Santiago, Región Metropolitana de Santiago, 7850000, Chile",nominatim
METROPOLITANA DE SANTIAGO,SANTIAGO,LA REINA,COLEGIO SANTA MARIA REINA,-33.4517412,-70.5507042,"Colegio Santa María Reina, 7437, Avenida Alcalde Fernando Castillo Velasco, Barrio Pepe Vila, La Reina, Provincia de Santiago, Región Metropolitana de Santiago, 7850633, Chile",nominatim
METROPOLITANA DE SANTIAGO,SANTIAGO,LA REINA,COLEGIO TERESIANO ENRIQUE DE OSSO L1,-33.4425325,-70.57214259999999,"Av. Ossa 1157, 7870003 La Reina, Región Metropolitana, Chile",google
METROPOLITANA DE SANTIAGO,SANTIAGO,LA REINA,COLEGIO TERESIANO ENRIQUE DE OSSO L2,-33.4425325,-70.57214259999999,"Av. Ossa 1157, 7870003 La Reina, Región Metropolitana, Chile",google
METROPOLITANA DE SANTIAGO,SANTIAGO,LA REINA,COMPLEJO EDUCACIONAL LA REINA SECCION BASICA,-33.4528765,-70.5323142,"Quillagua 40, 7880066 La Reina, Región Metropolitana, Chile",google
METROPOLITANA DE SANTIAGO,SANTIAGO,LA REINA,COMPLEJO EDUCACIONAL LA REINA SECCION MEDIA,-33.4528765,-70.5323142,"Quillagua 40, 7880066 La Reina, Región Metropolitana, Chile",google
METROPOLITANA DE SANTIAGO,SANTIAGO,LA REINA,ESCUELA PALESTINA,-33.4488814,-70.5641379,"Escuela Palestina, 6405, Doctor Genaro Benavides, Barrio Blest Gana, La Reina, Provincia de Santiago, Región Metropolitana de Santiago, 7850000, Chile",nominatim
METROPOLITANA DE SANTIAGO,SANTIAGO,LA REINA,ESCUELA SAN LEONARDO MURIALDO,-33.4390265,-70.5326026,"Escuela Básica San Leonardo Murialdo, 9366, Onofre Jarpa, La Reina, Provincia de Santiago, Región Metropolitana de Santiago, 7860379, Chile",nominatim
METROPOLITANA DE SANTIAGO,SANTIAGO,LA REINA,ESCUELA YANGTSE,-33.4517271,-70.5501083,"Escuela Básica Yangtse Ex E-230, 7631, Avenida Alcalde Fernando Castillo Velasco, Barrio Pepe Vila, La Reina, Provincia de Santiago, Región Metropolitana de Santiago, 7850633, Chile",nominatim
METROPOLITANA DE SANTIAGO,SANTIAGO,LA REINA,LICEO EUGENIO MARIA DE HOSTOS,-33.4426767,-70.5418133,"Av. Echeñique 8625, La Reina, Región Metropolitana, Chile",google
METROPOLITANA DE SANTIAGO,SANTIAGO,LAS CONDES,CENTRO DEPORTIVO ROLF NATHAN,-33.3943936,-70.5554189,"Centro deportivo Rolf Nathan, 879, Reina Astrid, Renacimiento Italiano, Las Condes, Provincia de Santiago, Región Metropolitana de Santiago, 7560875, Chile",nominatim
METROPOLITANA DE SANTIAGO,SANTIAGO,LAS CONDES,COLEGIO ACHIGA COMEDUC,-33.4217305,-70.5589088,"Colegio Tecnico Hoteleria y Gastronomia Achiga Comeduc, 6615, Alonso de Camargo, Los Descubridores, Las Condes, Provincia de Santiago, Región Metropolitana de Santiago, 7570534, Chile",nominatim
METROPOLITANA DE SANTIAGO,SANTIAGO,LAS CONDES,COLEGIO ALCAZAR DE LAS CONDES L1,-33.4066466,-70.5814946,"Pdte. Riesco 4902, 7560801 Las Condes, Región Metropolitana, Chile",google
METROPOLITANA DE SANTIAGO,SANTIAGO,LAS CONDES,COLEGIO ALCAZAR DE LAS CONDES L2,-33.4066466,-70.5814946,"Pdte. Riesco 4902, 7560801 Las Condes, Región Metropolitana, Chile",google
METROPOLITANA DE SANTIAGO,SANTIAGO,LAS CONDES,COLEGIO ALEMAN DE SANTIAGO L1,-33.3985616,-70.5690285,"Ntra. Sra. del Rosario 850, 7560292 Las Condes, Región Metropolitana, Chile",google
METROPOLITANA DE SANTIAGO,SANTIAGO,LAS CONDES,COLEGIO ALEMAN DE SANTIAGO L2,-33.3985616,-70.5690285,"Ntra. Sra. del Rosario 850, 7560292 Las Condes, Región Metropolitana, Chile",google
METROPOLITANA DE SANTIAGO,SANTIAGO,LAS CONDES,COLEGIO COMPAÑIA DE MARIA APOQUINDO L1,-33.4096667,-70.56650739999999,"Av. Manquehue Sur 116, 7570049 Las Condes, Región Metropolitana, Chile",google
METROPOLITANA DE SANTIAGO,SANTIAGO,LAS CONDES,COLEGIO COMPAÑIA DE MARIA APOQUINDO L2,-33.4096667,-70.56650739999999,"Av. Manquehue Sur 116, 7570049 Las Condes, Región Metropolitana, Chile",google
METROPOLITANA DE SANTIAGO,SANTIAGO,LAS CONDES,COLEGIO CORDILLERA DE LAS CONDES,-33.3973534,-70.5143342,"Colegio Cordillera de Las Condes, 12015, Los Pumas, San Carlos de Apoquindo, Las Condes, Provincia de Santiago, Región Metropolitana de Santiago, 7591252, Chile",nominatim
METROPOLITANA DE SANTIAGO,SANTIAGO,LAS CONDES,COLEGIO DEL SAGRADO CORAZON APOQUINDO L1,-33.4104739,-70.5499172,"Sta. Magdalena Sofía 277, 7570035 Las Condes, Región Metropolitana, Chile",google
METROPOLITANA DE SANTIAGO,SANTIAGO,LAS CONDES,COLEGIO DEL SAGRADO CORAZON APOQUINDO L2,-33.4104739,-70.5499172,"Sta. Magdalena Sofía 277, 7570035 Las Condes, Región Metropolitana, Chile",google
METROPOLITANA DE SANTIAGO,SANTIAGO,LAS CONDES,COLEGIO DEL VERBO DIVINO L1,-33.4202302,-70.5868672,"Pdte Errázuriz 4055, 7550595 Las Condes, Región Metropolitana, Chile",google
METROPOLITANA DE SANTIAGO,SANTIAGO,LAS CONDES,COLEGIO DEL VERBO DIVINO L2,-33.4202302,-70.5868672,"Pdte Errázuriz 4055, 7550595 Las Condes, Región Metropolitana, Chile",google
METROPOLITANA DE SANTIAGO,SANTIAGO,LAS CONDES,COLEGIO DIFERENCIAL PAUL HARRIS,-33.4158371,-70.53455,"Escuela de Educación Diferencial Paul Harris, 9188, Avenida Cristóbal Colón, Colón Oriente, Las Condes, Provincia de Santiago, Región Metropolitana de Santiago, 7571626, Chile",nominatim
METROPOLITANA DE SANTIAGO,SANTIAGO,LAS CONDES,COLEGIO INSTITUCION TERESIANA,-33.4247847,-70.5553198,"Colegio Institución Teresiana, 7445, Avenida Isabel La Católica, Los Descubridores, Las Condes, Provincia de Santiago, Región Metropolitana de Santiago, 7570685, Chile",nominatim
METROPOLITANA DE SANTIAGO,SANTIAGO,LAS CONDES,COLEGIO LA GIROUETTE,-33.4203106,-70.5685073,"Colegio La Girouette, 1238, Mar del Sur, Los Descubridores, Las Condes, Provincia de Santiago, Región Metropolitana de Santiago, 7580386, Chile",nominatim
METROPOLITANA DE SANTIAGO,SANTIAGO,LAS CONDES,COLEGIO LEONARDO DA VINCI DE LAS CONDES,-33.4008487,-70.5647157,"Colegio Leonardo Da Vinci, 6611, Cerro Altar, Nueva Las Condes, Las Condes, Provincia de Santiago, Región Metropolitana de Santiago, 7550000, Chile",nominatim
METROPOLITANA DE SANTIAGO,SANTIAGO,LAS CONDES,COLEGIO MUNICIPAL LAS CONDES,-33.4271664,-70.52591869999999,"Nueva Bilbao 12600, Las Condes, Región Metropolitana, Chile",google
METROPOLITANA DE SANTIAGO,SANTIAGO,LAS CONDES,COLEGIO NUESTRA SEÑORA DEL ROSARIO LAS CONDES,-33.4058036,-70.5611196,"Colegio Nuestra Señora del Rosario Las Condes, 35, La Piedad, Barrio El Faro, Las Condes, Provincia de Santiago, Región Metropolitana de Santiago, 7560846, Chile",nominatim
METROPOLITANA DE SANTIAGO,SANTIAGO,LAS CONDES,COLEGIO REDLAND SCHOOL,-33.4022009,-70.5210612,"Colegio Redland School, 11357, Camino El Alba, San Carlos de Apoquindo, Las Condes, Provincia de Santiago, Región Metropolitana de Santiago, 7591252, Chile",nominatim
METROPOLITANA DE SANTIAGO,SANTIAGO,LAS CONDES,COLEGIO SAN FRANCISCO DEL ALBA HC,-33.4035563,-70.5367634,"Cam. El Alba 9280, Las Condes, Región Metropolitana, Chile",google
METROPOLITANA DE SANTIAGO,SANTIAGO,LAS CONDES,COLEGIO SAN FRANCISCO TECNICO PROFESIONAL,-33.415638,-70.5355933,"Colegio San Francisco Técnico Profesional, 9140, Avenida Cristóbal Colón, Colón Oriente, Las Condes, Provincia de Santiago, Región Metropolitana de Santiago, 7571626, Chile",nominatim
METROPOLITANA DE SANTIAGO,SANTIAGO,LAS CONDES,COLEGIO SAN JUAN DE LAS CONDES,-33.4296147,-70.5838096,"San Juan de Las Condes, 3890, Avenida Isabel La Católica, Vaticano, Las Condes, Provincia de Santiago, Región Metropolitana de Santiago, 7790097, Chile",nominatim
METROPOLITANA DE SANTIAGO,SANTIAGO,LAS CONDES,COLEGIO SAN JUAN EVANGELISTA L1,-33.4155878,-70.563355,"Martín de Zamora 6395, 7570446 Las Condes, Región Metropolitana, Chile",google
METROPOLITANA DE SANTIAGO,SANTIAGO,LAS CONDES,COLEGIO SAN JUAN EVANGELISTA L2,-33.4155878,-70.563355,"Martín de Zamora 6395, 7570446 Las Condes, Región Metropolitana, Chile",google
METROPOLITANA DE SANTIAGO,SANTIAGO,LAS CONDES,COLEGIO SAN NICOLAS DE MYRA,-33.3938418,-70.5054063,"Colegio San Nicolás de Myra, Avenida La Plaza, Cumbres de San Damián, Las Condes, Provincia de Santiago, Región Metropolitana de Santiago, 7610685, Chile",nominatim
METROPOLITANA DE SANTIAGO,SANTIAGO,LAS CONDES,COLEGIO SEMINARIO PONTIFICIO MENOR L1,-33.4071631,-70.55482769999999,"Padre Errázuriz 7001, 7571732 Las Condes, Santiago, Región Metropolitana, Chile",google
METROPOLITANA DE SANTIAGO,SANTIAGO,LAS CONDES,COLEGIO SEMINARIO PONTIFICIO MENOR L2,-33.4071631,-70.55482769999999,"Padre Errázuriz 7001, 7571732 Las Condes, Santiago, Región Metropolitana, Chile",google
METROPOLITANA DE SANTIAGO,SANTIAGO,LAS CONDES,COLEGIO VILLA MARIA ACADEMY L1,-33.420613,-70.589043,"Pdte Errázuriz 3753, 7550326 Las Condes, Región Metropolitana, Chile",google
METROPOLITANA DE SANTIAGO,SANTIAGO,LAS CONDES,COLEGIO VILLA MARIA ACADEMY L2,-33.420613,-70.589043,"Pdte Errázuriz 3753, 7550326 Las Condes, Región Metropolitana, Chile",google
METROPOLITANA DE SANTIAGO,SANTIAGO,LAS CONDES,DIRECCION DE TRANSITO Y TRANSPORTE PUBLICO L1,-33.43307910000001,-70.6576649,"1 - Amunátegui 980, Santiago, Región Metropolitana, Chile",google
METROPOLITANA DE SANTIAGO,SANTIAGO,LAS CONDES,DIRECCION DE TRANSITO Y TRANSPORTE PUBLICO L2,-33.43307910000001,-70.6576649,"1 - Amunátegui 980, Santiago, Región Metropolitana, Chile",google
METROPOLITANA DE SANTIAGO,SANTIAGO,LAS CONDES,ESTADIO PAUL HARRIS,-33.410982,-70.5366002,"Estadio Municipal de Las Condes, 701, Paul Harris, Colón Oriente, Las Condes, Provincia de Santiago, Región Metropolitana de Santiago, 7571626, Chile",nominatim
METROPOLITANA DE SANTIAGO,SANTIAGO,LAS CONDES,INSTITUTO PRESIDENTE ERRAZURIZ,-33.4196958,-70.5890851,"Instituto Presidente Errázuriz, 3868, Avenida Presidente Errázuriz, Barrio San Pascual, Las Condes, Provincia de Santiago, Región Metropolitana de Santiago, 7550143, Chile",nominatim
METROPOLITANA DE SANTIAGO,SANTIAGO,LAS CONDES,LICEO ALEXANDER FLEMING DE LAS CONDES L1,-33.4260245,-70.55532649999999,"Av. Alejandro Fleming 7315, 7550000 Las Condes, Región Metropolitana, Chile",google
METROPOLITANA DE SANTIAGO,SANTIAGO,LAS CONDES,LICEO ALEXANDER FLEMING DE LAS CONDES L2,-33.4260245,-70.55532649999999,"Av. Alejandro Fleming 7315, 7550000 Las Condes, Región Metropolitana, Chile",google
METROPOLITANA DE SANTIAGO,SANTIAGO,LAS CONDES,LICEO BICENTENARIO SANTA MARIA DE LAS CONDES L1,-33.4256578,-70.5318063,"Vía Láctea 9308, 7600637 Las Condes, Región Metropolitana, Chile",google
METROPOLITANA DE SANTIAGO,SANTIAGO,LAS CONDES,LICEO BICENTENARIO SANTA MARIA DE LAS CONDES L2,-33.4256578,-70.5318063,"Vía Láctea 9308, 7600637 Las Condes, Región Metropolitana, Chile",google
METROPOLITANA DE SANTIAGO,SANTIAGO,LAS CONDES,LICEO BICENTENARIO SIMON BOLIVAR,-33.4255316,-70.55411110000001,"Avenida Tomás Moro 1651, 7571236 Las Condes, Región Metropolitana, Chile",google
METROPOLITANA DE SANTIAGO,SANTIAGO,LAS CONDES,LICEO JUAN PABLO II DE LAS CONDES,-33.4203622,-70.5361564,"Liceo Juan Pablo Ii De Las Condes, 9040, Patricia, Colón Oriente, Las Condes, Provincia de Santiago, Región Metropolitana de Santiago, 7600427, Chile",nominatim
METROPOLITANA DE SANTIAGO,SANTIAGO,LAS CONDES,LICEO RAFAEL SOTOMAYOR L1,-33.395292,-70.55411,"Las Tranqueras 726, 7560165 Las Condes, Región Metropolitana, Chile",google
METROPOLITANA DE SANTIAGO,SANTIAGO,LAS CONDES,LICEO RAFAEL SOTOMAYOR L2,-33.395292,-70.55411,"Las Tranqueras 726, 7560165 Las Condes, Región Metropolitana, Chile",google
METROPOLITANA DE SANTIAGO,SANTIAGO,LO BARNECHEA,CENTRO CULTURAL EL TRANQUE,-33.360771,-70.5412305,"Centro Cultural El Tranque, 10300, El Tranque, Lo Barnechea, Provincia de Santiago, Región Metropolitana de Santiago, 7630000, Chile",nominatim
METROPOLITANA DE SANTIAGO,SANTIAGO,LO BARNECHEA,COLEGIO DIFERENCIAL MADRE TIERRA,-33.3536332,-70.5079111,"Lo Barnechea 1648, 7690082 Lo Barnechea, Región Metropolitana, Chile",google
METROPOLITANA DE SANTIAGO,SANTIAGO,LO BARNECHEA,COLEGIO EVEREST,-33.3332676,-70.5551929,"Colegio Everest, 4518, Avenida Camino Real, El Golf de Manquehue, Lo Barnechea, Provincia de Santiago, Región Metropolitana de Santiago, 7700651, Chile",nominatim
METROPOLITANA DE SANTIAGO,SANTIAGO,LO BARNECHEA,COLEGIO LOS ALERCES L1,-33.3634799,-70.5185466,"El Radal 437, 7690347 Santiago, Lo Barnechea, Región Metropolitana, Chile",google
METROPOLITANA DE SANTIAGO,SANTIAGO,LO BARNECHEA,COLEGIO LOS ALERCES L2,-33.3634799,-70.5185466,"El Radal 437, 7690347 Santiago, Lo Barnechea, Región Metropolitana, Chile",google
METROPOLITANA DE SANTIAGO,SANTIAGO,LO BARNECHEA,COLEGIO MONTE TABOR Y NAZARET L1,-33.32392300000001,-70.541021,"Av. Paseo Pie Andino 5894, Colegio Monte Tabor y Nazareth, Lo Barnechea, Región Metropolitana, Chile",google
METROPOLITANA DE SANTIAGO,SANTIAGO,LO BARNECHEA,COLEGIO MONTE TABOR Y NAZARET L2,-33.32392300000001,-70.541021,"Av. Paseo Pie Andino 5894, Colegio Monte Tabor y Nazareth, Lo Barnechea, Región Metropolitana, Chile",google
METROPOLITANA DE SANTIAGO,SANTIAGO,LO BARNECHEA,COLEGIO PRE ESCOLAR CANTAGALLO L1,-33.3735748,-70.5182923,"Canta Gallo, Las Condes, Región Metropolitana, Chile",google
METROPOLITANA DE SANTIAGO,SANTIAGO,LO BARNECHEA,COLEGIO PRE ESCOLAR CANTAGALLO L2,-33.3735748,-70.5182923,"Canta Gallo, Las Condes, Región Metropolitana, Chile",google
METROPOLITANA DE SANTIAGO,SANTIAGO,LO BARNECHEA,THE MAYFLOWER SCHOOL L1,-33.3459351,-70.5067139,"Cam. de La Laguna 13675, Colegio Apoquíndo, Lo Barnechea, Región Metropolitana, Chile",google
METROPOLITANA DE SANTIAGO,SANTIAGO,LO BARNECHEA,THE MAYFLOWER SCHOOL L2,-33.3459351,-70.5067139,"Cam. de La Laguna 13675, Colegio Apoquíndo, Lo Barnechea, Región Metropolitana, Chile",google
METROPOLITANA DE SANTIAGO,SANTIAGO,LO BARNECHEA,THE NEWLAND SCHOOL L1,-33.3601901,-70.53262889999999,"Av. El Tranque 11093, Lo Barnechea, Región Metropolitana, Chile",google
METROPOLITANA DE SANTIAGO,SANTIAGO,LO BARNECHEA,THE NEWLAND SCHOOL L2,-33.3601901,-70.53262889999999,"Av. El Tranque 11093, Lo Barnechea, Región Metropolitana, Chile",google
METROPOLITANA DE SANTIAGO,SANTIAGO,LO BARNECHEA,THE SOUTHLAND SCHOOL,-33.3643573,-70.4964012,"Colegio The Southland School, 14672, Avenida Las Condes, Lucas Araya, Lo Barnechea, Provincia de Santiago, Región Metropolitana de Santiago, 7710053, Chile",nominatim
METROPOLITANA DE SANTIAGO,SANTIAGO,LO ESPEJO,CENTRO EDUCACIONAL CARDENAL JOSE MARIA CARO,-33.5079882,-70.6931735,"Centro Educacional Cardenal José María Caro, 3745, Cardenal José María Caro, Lo Espejo, Santiago, Provincia de Santiago, Región Metropolitana de Santiago, 8320000, Chile",nominatim
METROPOLITANA DE SANTIAGO,SANTIAGO,LO ESPEJO,COLEGIO HERNAN OLGUIN,-33.5219344,-70.6970133,"Av. Central Cardenal Raúl Silva Henríquez 8108, 9140815 Lo Espejo, Región Metropolitana, Chile",google
METROPOLITANA DE SANTIAGO,SANTIAGO,LO ESPEJO,COLEGIO SAN LUCAS DE LO ESPEJO,-33.5245281,-70.7029425,"Colegio San Lucas, 9195, Pedro Lira, Villa Los Parques, Lo Espejo, Provincia de Santiago, Región Metropolitana de Santiago, 9140110, Chile",nominatim
METROPOLITANA DE SANTIAGO,SANTIAGO,LO ESPEJO,ESCUELA ACAPULCO,-33.5198903,-70.6800161,"Escuela Básica Acapulco, 7661, Acapulco, Población Santa Olga, Lo Espejo, Santiago, Provincia de Santiago, Región Metropolitana de Santiago, 8320000, Chile",nominatim
METROPOLITANA DE SANTIAGO,SANTIAGO,LO ESPEJO,ESCUELA BERNARDO O´HIGGINS,-33.5102506,-70.6952752,"Escuela Básica Bernardo O'Higgins, 7148, Pío XII, José María Caro Rodríguez, Lo Espejo, Santiago, Provincia de Santiago, Región Metropolitana de Santiago, 9140110, Chile",nominatim
METROPOLITANA DE SANTIAGO,SANTIAGO,LO ESPEJO,ESCUELA BLUE STAR COLLEGE,-33.5174966,-70.6913443,"Escuela Blue Star College, 7519, Monterrey, Villa Santa Anita, Lo Espejo, Santiago, Provincia de Santiago, Región Metropolitana de Santiago, 8320000, Chile",nominatim
METROPOLITANA DE SANTIAGO,SANTIAGO,LO ESPEJO,ESCUELA CLARA ESTRELLA,-33.5159414,-70.6773376,"Escuela Básica Clara Estrella, 6990, Avenida Valparaíso, Villa Clara Estrella, Lo Espejo, Santiago, Provincia de Santiago, Región Metropolitana de Santiago, 8320000, Chile",nominatim
METROPOLITANA DE SANTIAGO,SANTIAGO,LO ESPEJO,ESCUELA D 570 RAUL SAEZ SAEZ,-33.5220917,-70.6905728,"Lo Espejo, San Bernardo, Santiago Metropolitan Region, Chile",google
METROPOLITANA DE SANTIAGO,SANTIAGO,LO ESPEJO,ESCUELA ESPECIAL TAMARUGAL,-33.5158827,-70.6967929,"Escuela Especial Tamarugal, 7461, La Habana, José María Caro Rodríguez, Lo Espejo, Santiago, Provincia de Santiago, Región Metropolitana de Santiago, 8320000, Chile",nominatim
METROPOLITANA DE SANTIAGO,SANTIAGO,LO ESPEJO,ESCUELA REPUBLICA DE INDONESIA,-33.5307562,-70.7012885,"Escuela Básica República de Indonesia, 3373, Ortiz de Zárate, Nueva Lo Espejo (Lo Sierra D), Lo Espejo, Provincia de Santiago, Región Metropolitana de Santiago, 9140110, Chile",nominatim
METROPOLITANA DE SANTIAGO,SANTIAGO,LO ESPEJO,ESCUELA REPUBLICA DE LAS FILIPINAS,-33.5230078,-70.6885361,"Av. Eduardo Frei Montalva 02828, Lo Espejo, Región Metropolitana, Chile",google
METROPOLITANA DE SANTIAGO,SANTIAGO,LO ESPEJO,ESCUELA SALOMON SACK,-33.5197739,-70.6880994,"Escuela Basica Salomon Sack, 7850, Diagonal Las Torres, Villa Santa Anita, Lo Espejo, Santiago, Provincia de Santiago, Región Metropolitana de Santiago, 8320000, Chile",nominatim
METROPOLITANA DE SANTIAGO,SANTIAGO,LO ESPEJO,LICEO POLITECNICO SAGRADO CORAZON,-33.5220917,-70.6905728,"Lo Espejo, San Bernardo, Santiago Metropolitan Region, Chile",google
METROPOLITANA DE SANTIAGO,SANTIAGO,LO ESPEJO,LICEO POLIVALENTE,-33.5135814,-70.6825774,"Liceo Polivalente, 6970, Inés de Suárez, Villa Clara Estrella, Lo Espejo, Santiago, Provincia de Santiago, Región Metropolitana de Santiago, 8320000, Chile",nominatim
METROPOLITANA DE SANTIAGO,SANTIAGO,LO ESPEJO,LICEO TENIENTE FRANCISCO MERY AGUIRRE,-33.5340047,-70.6958512,"Liceo Teniente Francisco Mery Aguirre, 02854, Centenario, Villa Santa Ana, Lo Espejo, Santiago, Provincia de Santiago, Región Metropolitana de Santiago, 8320000, Chile",nominatim
METROPOLITANA DE SANTIAGO,SANTIAGO,LO ESPEJO,POLIDEPORTIVO ELIGE VIVIR SANO,-33.5204767,-70.6831133,"Polideportivo Elige Vivir Sano, 7915, Guanajuato, Población Santa Olga, Lo Espejo, Santiago, Provincia de Santiago, Región Metropolitana de Santiago, 8320000, Chile",nominatim
METROPOLITANA DE SANTIAGO,SANTIAGO,LO ESPEJO,SAINT TRINITY COLLEGE,-33.5295928,-70.6898098,"Colegio Polivatente Saint Trinity College, 2699, Nueve de Enero, Villa Gilberto Moreno, Lo Espejo, Santiago, Provincia de Santiago, Región Metropolitana de Santiago, 8320000, Chile",nominatim
METROPOLITANA DE SANTIAGO,SANTIAGO,LO PRADO,ANEXO INSTITUTO PEDRO PRADO,-33.4435012,-70.72844049999999,"Los Canelos 816, 8980642 Lo Prado, Región Metropolitana, Chile",google
METROPOLITANA DE SANTIAGO,SANTIAGO,LO PRADO,COLEGIO MUSTAFA KEMAL ATATURK,-33.4398967,-70.7100235,"Escuela Básica Mustafa Kemal Ataturk, 5300, 9 de Julio, Villa Londres, Lo Prado, Provincia de Santiago, Región Metropolitana de Santiago, 8500445, Chile",nominatim
METROPOLITANA DE SANTIAGO,SANTIAGO,LO PRADO,COMPLEJO EDUCACIONAL PEDRO PRADO,-33.4434694,-70.7285571,"Complejo Educacional Pedro Prado, 816, Los Canelos, Villa Lago Poniente, Lo Prado, Provincia de Santiago, Región Metropolitana de Santiago, 8980000, Chile",nominatim
METROPOLITANA DE SANTIAGO,SANTIAGO,LO PRADO,ESCUELA BABILONIA,-33.4485184,-70.7195963,"Escuela Básica Babilonia, 6100, Territorio Antártico, Población Manuel Rodríguez, Lo Prado, Provincia de Santiago, Región Metropolitana de Santiago, 8980000, Chile",nominatim
METROPOLITANA DE SANTIAGO,SANTIAGO,LO PRADO,ESCUELA GOLDA MEIR,-33.450869,-70.7180283,"Escuela Golda Meir, 6001, Avenida Dorsal, Población Golda Meier, Lo Prado, Provincia de Santiago, Región Metropolitana de Santiago, 8500445, Chile",nominatim
METROPOLITANA DE SANTIAGO,SANTIAGO,LO PRADO,ESCUELA JAIME GOMEZ GARCIA,-33.4426143,-70.7192854,"Escuela Jaime Gómez García, 839, San Germán, Villa Erradicación San Luis, Lo Prado, Provincia de Santiago, Región Metropolitana de Santiago, 8500445, Chile",nominatim
METROPOLITANA DE SANTIAGO,SANTIAGO,LO PRADO,ESCUELA MARISCAL DE AYACUCHO,-33.4408811,-70.7370551,"Escuela Mariscal de Ayacucho, 992, Gabriela Mistral, Lo Prado, Provincia de Santiago, Región Metropolitana de Santiago, 8980000, Chile",nominatim
METROPOLITANA DE SANTIAGO,SANTIAGO,LO PRADO,ESCUELA N°389 REPUBLICA DE ESTADOS UNIDOS,-33.4442104,-70.7234151,"Lo Prado, Santiago Metropolitan Region, Chile",google
METROPOLITANA DE SANTIAGO,SANTIAGO,LO PRADO,ESCUELA POETA VICENTE HUIDOBRO,-33.4507872,-70.7354534,"Escuela Poeta Vicente Huidobro, 7191, Milton Rossel, Villa Lago Poniente, Lo Prado, Provincia de Santiago, Región Metropolitana de Santiago, 8980000, Chile",nominatim
METROPOLITANA DE SANTIAGO,SANTIAGO,LO PRADO,ESCUELA PROFESORA GLADYS VALENZUELA,-33.4475539,-70.7265309,"Escuela Profesora Gladys Valenzuela, 509, General Juan Buendía, Villa Lago Poniente, Lo Prado, Provincia de Santiago, Región Metropolitana de Santiago, 8980000, Chile",nominatim
METROPOLITANA DE SANTIAGO,SANTIAGO,LO PRADO,ESCUELA SOR TERESA DE LOS ANDES,-33.4440881,-70.7381391,"Escuela Sor Teresa De Los Andes, 8011, San Pablo, Lo Prado, Provincia de Santiago, Región Metropolitana de Santiago, 8980000, Chile",nominatim
METROPOLITANA DE SANTIAGO,SANTIAGO,LO PRADO,LICEO POETA PABLO NERUDA,-33.4549803,-70.7148974,"Obispo Rodríguez 5935, Lo Prado, Región Metropolitana, Chile",google
METROPOLITANA DE SANTIAGO,SANTIAGO,LO PRADO,LICEO TENIENTE DAGOBERTO GODOY N°3,-33.4510334,-70.7139079,"Isla Decepción 232, 8991568 Lo Prado, Región Metropolitana, Chile",google
METROPOLITANA DE SANTIAGO,SANTIAGO,MACUL,COLEGIO EL ALBA DE MACUL,-33.4824128,-70.5987181,"Colegio El Alba de Macul, 3237, Los Plátanos, Villa Universidad Católica, Macul, Provincia de Santiago, Región Metropolitana de Santiago, 7810677, Chile",nominatim
METROPOLITANA DE SANTIAGO,SANTIAGO,MACUL,COLEGIO LIBERTADOR SIMON BOLIVAR,-33.4798674,-70.5829904,"Libertador Simon Bolivar, Peatones 21, Villa Universidad Católica, Macul, Provincia de Santiago, Región Metropolitana de Santiago, 7810677, Chile",nominatim
METROPOLITANA DE SANTIAGO,SANTIAGO,MACUL,COLEGIO SAN MARCOS,-33.47393350000001,-70.597859,"Av. Rodrigo de Araya 3265, 7810033 Macul, Región Metropolitana, Chile",google
METROPOLITANA DE SANTIAGO,SANTIAGO,MACUL,COLEGIO SAN VIATOR L1,-33.5065738,-70.6016941,"Froilán Roa 5775, 7820740 Santiago, Macul, Región Metropolitana, Chile",google
METROPOLITANA DE SANTIAGO,SANTIAGO,MACUL,COLEGIO SAN VIATOR L2,-33.5065738,-70.6016941,"Froilán Roa 5775, 7820740 Santiago, Macul, Región Metropolitana, Chile",google
METROPOLITANA DE SANTIAGO,SANTIAGO,MACUL,COMPLEJO EDUCACIONAL ESPERANZA,-33.4890923,-70.6039357,"Complejo Educacional Esperanza, Coipué, Los Húsares, Macul, Provincia de Santiago, Región Metropolitana de Santiago, 7830198, Chile",nominatim
METROPOLITANA DE SANTIAGO,SANTIAGO,MACUL,COMPLEJO EDUCACIONAL JOAQUIN EDWARDS BELLO,-33.4936371,-70.6005896,"Complejo Educacional Joaquin Edwards Bello, 4301, Avenida Macul, Macul, Provincia de Santiago, Región Metropolitana de Santiago, 7830198, Chile",nominatim
METROPOLITANA DE SANTIAGO,SANTIAGO,MACUL,ESCUELA JOSE BERNARDO SUAREZ,-33.4776608,-70.6076079,"Escuela Jose Bernardo Suárez, 2501, Joaquín Rodríguez, Macul, Provincia de Santiago, Región Metropolitana de Santiago, 7810000, Chile",nominatim
METROPOLITANA DE SANTIAGO,SANTIAGO,MACUL,ESCUELA JULIO BARRENECHEA,-33.5020754,-70.6072098,"Escuela Julio Barrenechea, 2393, Avenida Pintor Benito Rebolledo, Villa Santa Elena, Macul, Provincia de Santiago, Región Metropolitana de Santiago, 7821093, Chile",nominatim
METROPOLITANA DE SANTIAGO,SANTIAGO,MACUL,ESCUELA JULIO MONTT SALAMANCA E-194,-33.494025,-70.597697,"7830253 Santiago, Macul, Santiago Metropolitan Region, Chile",google
METROPOLITANA DE SANTIAGO,SANTIAGO,MACUL,ESCUELA VILLA MACUL D-200,-33.4915293,-70.6175135,"Avenida Escuela Agrícola, Villa Venezuela, Macul, San Joaquín, Provincia de Santiago, Región Metropolitana de Santiago, 8940000, Chile",nominatim
METROPOLITANA DE SANTIAGO,SANTIAGO,MACUL,ESTADIO MONUMENTAL,-33.5064372,-70.6059468,"Estadio Monumental, Avenida Marathon, Villa Santa Elena, Macul, Provincia de Santiago, Región Metropolitana de Santiago, 7821093, Chile",nominatim
METROPOLITANA DE SANTIAGO,SANTIAGO,MACUL,GIMNASIO MUNICIPAL,-33.484624,-70.5977289,"Teatro Gimnasio Municipal Macul, Avenida Quilín, Macul, Provincia de Santiago, Región Metropolitana de Santiago, 7810000, Chile",nominatim
METROPOLITANA DE SANTIAGO,SANTIAGO,MACUL,LICEO MANUEL ROJAS,-33.4754438,-70.594738,"Liceo Municipal Manuel Rojas, 3555, Manuel Sánchez, Macul, Provincia de Santiago, Región Metropolitana de Santiago, 7810000, Chile",nominatim
METROPOLITANA DE SANTIAGO,SANTIAGO,MACUL,LICEO MERCEDES MARIN DEL SOLAR,-33.422254,-70.604705,"Av. Los Leones 262, 7510602 Providencia, Región Metropolitana, Chile",google
METROPOLITANA DE SANTIAGO,SANTIAGO,MACUL,LICEO SALESIANO CAMILO ORTUZAR MONTT,-33.503597,-70.5897297,"Liceo Salesiano Camilo Ortuzar Montt, Avenida Armando Pesantes García, Villa Macul Oriente, Macul, Provincia de Santiago, Región Metropolitana de Santiago, 7830198, Chile",nominatim
METROPOLITANA DE SANTIAGO,SANTIAGO,MACUL,LICEO VILLA MACUL ACADEMIA,-33.4815857,-70.6005607,"Liceo Villa Macul Académia, 3112, Los Plátanos, Macul, Provincia de Santiago, Región Metropolitana de Santiago, 7810000, Chile",nominatim
METROPOLITANA DE SANTIAGO,SANTIAGO,MAIPU,CENTRO DE EDUCACION TECNICO PROFESIONAL CODEDUC,-33.5023232,-70.7576107,"Av. Los Pajaritos 2756, 9250859 Maipú, Región Metropolitana, Chile",google
METROPOLITANA DE SANTIAGO,SANTIAGO,MAIPU,CENTRO EDUCACIONAL PIAMARTINO CAROLINA LLONA DE CUEVAS,-33.5153688,-70.7639791,"Plaza Carolina Llona - San José, 9274661 Maipú, Región Metropolitana, Chile",google
METROPOLITANA DE SANTIAGO,SANTIAGO,MAIPU,CENTRO EDUCACIONAL ROUSSEAU,-33.4860932,-70.763156,"La Reforma #801 - Av. Pdte. Jorge Alessandri Rodríguez 624, 9301439 Maipú, Región Metropolitana, Chile",google
METROPOLITANA DE SANTIAGO,SANTIAGO,MAIPU,CENTRO EDUCACIONAL SAN ANDRES,-33.4845721,-70.7478558,"Av. Los Pajaritos 4198, 9292502 Maipú, Región Metropolitana, Chile",google
METROPOLITANA DE SANTIAGO,SANTIAGO,MAIPU,COLEGIO ALBERTO PEREZ,-33.4996624,-70.7591364,"Centenario 147, 9250578 Maipú, Región Metropolitana, Chile",google
METROPOLITANA DE SANTIAGO,SANTIAGO,MAIPU,COLEGIO ALCAZAR,-33.5570646,-70.7912377,"Av. Parque Central Pte. 500, Maipú, Región Metropolitana, Chile",google
METROPOLITANA DE SANTIAGO,SANTIAGO,MAIPU,COLEGIO ALICANTE DEL ROSAL L1,-33.4905498,-70.779423,"Ing. Eduardo Domínguez 920, 9301110 Maipú, Región Metropolitana, Chile",google
METROPOLITANA DE SANTIAGO,SANTIAGO,MAIPU,COLEGIO ALICANTE DEL ROSAL L2,-33.4905498,-70.779423,"Ing. Eduardo Domínguez 920, 9301110 Maipú, Región Metropolitana, Chile",google
METROPOLITANA DE SANTIAGO,SANTIAGO,MAIPU,COLEGIO ANGLO MAIPU L1,-33.4933498,-70.7366072,"Av. Lumen 3760, 9293554 Maipú, Región Metropolitana, Chile",google
METROPOLITANA DE SANTIAGO,SANTIAGO,MAIPU,COLEGIO ANGLO MAIPU L2,-33.4933498,-70.7366072,"Av. Lumen 3760, 9293554 Maipú, Región Metropolitana, Chile",google
METROPOLITANA DE SANTIAGO,SANTIAGO,MAIPU,COLEGIO CARDENAL CARLOS OVIEDO CAVADA,-33.5138888,-70.7953946,"Agua Santa 2800, 9270916 Maipú, Región Metropolitana, Chile",google
METROPOLITANA DE SANTIAGO,SANTIAGO,MAIPU,COLEGIO DE LA PROVIDENCIA CARMELA LARRAIN DE INFANTE,-33.5155287,-70.766261,"San José 621, Maipú, Región Metropolitana, Chile",google
METROPOLITANA DE SANTIAGO,SANTIAGO,MAIPU,COLEGIO DIEGO PORTALES DE MAIPU,-33.5096699,-70.7900291,"Av. 4 Pte. # 2115, 9270423 Maipú, Región Metropolitana, Chile",google
METROPOLITANA DE SANTIAGO,SANTIAGO,MAIPU,COLEGIO JACQUES COUSTEAU L1,-33.516285,-70.7860614,"Las Naciones 1620, 9271143 Maipú, Región Metropolitana, Chile",google
METROPOLITANA DE SANTIAGO,SANTIAGO,MAIPU,COLEGIO JACQUES COUSTEAU L2,-33.516285,-70.7860614,"Las Naciones 1620, 9271143 Maipú, Región Metropolitana, Chile",google
METROPOLITANA DE SANTIAGO,SANTIAGO,MAIPU,COLEGIO LO ERRAZURIZ,-33.47443140000001,-70.7276304,"Kant 4129, 9291030 Maipú, Región Metropolitana, Chile",google
METROPOLITANA DE SANTIAGO,SANTIAGO,MAIPU,COLEGIO LOS ALPES MAIPU,-33.56506,-70.7816039,"Colegio Los Alpes Maipu, 1751, Avenida Parque Central Poniente, Ciudad Satélite, Maipú, Provincia de Santiago, Región Metropolitana de Santiago, 9280931, Chile",nominatim
METROPOLITANA DE SANTIAGO,SANTIAGO,MAIPU,COLEGIO NUESTRA SEÑORA DEL CARMEN DE MAIPU,-33.5126788,-70.76897509999999,"Av. Padre Hurtado, 9274517 Maipú, Región Metropolitana, Chile",google
METROPOLITANA DE SANTIAGO,SANTIAGO,MAIPU,COLEGIO REPUBLICA DE GUATEMALA,-33.4973024,-70.7492994,"Pdte. German Riesco 3315, Maipú, Región Metropolitana, Chile",google
METROPOLITANA DE SANTIAGO,SANTIAGO,MAIPU,COLEGIO SAINT LOUIS SCHOOL,-33.5626918,-70.7742598,"Av. Alcalde José Luis Infante Larraín 2200, 9281732 Maipú, Región Metropolitana, Chile",google
METROPOLITANA DE SANTIAGO,SANTIAGO,MAIPU,COLEGIO SAN ANDRES DE MAIPU L1,-33.4876873,-70.7379486,"Los Ministros 1491, 9310056 Maipú, Región Metropolitana, Chile",google
METROPOLITANA DE SANTIAGO,SANTIAGO,MAIPU,COLEGIO SAN ANDRES DE MAIPU L2,-33.4876873,-70.7379486,"Los Ministros 1491, 9310056 Maipú, Región Metropolitana, Chile",google
METROPOLITANA DE SANTIAGO,SANTIAGO,MAIPU,COLEGIO SAN FRANCISCO DE SALES,-33.5487257,-70.7908547,"San Manuel 121, Maipú, Región Metropolitana, Chile",google
METROPOLITANA DE SANTIAGO,SANTIAGO,MAIPU,COLEGIO SAN JUAN DIEGO DE GUADALUPE,-33.511724,-70.7968921,"Senadora María de La Cruz 3460, A, 9273674 Maipú, Región Metropolitana, Chile",google
METROPOLITANA DE SANTIAGO,SANTIAGO,MAIPU,COLEGIO SAN SEBASTIAN DE RINCONADA,-33.5085932,-70.7955375,"La Galaxia 2370, Maipú, Región Metropolitana, Chile",google
METROPOLITANA DE SANTIAGO,SANTIAGO,MAIPU,COLEGIO SANTA MARIA DE MAIPU L1,-33.4845078,-70.7461102,"Av. Los Pajaritos 4201, 9292495 Maipú, Región Metropolitana, Chile",google
METROPOLITANA DE SANTIAGO,SANTIAGO,MAIPU,COLEGIO SANTA MARIA DE MAIPU L2,-33.4845078,-70.7461102,"Av. Los Pajaritos 4201, 9292495 Maipú, Región Metropolitana, Chile",google
METROPOLITANA DE SANTIAGO,SANTIAGO,MAIPU,COLEGIO TERRAUSTRAL DEL SOL,-33.499401,-70.78059569999999,"Asunción 1811, Maipú, Región Metropolitana, Chile",google
METROPOLITANA DE SANTIAGO,SANTIAGO,MAIPU,COLEGIO TERRAUSTRAL OESTE S.A,-33.55208950000001,-70.76031139999999,"Av. 4 Pte. 1817, 9281636 Santiago, Maipú, Región Metropolitana, Chile",google
METROPOLITANA DE SANTIAGO,SANTIAGO,MAIPU,COMPLEJO EDUCACIONAL ALBERTO WIDMER,-33.5015687,-70.7569345,"Av. Los Pajaritos 2803, 9250749 Maipú, Región Metropolitana, Chile",google
METROPOLITANA DE SANTIAGO,SANTIAGO,MAIPU,COMPLEJO EDUCACIONAL MAIPU,-33.517662,-70.7753829,"San José, 9271204 Santiago, Maipú, Región Metropolitana, Chile",google
METROPOLITANA DE SANTIAGO,SANTIAGO,MAIPU,COMPLEJO EDUCACIONAL MAIPU ANEXO RINCONADA,-33.5068459,-70.7950997,"Cam. A Rinconada 3120, 9270237 Maipú, Santiago, Región Metropolitana, Chile",google
METROPOLITANA DE SANTIAGO,SANTIAGO,MAIPU,ESCUELA 1287 SAN MARCOS APOSTOL,-33.5449883,-70.7725124,"Egipto Nº 601 Villa El Abrazo - Egipto 601, Santiago, Maipú, Región Metropolitana, Chile",google
METROPOLITANA DE SANTIAGO,SANTIAGO,MAIPU,ESCUELA 263 RAMON FREIRE,-33.5104111,-70.76736079999999,"Ramón Freire 263, Maipú, Región Metropolitana, Chile",google
METROPOLITANA DE SANTIAGO,SANTIAGO,MAIPU,ESCUELA BOSTON COLLEGE LA FARFANA L1,-33.4907506,-70.7675213,"La Sinfonía 1380, 9301011 Maipú, Región Metropolitana, Chile",google
METROPOLITANA DE SANTIAGO,SANTIAGO,MAIPU,ESCUELA BOSTON COLLEGE LA FARFANA L2,-33.4907506,-70.7675213,"La Sinfonía 1380, 9301011 Maipú, Región Metropolitana, Chile",google
METROPOLITANA DE SANTIAGO,SANTIAGO,MAIPU,ESCUELA BOSTON COLLEGE MAIPU,-33.46663240000001,-70.7536319,"Longitudinal 1081, 9290047 Maipú, Región Metropolitana, Chile",google
METROPOLITANA DE SANTIAGO,SANTIAGO,MAIPU,ESCUELA ECHAURREN N°2,-33.477787,-70.73898299999999,"Av. Las Parcelas 3101, 9291679 Maipú, Región Metropolitana, Chile",google
METROPOLITANA DE SANTIAGO,SANTIAGO,MAIPU,ESCUELA GENERAL O'HIGGINS,-33.50965,-70.7630511,"Emiliano Llona 1853, 9251702 Maipú, Región Metropolitana, Chile",google
METROPOLITANA DE SANTIAGO,SANTIAGO,MAIPU,ESCUELA LAS AMERICAS,-33.5479885,-70.7728726,"Marco Antonio 16916, 9281459 Maipú, Región Metropolitana, Chile",google
METROPOLITANA DE SANTIAGO,SANTIAGO,MAIPU,ESCUELA LEON HUMBERTO VALENZUELA,-33.4975636,-70.76534199999999,"Los Andes 680, 9250534 Maipú, Región Metropolitana, Chile",google
METROPOLITANA DE SANTIAGO,SANTIAGO,MAIPU,ESCUELA LOS ALERCES DE MAIPU,-33.5390631,-70.7780004,"Glorias Navales, Maipú, Región Metropolitana, Chile",google
METROPOLITANA DE SANTIAGO,SANTIAGO,MAIPU,ESCUELA LOS BOSQUINOS L1,-33.5296658,-70.7734133,"El Olimpo 0650, Maipú, Región Metropolitana, Chile",google
METROPOLITANA DE SANTIAGO,SANTIAGO,MAIPU,ESCUELA LOS BOSQUINOS L2,-33.5296658,-70.7734133,"El Olimpo 0650, Maipú, Región Metropolitana, Chile",google
METROPOLITANA DE SANTIAGO,SANTIAGO,MAIPU,ESCUELA PRESIDENTE RIESCO ERRAZURIZ L1,-33.4979529,-70.7498186,"Pdte. German Riesco, Maipú, Región Metropolitana, Chile",google
METROPOLITANA DE SANTIAGO,SANTIAGO,MAIPU,ESCUELA PRESIDENTE RIESCO ERRAZURIZ L2,-33.4979529,-70.7498186,"Pdte. German Riesco, Maipú, Región Metropolitana, Chile",google
METROPOLITANA DE SANTIAGO,SANTIAGO,MAIPU,ESCUELA REINA DE SUECIA L1,-33.473935,-70.7560086,"Av. Arq. Hugo Bravo 1677, 9290591 Maipú, Región Metropolitana, Chile",google
METROPOLITANA DE SANTIAGO,SANTIAGO,MAIPU,ESCUELA REINA DE SUECIA L2,-33.473935,-70.7560086,"Av. Arq. Hugo Bravo 1677, 9290591 Maipú, Región Metropolitana, Chile",google
METROPOLITANA DE SANTIAGO,SANTIAGO,MAIPU,ESCUELA RUBEN DARIO,-33.5111062,-70.7278415,"Rubén Darío, Maipú, Región Metropolitana, Chile",google
METROPOLITANA DE SANTIAGO,SANTIAGO,MAIPU,ESCUELA SAN LUIS,-33.5118424,-70.7850043,"Santiago, Maipu, Santiago Metropolitan Region, Chile",google
METROPOLITANA DE SANTIAGO,SANTIAGO,MAIPU,ESCUELA TOMAS VARGAS Y ARCAYA,-33.5001086,-70.7761017,"Asunción 1440, 9253950 Maipú, Región Metropolitana, Chile",google
METROPOLITANA DE SANTIAGO,SANTIAGO,MAIPU,ESCUELA VICENTE REYES PALAZUELOS,-33.5170243,-70.7511152,"Elizabeth Heisse 500, 9252478 Maipú, Región Metropolitana, Chile",google
METROPOLITANA DE SANTIAGO,SANTIAGO,MAIPU,GIMNASIO POLIDEPORTIVO MARTIN VARGAS,-33.5148781,-70.77824509999999,"Av. 3 Pte., Maipú, Región Metropolitana, Chile",google
METROPOLITANA DE SANTIAGO,SANTIAGO,MAIPU,LICEO BICENTENARIO DE NIÑAS DE MAIPU,-33.4913408,-70.7843814,"Ing. Eduardo Domínguez 1377, 9301067 Maipú, Región Metropolitana, Chile",google
METROPOLITANA DE SANTIAGO,SANTIAGO,MAIPU,LICEO INDUSTRIAL DOMINGO MATTE PEREZ,-33.516521,-70.7542897,"Cuatro Alamos 215, 9252205 Maipú, Región Metropolitana, Chile",google
METROPOLITANA DE SANTIAGO,SANTIAGO,MAIPU,LICEO JOSE IGNACIO ZENTENO,-33.503236,-70.7690131,"Av. de la Victoria 2400, 9250989 Maipú, Región Metropolitana, Chile",google
METROPOLITANA DE SANTIAGO,SANTIAGO,MAIPU,LICEO NACIONAL DE MAIPU L1,-33.5186344,-70.7926462,"Av. Portales 2471, Maipú, Región Metropolitana, Chile",google
METROPOLITANA DE SANTIAGO,SANTIAGO,MAIPU,LICEO NACIONAL DE MAIPU L2,-33.5186344,-70.7926462,"Av. Portales 2471, Maipú, Región Metropolitana, Chile",google
METROPOLITANA DE SANTIAGO,SANTIAGO,MAIPU,LICEO POLITECNICO HANNOVER,-33.4993056,-70.74459,"Dos Nte. 22, 9253810 Maipú, Región Metropolitana, Chile",google
METROPOLITANA DE SANTIAGO,SANTIAGO,MAIPU,LICEO REINO DE DINAMARCA,-33.5089659,-70.82749249999999,"German Grèves 265, Maipú, Región Metropolitana, Chile",google
METROPOLITANA DE SANTIAGO,SANTIAGO,MAIPU,LICEO SANTIAGO BUERAS Y AVARIA,-33.5052338,-70.7517329,"Capellán Benavides 2321, 9251105 Maipú, Región Metropolitana, Chile",google
METROPOLITANA DE SANTIAGO,SANTIAGO,MAIPU,LICEO TECNOLOGICO ENRIQUE KIRBERG BALTIANSKY L1,-33.5283561,-70.7963843,"Av. El Conquistador 1561, Maipú, Región Metropolitana, Chile",google
METROPOLITANA DE SANTIAGO,SANTIAGO,MAIPU,LICEO TECNOLOGICO ENRIQUE KIRBERG BALTIANSKY L2,-33.5283561,-70.7963843,"Av. El Conquistador 1561, Maipú, Región Metropolitana, Chile",google
METROPOLITANA DE SANTIAGO,SANTIAGO,MAIPU,POLIDEPORTIVO OLIMPICO,-33.5105866,-70.7572607,"Maipú, Maipu, Santiago Metropolitan Region, Chile",google
METROPOLITANA DE SANTIAGO,SANTIAGO,MAIPU,TEATRO MUNICIPAL,-33.4904098,-70.7703766,"Teatro Municipal, Maipú, Región Metropolitana, Chile",google
METROPOLITANA DE SANTIAGO,SANTIAGO,ÑUÑOA,CENTRO POLITECNICO PARTICULAR DE ÑUÑOA,-33.4717432,-70.584721,"Centro Politécnico Particular de Ñuñoa, Peatones 31, Villa Los Jardines, Ñuñoa, Provincia de Santiago, Región Metropolitana de Santiago, 7760247, Chile",nominatim
METROPOLITANA DE SANTIAGO,SANTIAGO,ÑUÑOA,COLEGIO DIVINA PASTORA ÑUÑOA,-33.4592571,-70.6053836,"Colegio Divina Pastora, 4000, Avenida Pedro de Valdivia, Barrio Doctor Luis Bisquert, Ñuñoa, Santiago, Provincia de Santiago, Región Metropolitana de Santiago, 7750000, Chile",nominatim
METROPOLITANA DE SANTIAGO,SANTIAGO,ÑUÑOA,COLEGIO HELLEN KELLER,-33.4434378,-70.574249,"Escuela Especial Municipal Hellen Keller, 1191, Rosita Renard, Barrio Pucará, Ñuñoa, Provincia de Santiago, Región Metropolitana de Santiago, 7790108, Chile",nominatim
METROPOLITANA DE SANTIAGO,SANTIAGO,ÑUÑOA,COLEGIO ISABEL LA CATOLICA,-33.4476058,-70.6038491,"Colegio Isabel La Católica, 701, Villaseca, Barrio Plaza Pedro de Valdivia, Ñuñoa, Providencia, Provincia de Santiago, Región Metropolitana de Santiago, 7750000, Chile",nominatim
METROPOLITANA DE SANTIAGO,SANTIAGO,ÑUÑOA,COLEGIO N°2 DE ÑUÑOA,-33.4576578,-70.5983824,"Comercial Guillermo González Heinrich N°2, 295,321, Avenida José Pedro Alessandri, Población Empleados Públicos y Periodistas Chile-España, Ñuñoa, Santiago, Provincia de Santiago, Región Metropolitana de Santiago, 7750000, Chile",nominatim
METROPOLITANA DE SANTIAGO,SANTIAGO,ÑUÑOA,COLEGIO REPUBLICA ARGENTINA,-33.4543692,-70.629526,"Colegio Técnico Profesional República Argentina, 1004, Avenida Vicuña Mackenna, Barrio Javiera Carrera, Ñuñoa, Provincia de Santiago, Región Metropolitana de Santiago, 7770613, Chile",nominatim
METROPOLITANA DE SANTIAGO,SANTIAGO,ÑUÑOA,COLEGIO REPUBLICA DE SIRIA EDUCACION BASICA,-33.4647563,-70.5886824,"Av. Grecia 4000, 7760519 Ñuñoa, Región Metropolitana, Chile",google
METROPOLITANA DE SANTIAGO,SANTIAGO,ÑUÑOA,COLEGIO REPUBLICA DE SIRIA EDUCACION MEDIA,-33.4647563,-70.5886824,"Av. Grecia 4000, 7760519 Ñuñoa, Región Metropolitana, Chile",google
METROPOLITANA DE SANTIAGO,SANTIAGO,ÑUÑOA,COLEGIO SANTA MARTA,-33.4386222,-70.5762211,"Colegio Santa Marta, 5278, Beethoven, Los Adoquines, Ñuñoa, Provincia de Santiago, Región Metropolitana de Santiago, 7790108, Chile",nominatim
METROPOLITANA DE SANTIAGO,SANTIAGO,ÑUÑOA,COLEGIO UNIVERSITARIO EL SALVADOR L1,-33.44841530000001,-70.6214968,"Av. Salvador 1696, 7770139 Ñuñoa, Región Metropolitana, Chile",google
METROPOLITANA DE SANTIAGO,SANTIAGO,ÑUÑOA,COLEGIO UNIVERSITARIO EL SALVADOR L2,-33.44841530000001,-70.6214968,"Av. Salvador 1696, 7770139 Ñuñoa, Región Metropolitana, Chile",google
METROPOLITANA DE SANTIAGO,SANTIAGO,ÑUÑOA,COMPLEJO EDUCACIONAL MUNICIPAL BRIGIDA WALKER,-33.4599084,-70.625772,"Complejo Educacional Municipal Brigida Walker, 1101, Lo Encalada, Villa Olímpica, Ñuñoa, Provincia de Santiago, Región Metropolitana de Santiago, 8361022, Chile",nominatim
METROPOLITANA DE SANTIAGO,SANTIAGO,ÑUÑOA,ESCUELA BENJAMIN CLARO VELASCO,-33.4654987,-70.5826923,"Escuela Básica Benjamín Claro Velasco, 1077, Ramón Cruz Montt, Villa Los Jardines, Ñuñoa, Santiago, Provincia de Santiago, Región Metropolitana de Santiago, 7750000, Chile",nominatim
METROPOLITANA DE SANTIAGO,SANTIAGO,ÑUÑOA,ESCUELA DIFERENCIAL AMAPOLAS,-33.4402484,-70.5802918,"Escuela Diferencial Municipal Amapolas, 4899, Amapolas, Los Adoquines, Ñuñoa, Provincia de Santiago, Región Metropolitana de Santiago, 7790097, Chile",nominatim
METROPOLITANA DE SANTIAGO,SANTIAGO,ÑUÑOA,ESCUELA GUILLERMO ZAÑARTU IRIGOYEN,-33.4633312,-70.6181044,"Colegio Guillermo Zañartu Irigoyen, 1240, Los Jazmines, Villa Olímpica, Ñuñoa, Provincia de Santiago, Región Metropolitana de Santiago, 7780222, Chile",nominatim
METROPOLITANA DE SANTIAGO,SANTIAGO,ÑUÑOA,ESCUELA JOSE TORIBIO MEDINA,-33.4573018,-70.5941918,"Escuela Básica José Toribio Medina, 3493, Dublé Almeyda, Barrio Plaza Ñuñoa, Ñuñoa, Provincia de Santiago, Región Metropolitana de Santiago, 7750000, Chile",nominatim
METROPOLITANA DE SANTIAGO,SANTIAGO,ÑUÑOA,ESCUELA JUAN MOYA MORALES,-33.4681571,-70.5905857,"Escuela Básica Juan Moya Morales, 4017, Olmué, Villa Los Presidentes, Ñuñoa, Santiago, Provincia de Santiago, Región Metropolitana de Santiago, 8320000, Chile",nominatim
METROPOLITANA DE SANTIAGO,SANTIAGO,ÑUÑOA,ESCUELA PRESIDENTE EDUARDO FREI MONTALVA,-33.4594824,-70.581066,"Escuela Presidente Eduardo Frei Montalva, 4757, Dublé Almeyda, Villa Frei, Ñuñoa, Provincia de Santiago, Región Metropolitana de Santiago, 7760173, Chile",nominatim
METROPOLITANA DE SANTIAGO,SANTIAGO,ÑUÑOA,ESCUELA REPUBLICA DE COSTA RICA,-33.4564891,-70.5946573,"Colegio República de Costa Rica, 123, Humberto Trucco, Barrio Plaza Ñuñoa, Ñuñoa, Santiago, Provincia de Santiago, Región Metropolitana de Santiago, 7760061, Chile",nominatim
METROPOLITANA DE SANTIAGO,SANTIAGO,ÑUÑOA,ESCUELA REPUBLICA DE FRANCIA,-33.4674367,-70.6004207,"Escuela Básica República de Francia, 1435, Exequiel Fernández, Barrio José Pedro Alessandri, Ñuñoa, Santiago, Provincia de Santiago, Región Metropolitana de Santiago, 7750000, Chile",nominatim
METROPOLITANA DE SANTIAGO,SANTIAGO,ÑUÑOA,ESCUELA SAN JUAN BAUTISTA,-33.4674617,-70.5977574,"Colegio San Juan Bautista, 1372, Avenida José Pedro Alessandri, Barrio Doctor Luis Bisquert, Ñuñoa, Provincia de Santiago, Región Metropolitana de Santiago, 7750000, Chile",nominatim
METROPOLITANA DE SANTIAGO,SANTIAGO,ÑUÑOA,ESTADIO NACIONAL JULIO MARTINEZ PRADANOS L1,-33.4644994,-70.6106319,"Av. Grecia 2001, 7780464 Ñuñoa, Región Metropolitana, Chile",google
METROPOLITANA DE SANTIAGO,SANTIAGO,ÑUÑOA,ESTADIO NACIONAL JULIO MARTINEZ PRADANOS L2,-33.4644994,-70.6106319,"Av. Grecia 2001, 7780464 Ñuñoa, Región Metropolitana, Chile",google
METROPOLITANA DE SANTIAGO,SANTIAGO,ÑUÑOA,ESTADIO NACIONAL JULIO MARTINEZ PRADANOS L3,-33.4644994,-70.6106319,"Av. Grecia 2001, 7780464 Ñuñoa, Región Metropolitana, Chile",google
METROPOLITANA DE SANTIAGO,SANTIAGO,ÑUÑOA,LICEO AUGUSTO D HALMAR,-33.4601169,-70.5813189,"Liceo Augusto D'Halmar, 589, Ramón Cruz Montt, Villa Frei, Ñuñoa, Santiago, Provincia de Santiago, Región Metropolitana de Santiago, 7750000, Chile",nominatim
METROPOLITANA DE SANTIAGO,SANTIAGO,ÑUÑOA,LICEO CARMELA SILVA DONOSO L1,-33.4679916,-70.6064329,"Av. Pedro de Valdivia 4862, 7780453 Ñuñoa, Región Metropolitana, Chile",google
METROPOLITANA DE SANTIAGO,SANTIAGO,ÑUÑOA,LICEO CARMELA SILVA DONOSO L2,-33.4679916,-70.6064329,"Av. Pedro de Valdivia 4862, 7780453 Ñuñoa, Región Metropolitana, Chile",google
METROPOLITANA DE SANTIAGO,SANTIAGO,ÑUÑOA,LICEO COMERCIAL GABRIEL GONZALEZ VIDELA,-33.4519365,-70.5910239,"Liceo Comercial Gabriel González Videla, 369, Brown Norte, Barrio Plaza Ñuñoa, Ñuñoa, Santiago, Provincia de Santiago, Región Metropolitana de Santiago, 7750000, Chile",nominatim
METROPOLITANA DE SANTIAGO,SANTIAGO,ÑUÑOA,LICEO EXPERIMENTAL MANUEL DE SALAS L1,-33.4544957,-70.59118579999999,"Brown Nte. 105, 7760065 Ñuñoa, Región Metropolitana, Chile",google
METROPOLITANA DE SANTIAGO,SANTIAGO,ÑUÑOA,LICEO EXPERIMENTAL MANUEL DE SALAS L2,-33.4544957,-70.59118579999999,"Brown Nte. 105, 7760065 Ñuñoa, Región Metropolitana, Chile",google
METROPOLITANA DE SANTIAGO,SANTIAGO,ÑUÑOA,LICEO INDUSTRIAL CHILENO-ALEMAN L1,-33.4584554,-70.5947564,"Dr. Johow 357, Santiago, Ñuñoa, Región Metropolitana, Chile",google
METROPOLITANA DE SANTIAGO,SANTIAGO,ÑUÑOA,LICEO INDUSTRIAL CHILENO-ALEMAN L2,-33.4584554,-70.5947564,"Dr. Johow 357, Santiago, Ñuñoa, Región Metropolitana, Chile",google
METROPOLITANA DE SANTIAGO,SANTIAGO,ÑUÑOA,LICEO JOSE TORIBIO MEDINA,-33.4538087,-70.6117504,"Liceo José Toribio Medina, 39, Carmen Covarrubias, Barrio Eusebio Lillo, Ñuñoa, Santiago, Provincia de Santiago, Región Metropolitana de Santiago, 7750030, Chile",nominatim
METROPOLITANA DE SANTIAGO,SANTIAGO,ÑUÑOA,LICEO LENKA FRANULIC,-33.4497325,-70.5724397,"Liceo Lenka Franulic, 411, Clorinda Willshaw, Barrio Pucará, Ñuñoa, Provincia de Santiago, Región Metropolitana de Santiago, 7850000, Chile",nominatim
METROPOLITANA DE SANTIAGO,SANTIAGO,ÑUÑOA,SAINT GASPAR COLLEGE,-33.4607716,-70.6048742,"Colegio Saint Gaspar College, 2577, Suárez Mujica, Barrio Doctor Luis Bisquert, Ñuñoa, Provincia de Santiago, Región Metropolitana de Santiago, 7750000, Chile",nominatim
METROPOLITANA DE SANTIAGO,SANTIAGO,PEDRO AGUIRRE CERDA,COLEGIO ANTONIO ACEVEDO HERNANDEZ,-33.4908595,-70.6729883,"Colegio Particular Antonio Acevedo Hernández, 2835, Avenida La Marina, Ochagavía D-2, Pedro Aguirre Cerda, Provincia de Santiago, Región Metropolitana de Santiago, 8460427, Chile",nominatim
METROPOLITANA DE SANTIAGO,SANTIAGO,PEDRO AGUIRRE CERDA,COLEGIO ARCANGEL GABRIEL N°2,-33.4971613,-70.66634200000001,"8460627 Santiago, Pedro Aguirre Cerda, Santiago Metropolitan Region, Chile",google
METROPOLITANA DE SANTIAGO,SANTIAGO,PEDRO AGUIRRE CERDA,COLEGIO GRACE SCHOOL,-33.5019077,-70.6866862,"Colegio Grace School, 6136, Armada Nacional, Fraternal Ferroviaria, Pedro Aguirre Cerda, Santiago, Provincia de Santiago, Región Metropolitana de Santiago, 8470359, Chile",nominatim
METROPOLITANA DE SANTIAGO,SANTIAGO,PEDRO AGUIRRE CERDA,COLEGIO PARQUE LAS AMERICAS,-33.502295,-70.693241,"Colegio Parque Las Américas, 3915, Avenida Lo Ovalle, José María Caro, Pedro Aguirre Cerda, Provincia de Santiago, Región Metropolitana de Santiago, 8470572, Chile",nominatim
METROPOLITANA DE SANTIAGO,SANTIAGO,PEDRO AGUIRRE CERDA,ESCUELA BOROA,-33.5051579,-70.6748753,"Escuela Boroa, 6079, Boroa, Población Dávila, Pedro Aguirre Cerda, Santiago, Provincia de Santiago, Región Metropolitana de Santiago, 8490414, Chile",nominatim
METROPOLITANA DE SANTIAGO,SANTIAGO,PEDRO AGUIRRE CERDA,ESCUELA CONSOLIDADA DAVILA,-33.5055317,-70.6698303,"Escuela Consolidada Dávila, 6075, Avenida José Joaquín Prieto Vial, Villa Tricolor, Pedro Aguirre Cerda, Santiago, Provincia de Santiago, Región Metropolitana de Santiago, 8320000, Chile",nominatim
METROPOLITANA DE SANTIAGO,SANTIAGO,PEDRO AGUIRRE CERDA,ESCUELA LA VICTORIA,-33.4878703,-70.6794378,"Escuela La Victoria, 4710, 1 de Mayo, Población La Victoria, Pedro Aguirre Cerda, Provincia de Santiago, Región Metropolitana de Santiago, 8480339, Chile",nominatim
METROPOLITANA DE SANTIAGO,SANTIAGO,PEDRO AGUIRRE CERDA,ESCUELA LO VALLEDOR,-33.5050368,-70.6852874,"Escuela Lo Valledor, 6378, Arturo Alessandri Palma, Lo Valledor Sur, Pedro Aguirre Cerda, Provincia de Santiago, Región Metropolitana de Santiago, 8470359, Chile",nominatim
METROPOLITANA DE SANTIAGO,SANTIAGO,PEDRO AGUIRRE CERDA,ESCUELA POETAS DE CHILE,-33.4808805,-70.66031579999999,"Juan Bastías 2890, 8460112 Pedro Aguirre Cerda, Región Metropolitana, Chile",google
METROPOLITANA DE SANTIAGO,SANTIAGO,PEDRO AGUIRRE CERDA,ESCUELA RICARDO EDUARDO LATCHAM,-33.4940753,-70.6764992,"Pedro Aguirre Cerda, Santiago Metropolitan Region, Chile",google
METROPOLITANA DE SANTIAGO,SANTIAGO,PEDRO AGUIRRE CERDA,ESCUELA RISOPATRON,-33.4902408,-70.6883161,"Escuela Risopatrón, 4491, Pasaje F, Población Alberto Risopatrón, Pedro Aguirre Cerda, Provincia de Santiago, Región Metropolitana de Santiago, 8470569, Chile",nominatim
METROPOLITANA DE SANTIAGO,SANTIAGO,PEDRO AGUIRRE CERDA,ESCUELA ROCIO DE LOS ANGELES,-33.477932,-70.6616975,"Traslaviña 1955, 8460672 Pedro Aguirre Cerda, Región Metropolitana, Chile",google
METROPOLITANA DE SANTIAGO,SANTIAGO,PEDRO AGUIRRE CERDA,ESCUELA VILLA SUR,-33.501983,-70.682548,"Escuela Villa Sur, 02973, Los Molles, Lo Valledor Sur, Pedro Aguirre Cerda, Provincia de Santiago, Región Metropolitana de Santiago, 8480437, Chile",nominatim
METROPOLITANA DE SANTIAGO,SANTIAGO,PEDRO AGUIRRE CERDA,LICEO ENRIQUE BACKAUSSE,-33.4828923,-70.6746378,"Liceo Enrique Backausse, 2850, José Backause, Población San Joaquín Poniente, Pedro Aguirre Cerda, Provincia de Santiago, Región Metropolitana de Santiago, 8460806, Chile",nominatim
METROPOLITANA DE SANTIAGO,SANTIAGO,PEDRO AGUIRRE CERDA,LICEO EUGENIO PEREIRA SALAS,-33.4947059,-70.6836409,"Liceo Eugenio Pereira Salas, 4581, Cooperación, Lo Valledor Norte, Pedro Aguirre Cerda, Provincia de Santiago, Región Metropolitana de Santiago, 8470702, Chile",nominatim
METROPOLITANA DE SANTIAGO,SANTIAGO,PEÑALOLEN,CENTRO EDUCACIONAL AMERICO VESPUCIO,-33.4682447,-70.56522009999999,"Diputada Laura Rodríguez 6525, Peñalolén, Región Metropolitana, Chile",google
METROPOLITANA DE SANTIAGO,SANTIAGO,PEÑALOLEN,CENTRO EDUCACIONAL DIEGO DE ALMAGRO,-33.484394,-70.56334679999999,"7921461 Santiago, Peñalolén, Región Metropolitana, Chile",google
METROPOLITANA DE SANTIAGO,SANTIAGO,PEÑALOLEN,CENTRO EDUCACIONAL EDUARDO DE LA BARRA L1,-33.5057312,-70.567071,"C. A 6301, 7930936 Peñalolén, Región Metropolitana, Chile",google
METROPOLITANA DE SANTIAGO,SANTIAGO,PEÑALOLEN,CENTRO EDUCACIONAL EDUARDO DE LA BARRA L2,-33.5057312,-70.567071,"C. A 6301, 7930936 Peñalolén, Región Metropolitana, Chile",google
METROPOLITANA DE SANTIAGO,SANTIAGO,PEÑALOLEN,CENTRO EDUCACIONAL MARIANO EGAÑA L1,-33.4704682,-70.57219460000002,"Av. Grecia 6083, 7920013 Peñalolén, Región Metropolitana, Chile",google
METROPOLITANA DE SANTIAGO,SANTIAGO,PEÑALOLEN,CENTRO EDUCACIONAL MARIANO EGAÑA L2,-33.4704682,-70.57219460000002,"Av. Grecia 6083, 7920013 Peñalolén, Región Metropolitana, Chile",google
METROPOLITANA DE SANTIAGO,SANTIAGO,PEÑALOLEN,CENTRO EDUCACIONAL VALLE HERMOSO,-33.4707779,-70.5316777,"Valle Hermoso 1120, 7911073 Peñalolén, Región Metropolitana, Chile",google
METROPOLITANA DE SANTIAGO,SANTIAGO,PEÑALOLEN,COLEGIO ALCANTARA DE LOS ALTOS DE PEÑALOLEN,-33.4791858,-70.5448041,"21007940080 - Av. Consistorial 2100, local 214, 7940080 Peñalolén, Región Metropolitana, Chile",google
METROPOLITANA DE SANTIAGO,SANTIAGO,PEÑALOLEN,COLEGIO ANTUPIREN,-33.4755193,-70.5549181,"Av. Mariano Sánchez Fontecilla, 7941118 Peñalolén, Región Metropolitana, Chile",google
METROPOLITANA DE SANTIAGO,SANTIAGO,PEÑALOLEN,COLEGIO BICENTENARIO MATILDE HUICI NAVAS,-33.4753331,-70.5319853,"7911965 Santiago, Peñalolén, Región Metropolitana, Chile",google
METROPOLITANA DE SANTIAGO,SANTIAGO,PEÑALOLEN,COLEGIO JESUS SERVIDOR,-33.474034,-70.576132,"El Litoral 5787, 7920293 Peñalolén, Región Metropolitana, Chile",google
METROPOLITANA DE SANTIAGO,SANTIAGO,PEÑALOLEN,COLEGIO JORGE PRIETO LETELIER,-33.5075537,-70.5641132,"Las Cepas 5851, 7930762 Peñalolén, Región Metropolitana, Chile",google
METROPOLITANA DE SANTIAGO,SANTIAGO,PEÑALOLEN,COLEGIO MONTEVERDE,-33.4739152,-70.54963769999999,"Caburga 1845, 7911346 Peñalolén, Región Metropolitana, Chile",google
METROPOLITANA DE SANTIAGO,SANTIAGO,PEÑALOLEN,COLEGIO SAN FERNANDO,-33.5033805,-70.5782543,"Nevado Tres Cruces 5500, 7931296 Peñalolén, Región Metropolitana, Chile",google
METROPOLITANA DE SANTIAGO,SANTIAGO,PEÑALOLEN,COLEGIO SANTA MARTA DE PEÑALOLEN,-33.504463,-70.586203,"7931335 Santiago, Peñalolén, Santiago Metropolitan Region, Chile",google
METROPOLITANA DE SANTIAGO,SANTIAGO,PEÑALOLEN,COLEGIO SANTA SOFIA,-33.4761129,-70.5645567,"Av. Coronel Alejandro Sepúlveda 6790, 7921407 Peñalolén, Región Metropolitana, Chile",google
METROPOLITANA DE SANTIAGO,SANTIAGO,PEÑALOLEN,ESCUELA CARLOS FERNANDEZ PEÑA,-33.4672688,-70.5523099,"Peñalolén, Santiago Metropolitan Region, Chile",google
METROPOLITANA DE SANTIAGO,SANTIAGO,PEÑALOLEN,ESCUELA JUAN BAUTISTA PASTENE,-33.4731,-70.53795,"Del Jardín 1565, 7911352 Peñalolén, Región Metropolitana, Chile",google
METROPOLITANA DE SANTIAGO,SANTIAGO,PEÑALOLEN,ESCUELA LUIS ARRIETA CAÑAS,-33.4642349,-70.5564382,"Diego Rojas 900, 7911815 Peñalolén, Región Metropolitana, Chile",google
METROPOLITANA DE SANTIAGO,SANTIAGO,PEÑALOLEN,ESCUELA MIRAVALLE L1,-33.4799639,-70.5282739,"Pablo Neruda 1921, 7940298 Peñalolén, Región Metropolitana, Chile",google
METROPOLITANA DE SANTIAGO,SANTIAGO,PEÑALOLEN,ESCUELA MIRAVALLE L2,-33.4799639,-70.5282739,"Pablo Neruda 1921, 7940298 Peñalolén, Región Metropolitana, Chile",google
METROPOLITANA DE SANTIAGO,SANTIAGO,PEÑALOLEN,ESCUELA SAN JOSE OBRERO,-33.4724168,-70.5346412,"Quebrada de Vitor 1400, 7910651 Peñalolén, Región Metropolitana, Chile",google
METROPOLITANA DE SANTIAGO,SANTIAGO,PEÑALOLEN,ESCUELA SANTA MARIA DE PEÑALOLEN,-33.4803405,-70.5721978,"Pje. Dos 2560, 7920783 Peñalolén, Región Metropolitana, Chile",google
METROPOLITANA DE SANTIAGO,SANTIAGO,PEÑALOLEN,ESCUELA SANTA VICTORIA,-33.4619363,-70.5695681,"Cruz Almeyda 830, 7910138 Peñalolén, Región Metropolitana, Chile",google
METROPOLITANA DE SANTIAGO,SANTIAGO,PEÑALOLEN,ESCUELA TOBALABA,-33.4867568,-70.5585143,"Av. Tobalaba, Peñalolén, Región Metropolitana, Chile",google
METROPOLITANA DE SANTIAGO,SANTIAGO,PEÑALOLEN,ESCUELA UNION NACIONAL ARABE,-33.4663342,-70.5349976,"7910414 Santiago, Peñalolén, Región Metropolitana, Chile",google
METROPOLITANA DE SANTIAGO,SANTIAGO,PEÑALOLEN,ESCUELA WELCOME SCHOOL,-33.5086755,-70.5789095,"Los Refugios 5274, 7931165 Peñalolén, Región Metropolitana, Chile",google
METROPOLITANA DE SANTIAGO,SANTIAGO,PEÑALOLEN,LICEO ANTONIO HERMIDA FABRES L1,-33.4765473,-70.5641694,"AV. CORONEL ALEJANDRO SEPULVEDA 6801 Peñalolén, 7921113 Peñalolén, Región Metropolitana, Chile",google
METROPOLITANA DE SANTIAGO,SANTIAGO,PEÑALOLEN,LICEO ANTONIO HERMIDA FABRES L2,-33.4765473,-70.5641694,"AV. CORONEL ALEJANDRO SEPULVEDA 6801 Peñalolén, 7921113 Peñalolén, Región Metropolitana, Chile",google
METROPOLITANA DE SANTIAGO,SANTIAGO,PEÑALOLEN,LICEO CARMEN ARRIARAN,-33.5097467,-70.5865748,"Av. Departamental 4850, 7930843 Peñalolén, Región Metropolitana, Chile",google
METROPOLITANA DE SANTIAGO,SANTIAGO,PEÑALOLEN,LICEO ERASMO ESCALA ARRIAGADA,-33.4665086,-70.5642841,"Avenida Parque Uno 1233, Peñalolén, Región Metropolitana, Chile",google
METROPOLITANA DE SANTIAGO,SANTIAGO,PROVIDENCIA,CAMPUS ORIENTE UNIVERSIDAD CATOLICA L1,-33.4459786,-70.5935179,"Jaime Guzmán Errázuriz 3300, Providencia, Región Metropolitana, Chile",google
METROPOLITANA DE SANTIAGO,SANTIAGO,PROVIDENCIA,CAMPUS ORIENTE UNIVERSIDAD CATOLICA L2,-33.4459786,-70.5935179,"Jaime Guzmán Errázuriz 3300, Providencia, Región Metropolitana, Chile",google
METROPOLITANA DE SANTIAGO,SANTIAGO,PROVIDENCIA,COLEGIO COMPANIA DE MARIA-SEMINARIO L1,-33.4371,-70.6311061,"Seminario 31, 7500777 Providencia, Región Metropolitana, Chile",google
METROPOLITANA DE SANTIAGO,SANTIAGO,PROVIDENCIA,COLEGIO COMPANIA DE MARIA-SEMINARIO L2,-33.4371,-70.6311061,"Seminario 31, 7500777 Providencia, Región Metropolitana, Chile",google
METROPOLITANA DE SANTIAGO,SANTIAGO,PROVIDENCIA,COLEGIO JOSEFINO SANTISIMA TRINIDAD,-33.4358473,-70.6190327,"Colegio Josefino Santisima Trinidad, 700, Avenida José Miguel Claro, Barrio Manuel Montt, Providencia, Provincia de Santiago, Región Metropolitana de Santiago, 7500000, Chile",nominatim
METROPOLITANA DE SANTIAGO,SANTIAGO,PROVIDENCIA,COLEGIO PEDRO DE VALDIVIA,-33.4406934,-70.608003,"Colegio Pedro de Valdivia, 1939, Avenida Pedro de Valdivia, Barrio Plaza Pedro de Valdivia, Providencia, Provincia de Santiago, Región Metropolitana de Santiago, 7500000, Chile",nominatim
METROPOLITANA DE SANTIAGO,SANTIAGO,PROVIDENCIA,COLEGIO REGINA PACIS,-33.4432396,-70.5966308,"Colegio Particular Regina Pacis, 3341, El Aguilucho, Providencia, Provincia de Santiago, Región Metropolitana de Santiago, 7500000, Chile",nominatim
METROPOLITANA DE SANTIAGO,SANTIAGO,PROVIDENCIA,COLEGIO SALESIANO EL PATROCINIO DE SAN JOSE,-33.4292997,-70.6298796,"Campo Deportivo Colegio Salesiano El Patrocinio De San José, Campo Deportivo Colegio Salesiano El Patrocinio de San José, Barrio Los Gráficos, Providencia, Provincia de Santiago, Región Metropolitana de Santiago, 7520344, Chile",nominatim
METROPOLITANA DE SANTIAGO,SANTIAGO,PROVIDENCIA,COLEGIO SAN IGNACIO EL BOSQUE L1,-33.4341216,-70.5940032,"Av. Pocuro 2801, Providencia, Región Metropolitana, Chile",google
METROPOLITANA DE SANTIAGO,SANTIAGO,PROVIDENCIA,COLEGIO SAN IGNACIO EL BOSQUE L2,-33.4341216,-70.5940032,"Av. Pocuro 2801, Providencia, Región Metropolitana, Chile",google
METROPOLITANA DE SANTIAGO,SANTIAGO,PROVIDENCIA,COLEGIO THE KENT SCHOOL,-33.4423638,-70.6057159,"The Kent School, 2176, Avenida Pedro de Valdivia, Barrio Plaza Pedro de Valdivia, Providencia, Provincia de Santiago, Región Metropolitana de Santiago, 7500000, Chile",nominatim
METROPOLITANA DE SANTIAGO,SANTIAGO,PROVIDENCIA,ESCUELA JUAN PABLO DUARTE L1,-33.4459934,-70.62122269999999,"Av. Sta. Isabel 735, 7501409 Providencia, Región Metropolitana, Chile",google
METROPOLITANA DE SANTIAGO,SANTIAGO,PROVIDENCIA,ESCUELA JUAN PABLO DUARTE L2,-33.4459934,-70.62122269999999,"Av. Sta. Isabel 735, 7501409 Providencia, Región Metropolitana, Chile",google
METROPOLITANA DE SANTIAGO,SANTIAGO,PROVIDENCIA,ESCUELA MERCEDES MARIN DEL SOLAR,-33.4221412,-70.6044738,"Escuela Básica Mercedes Marín del Solar, 262, Avenida Los Leones, Barrio Lyon, Providencia, Provincia de Santiago, Región Metropolitana de Santiago, 7500000, Chile",nominatim
METROPOLITANA DE SANTIAGO,SANTIAGO,PROVIDENCIA,ESCUELA PROVIDENCIA,-33.4450344,-70.5946712,"Colegio de los Sagrados Corazones Providencia, 1115, Avenida Chile España, Providencia, Provincia de Santiago, Región Metropolitana de Santiago, 7500000, Chile",nominatim
METROPOLITANA DE SANTIAGO,SANTIAGO,PROVIDENCIA,INSTITUTO DE HUMANIDADES LUIS CAMPINO L1,-33.4257517,-70.6102933,"Av. Pedro de Valdivia 290, 7510249 Providencia, Región Metropolitana, Chile",google
METROPOLITANA DE SANTIAGO,SANTIAGO,PROVIDENCIA,INSTITUTO DE HUMANIDADES LUIS CAMPINO L2,-33.4257517,-70.6102933,"Av. Pedro de Valdivia 290, 7510249 Providencia, Región Metropolitana, Chile",google
METROPOLITANA DE SANTIAGO,SANTIAGO,PROVIDENCIA,INSTITUTO PROFESIONAL DUOC,-33.4328105,-70.6203904,"Instituto Profesional Duoc UC Sede Educación Continua, 337, Avenida José Miguel Claro, Barrio Triana, Providencia, Provincia de Santiago, Región Metropolitana de Santiago, 7500000, Chile",nominatim
METROPOLITANA DE SANTIAGO,SANTIAGO,PROVIDENCIA,LICEO ARTURO ALESSANDRI PALMA,-33.4461781,-70.6311196,"Liceo Polivalente Arturo Alessandri Palma, 443, Avenida General Bustamante, Santiago, Providencia, Provincia de Santiago, Región Metropolitana de Santiago, 7501354, Chile",nominatim
METROPOLITANA DE SANTIAGO,SANTIAGO,PROVIDENCIA,LICEO B 42 TAJAMAR,-33.417821,-70.6016708,"Tajamar 42, Las Condes, Providencia, Región Metropolitana, Chile",google
METROPOLITANA DE SANTIAGO,SANTIAGO,PROVIDENCIA,LICEO CARMELA CARVAJAL DE PRAT L1,-33.4434471,-70.62548660000002,"Av. Italia 980, 7501234 Providencia, Región Metropolitana, Chile",google
METROPOLITANA DE SANTIAGO,SANTIAGO,PROVIDENCIA,LICEO CARMELA CARVAJAL DE PRAT L2,-33.4434471,-70.62548660000002,"Av. Italia 980, 7501234 Providencia, Región Metropolitana, Chile",google
METROPOLITANA DE SANTIAGO,SANTIAGO,PROVIDENCIA,LICEO JOSE VICTORINO LASTARRIA L1,-33.430382,-70.6213956,"Miguel Claro 32, 7500558 Providencia, Región Metropolitana, Chile",google
METROPOLITANA DE SANTIAGO,SANTIAGO,PROVIDENCIA,LICEO JOSE VICTORINO LASTARRIA L2,-33.430382,-70.6213956,"Miguel Claro 32, 7500558 Providencia, Región Metropolitana, Chile",google
METROPOLITANA DE SANTIAGO,SANTIAGO,PROVIDENCIA,LICEO N°7 DE PROVIDENCIA LUISA SAAVEDRA L1,-33.4243771,-70.6142472,"Nuncio Mons. Sótero Sanz de Villalba 60, 7500011 Providencia, Región Metropolitana, Chile",google
METROPOLITANA DE SANTIAGO,SANTIAGO,PROVIDENCIA,LICEO N°7 DE PROVIDENCIA LUISA SAAVEDRA L2,-33.4243771,-70.6142472,"Nuncio Mons. Sótero Sanz de Villalba 60, 7500011 Providencia, Región Metropolitana, Chile",google
METROPOLITANA DE SANTIAGO,SANTIAGO,PROVIDENCIA,UNIVERSIDAD AUTONOMA DE CHILE L1,-33.4274286,-70.6114813,"Av. Pedro de Valdivia 425, 7500912 Providencia, Región Metropolitana, Chile",google
METROPOLITANA DE SANTIAGO,SANTIAGO,PROVIDENCIA,UNIVERSIDAD AUTONOMA DE CHILE L2,-33.4274286,-70.6114813,"Av. Pedro de Valdivia 425, 7500912 Providencia, Región Metropolitana, Chile",google
METROPOLITANA DE SANTIAGO,SANTIAGO,PUDAHUEL,COLEGIO FINLANDIA,-33.4470608,-70.7586767,"Colegio Finlandia, 8852, Corona Sueca, Pudahuel, Provincia de Santiago, Región Metropolitana de Santiago, 9020078, Chile",nominatim
METROPOLITANA DE SANTIAGO,SANTIAGO,PUDAHUEL,COLEGIO GERONIMO DE ALDERETE,-33.4581855,-70.7595343,"Colegio Polivalente Geronimo De Alderete, 8700, Avenida La Laguna Sur, Villa Cristóbal Colón, Pudahuel, Provincia de Santiago, Región Metropolitana de Santiago, 9290386, Chile",nominatim
METROPOLITANA DE SANTIAGO,SANTIAGO,PUDAHUEL,COLEGIO MADRE ANA EUGENIA,-33.4372457,-70.7533675,"Colegio Madre Ana Eugenia, 1116, Avenida La Estrella, Villa La Alborada, Pudahuel, Provincia de Santiago, Región Metropolitana de Santiago, 9020078, Chile",nominatim
METROPOLITANA DE SANTIAGO,SANTIAGO,PUDAHUEL,COLEGIO MANQUECURA CIUDAD DE LOS VALLES,-33.4504994,-70.8488532,"Colegio Manquecura Ciudad de los Valles, 19877, Avenida Del Canal, Barrio Grande, Ciudad de los Valles, Pudahuel, Provincia de Santiago, Región Metropolitana de Santiago, Chile",nominatim
METROPOLITANA DE SANTIAGO,SANTIAGO,PUDAHUEL,COLEGIO MINISTRO DIEGO PORTALES,-33.4439412,-70.7508035,"Colegio Ministro Diego Portales, 8569, San Pablo, Población Santiago Amengual, Pudahuel, Provincia de Santiago, Región Metropolitana de Santiago, 9020078, Chile",nominatim
METROPOLITANA DE SANTIAGO,SANTIAGO,PUDAHUEL,COLEGIO SAN ALBERTO HURTADO DE PUDAHUEL,-33.4637577,-70.7607182,"Colegio San Alberto Hurtado, 8735, Callejón de Los Mares, Villa Estrella Sur, Pudahuel, Provincia de Santiago, Región Metropolitana de Santiago, 9290386, Chile",nominatim
METROPOLITANA DE SANTIAGO,SANTIAGO,PUDAHUEL,COLEGIO SAN FELIPE,-33.4624826,-70.737558,"Colegio San Felipe, 7241, Doña Verónica, Condominio las Torres, Pudahuel, Provincia de Santiago, Región Metropolitana de Santiago, 9290386, Chile",nominatim
METROPOLITANA DE SANTIAGO,SANTIAGO,PUDAHUEL,COLEGIO SANTA BEATRIZ,-33.4378622,-70.753576,"Escuela Básica N°1058 Santa Beatriz, 1084, Avenida La Estrella, Villa La Alborada, Pudahuel, Provincia de Santiago, Región Metropolitana de Santiago, 9020078, Chile",nominatim
METROPOLITANA DE SANTIAGO,SANTIAGO,PUDAHUEL,COLEGIO SANTIAGO DE PUDAHUEL,-33.4563508,-70.7557317,"Colegio Santiago de Pudahuel, 434, Avenida Oceanía, Población Ignacio Carrera Pinto, Pudahuel, Provincia de Santiago, Región Metropolitana de Santiago, 9290386, Chile",nominatim
METROPOLITANA DE SANTIAGO,SANTIAGO,PUDAHUEL,COLEGIO TERRA AUSTRALIS,-33.433381,-70.7731924,"Colegio Terra Australis, 1290, Avenida José Manuel Guzmán, Pudahuel, Provincia de Santiago, Región Metropolitana de Santiago, 9031169, Chile",nominatim
METROPOLITANA DE SANTIAGO,SANTIAGO,PUDAHUEL,ESCUELA ALBERT EINSTEIN,-33.433898,-70.7550473,"Escuela Albert Einstein, 1266, Jazmín, Villa La Alborada, Pudahuel, Provincia de Santiago, Región Metropolitana de Santiago, 9020078, Chile",nominatim
METROPOLITANA DE SANTIAGO,SANTIAGO,PUDAHUEL,ESCUELA ALEXANDER GRAHAM BELL,-33.4325473,-70.7418484,"Escuela Alexander Graham Bell, 1192, Mar Caribe, Población Pudahuel, Pudahuel, Provincia de Santiago, Región Metropolitana de Santiago, 9010290, Chile",nominatim
METROPOLITANA DE SANTIAGO,SANTIAGO,PUDAHUEL,ESCUELA ANTILHUE DE PUDAHUEL,-33.4648399,-70.7425282,"Colegio Antilhue de Pudahuel, 7457, Ancahual, Villa El Sol, Pudahuel, Provincia de Santiago, Región Metropolitana de Santiago, 9290386, Chile",nominatim
METROPOLITANA DE SANTIAGO,SANTIAGO,PUDAHUEL,ESCUELA CHRIST SCHOOL DE PUDAHUEL,-33.4562869,-70.746093,"Escuela Básica Y Especial Christ School, 7825, Avenida La Travesía, Villa Juan Guzmán, Pudahuel, Provincia de Santiago, Región Metropolitana de Santiago, 9290386, Chile",nominatim
METROPOLITANA DE SANTIAGO,SANTIAGO,PUDAHUEL,ESCUELA EL SALITRE,-33.4475964,-70.7508935,"Colegio El Salitre, 690, El Salitre, Población Santiago Amengual, Pudahuel, Provincia de Santiago, Región Metropolitana de Santiago, 9020078, Chile",nominatim
METROPOLITANA DE SANTIAGO,SANTIAGO,PUDAHUEL,ESCUELA ELVIRA SANTA CRUZ OSSA,-33.4427157,-70.7651314,"Escuela Elvira Santa Cruz Ossa, 9184, San Pablo, Pudahuel, Provincia de Santiago, Región Metropolitana de Santiago, 9020078, Chile",nominatim
METROPOLITANA DE SANTIAGO,SANTIAGO,PUDAHUEL,ESCUELA ESTADO DE FLORIDA,-33.4328506,-70.7668943,"Colegio Estado De Florida, 1384, Serrano, Pudahuel, Provincia de Santiago, Región Metropolitana de Santiago, 9020078, Chile",nominatim
METROPOLITANA DE SANTIAGO,SANTIAGO,PUDAHUEL,ESCUELA ESTRELLA DE CHILE,-33.4369125,-70.7478673,"Escuela Estrella de Chile, 8550, San Francisco, Población Pudahuel, Pudahuel, Provincia de Santiago, Región Metropolitana de Santiago, 9020078, Chile",nominatim
METROPOLITANA DE SANTIAGO,SANTIAGO,PUDAHUEL,ESCUELA MELVIN JONES,-33.4407212,-70.7416661,"Colegio Básica Melvin Jones, 8403, Lago Salado, Población Pudahuel, Pudahuel, Provincia de Santiago, Región Metropolitana de Santiago, 9020078, Chile",nominatim
METROPOLITANA DE SANTIAGO,SANTIAGO,PUDAHUEL,ESCUELA MONSEÑOR CARLOS OVIEDO,-33.4495838,-70.7456984,"Escuela Monseñor Carlos Oviedo, 664, Los Ediles, Población Santiago Amengual, Pudahuel, Provincia de Santiago, Región Metropolitana de Santiago, 9020078, Chile",nominatim
METROPOLITANA DE SANTIAGO,SANTIAGO,PUDAHUEL,ESCUELA SAN DANIEL,-33.4284845,-70.765041,"Escuela San Daniel, 1370, Serrano, Pudahuel, Provincia de Santiago, Región Metropolitana de Santiago, 9020078, Chile",nominatim
METROPOLITANA DE SANTIAGO,SANTIAGO,PUDAHUEL,ESCUELA TENIENTE HERNAN MERINO CORREA,-33.4325537,-70.7613161,"Escuela Teniente Hernán Merino Correa, 1272, Copiapó, Villa La Alborada, Pudahuel, Provincia de Santiago, Región Metropolitana de Santiago, 9020078, Chile",nominatim
METROPOLITANA DE SANTIAGO,SANTIAGO,PUDAHUEL,LICEO CIUDAD DE BRASILIA,-33.4020326,-70.8550213,"Liceo Ciudad de Brasilia, Camino Simón Bolivar, Villa Antonio Rodríguez, El Noviciado, El Cambucho, Pudahuel, Provincia de Santiago, Región Metropolitana de Santiago, Chile",nominatim
METROPOLITANA DE SANTIAGO,SANTIAGO,PUDAHUEL,LICEO MONSEÑOR ENRIQUE ALVEAR BASICA,-33.4596451,-70.7529254,"Av. Laguna Sur 8543, 9060641 Pudahuel, Región Metropolitana, Chile",google
METROPOLITANA DE SANTIAGO,SANTIAGO,PUDAHUEL,LICEO MONSEÑOR ENRIQUE ALVEAR MEDIA L1,-33.4596451,-70.7529254,"Av. Laguna Sur 8543, 9060641 Pudahuel, Región Metropolitana, Chile",google
METROPOLITANA DE SANTIAGO,SANTIAGO,PUDAHUEL,LICEO MONSEÑOR ENRIQUE ALVEAR MEDIA L2,-33.4596451,-70.7529254,"Av. Laguna Sur 8543, 9060641 Pudahuel, Región Metropolitana, Chile",google
METROPOLITANA DE SANTIAGO,SANTIAGO,PUDAHUEL,LINCOLN COLLEGE PUDAHUEL,-33.4536755,-70.7613599,"La Travesía, 9061459 Santiago, Pudahuel, Región Metropolitana, Chile",google
METROPOLITANA DE SANTIAGO,SANTIAGO,QUILICURA,COLEGIO JUAN LUIS UNDURRAGA ANINAT,-33.3652684,-70.7584827,"Colegio Juan Luis Undurraga Aninat, 785, Las Violetas, Población Cardenal Raúl Silva Henríquez, Quilicura, Provincia de Santiago, Región Metropolitana de Santiago, 9030950, Chile",nominatim
METROPOLITANA DE SANTIAGO,SANTIAGO,QUILICURA,COLEGIO MANQUECURA VALLE LO CAMPINO L1,-33.3874561,-70.72424819999999,"Cam. del Cerro 2700, Quilicura, Región Metropolitana, Chile",google
METROPOLITANA DE SANTIAGO,SANTIAGO,QUILICURA,COLEGIO MANQUECURA VALLE LO CAMPINO L2,-33.3874561,-70.72424819999999,"Cam. del Cerro 2700, Quilicura, Región Metropolitana, Chile",google
METROPOLITANA DE SANTIAGO,SANTIAGO,QUILICURA,COLEGIO MELFORD COLLEGE,-33.3616296,-70.728936,"Colegio Melford College, 522, Alcalde Jorge Indo Beardesley, Villa Los Cántaros, Quilicura, Provincia de Santiago, Región Metropolitana de Santiago, 8700000, Chile",nominatim
METROPOLITANA DE SANTIAGO,SANTIAGO,QUILICURA,COLEGIO NOVO MUNDO,-33.3628415,-70.721298,"Colegio Novo Mundo, Condominio Los Robles 2, Quilicura, Provincia de Santiago, Región Metropolitana de Santiago, 8700000, Chile",nominatim
METROPOLITANA DE SANTIAGO,SANTIAGO,QUILICURA,COLEGIO PALMARES,-33.3573629,-70.7369503,"Colegio Palmarés, 300, Avenida Santa Luisa, Villa Las Tranqueras, Quilicura, Provincia de Santiago, Región Metropolitana de Santiago, 8700000, Chile",nominatim
METROPOLITANA DE SANTIAGO,SANTIAGO,QUILICURA,COLEGIO SAN ADRIAN DE QUILICURA,-33.3616277,-70.730873,"Colegio San Adrián, 275, Lo Ovalle, Villa Amancay, Quilicura, Provincia de Santiago, Región Metropolitana de Santiago, 8700000, Chile",nominatim
METROPOLITANA DE SANTIAGO,SANTIAGO,QUILICURA,COLEGIO SAN ALBERTO HURTADO,-33.3702236,-70.7196808,"Colegio San Alberto Hurtado, 1120, Ramón Rosales, Villa Esmeralda, Quilicura, Provincia de Santiago, Región Metropolitana de Santiago, 8700000, Chile",nominatim
METROPOLITANA DE SANTIAGO,SANTIAGO,QUILICURA,COLEGIO SAN CARLOS DE QUILICURA,-33.3569742,-70.7265277,"Colegio San Carlos de Quilicura, 570, Lo Marcoleta, Conjunto Jardín del Sol, Quilicura, Provincia de Santiago, Región Metropolitana de Santiago, 8700000, Chile",nominatim
METROPOLITANA DE SANTIAGO,SANTIAGO,QUILICURA,COLEGIO SAN ISAAC JOGUES,-33.3610587,-70.7203478,"Colegio San Isaac Jogues, 164, Lo Cruzat, Casas de Lo Cruzat, Quilicura, Provincia de Santiago, Región Metropolitana de Santiago, 8700000, Chile",nominatim
METROPOLITANA DE SANTIAGO,SANTIAGO,QUILICURA,COLEGIO SAN SEBASTIAN DE QUILICURA L1,-33.3620347,-70.7535541,"San Luis 650, Quilicura, Región Metropolitana, Chile",google
METROPOLITANA DE SANTIAGO,SANTIAGO,QUILICURA,COLEGIO SAN SEBASTIAN DE QUILICURA L2,-33.3620347,-70.7535541,"San Luis 650, Quilicura, Región Metropolitana, Chile",google
METROPOLITANA DE SANTIAGO,SANTIAGO,QUILICURA,COLEGIO SANTA BARBARA H.S.,-33.3694116,-70.72430899999999,"Ramón Rosales N° 785, 8700607 Quilicura, Región Metropolitana, Chile",google
METROPOLITANA DE SANTIAGO,SANTIAGO,QUILICURA,COLEGIO SANTA MARIA,-33.369844,-70.7351951,"Colegio Polivalente Santa María, 518, Serrano, Villa Buen Pastor, Quilicura, Provincia de Santiago, Región Metropolitana de Santiago, 8700000, Chile",nominatim
METROPOLITANA DE SANTIAGO,SANTIAGO,QUILICURA,COLEGIO SANTIAGO - QUILICURA,-33.3616822,-70.7192976,"Colegio Santiago Quilicura, 946, Avenida Las Torres, Condominio Los Robles 2, Quilicura, Provincia de Santiago, Región Metropolitana de Santiago, 8700000, Chile",nominatim
METROPOLITANA DE SANTIAGO,SANTIAGO,QUILICURA,COMPLEJO EDUCACIONAL JOSE MIGUEL CARRERA,-33.3686333,-70.7330415,"Complejo Educacional José Miguel Carrera, 399, José Francisco Vergara, Villa Doctor Dussert II, Quilicura, Provincia de Santiago, Región Metropolitana de Santiago, 8700000, Chile",nominatim
METROPOLITANA DE SANTIAGO,SANTIAGO,QUILICURA,ESCUELA ANA FRANK,-33.3565414,-70.7370872,"Escuela Básica Ana Frank, 268, Avenida Santa Luisa, Villa Las Tranqueras, Quilicura, Provincia de Santiago, Región Metropolitana de Santiago, 8700000, Chile",nominatim
METROPOLITANA DE SANTIAGO,SANTIAGO,QUILICURA,ESCUELA EL MAÑIO,-33.370811,-70.7433969,"Escuela Básica El Mañío, 710, 21 de Mayo, Villa El Mañío, Quilicura, Provincia de Santiago, Región Metropolitana de Santiago, 8700000, Chile",nominatim
METROPOLITANA DE SANTIAGO,SANTIAGO,QUILICURA,ESCUELA LUIS CRUZ MARTINEZ L1,-33.3666192,-70.71616039999999,"Av Manuel Antonio Matta 1250, 8720780 Quilicura, Región Metropolitana, Chile",google
METROPOLITANA DE SANTIAGO,SANTIAGO,QUILICURA,ESCUELA LUIS CRUZ MARTINEZ L2,-33.3666192,-70.71616039999999,"Av Manuel Antonio Matta 1250, 8720780 Quilicura, Región Metropolitana, Chile",google
METROPOLITANA DE SANTIAGO,SANTIAGO,QUILICURA,ESCUELA MERCEDES FONTECILLA,-33.366598,-70.7466677,"Escuela Mercedes Fontecilla de Carrera, 535, Cabo 1° Carlos Cuevas Olmos, Villa Altos del Mañío, Quilicura, Santiago, Provincia de Santiago, Región Metropolitana de Santiago, 8700000, Chile",nominatim
METROPOLITANA DE SANTIAGO,SANTIAGO,QUILICURA,ESCUELA PALMARES ORIENTE,-33.3482204,-70.7278623,"Colegio Palmarés Oriente, 526, Avenida Bernardo O'Higgins, Parque Central, Quilicura, Provincia de Santiago, Región Metropolitana de Santiago, 8700000, Chile",nominatim
METROPOLITANA DE SANTIAGO,SANTIAGO,QUILICURA,LICEO BICENTENARIO FRANCISCO BILBAO BARQUIN DE QUILICURA,-33.3545974,-70.753441,"Liceo Bicentenario Francisco Bilbao Barquín, 0490, Nueva Delhi, Villa Ciudad Nueva, Quilicura, Provincia de Santiago, Región Metropolitana de Santiago, 8700000, Chile",nominatim
METROPOLITANA DE SANTIAGO,SANTIAGO,QUILICURA,LICEO JOSE DOMINGO CAÑAS,-33.3654466,-70.742455,"Liceo José Domingo Cañas, 231, San Luis, Villa San Esteban, Quilicura, Provincia de Santiago, Región Metropolitana de Santiago, 8700000, Chile",nominatim
METROPOLITANA DE SANTIAGO,SANTIAGO,QUINTA NORMAL,COLEGIO ELVIRA HURTADO DE MATTE DE SANTIAGO,-33.4218512,-70.6962349,"Av. Carrascal 4503, 8520745 Quinta Normal, Región Metropolitana, Chile",google
METROPOLITANA DE SANTIAGO,SANTIAGO,QUINTA NORMAL,COLEGIO POLITECNICO SANTA ANA,-33.4375376,-70.6880929,"Liceo Politécnico Santa Ana, 3850, San Pablo, Quinta Normal, Provincia de Santiago, Región Metropolitana de Santiago, 8350302, Chile",nominatim
METROPOLITANA DE SANTIAGO,SANTIAGO,QUINTA NORMAL,ESCUELA ANTUMALAL,-33.4183517,-70.7141663,"Escuela Antumalal, 5967, Heriberto Rojas, Población Luis de Cambiaire, Quinta Normal, Provincia de Santiago, Región Metropolitana de Santiago, 8520512, Chile",nominatim
METROPOLITANA DE SANTIAGO,SANTIAGO,QUINTA NORMAL,ESCUELA CALICANTO,-33.4270666,-70.7099817,"Escuela Calicanto, 5463, Avenida Mapocho, Barrio Argentina, Quinta Normal, Provincia de Santiago, Región Metropolitana de Santiago, 8500445, Chile",nominatim
METROPOLITANA DE SANTIAGO,SANTIAGO,QUINTA NORMAL,ESCUELA DIEGO PORTALES,-33.4212696,-70.7014597,"Escuela Diego Portales, 2169, Radal del Obispo Francisco Anabalón Duarte, Barrio Argentina, Quinta Normal, Provincia de Santiago, Región Metropolitana de Santiago, 8500445, Chile",nominatim
METROPOLITANA DE SANTIAGO,SANTIAGO,QUINTA NORMAL,ESCUELA ESPAÑA,-33.4100873,-70.7112081,"Escuela España, 2863, Calle 2, Quinta Normal, Provincia de Santiago, Región Metropolitana de Santiago, 8520512, Chile",nominatim
METROPOLITANA DE SANTIAGO,SANTIAGO,QUINTA NORMAL,ESCUELA GRENOBLE,-33.4267374,-70.6953301,"Escuela Básica Municipal Grenoble, 1873, La Plata, Barrio Tropezón, Quinta Normal, Provincia de Santiago, Región Metropolitana de Santiago, 8520512, Chile",nominatim
METROPOLITANA DE SANTIAGO,SANTIAGO,QUINTA NORMAL,ESCUELA INGLATERRA,-33.4411578,-70.7037913,"Escuela Inglaterra, 4986, San Pablo, Quinta Normal, Provincia de Santiago, Región Metropolitana de Santiago, 8500445, Chile",nominatim
METROPOLITANA DE SANTIAGO,SANTIAGO,QUINTA NORMAL,ESCUELA INSIGNE GABRIELA,-33.4321708,-70.7091977,"Escuela Insigne Gabriela Mistral, 5327, Molina Lavín, Barrio Argentina, Quinta Normal, Provincia de Santiago, Región Metropolitana de Santiago, 8500445, Chile",nominatim
METROPOLITANA DE SANTIAGO,SANTIAGO,QUINTA NORMAL,ESCUELA LO FRANCO,-33.4215955,-70.7008231,"Escuela Lo Franco, 2192, Ayuntamiento, Barrio Argentina, Quinta Normal, Provincia de Santiago, Región Metropolitana de Santiago, 8520512, Chile",nominatim
METROPOLITANA DE SANTIAGO,SANTIAGO,QUINTA NORMAL,ESCUELA REPUBLICA DE LA INDIA,-33.440869,-70.6982743,"Escuela República De La India, 4681, Catedral, Quinta Normal, Provincia de Santiago, Región Metropolitana de Santiago, 8500445, Chile",nominatim
METROPOLITANA DE SANTIAGO,SANTIAGO,QUINTA NORMAL,LICEO COMERCIAL MOLINA LAVIN,-33.4302682,-70.7088861,"Liceo Comercial Molina Lavín, 01595, Molina Lavín, Barrio Argentina, Quinta Normal, Provincia de Santiago, Región Metropolitana de Santiago, 8500445, Chile",nominatim
METROPOLITANA DE SANTIAGO,SANTIAGO,QUINTA NORMAL,LICEO EXPERIMENTAL ARTISTICO,-33.4319218,-70.6875337,"Liceo Experimental Artistico B-66, 3885, Juan de Barros, Barrio Tropezón, Quinta Normal, Provincia de Santiago, Región Metropolitana de Santiago, 8350302, Chile",nominatim
METROPOLITANA DE SANTIAGO,SANTIAGO,QUINTA NORMAL,LICEO GUILLERMO LABARCA HUBERTSON,-33.4408593,-70.6989058,"Liceo Guillermo Labarca Hubertson, 4681, Catedral, Quinta Normal, Provincia de Santiago, Región Metropolitana de Santiago, 8500445, Chile",nominatim
METROPOLITANA DE SANTIAGO,SANTIAGO,QUINTA NORMAL,LICEO INDUSTRIAL BENJAMIN FRANKLIN,-33.4294594,-70.6970193,"Liceo Industrial Benjamin Franklin, 1668, La Plata, Barrio Tropezón, Quinta Normal, Provincia de Santiago, Región Metropolitana de Santiago, 8350302, Chile",nominatim
METROPOLITANA DE SANTIAGO,SANTIAGO,QUINTA NORMAL,LICEO POLITECNICO,-33.422439,-70.7015416,"Liceo Politécnico B-79 Capitán de Corbeta I.M. Pedro González Pacheco, 4970, Eloy Rosales, Barrio Argentina, Quinta Normal, Provincia de Santiago, Región Metropolitana de Santiago, 8520512, Chile",nominatim
METROPOLITANA DE SANTIAGO,SANTIAGO,QUINTA NORMAL,LICEO POLIVALENTE SAN JOSE DE LA PRECIOSA SANGRE,-33.4290296,-70.7169218,"Liceo Polivalente San José De La Preciosa Sangre, 1610, Padre Bernando Mores, Quinta Normal, Provincia de Santiago, Región Metropolitana de Santiago, 8500445, Chile",nominatim
METROPOLITANA DE SANTIAGO,SANTIAGO,RECOLETA,CENTRO EDUCACIONAL ESCRITORES DE CHILE,-33.3854525,-70.6448605,"Centro Educacional Escritores de Chile, 4045, Arco Iris, Villa Gran Bretaña, Recoleta, Provincia de Santiago, Región Metropolitana de Santiago, 9362427, Chile",nominatim
METROPOLITANA DE SANTIAGO,SANTIAGO,RECOLETA,CENTRO EDUCACIONAL JOSE MIGUEL CARRERA,-33.3837319,-70.6566496,"Centro Educacional José Miguel Carrera, 4185, Avenida El Guanaco, Población Chacabuco, Recoleta, Provincia de Santiago, Región Metropolitana de Santiago, 8580000, Chile",nominatim
METROPOLITANA DE SANTIAGO,SANTIAGO,RECOLETA,CENTRO EDUCACIONAL SAN LORENZO,-33.3903181,-70.6558708,"Centro Educacional San Lorenzo, 3722, Montana, Población Santa Sara, Recoleta, Provincia de Santiago, Región Metropolitana de Santiago, 8420000, Chile",nominatim
METROPOLITANA DE SANTIAGO,SANTIAGO,RECOLETA,COLEGIO MARIA TERESA CANCINO AGUILAR,-33.4120554,-70.638532,"Colegio María Teresa Cancino Aguilar, 1652, Avenida El Salto, Población 6 de Enero, Recoleta, Provincia de Santiago, Región Metropolitana de Santiago, 8420000, Chile",nominatim
METROPOLITANA DE SANTIAGO,SANTIAGO,RECOLETA,COLEGIO SAN JUAN DIEGO,-33.3818964,-70.6438509,"Colegio San Juan Diego, 670, Avenida Américo Vespucio, Villa Gran Bretaña, Recoleta, Provincia de Santiago, Región Metropolitana de Santiago, 9362427, Chile",nominatim
METROPOLITANA DE SANTIAGO,SANTIAGO,RECOLETA,COMPLEJO EDUCACIONAL JUANITA FERNANDEZ SOLAR,-33.4009892,-70.6437503,"Complejo Educacional Juanita Fernandez Solar, 2774, Recoleta, Población La Consistorial, Recoleta, Provincia de Santiago, Región Metropolitana de Santiago, 8420000, Chile",nominatim
METROPOLITANA DE SANTIAGO,SANTIAGO,RECOLETA,ESCUELA EDUCACION DIFERENCIAL SANTA TERESA DE AVILA L1,-33.4048466,-70.6487555,"Av. Einstein 784, 8431554 Recoleta, Región Metropolitana, Chile",google
METROPOLITANA DE SANTIAGO,SANTIAGO,RECOLETA,ESCUELA EDUCACION DIFERENCIAL SANTA TERESA DE AVILA L2,-33.4048466,-70.6487555,"Av. Einstein 784, 8431554 Recoleta, Región Metropolitana, Chile",google
METROPOLITANA DE SANTIAGO,SANTIAGO,RECOLETA,ESCUELA ESPAÑA,-33.3959453,-70.640836,"Colegio España, 535, Magnolias, Población Ciudad Jardín La Serena, Recoleta, Provincia de Santiago, Región Metropolitana de Santiago, 8440389, Chile",nominatim
METROPOLITANA DE SANTIAGO,SANTIAGO,RECOLETA,ESCUELA HERMANA MARIA GORETTI,-33.3894346,-70.6377249,"Escuela Municipal ""Hermana María Goretti"", 381, Héroe Manuel Jesús Silva, Población La Pirámide, Recoleta, Provincia de Santiago, Región Metropolitana de Santiago, 8440389, Chile",nominatim
METROPOLITANA DE SANTIAGO,SANTIAGO,RECOLETA,ESCUELA N°953 JOSE ARTIGAS,-33.4401082,-70.6214529,"José Manuel Infante 953, Providencia, Región Metropolitana, Chile",google
METROPOLITANA DE SANTIAGO,SANTIAGO,RECOLETA,ESCUELA PUERTO RICO,-33.3983858,-70.640045,"Escuela Puerto Rico, 498, Pedro Donoso, Población Ciudad Jardín La Serena, Recoleta, Provincia de Santiago, Región Metropolitana de Santiago, 8420000, Chile",nominatim
METROPOLITANA DE SANTIAGO,SANTIAGO,RECOLETA,ESCUELA RAFAEL VALDIVIESO,-33.412697,-70.6364814,"Escuela Basica Rafael Valdivieso, 0250, Avenida Arzobispo Valdivieso, Población Roosevelt, Recoleta, Provincia de Santiago, Región Metropolitana de Santiago, 8440308, Chile",nominatim
METROPOLITANA DE SANTIAGO,SANTIAGO,RECOLETA,ESCUELA REPUBLICA DEL PARAGUAY,-33.426237,-70.6469952,"Escuela Básica Bilingüe República del Paraguay, 480, Avenida Recoleta, Barrio Patronato, Patronato, Recoleta, Provincia de Santiago, Región Metropolitana de Santiago, 8320012, Chile",nominatim
METROPOLITANA DE SANTIAGO,SANTIAGO,RECOLETA,ESCUELA SARGENTO 2 DANIEL REBOLLEDO,-33.3924735,-70.65075929999999,"Francisco Cerda 1019, 8430864 Recoleta, Región Metropolitana, Chile",google
METROPOLITANA DE SANTIAGO,SANTIAGO,RECOLETA,ESCUELA VICTOR CUCCUINI,-33.4262839,-70.644876,"Escuela Victor Cuccuini, 538, Manzano, Barrio Patronato, Patronato, Recoleta, Provincia de Santiago, Región Metropolitana de Santiago, 8420568, Chile",nominatim
METROPOLITANA DE SANTIAGO,SANTIAGO,RECOLETA,ESTADIO RECOLETA,-33.3985248,-70.6417769,"Estadio, Población Ciudad Jardín La Serena, Recoleta, Provincia de Santiago, Región Metropolitana de Santiago, 8420000, Chile",nominatim
METROPOLITANA DE SANTIAGO,SANTIAGO,RECOLETA,INSTITUTO TECNOLOGICO Y COMERCIAL RECOLETA-INTECO,-33.4127365,-70.6378687,"Av. El Salto 1565, 8441570 Santiago, Recoleta, Región Metropolitana, Chile",google
METROPOLITANA DE SANTIAGO,SANTIAGO,RECOLETA,LICEO A-1 VALENTIN LETELIER L1,-33.4393192,-70.6574661,"Compañía de Jesús 1484, Santiago, Región Metropolitana, Chile",google
METROPOLITANA DE SANTIAGO,SANTIAGO,RECOLETA,LICEO A-1 VALENTIN LETELIER L2,-33.4393192,-70.6574661,"Compañía de Jesús 1484, Santiago, Región Metropolitana, Chile",google
METROPOLITANA DE SANTIAGO,SANTIAGO,RECOLETA,LICEO ARTURO PEREZ CANTO,-33.4018924,-70.6295286,"Liceo Arturo Pérez Canto, 174, Avenida Reina de Chile, Barrio El Salto, Recoleta, Provincia de Santiago, Región Metropolitana de Santiago, 7690000, Chile",nominatim
METROPOLITANA DE SANTIAGO,SANTIAGO,RECOLETA,LICEO AVENIDA RECOLETA,-33.3902683,-70.6428741,"Liceo Avenida Recoleta, 3848, Avenida Recoleta, Población La Pirámide, Recoleta, Provincia de Santiago, Región Metropolitana de Santiago, 8440389, Chile",nominatim
METROPOLITANA DE SANTIAGO,SANTIAGO,RECOLETA,LICEO DOCTOR JUAN VERDAGUER PLANAS,-33.43081,-70.6386829,"Liceo Doctor Juan Verdaguer Planas, Purísima, Barrio Patronato, Bellavista de San Cristóbal, Recoleta, Provincia de Santiago, Región Metropolitana de Santiago, 8420568, Chile",nominatim
METROPOLITANA DE SANTIAGO,SANTIAGO,RENCA,CENTRO EDUCACIONAL GOYENECHEA,-33.4064379,-70.7373254,"Centro Educacional Goyenechea, 6098, José Miguel Infante, Villa Tucapel Jiménez II, Renca, Provincia de Santiago, Región Metropolitana de Santiago, 9090184, Chile",nominatim
METROPOLITANA DE SANTIAGO,SANTIAGO,RENCA,CENTRO EDUCACIONAL LAURA VICUÑA,-33.4027643,-70.7099472,"Centro Educacional Laura Vicuna, 4411, Avenida José Manuel Balmaceda, Villa Balmaceda, Renca, Provincia de Santiago, Región Metropolitana de Santiago, 8520512, Chile",nominatim
METROPOLITANA DE SANTIAGO,SANTIAGO,RENCA,COLEGIO CHARLES DARWIN,-33.4081349,-70.6929596,"Colegio Particular Charles Darwin, 1368, Los Acacios, Población Ernesto Illanes Beytia 2, Renca, Provincia de Santiago, Región Metropolitana de Santiago, 8520512, Chile",nominatim
METROPOLITANA DE SANTIAGO,SANTIAGO,RENCA,COLEGIO SAN JOSE DE RENCA,-33.4008224,-70.7203726,"Colegio Polivalente San José De Renca, 488, Avenida José Manuel Balmaceda, Villa Máfil, Renca, Provincia de Santiago, Región Metropolitana de Santiago, 9100277, Chile",nominatim
METROPOLITANA DE SANTIAGO,SANTIAGO,RENCA,COLEGIO SANTA MARIA DE LA PROVIDENCIA,-33.4117215,-70.6899395,"Colegio Polivalente Santa María de la Providencia, 3198, Avenida Domingo Santa María, Población Ernesto Illanes Beytia, Renca, Provincia de Santiago, Región Metropolitana de Santiago, 8390450, Chile",nominatim
METROPOLITANA DE SANTIAGO,SANTIAGO,RENCA,ESCUELA CAPITAN JOSE LUIS ARANEDA,-33.4055525,-70.7232218,"Escuela Capitán José Luis Araneda, 5116, Calle 2, Villa Gabriela Mistral, Renca, Provincia de Santiago, Región Metropolitana de Santiago, 9100277, Chile",nominatim
METROPOLITANA DE SANTIAGO,SANTIAGO,RENCA,ESCUELA DOMINGO SANTA MARIA GONZALEZ,-33.4045783,-70.7108687,"Escuela Domingo Santa María González, 4383, Avenida Domingo Santa María, Villa Los Jardines de Don Aníbal, Renca, Provincia de Santiago, Región Metropolitana de Santiago, 9100277, Chile",nominatim
METROPOLITANA DE SANTIAGO,SANTIAGO,RENCA,ESCUELA GENERAL ALEJANDRO GOROSTIAGA ORREGO,-33.3939225,-70.6957874,"8640278 Renca, Santiago Metropolitan Region, Chile",google
METROPOLITANA DE SANTIAGO,SANTIAGO,RENCA,ESCUELA ISABEL LE BRUN,-33.4047244,-70.7120928,"Escuela Básica Isabel Le Brun, 4463, Avenida Domingo Santa María, Villa Los Jardines de Don Aníbal, Renca, Provincia de Santiago, Región Metropolitana de Santiago, 9100277, Chile",nominatim
METROPOLITANA DE SANTIAGO,SANTIAGO,RENCA,ESCUELA LO VELASQUEZ,-33.4053844,-70.7444316,"Escuela Básica Lo Velásquez, 7447, José Miguel Infante, Villa Tucapel Jiménez II, Renca, Provincia de Santiago, Región Metropolitana de Santiago, 9090184, Chile",nominatim
METROPOLITANA DE SANTIAGO,SANTIAGO,RENCA,ESCUELA MONSERRAT ROBERT DE GARCIA,-33.4049744,-70.73625779999999,"Av. Miraflores 104, 8660120 Renca, Región Metropolitana, Chile",google
METROPOLITANA DE SANTIAGO,SANTIAGO,RENCA,ESCUELA N° 1365 PADRE GUSTAVO LE PAIGE L1,-33.4064486,-70.72793759999999,"Renca, Santiago Metropolitan Region, Chile",google
METROPOLITANA DE SANTIAGO,SANTIAGO,RENCA,ESCUELA N° 1365 PADRE GUSTAVO LE PAIGE L2,-33.4064486,-70.72793759999999,"Renca, Santiago Metropolitan Region, Chile",google
METROPOLITANA DE SANTIAGO,SANTIAGO,RENCA,ESCUELA REBECA MATTE BELLO,-33.4040644,-70.7306324,"Escuela Rebeca Matte Bello, 1552, Avenida Condell, Villa Valle Central, Renca, Provincia de Santiago, Región Metropolitana de Santiago, 9100080, Chile",nominatim
METROPOLITANA DE SANTIAGO,SANTIAGO,RENCA,INSTITUTO CUMBRE DE CONDORES ORIENTE,-33.4042101,-70.7028522,"1365, - Av. Dorsal, Renca, Región Metropolitana, Chile",google
METROPOLITANA DE SANTIAGO,SANTIAGO,RENCA,INSTITUTO CUMBRE DE CONDORES PONIENTE L1,-33.3980916,-70.7495434,"Av. Brasil 7965, 8660952 Renca, Región Metropolitana, Chile",google
METROPOLITANA DE SANTIAGO,SANTIAGO,RENCA,INSTITUTO CUMBRE DE CONDORES PONIENTE L2,-33.3980916,-70.7495434,"Av. Brasil 7965, 8660952 Renca, Región Metropolitana, Chile",google
METROPOLITANA DE SANTIAGO,SANTIAGO,RENCA,LICEO THOMAS ALVA EDISON,-33.3990712,-70.7014445,"Liceo Thomas Alva Edison, 4020, Las Margaritas, Población Huamachuco I, Renca, Provincia de Santiago, Región Metropolitana de Santiago, 8520512, Chile",nominatim
METROPOLITANA DE SANTIAGO,SANTIAGO,SAN JOAQUIN,C.P.F. DE SAN JOAQUIN,-33.4959725,-70.6300971,"San Joaquín, Santiago Metropolitan Region, Chile",google
METROPOLITANA DE SANTIAGO,SANTIAGO,SAN JOAQUIN,CENTRO EDUCACIONAL HORACIO ARAVENA ANDAUR,-33.500598,-70.6344984,"Ureta Cox 401, 8960183 San Joaquín, Región Metropolitana, Chile",google
METROPOLITANA DE SANTIAGO,SANTIAGO,SAN JOAQUIN,CENTRO EDUCACIONAL PROVINCIA DE ÑUBLE,-33.4783132,-70.636115,"Silva 528, 8950029 San Joaquín, Región Metropolitana, Chile",google
METROPOLITANA DE SANTIAGO,SANTIAGO,SAN JOAQUIN,COLEGIO ADVENTISTA SANTIAGO SUR,-33.4967129,-70.628542,"8960083 Santiago, San Joaquín, Santiago Metropolitan Region, Chile",google
METROPOLITANA DE SANTIAGO,SANTIAGO,SAN JOAQUIN,COLEGIO HAYDN DE SAN JOAQUIN,-33.5083755,-70.6176816,"Av. Departamental 92, 8970558 San Joaquín, Región Metropolitana, Chile",google
METROPOLITANA DE SANTIAGO,SANTIAGO,SAN JOAQUIN,COLEGIO INFOCAP,-33.5077366,-70.6352859,"Av. Departamental 440, 8960439 San Joaquín, Región Metropolitana, Chile",google
METROPOLITANA DE SANTIAGO,SANTIAGO,SAN JOAQUIN,DUOC UC - SEDE SAN JOAQUIN,-33.5000852,-70.6162928,"Av. Vicuña Mackenna 4917, 8970117 San Joaquín, Región Metropolitana, Chile",google
METROPOLITANA DE SANTIAGO,SANTIAGO,SAN JOAQUIN,ESCUELA FRAY CAMILO HENRIQUEZ,-33.5057172,-70.62463819999999,"Huara 5379, San Joaquín, Región Metropolitana, Chile",google
METROPOLITANA DE SANTIAGO,SANTIAGO,SAN JOAQUIN,ESCUELA LAURA VICUÑA,-33.4869105,-70.6326662,"Sierra Bella 3261, 8950087 San Joaquín, Región Metropolitana, Chile",google
METROPOLITANA DE SANTIAGO,SANTIAGO,SAN JOAQUIN,ESCUELA PARA SORDOS DOCTOR OTTE GABLER,-33.4660808,-70.6547109,"San Ignacio de Loyola 1468, 8361505 Santiago, Región Metropolitana, Chile",google
METROPOLITANA DE SANTIAGO,SANTIAGO,SAN JOAQUIN,ESCUELA POETA NERUDA,-33.5133675,-70.6306154,"Navarino 356, San Joaquín, Región Metropolitana, Chile",google
METROPOLITANA DE SANTIAGO,SANTIAGO,SAN JOAQUIN,ESCUELA POETA VICTOR DOMINGO SILVA,-33.502863,-70.63453179999999,"Francisco Villaespesa 411, 8940000 San Joaquín, Región Metropolitana, Chile",google
METROPOLITANA DE SANTIAGO,SANTIAGO,SAN JOAQUIN,ESCUELA SU SANTIDAD JUAN XXIII,-33.4901077,-70.632177,"Alcalde Pedro Alarcón 401, 8950236 San Joaquín, Región Metropolitana, Chile",google
METROPOLITANA DE SANTIAGO,SANTIAGO,SAN JOAQUIN,LICEO ESPIRITU SANTO DEL VERBO DIVINO,-33.4927396,-70.6190834,"San Juan 3675, 8941012 San Joaquín, Región Metropolitana, Chile",google
METROPOLITANA DE SANTIAGO,SANTIAGO,SAN JOAQUIN,LICEO INDUSTRIAL DE SAN MIGUEL AGUSTIN EDWARDS ROSS,-33.5066625,-70.6321553,"Departamental 285, esquina Juan griego - Av. Departamental, 8960391 San Joaquín, Región Metropolitana, Chile",google
METROPOLITANA DE SANTIAGO,SANTIAGO,SAN JOAQUIN,LICEO MUNICIPAL SAN JOAQUIN,-33.4934171,-70.6267601,"Liceo Municipal San Joaquin, 175, Comercio, Población El Pinar, San Joaquín, Provincia de Santiago, Región Metropolitana de Santiago, 8940000, Chile",nominatim
METROPOLITANA DE SANTIAGO,SANTIAGO,SAN JOAQUIN,UNIVERSIDAD DE TALCA,-33.4726535,-70.6262179,"Sta. Elena 2222, San Joaquín, Región Metropolitana, Chile",google
METROPOLITANA DE SANTIAGO,SANTIAGO,SAN MIGUEL,C.P.F. DE SAN MIGUEL,-33.4923208,-70.6517693,"San Miguel, Santiago Metropolitan Region, Chile",google
METROPOLITANA DE SANTIAGO,SANTIAGO,SAN MIGUEL,COLEGIO BICENTENARIO SANTO CURA DE ARS,-33.5068437,-70.6516407,"Carmen Mena 929, 8930180 San Miguel, Región Metropolitana, Chile",google
METROPOLITANA DE SANTIAGO,SANTIAGO,SAN MIGUEL,COLEGIO CHILE,-33.5014,-70.6544513,"Colegio Chile, Gran Avenida José Miguel Carrera, Carmen Mena, San Miguel, Provincia de Santiago, Región Metropolitana de Santiago, 8920099, Chile",nominatim
METROPOLITANA DE SANTIAGO,SANTIAGO,SAN MIGUEL,COLEGIO PARROQUIAL SAN MIGUEL,-33.4868814,-70.649754,"Colegio Parroquial San Miguel, 3548, Gran Avenida José Miguel Carrera, Población Montiel, San Miguel, Provincia de Santiago, Región Metropolitana de Santiago, 8910183, Chile",nominatim
METROPOLITANA DE SANTIAGO,SANTIAGO,SAN MIGUEL,COLEGIO TOMAS MORO,-33.5075185,-70.6504706,"Colegio Tomas Moro, 882, Carmen Mena, San Miguel, Santiago, Provincia de Santiago, Región Metropolitana de Santiago, 8320000, Chile",nominatim
METROPOLITANA DE SANTIAGO,SANTIAGO,SAN MIGUEL,ESCUELA DE LA INDUSTRIA GRAFICA HECTOR GOMEZ,-33.4892964,-70.6576942,"Florencia 1442, 8910235 San Miguel, Región Metropolitana, Chile",google
METROPOLITANA DE SANTIAGO,SANTIAGO,SAN MIGUEL,ESCUELA LLANO SUBERCASEAUX,-33.4858019,-70.6560847,"Escuela Llano Subercaseaux, 1509, Soto Aguilar, San Miguel, Provincia de Santiago, Región Metropolitana de Santiago, 8910086, Chile",nominatim
METROPOLITANA DE SANTIAGO,SANTIAGO,SAN MIGUEL,ESCUELA PABLO NERUDA,-33.5071875,-70.6516417,"Carmen Mena 906, 8930234 San Miguel, Región Metropolitana, Chile",google
METROPOLITANA DE SANTIAGO,SANTIAGO,SAN MIGUEL,ESCUELA TERRITORIO ANTARTICO L1,-33.5072878,-70.6625318,"Tercera Transversal 5950, 8920358 San Miguel, Región Metropolitana, Chile",google
METROPOLITANA DE SANTIAGO,SANTIAGO,SAN MIGUEL,ESCUELA TERRITORIO ANTARTICO L2,-33.5072878,-70.6625318,"Tercera Transversal 5950, 8920358 San Miguel, Región Metropolitana, Chile",google
METROPOLITANA DE SANTIAGO,SANTIAGO,SAN MIGUEL,ESCUELA VILLA SAN MIGUEL,-33.4980457,-70.6630432,"Escuela Villa San Miguel, 1520, Lazo, Villa Molineros y Panificadores, San Miguel, Provincia de Santiago, Región Metropolitana de Santiago, 8920099, Chile",nominatim
METROPOLITANA DE SANTIAGO,SANTIAGO,SAN MIGUEL,GIMNASIO BRASILIA,-33.511784,-70.6420669,"Gimnasio Municipal Brasilia, 583, Varas Mena, Villa Austral, San Miguel, Santiago, Provincia de Santiago, Región Metropolitana de Santiago, 7980008, Chile",nominatim
METROPOLITANA DE SANTIAGO,SANTIAGO,SAN MIGUEL,INSTITUTO MIGUEL LEON PRADO,-33.4884224,-70.6498444,"Instituto Miguel León Prado, 3696, Gran Avenida José Miguel Carrera, Población Montiel, San Miguel, Provincia de Santiago, Región Metropolitana de Santiago, 8910183, Chile",nominatim
METROPOLITANA DE SANTIAGO,SANTIAGO,SAN MIGUEL,INSTITUTO SUPERIOR DE COMERCIO DE CHILE,-33.490159,-70.65065,"Álvarez de Toledo 1060, Pedro Aguirre Cerda, San Miguel, Región Metropolitana, Chile",google
METROPOLITANA DE SANTIAGO,SANTIAGO,SAN MIGUEL,LICEO ANDRES BELLO,-33.4861966,-70.652894,"Liceo Andrés Bello, 1241, Soto Aguilar, Población Montiel, San Miguel, Provincia de Santiago, Región Metropolitana de Santiago, 8910339, Chile",nominatim
METROPOLITANA DE SANTIAGO,SANTIAGO,SAN MIGUEL,LICEO BETSABE HORMAZABAL DE ALARCON L1,-33.4900086,-70.65595569999999,"Gaspar Banda 4047, 8910244 San Miguel, Región Metropolitana, Chile",google
METROPOLITANA DE SANTIAGO,SANTIAGO,SAN MIGUEL,LICEO BETSABE HORMAZABAL DE ALARCON L2,-33.4900086,-70.65595569999999,"Gaspar Banda 4047, 8910244 San Miguel, Región Metropolitana, Chile",google
METROPOLITANA DE SANTIAGO,SANTIAGO,SAN MIGUEL,UNIVERSIDAD DE VALPARAISO,-33.49219,-70.6510912,"Universidad de Valparaíso Campus Santiago, Gran Avenida José Miguel Carrera, San Miguel, Provincia de Santiago, Región Metropolitana de Santiago, 8910257, Chile",nominatim
METROPOLITANA DE SANTIAGO,SANTIAGO,SAN RAMON,CENTRO DE EDUCACION PAULA JARAQUEMADA,-33.5517832,-70.6446227,"Almte. Latorre N°9921, San Ramón, Región Metropolitana, Chile",google
METROPOLITANA DE SANTIAGO,SANTIAGO,SAN RAMON,CENTRO EDUCACIONAL MIRADOR,-33.5193333,-70.64095929999999,"Pasaje Mirador 1470, 8860018 San Ramón, Región Metropolitana, Chile",google
METROPOLITANA DE SANTIAGO,SANTIAGO,SAN RAMON,CENTRO EDUCACIONAL SAN RAMON,-33.5497283,-70.64447919999999,"Almte. Latorre 9701, 8880277 La Granja, San Ramón, Región Metropolitana, Chile",google
METROPOLITANA DE SANTIAGO,SANTIAGO,SAN RAMON,ESCUELA ALIVEN,-33.5515875,-70.644796,"Almte. Latorre 9835, 8880277 San Ramón, Región Metropolitana, Chile",google
METROPOLITANA DE SANTIAGO,SANTIAGO,SAN RAMON,ESCUELA ARTURO MATTE LARRAIN EDUCACIÓN BASICA,-33.5484353,-70.649024,"Aníbal Zañartu 9657, 8880104 San Ramón, Región Metropolitana, Chile",google
METROPOLITANA DE SANTIAGO,SANTIAGO,SAN RAMON,ESCUELA DOMINGO SAVIO,-33.5378927,-70.64653369999999,"Bolivia 1574, 8870196 Santiago, San Ramón, Región Metropolitana, Chile",google
METROPOLITANA DE SANTIAGO,SANTIAGO,SAN RAMON,ESCUELA EDUCADORES DE CHILE,-33.5375983,-70.64008249999999,"Doñihue 1887, 8870761 San Ramón, Región Metropolitana, Chile",google
METROPOLITANA DE SANTIAGO,SANTIAGO,SAN RAMON,ESCUELA KARELMAPU,-33.5456368,-70.64371129999999,"Almte. Latorre 9299, 8870505 San Ramón, Región Metropolitana, Chile",google
METROPOLITANA DE SANTIAGO,SANTIAGO,SAN RAMON,ESCUELA NANIHUE,-33.5501679,-70.6404728,"Riquelme 1922, San Ramón, Región Metropolitana, Chile",google
METROPOLITANA DE SANTIAGO,SANTIAGO,SAN RAMON,ESCUELA SENDERO DEL SABER,-33.5261831,-70.6384861,"7549, - Carlos Dávila 7501, 8860189 San Ramón, Región Metropolitana, Chile",google
METROPOLITANA DE SANTIAGO,SANTIAGO,SAN RAMON,ESCUELA VILLA LA CULTURA,-33.5555856,-70.6327077,"Galvarino 10252, 8880822 Santiago, San Ramón, Región Metropolitana, Chile",google
METROPOLITANA DE SANTIAGO,SANTIAGO,SAN RAMON,LICEO ARAUCANIA,-33.5348032,-70.6372586,"Pedro Aguirre Cerda Pte. 8153, San Ramón, Región Metropolitana, Chile",google
METROPOLITANA DE SANTIAGO,SANTIAGO,SAN RAMON,LICEO COMERCIAL VATE VICENTE HUIDOBRO,-33.5375631,-70.6364931,"Doñihue 2030, 8870093 San Ramón, Región Metropolitana, Chile",google
METROPOLITANA DE SANTIAGO,SANTIAGO,SAN RAMON,LICEO PURKUYEN,-33.5371883,-70.6373219,"Pedro Aguirre Cerda 8450, 8860000 San Ramón, Región Metropolitana, Chile",google
METROPOLITANA DE SANTIAGO,SANTIAGO,SANTIAGO,C.D.P. DE SANTIAGO SUR,-33.4745695,-70.6592282,"Av. Pedro Montt, Ex - Penitenciaría, Santiago, Región Metropolitana, Chile",google
METROPOLITANA DE SANTIAGO,SANTIAGO,SANTIAGO,C.D.P. SANTIAGO I,-33.3551272,-70.7442225,"Calle 1-A, Los Prados, Quilicura, Provincia de Santiago, Región Metropolitana de Santiago, 8700000, Chile",nominatim
METROPOLITANA DE SANTIAGO,SANTIAGO,SANTIAGO,CENTRO CULTURAL ESTACION MAPOCHO L1,-33.4323295,-70.653858,"Plaza de la Cultura sin número ex estación de trenes Metro Cal y Canto, 8320000 Santiago, Región Metropolitana, Chile",google
METROPOLITANA DE SANTIAGO,SANTIAGO,SANTIAGO,CENTRO CULTURAL ESTACION MAPOCHO L2,-33.4323295,-70.653858,"Plaza de la Cultura sin número ex estación de trenes Metro Cal y Canto, 8320000 Santiago, Región Metropolitana, Chile",google
METROPOLITANA DE SANTIAGO,SANTIAGO,SANTIAGO,CENTRO CULTURAL ESTACION MAPOCHO L3,-33.4323295,-70.653858,"Plaza de la Cultura sin número ex estación de trenes Metro Cal y Canto, 8320000 Santiago, Región Metropolitana, Chile",google
METROPOLITANA DE SANTIAGO,SANTIAGO,SANTIAGO,COLEGIO EXCELSIOR,-33.4517223,-70.6688839,"Colegio Excelsior, 226, Avenida España, Barrio República, Santiago, Provincia de Santiago, Región Metropolitana de Santiago, 8370136, Chile",nominatim
METROPOLITANA DE SANTIAGO,SANTIAGO,SANTIAGO,COLEGIO FILIPENSE,-33.4518293,-70.662273,"Colegio Filipense, 357, Vergara, Barrio Ejército, Santiago, Provincia de Santiago, Región Metropolitana de Santiago, 8370022, Chile",nominatim
METROPOLITANA DE SANTIAGO,SANTIAGO,SANTIAGO,COLEGIO FRANCISCO ARRIARAN L1,-33.4591398,-70.6483904,"Av. Manuel Antonio Matta 1089, 8330930 Santiago, Región Metropolitana, Chile",google
METROPOLITANA DE SANTIAGO,SANTIAGO,SANTIAGO,COLEGIO FRANCISCO ARRIARAN L2,-33.4591398,-70.6483904,"Av. Manuel Antonio Matta 1089, 8330930 Santiago, Región Metropolitana, Chile",google
METROPOLITANA DE SANTIAGO,SANTIAGO,SANTIAGO,COLEGIO LORENZO SAZIE,-33.4496262,-70.6642455,"Colegio Lorenzo Sazie, 160, Almirante Latorre, Barrio Concha y Toro, Santiago, Provincia de Santiago, Región Metropolitana de Santiago, 8370022, Chile",nominatim
METROPOLITANA DE SANTIAGO,SANTIAGO,SANTIAGO,COLEGIO NUESTRA SEÑORA DE ANDACOLLO L1,-33.431914,-70.6700774,"Av. Mapocho 2341, 8350148 Santiago, Región Metropolitana, Chile",google
METROPOLITANA DE SANTIAGO,SANTIAGO,SANTIAGO,COLEGIO NUESTRA SEÑORA DE ANDACOLLO L2,-33.431914,-70.6700774,"Av. Mapocho 2341, 8350148 Santiago, Región Metropolitana, Chile",google
METROPOLITANA DE SANTIAGO,SANTIAGO,SANTIAGO,COLEGIO OZANAM,-33.4286512,-70.6760158,"Colegio Ozanam, 2845, Yungay, Barrio Balmaceda, Santiago, Provincia de Santiago, Región Metropolitana de Santiago, 8350302, Chile",nominatim
METROPOLITANA DE SANTIAGO,SANTIAGO,SANTIAGO,COLEGIO SAN ANTONIO,-33.4379245,-70.6692678,"Colegio San Antonio, 2314, Santo Domingo, Santiago, Provincia de Santiago, Región Metropolitana de Santiago, 8340438, Chile",nominatim
METROPOLITANA DE SANTIAGO,SANTIAGO,SANTIAGO,COLEGIO SAN IGNACIO L1,-33.4472535,-70.6555967,"Padre Alonso de Ovalle 1452, 9190045 Santiago, Región Metropolitana, Chile",google
METROPOLITANA DE SANTIAGO,SANTIAGO,SANTIAGO,COLEGIO SAN IGNACIO L2,-33.4472535,-70.6555967,"Padre Alonso de Ovalle 1452, 9190045 Santiago, Región Metropolitana, Chile",google
METROPOLITANA DE SANTIAGO,SANTIAGO,SANTIAGO,COLEGIO SANTA ISABEL,-33.4678071,-70.6382826,"Colegio Santa Isabel, 1775, Santiago Concha, Barrio Matta Sur, Santiago, Provincia de Santiago, Región Metropolitana de Santiago, 8360848, Chile",nominatim
METROPOLITANA DE SANTIAGO,SANTIAGO,SANTIAGO,ESCUELA BENJAMIN VICUÑA MACKENNA,-33.4498725,-70.6323888,"Escuela Benjamín Vicuña Mackenna, 635, Avenida Vicuña Mackenna, Barrio Matta, Santiago, Provincia de Santiago, Región Metropolitana de Santiago, 7501533, Chile",nominatim
METROPOLITANA DE SANTIAGO,SANTIAGO,SANTIAGO,ESCUELA CADETE ARTURO PRAT CHACON,-33.4489219,-70.65667239999999,"San Ignacio de Loyola 196, Santiago, Región Metropolitana, Chile",google
METROPOLITANA DE SANTIAGO,SANTIAGO,SANTIAGO,ESCUELA DIFERENCIAL JUAN SANDOVAL CARRASCO,-33.4705227,-70.6523623,"Lord Cochrane 1819, 8361052 Santiago, Región Metropolitana, Chile",google
METROPOLITANA DE SANTIAGO,SANTIAGO,SANTIAGO,ESCUELA DOCTOR LUIS CALVO MACKENNA,-33.4352675,-70.6686073,"Escuela Básica Doctor Luis Calvo Mackenna, 735, Avenida Ricardo Cumming, Barrio Suboficiales de Carabineros, Santiago, Provincia de Santiago, Región Metropolitana de Santiago, 8340438, Chile",nominatim
METROPOLITANA DE SANTIAGO,SANTIAGO,SANTIAGO,ESCUELA FERNANDO ALESSANDRI RODRIGUEZ,-33.456406,-70.6534278,"Escuela Básica Fernando Alessandri Rodríguez, 850, Lord Cochrane, Barrio Copiapó, Santiago, Provincia de Santiago, Región Metropolitana de Santiago, 8330675, Chile",nominatim
METROPOLITANA DE SANTIAGO,SANTIAGO,SANTIAGO,ESCUELA IRENE FREI DE CID,-33.4679049,-70.6436805,"Escuela Irene Frei de Cid, 1706, San Francisco, Barrio Franklin, Santiago, Provincia de Santiago, Región Metropolitana de Santiago, 8360874, Chile",nominatim
METROPOLITANA DE SANTIAGO,SANTIAGO,SANTIAGO,ESCUELA LIBERTADORES DE CHILE,-33.435753,-70.6620331,"Escuela Básica Libertadores De Chile, 1741, Rosas, Barrio Santa Ana, Santiago, Provincia de Santiago, Región Metropolitana de Santiago, 8340309, Chile",nominatim
METROPOLITANA DE SANTIAGO,SANTIAGO,SANTIAGO,ESCUELA MIGUEL DE CERVANTES Y SAAVEDRA ANEXO A-8,-33.4133572,-70.5324908,"La Escuela, Las Condes, Región Metropolitana, Chile",google
METROPOLITANA DE SANTIAGO,SANTIAGO,SANTIAGO,ESCUELA PILOTO PARDO,-33.4660789,-70.6530234,"Escuela Piloto Pardo F-65, 1487, Lord Cochrane, Barrio Viel, Santiago, Provincia de Santiago, Región Metropolitana de Santiago, 8360892, Chile",nominatim
METROPOLITANA DE SANTIAGO,SANTIAGO,SANTIAGO,ESCUELA PROVINCIA DE CHILOE,-33.4709982,-70.6711257,"Escuela Básica Provincia de Chiloé, 2738, Avenida General Rondizzoni, Barrio San Eugenio, Santiago, Provincia de Santiago, Región Metropolitana de Santiago, 8370778, Chile",nominatim
METROPOLITANA DE SANTIAGO,SANTIAGO,SANTIAGO,ESCUELA REPUBLICA DE ALEMANIA,-33.4313844,-70.6754064,"Escuela Básica República De Alemania, 1242, Libertad, Barrio Balmaceda, Santiago, Provincia de Santiago, Región Metropolitana de Santiago, 8350302, Chile",nominatim
METROPOLITANA DE SANTIAGO,SANTIAGO,SANTIAGO,ESCUELA REPUBLICA DE COLOMBIA,-33.4541202,-70.6742527,"Escuela Básica Republica de Colombia, 302, Bascuñán Guerrero, Barrio San Alfonso, Santiago, Provincia de Santiago, Región Metropolitana de Santiago, 8370261, Chile",nominatim
METROPOLITANA DE SANTIAGO,SANTIAGO,SANTIAGO,ESCUELA REPUBLICA DE ISRAEL,-33.4395505,-70.6747598,"Escuela Republica De Israel, 2827, Catedral, Santiago, Provincia de Santiago, Región Metropolitana de Santiago, 8350485, Chile",nominatim
METROPOLITANA DE SANTIAGO,SANTIAGO,SANTIAGO,ESCUELA REPUBLICA DE MEXICO,-33.4495203,-70.6366669,"Escuela Básica República de México, 585, Raulí, Barrio Santa Isabel, Santiago, Provincia de Santiago, Región Metropolitana de Santiago, 8331059, Chile",nominatim
METROPOLITANA DE SANTIAGO,SANTIAGO,SANTIAGO,ESCUELA REPUBLICA DE PANAMA,-33.442184,-70.6780711,"Escuela República de Panamá, 3151, Huérfanos, Santiago, Provincia de Santiago, Región Metropolitana de Santiago, 8350485, Chile",nominatim
METROPOLITANA DE SANTIAGO,SANTIAGO,SANTIAGO,ESCUELA REPUBLICA DEL ECUADOR,-33.4489895,-70.670641,"Escuela Básica República del Ecuador, 2414, Avenida Libertador Bernardo O'Higgins, Conjunto Virginia Opazo, Santiago, Provincia de Santiago, Región Metropolitana de Santiago, 8350708, Chile",nominatim
METROPOLITANA DE SANTIAGO,SANTIAGO,SANTIAGO,ESCUELA REPUBLICA ORIENTAL DEL URUGUAY,-33.4499169,-70.6404334,"Escuela República Oriental del Uruguay, 533, Manuel Antonio Tocornal, Barrio Santa Isabel, Santiago, Provincia de Santiago, Región Metropolitana de Santiago, 8330565, Chile",nominatim
METROPOLITANA DE SANTIAGO,SANTIAGO,SANTIAGO,ESCUELA SALVADOR SANFUENTES L1,-33.4403484,-70.679329,"Catedral 3250, Santiago, Región Metropolitana, Chile",google
METROPOLITANA DE SANTIAGO,SANTIAGO,SANTIAGO,ESCUELA SALVADOR SANFUENTES L2,-33.4403484,-70.679329,"Catedral 3250, Santiago, Región Metropolitana, Chile",google
METROPOLITANA DE SANTIAGO,SANTIAGO,SANTIAGO,INSTITUTO COMERCIAL BLAS CAÑAS L1,-33.445573,-70.6413264,"Curicó 465, 8330099 Santiago, Región Metropolitana, Chile",google
METROPOLITANA DE SANTIAGO,SANTIAGO,SANTIAGO,INSTITUTO COMERCIAL BLAS CAÑAS L2,-33.445573,-70.6413264,"Curicó 465, 8330099 Santiago, Región Metropolitana, Chile",google
METROPOLITANA DE SANTIAGO,SANTIAGO,SANTIAGO,INSTITUTO HERMANOS MATTE,-33.4753759,-70.64969529999999,"Nataniel Cox 2263, 8361387 Santiago, Región Metropolitana, Chile",google
METROPOLITANA DE SANTIAGO,SANTIAGO,SANTIAGO,INSTITUTO SUPERIOR DE COMERCIO EDUARDO FREI MONTALVA L1,-33.442121,-70.6563084,"Amunátegui 126, 8340517 Santiago, Región Metropolitana, Chile",google
METROPOLITANA DE SANTIAGO,SANTIAGO,SANTIAGO,INSTITUTO SUPERIOR DE COMERCIO EDUARDO FREI MONTALVA L2,-33.442121,-70.6563084,"Amunátegui 126, 8340517 Santiago, Región Metropolitana, Chile",google
METROPOLITANA DE SANTIAGO,SANTIAGO,SANTIAGO,LICEO BICENTENARIO TERESA PRATS,-33.4707014,-70.6458694,"Gral. Gana 959, 8361106 Santiago, Región Metropolitana, Chile",google
METROPOLITANA DE SANTIAGO,SANTIAGO,SANTIAGO,LICEO CONFEDERACION SUIZA,-33.4514755,-70.6373441,"Liceo Confederación Suiza, 680, General Urriola, Barrio Santa Isabel, Santiago, Provincia de Santiago, Región Metropolitana de Santiago, 8331059, Chile",nominatim
METROPOLITANA DE SANTIAGO,SANTIAGO,SANTIAGO,LICEO DARIO SALAS,-33.455697,-70.6694711,"Liceo Dario Salas, 585, Avenida España, Barrio República, Santiago, Provincia de Santiago, Región Metropolitana de Santiago, 8370372, Chile",nominatim
METROPOLITANA DE SANTIAGO,SANTIAGO,SANTIAGO,LICEO DE APLICACION RECTOR JORGE E SCHNE 29 L1,-33.4466712,-70.6672674,"Av. Ricardo Cumming 21, 8370968 Santiago, Región Metropolitana, Chile",google
METROPOLITANA DE SANTIAGO,SANTIAGO,SANTIAGO,LICEO DE APLICACION RECTOR JORGE E SCHNE 29 L2,-33.4466712,-70.6672674,"Av. Ricardo Cumming 21, 8370968 Santiago, Región Metropolitana, Chile",google
METROPOLITANA DE SANTIAGO,SANTIAGO,SANTIAGO,LICEO INDUSTRIAL ELIODORO GARCIA ZEGERS,-33.4370714,-70.6629002,"Liceo Industrial A-20 Eliodoro García Zegers, 1811, Santo Domingo, Barrio Santa Ana, Santiago, Provincia de Santiago, Región Metropolitana de Santiago, 8340309, Chile",nominatim
METROPOLITANA DE SANTIAGO,SANTIAGO,SANTIAGO,LICEO JAVIERA CARRERA L1,-33.4393192,-70.6574661,"Compañía de Jesús 1484, Santiago, Región Metropolitana, Chile",google
METROPOLITANA DE SANTIAGO,SANTIAGO,SANTIAGO,LICEO JAVIERA CARRERA L2,-33.4393192,-70.6574661,"Compañía de Jesús 1484, Santiago, Región Metropolitana, Chile",google
METROPOLITANA DE SANTIAGO,SANTIAGO,SANTIAGO,LICEO JOSE DE SAN MARTIN,-33.4560493,-70.6532123,"Liceo José de San Martin, 801, Roberto Espinoza, Barrio Copiapó, Santiago, Provincia de Santiago, Región Metropolitana de Santiago, 8330675, Chile",nominatim
METROPOLITANA DE SANTIAGO,SANTIAGO,SANTIAGO,LICEO MANUEL BARROS BORGOÑO,-33.4669769,-70.64906020000001,"San Diego 1547, 8360683 Santiago, Región Metropolitana, Chile",google
METROPOLITANA DE SANTIAGO,SANTIAGO,SANTIAGO,LICEO METROPOLITANO DE ADULTOS L1,-33.4628359,-70.6371046,"Victoria 456, Santiago, Región Metropolitana, Chile",google
METROPOLITANA DE SANTIAGO,SANTIAGO,SANTIAGO,LICEO METROPOLITANO DE ADULTOS L2,-33.4628359,-70.6371046,"Victoria 456, Santiago, Región Metropolitana, Chile",google
METROPOLITANA DE SANTIAGO,SANTIAGO,SANTIAGO,LICEO MIGUEL DE CERVANTES Y SAAVEDRA,-33.4436782,-70.6716473,"Liceo Miguel de Cervantes y Saavedra, 2552, Agustinas, Santiago, Provincia de Santiago, Región Metropolitana de Santiago, 8350579, Chile",nominatim
METROPOLITANA DE SANTIAGO,SANTIAGO,SANTIAGO,LICEO NRO 2 MIGUEL LUIS AMUNATEGUI L1,-33.4441478,-70.6754421,"Esperanza 156, 8350527 Santiago, Región Metropolitana, Chile",google
METROPOLITANA DE SANTIAGO,SANTIAGO,SANTIAGO,LICEO NRO 2 MIGUEL LUIS AMUNATEGUI L2,-33.4441478,-70.6754421,"Esperanza 156, 8350527 Santiago, Región Metropolitana, Chile",google
METROPOLITANA DE SANTIAGO,SANTIAGO,SANTIAGO,LICEO POLITECNICO SARA BLINDER DARGOLTZ,-33.4679056,-70.6484857,"Liceo Politécnico Sara Blinder Dargoltz, 1650, San Diego, Barrio Victoria, Santiago, Provincia de Santiago, Región Metropolitana de Santiago, 8360892, Chile",nominatim
METROPOLITANA DE SANTIAGO,SANTIAGO,SANTIAGO,LICEO PRESIDENTE GABRIEL GONZALEZ VIDELA L1,-33.5344296,-70.7842587,"Gabriel González Videla, Maipú, Región Metropolitana, Chile",google
METROPOLITANA DE SANTIAGO,SANTIAGO,SANTIAGO,LICEO PRESIDENTE GABRIEL GONZALEZ VIDELA L2,-33.5344296,-70.7842587,"Gabriel González Videla, Maipú, Región Metropolitana, Chile",google
METROPOLITANA DE SANTIAGO,SANTIAGO,SANTIAGO,LICEO PROFESIONAL ABDON CIFUENTES L1,-33.4475999,-70.6579655,"Dieciocho 116, 8330306 Santiago, Región Metropolitana, Chile",google
METROPOLITANA DE SANTIAGO,SANTIAGO,SANTIAGO,LICEO PROFESIONAL ABDON CIFUENTES L2,-33.4475999,-70.6579655,"Dieciocho 116, 8330306 Santiago, Región Metropolitana, Chile",google
METROPOLITANA DE SANTIAGO,SANTIAGO,SANTIAGO,LICEO REPUBLICA DE BRASIL,-33.4719892,-70.6592025,"Liceo República de Brasil, 1984, Luis Cousiño, Barrio Judicial, Santiago, Provincia de Santiago, Región Metropolitana de Santiago, 8370809, Chile",nominatim
METROPOLITANA DE SANTIAGO,SANTIAGO,SANTIAGO,UNIVERSIDAD ARTURO PRAT,-33.4353433,-70.6624378,"Universidad Arturo Prat Santiago, 1796, San Pablo, Barrio Panamá, Santiago, Provincia de Santiago, Región Metropolitana de Santiago, 8340309, Chile",nominatim
METROPOLITANA DE SANTIAGO,SANTIAGO,VITACURA,ALIANZA FRANCESA,-33.3943068,-70.5832559,"Alianza Francesa, Arquitecto Teodoro Bentjerodt, Jardín del Este, Vitacura, Provincia de Santiago, Región Metropolitana de Santiago, 7630280, Chile",nominatim
METROPOLITANA DE SANTIAGO,SANTIAGO,VITACURA,COLEGIO ANTARTICA CHILENA,-33.3896062,-70.5595977,"Colegio Antártica Chilena, 7440, Las Hualtatas, El Dorado, Vitacura, Provincia de Santiago, Región Metropolitana de Santiago, 7560875, Chile",nominatim
METROPOLITANA DE SANTIAGO,SANTIAGO,VITACURA,COLEGIO DE LOS SAGRADOS CORAZONES DE MANQUEHUE L1,-33.379643,-70.5513993,"Padre Damian Deveuster 2215, 7640794 Vitacura, Región Metropolitana, Chile",google
METROPOLITANA DE SANTIAGO,SANTIAGO,VITACURA,COLEGIO DE LOS SAGRADOS CORAZONES DE MANQUEHUE L2,-33.379643,-70.5513993,"Padre Damian Deveuster 2215, 7640794 Vitacura, Región Metropolitana, Chile",google
METROPOLITANA DE SANTIAGO,SANTIAGO,VITACURA,COLEGIO HUELEN,-33.3777473,-70.5755464,"Colegio Huelén, 6480, Avenida Santa María, Santa María de Manquehue, Vitacura, Provincia de Santiago, Región Metropolitana de Santiago, 1742159, Chile",nominatim
METROPOLITANA DE SANTIAGO,SANTIAGO,VITACURA,COLEGIO INMACULADA CONCEPCION DE VITACURA,-33.4027641,-70.5939625,"Colegio Inmaculada Concepción, 1410, El Litre, Lo Castillo, Vitacura, Provincia de Santiago, Región Metropolitana de Santiago, 7630391, Chile",nominatim
METROPOLITANA DE SANTIAGO,SANTIAGO,VITACURA,COLEGIO SAINT GEORGE'S L1,-33.3840546,-70.6000578,"Santa Cruz 5400, 7660103 Vitacura, Región Metropolitana, Chile",google
METROPOLITANA DE SANTIAGO,SANTIAGO,VITACURA,COLEGIO SAINT GEORGE'S L2,-33.3840546,-70.6000578,"Santa Cruz 5400, 7660103 Vitacura, Región Metropolitana, Chile",google
METROPOLITANA DE SANTIAGO,SANTIAGO,VITACURA,COLEGIO SAN PEDRO NOLASCO,-33.3984275,-70.5733457,"Colegio San Pedro Nolasco, Vitacura, Provincia de Santiago, Región Metropolitana de Santiago, 7560995, Chile",nominatim
METROPOLITANA DE SANTIAGO,SANTIAGO,VITACURA,COLEGIO SANTA URSULA VITACURA,-33.3943077,-70.5974585,"Colegio Santa Úrsula, Isabel Montt, Lo Castillo, Vitacura, Provincia de Santiago, Región Metropolitana de Santiago, 7630391, Chile",nominatim
METROPOLITANA DE SANTIAGO,SANTIAGO,VITACURA,COLEGIO TABANCURA,-33.3794574,-70.5348166,"Colegio Tabancura, 10650, Las Hualtatas, Tabancura, Vitacura, Provincia de Santiago, Región Metropolitana de Santiago, 7630000, Chile",nominatim
METROPOLITANA DE SANTIAGO,SANTIAGO,VITACURA,LICEO AMANDA LABARCA,-33.38852,-70.5499273,"Liceo Amanda Labarca, 1150, Avenida Padre Hurtado Norte, El Dorado, Vitacura, Provincia de Santiago, Región Metropolitana de Santiago, 7650191, Chile",nominatim
METROPOLITANA DE SANTIAGO,SANTIAGO,VITACURA,LICEO MARIA LUISA BOMBAL,-33.3881129,-70.5798233,"Liceo María Luisa Bombal, 1970, Lo Arcaya, Jardín del Este, Vitacura, Provincia de Santiago, Región Metropolitana de Santiago, 7640639, Chile",nominatim
METROPOLITANA DE SANTIAGO,TALAGANTE,EL MONTE,ESCUELA E 741 JAVIERA CARRERA,-33.6766074,-70.9805516,"Doña Javiera Carrera, El Monte, Región Metropolitana, Chile",google
METROPOLITANA DE SANTIAGO,TALAGANTE,EL MONTE,ESCUELA EL REMANSO,-33.6486453,-70.9935507,"Escuela El Remanso, La Puntilla, Santa Adriana, El Monte, Provincia de Talagante, Región Metropolitana de Santiago, Chile",nominatim
METROPOLITANA DE SANTIAGO,TALAGANTE,EL MONTE,ESCUELA REPUBLICA DE HONDURAS,-33.6875071,-71.0282536,"Escuela República de Honduras, 1340, Avenida Los Libertadores, Villa Santa Blanca, Lo Chacón, El Monte, Provincia de Talagante, Región Metropolitana de Santiago, Chile",nominatim
METROPOLITANA DE SANTIAGO,TALAGANTE,EL MONTE,ESCUELA REPUBLICA DEL ECUADOR,-33.6827861,-70.9890318,"Escuela Básica República del Ecuador, 615, Avenida Los Libertadores, Villa Los Caciques, El Monte, Provincia de Talagante, Región Metropolitana de Santiago, Chile",nominatim
METROPOLITANA DE SANTIAGO,TALAGANTE,EL MONTE,LICEO LUIS HUMBERTO ACOSTA GAY,-33.6777373,-70.9773756,"Benavente 146, 9810249 El Monte, Región Metropolitana, Chile",google
METROPOLITANA DE SANTIAGO,TALAGANTE,ISLA DE MAIPO,CENTRO EDUCACIONAL ISLA DE MAIPO,-33.7524973,-70.9014627,"Centro Educacional Isla de Maipo, Cortés, Población Lo Herrera, Isla de Maipo, Provincia de Talagante, Región Metropolitana de Santiago, 9790000, Chile",nominatim
METROPOLITANA DE SANTIAGO,TALAGANTE,ISLA DE MAIPO,ESCUELA EFRAIN MALDONADO TORRES,-33.7495122,-70.905721,"Escuela Básica Efraín Maldonado Torres, 263, Avenida Senador Jaime Guzmán Errázuriz, Valle La Reserva, Isla de Maipo, Provincia de Talagante, Región Metropolitana de Santiago, 9790000, Chile",nominatim
METROPOLITANA DE SANTIAGO,TALAGANTE,ISLA DE MAIPO,LICEO MARIO BERTERO CEVASCO L1,-33.7490232,-70.9027543,"Colegio Mario Bertero Cevasco, 9790236 Isla de Maipo, Región Metropolitana, Chile",google
METROPOLITANA DE SANTIAGO,TALAGANTE,ISLA DE MAIPO,LICEO MARIO BERTERO CEVASCO L2,-33.7490232,-70.9027543,"Colegio Mario Bertero Cevasco, 9790236 Isla de Maipo, Región Metropolitana, Chile",google
METROPOLITANA DE SANTIAGO,TALAGANTE,ISLA DE MAIPO,LICEO REPUBLICA DE ITALIA,-33.7390001,-70.8601387,"Liceo República de Italia, 07, Laura Espejo, La Islita, Isla de Maipo, Provincia de Talagante, Región Metropolitana de Santiago, 9790152, Chile",nominatim
METROPOLITANA DE SANTIAGO,TALAGANTE,PADRE HURTADO,BOSTON ACADEMY LAGUNA DEL SOL,-33.5684442,-70.830583,"Boston Academy Laguna del Sol, 701, Avenida Santa Herminia Poniente, Laguna del Sol, Padre Hurtado, Provincia de Talagante, Región Metropolitana de Santiago, 9720028, Chile",nominatim
METROPOLITANA DE SANTIAGO,TALAGANTE,PADRE HURTADO,CENTRO DE EMPRENDIMIENTO,-33.5661013,-70.80044649999999,"Av. Primera Transversal 953, 9711101 Padre Hurtado, Región Metropolitana, Chile",google
METROPOLITANA DE SANTIAGO,TALAGANTE,PADRE HURTADO,COLEGIO ALBERTO HURTADO CRUCHAGA,-33.5723402,-70.8132232,"Colegio Alberto Hurtado Cruchaga, 447, Avenida Los Silos, Padre Hurtado, Provincia de Talagante, Región Metropolitana de Santiago, 9710000, Chile",nominatim
METROPOLITANA DE SANTIAGO,TALAGANTE,PADRE HURTADO,COLEGIO ALBERTO HURTADO CRUCHAGA BASICA,-33.5727898,-70.8125876,"Av. Los Silos 447, 9710666 Padre Hurtado, Región Metropolitana, Chile",google
METROPOLITANA DE SANTIAGO,TALAGANTE,PADRE HURTADO,COLEGIO SAN CRISTOBAL APOSTOL,-33.5623285,-70.7925078,"Colegio Polivalente San Cristóbal Apostol, 871, La Pirámide, Padre Hurtado, Provincia de Talagante, Región Metropolitana de Santiago, 9280931, Chile",nominatim
METROPOLITANA DE SANTIAGO,TALAGANTE,PADRE HURTADO,COMPLEJO EDUCACIONAL LUIS PASTEUR BASICA,-33.5670549,-70.8031163,"Luis Pasteur, Padre Hurtado, Región Metropolitana, Chile",google
METROPOLITANA DE SANTIAGO,TALAGANTE,PADRE HURTADO,ESCUELA BRASILIA,-33.5691492,-70.8106461,"Escuela Básica Brasilia, 321, Málaga, Padre Hurtado, Provincia de Talagante, Región Metropolitana de Santiago, 9710000, Chile",nominatim
METROPOLITANA DE SANTIAGO,TALAGANTE,PADRE HURTADO,ESCUELA CRISTAL CHILE,-33.5630268,-70.8183692,"Escuela Cristal Chile, 2156, Presidente Pedro Aguirre Cerda, Villa Los Maitenes, Padre Hurtado, Provincia de Talagante, Región Metropolitana de Santiago, 9720028, Chile",nominatim
METROPOLITANA DE SANTIAGO,TALAGANTE,PADRE HURTADO,ESCUELA FRANCISCO DE AGUIRRE,-33.5732259,-70.8177492,"Escuela Básica y Especial Francisco de Aguirre, 181, San Ignacio, Padre Hurtado, Provincia de Talagante, Región Metropolitana de Santiago, 9710000, Chile",nominatim
METROPOLITANA DE SANTIAGO,TALAGANTE,PADRE HURTADO,ESCUELA LA ESPERANZA,-33.5550814,-70.8657665,"Escuela la Esperanza, Santa Luisa, La Esperanza, Padre Hurtado, Provincia de Talagante, Región Metropolitana de Santiago, 9720028, Chile",nominatim
METROPOLITANA DE SANTIAGO,TALAGANTE,PADRE HURTADO,ESCUELA REPUBLICA ARGENTINA,-33.5723743,-70.8213635,"Escuela República de Argentina, 0101, San Francisco De Borja, Alto La Cruz I, Padre Hurtado, Provincia de Talagante, Región Metropolitana de Santiago, 9710000, Chile",nominatim
METROPOLITANA DE SANTIAGO,TALAGANTE,PADRE HURTADO,ESCUELA SANTA ROSA DE CHENA,-33.5615075,-70.7919197,"Escuela Santa Rosa de Chena, 720, La Pirámide, Padre Hurtado, Provincia de Talagante, Región Metropolitana de Santiago, 9280931, Chile",nominatim
METROPOLITANA DE SANTIAGO,TALAGANTE,PADRE HURTADO,LICEO BICENTENARIO PAUL HARRIS,-33.5633946,-70.79676850000001,"Av. Primera Transversal 420, 9710157 Padre Hurtado, Región Metropolitana, Chile",google
METROPOLITANA DE SANTIAGO,TALAGANTE,PEÑAFLOR,COLEGIO BALMACEDA,-33.6122203,-70.8992712,"Colegio José Manuel Balmaceda, 3568, Avenida Vicuña Mackenna, El Ombu, Peñaflor, Provincia de Talagante, Región Metropolitana de Santiago, 9750000, Chile",nominatim
METROPOLITANA DE SANTIAGO,TALAGANTE,PEÑAFLOR,COLEGIO FRANCISCO DE VILLAGRA L1,-33.6059901,-70.86296899999999,"Avda. Rosales N° 834, Malloco - Av. Rosales 834, 9273085 Penaflor, Peñaflor, Región Metropolitana, Chile",google
METROPOLITANA DE SANTIAGO,TALAGANTE,PEÑAFLOR,COLEGIO FRANCISCO DE VILLAGRA L2,-33.6059901,-70.86296899999999,"Avda. Rosales N° 834, Malloco - Av. Rosales 834, 9273085 Penaflor, Peñaflor, Región Metropolitana, Chile",google
METROPOLITANA DE SANTIAGO,TALAGANTE,PEÑAFLOR,COLEGIO INMACULADA CONCEPCION NUESTRA SEÑORA DE LOURDES,-33.6002109,-70.8756884,"Colegio Inmaculada Concepción Nuestra Señora de Lourdes, 211, Avenida Francisco Bilbao, Los Prados, Pajaritos, Peñaflor, Provincia de Talagante, Región Metropolitana de Santiago, 9750000, Chile",nominatim
METROPOLITANA DE SANTIAGO,TALAGANTE,PEÑAFLOR,COLEGIO INTEGRAL ALTAZOR,-33.6050295,-70.8671612,"Colegio Integral Altazor, 1201, Los Rosales, Villa Aguas Claras, Malloco, Peñaflor, Provincia de Talagante, Región Metropolitana de Santiago, Chile",nominatim
METROPOLITANA DE SANTIAGO,TALAGANTE,PEÑAFLOR,ESCUELA EMILIA LASCAR,-33.6060225,-70.8994111,"Escuela Básica Emilia Lascar, 160, Emilia Lascar, Barrio Unión de Cooperativas, Peñaflor, Provincia de Talagante, Región Metropolitana de Santiago, 9750000, Chile",nominatim
METROPOLITANA DE SANTIAGO,TALAGANTE,PEÑAFLOR,ESCUELA ESPECIAL NAZARETH,-33.6017525,-70.8616427,"Escuela Especial Andalué, 1000, Avenida Miraflores, Villa Aguas Claras, Malloco, Peñaflor, Provincia de Talagante, Región Metropolitana de Santiago, 9710000, Chile",nominatim
METROPOLITANA DE SANTIAGO,TALAGANTE,PEÑAFLOR,ESCUELA MALLOCO,-33.6038831,-70.8533569,"Escuela E664 Malloco, Arturo Alessandri, Malloco, Peñaflor, Provincia de Talagante, Región Metropolitana de Santiago, 9710000, Chile",nominatim
METROPOLITANA DE SANTIAGO,TALAGANTE,PEÑAFLOR,ESCUELA REPUBLICA CHECA,-33.602693,-70.883327,"Escuela Básica República Checa, 640, Progreso, Las Lomas de Peñaflor, Peñaflor, Provincia de Talagante, Región Metropolitana de Santiago, 9750000, Chile",nominatim
METROPOLITANA DE SANTIAGO,TALAGANTE,PEÑAFLOR,ESCUELA REPUBLICA DE ISRAEL,-33.6081439,-70.8832118,"Escuela Básica República de Israel, 300, Santa Julia, Los Prados, Peñaflor, Provincia de Talagante, Región Metropolitana de Santiago, 9750000, Chile",nominatim
METROPOLITANA DE SANTIAGO,TALAGANTE,PEÑAFLOR,ESCUELA ROSALINA PESCIO VARGAS,-33.5998753,-70.8787085,"Colegio Rosalina Pescio Vargas, 2487, Avenida Larraín, Villa Cordillera de La Reina, Peñaflor, Provincia de Talagante, Región Metropolitana de Santiago, 9750000, Chile",nominatim
METROPOLITANA DE SANTIAGO,TALAGANTE,PEÑAFLOR,ESCUELA SONIA PLAZA CASTRO,-33.6072109,-70.8923995,"Escuela Sonia Plaza Castro, Cantarito de Greda, Villa Vicente Bianchi, Peñaflor, Provincia de Talagante, Región Metropolitana de Santiago, 9750000, Chile",nominatim
METROPOLITANA DE SANTIAGO,TALAGANTE,PEÑAFLOR,LICEO COMERCIAL REPUBLICA DE BRASIL,-33.6022682,-70.8529469,"Liceo Comercial República De Brasil, 173, Avenida Miraflores, Villa Aguas Claras, Malloco, Peñaflor, Provincia de Talagante, Región Metropolitana de Santiago, 9710000, Chile",nominatim
METROPOLITANA DE SANTIAGO,TALAGANTE,PEÑAFLOR,LICEO PEÑAFLOR,-33.6079476,-70.9012202,"Liceo Municipalizado Peñaflor, 1261, Alcalde Luis Araya Cereceda, Barrio Unión de Cooperativas, Peñaflor, Provincia de Talagante, Región Metropolitana de Santiago, 9750000, Chile",nominatim
METROPOLITANA DE SANTIAGO,TALAGANTE,TALAGANTE,ESCUELA ALBORADA DE TALAGANTE,-33.670389,-70.9381248,"Escuela Alborada De Talagante, 2097, Esmeralda, Población Los Lagos, Talagante, Provincia de Talagante, Región Metropolitana de Santiago, 9670000, Chile",nominatim
METROPOLITANA DE SANTIAGO,TALAGANTE,TALAGANTE,ESCUELA EL ROTO CHILENO,-33.6621051,-70.8363098,"Escuela El Roto Chileno, 6380, Yungay, Santa Alicia, El Roto Chileno, Talagante, Provincia de Talagante, Región Metropolitana de Santiago, Chile",nominatim
METROPOLITANA DE SANTIAGO,TALAGANTE,TALAGANTE,ESCUELA TEGUALDA,-33.6760845,-70.9431707,"Escuela Básica Tegualda de Ranquilco, 2690, Fernando Ochagavía Valdés, Población Los Lagos, Talagante, Provincia de Talagante, Región Metropolitana de Santiago, 9670000, Chile",nominatim
METROPOLITANA DE SANTIAGO,TALAGANTE,TALAGANTE,LICEO POLITECNICO C-120 L1,-33.6647792,-70.9238948,"Balmaceda 1081, 9670376 Talagante, Región Metropolitana, Chile",google
METROPOLITANA DE SANTIAGO,TALAGANTE,TALAGANTE,LICEO POLITECNICO C-120 L2,-33.6647792,-70.9238948,"Balmaceda 1081, 9670376 Talagante, Región Metropolitana, Chile",google
METROPOLITANA DE SANTIAGO,TALAGANTE,TALAGANTE,LICEO REPUBLICA DE GRECIA,-33.6639223,-70.9237144,"Liceo República De Grecia, 1133, Balmaceda, Villa Tocornal, Talagante, Provincia de Talagante, Región Metropolitana de Santiago, 9670000, Chile",nominatim
METROPOLITANA DE SANTIAGO,TALAGANTE,TALAGANTE,LICEO TALAGANTE BASICA,-33.6652879,-70.92285749999999,"Balmaceda 1220, 9670517 Talagante, Región Metropolitana, Chile",google
METROPOLITANA DE SANTIAGO,TALAGANTE,TALAGANTE,LICEO TALAGANTE MEDIA L1,-33.6652879,-70.92285749999999,"Balmaceda 1220, 9670517 Talagante, Región Metropolitana, Chile",google
METROPOLITANA DE SANTIAGO,TALAGANTE,TALAGANTE,LICEO TALAGANTE MEDIA L2,-33.6652879,-70.92285749999999,"Balmaceda 1220, 9670517 Talagante, Región Metropolitana, Chile",google
