adm_region,adm_provincia,adm_comuna,adm_local,EDUARDO ANTONIO ARTES BRICHETTI,EVELYN MATTHEI FORNET,FRANCO PARISI FERNANDEZ,HAROLD MAYNE-NICHOLLS SECUL,JEANNETTE JARA ROMAN,JOHANNES KAISER BARENTS-VON HOHENHAGEN,JOSE ANTONIO KAST RIST,MARCO ANTONIO ENRIQUEZ-OMINAMI GUMUCIO,validamente_emitidos,votos_nulos,votos_blancos,total_votacion
METROPOLITANA DE SANTIAGO,CHACABUCO,COLINA,C.C.P. COLINA,0,1,9,0,1,7,13,0,31,1,1,33
METROPOLITANA DE SANTIAGO,CHACABUCO,COLINA,COLEGIO SAN JOSE DE CHICUREO L1,8,1742,64,26,214,663,2287,8,5012,20,11,5043
METROPOLITANA DE SANTIAGO,CHACABUCO,COLINA,COLEGIO SAN JOSE DE CHICUREO L2,6,1716,70,31,265,596,2287,8,4979,27,7,5013
METROPOLITANA DE SANTIAGO,CHACABUCO,COLINA,ESCUELA ALGARROBAL,17,1290,572,84,634,896,2164,38,5695,76,49,5820
METROPOLITANA DE SANTIAGO,CHACABUCO,COLINA,ESCUELA ANDALIEN DE COLINA,21,698,737,53,844,667,1401,62,4483,89,41,4613
METROPOLITANA DE SANTIAGO,CHACABUCO,COLINA,ESCUELA DE LENGUAJE CAMINA ALTO,42,462,1744,62,1163,731,1465,69,5738,134,73,5945
METROPOLITANA DE SANTIAGO,CHACABUCO,COLINA,ESCUELA ERNESTO SOTO NEGRETE,19,295,857,37,742,471,887,50,3358,84,60,3502
METROPOLITANA DE SANTIAGO,CHACABUCO,COLINA,ESCUELA FRANCISCO PETRINOVIC KARLOVAC,11,288,406,24,450,428,775,20,2402,46,19,2467
METROPOLITANA DE SANTIAGO,CHACABUCO,COLINA,ESCUELA MARCOS GOYCOOLEA CORTES,19,621,955,72,1200,704,1544,62,5177,129,52,5358
METROPOLITANA DE SANTIAGO,CHACABUCO,COLINA,ESCUELA PREMIO NOBEL PABLO NERUDA,24,531,1494,48,1382,805,1541,76,5901,164,58,6123
METROPOLITANA DE SANTIAGO,CHACABUCO,COLINA,ESCUELA SAN FRANCISCO DE ASIS,12,449,191,21,248,319,811,12,2063,22,15,2100
METROPOLITANA DE SANTIAGO,CHACABUCO,COLINA,ESCUELA SAN VICENTE DE LO ARCAYA,5,1249,279,45,498,755,1999,27,4857,55,28,4940
METROPOLITANA DE SANTIAGO,CHACABUCO,COLINA,ESCUELA SANTA MARTA DE LIRAY,15,931,506,55,532,591,1305,28,3963,64,32,4059
METROPOLITANA DE SANTIAGO,CHACABUCO,COLINA,ESCUELA SANTA TERESA DEL CARMELO,56,765,1890,82,1700,1153,2164,116,7926,236,132,8294
METROPOLITANA DE SANTIAGO,CHACABUCO,COLINA,LICEO BICENTENARIO CHACABUCO,35,879,1254,78,1355,951,1928,60,6540,160,62,6762
METROPOLITANA DE SANTIAGO,CHACABUCO,COLINA,LICEO BICENTENARIO SANTA TERESA DE LOS ANDES,15,789,558,39,615,613,1287,29,3945,62,26,4033
METROPOLITANA DE SANTIAGO,CHACABUCO,COLINA,LICEO ESMERALDA,26,666,1360,64,1305,845,1781,54,6101,183,57,6341
METROPOLITANA DE SANTIAGO,CHACABUCO,COLINA,LICEO PELDEHUE,13,733,420,56,560,706,1440,25,3953,43,32,4028
METROPOLITANA DE SANTIAGO,CHACABUCO,COLINA,LICEO POLIVALENTE RIGOBERTO FONTT IZQUIERDO,55,674,2185,102,1910,1007,2041,96,8070,275,67,8412
METROPOLITANA DE SANTIAGO,CHACABUCO,COLINA,LYCEE ANTOINE DE SAINT EXUPERY,9,2077,78,56,343,900,2307,16,5786,43,21,5850
METROPOLITANA DE SANTIAGO,CHACABUCO,LAMPA,COLEGIO PUMAHUE CHICAUMA,11,581,123,39,370,250,605,11,1990,27,14,2031
METROPOLITANA DE SANTIAGO,CHACABUCO,LAMPA,COLEGIO SOL DEL VALLE,31,924,869,99,1608,756,1425,61,5773,98,16,5887
METROPOLITANA DE SANTIAGO,CHACABUCO,LAMPA,COMPLEJO EDUCACIONAL MANUEL PLAZA REYES,37,628,1554,51,1447,916,1540,91,6264,171,68,6503
METROPOLITANA DE SANTIAGO,CHACABUCO,LAMPA,ESCUELA CACIQUE COLIN,20,372,711,33,767,425,878,52,3258,69,37,3364
METROPOLITANA DE SANTIAGO,CHACABUCO,LAMPA,ESCUELA EMPRENDER LARAPINTA,42,855,1546,128,2101,1165,1866,99,7802,178,57,8037
METROPOLITANA DE SANTIAGO,CHACABUCO,LAMPA,ESCUELA MANUEL SEGOVIA MONTENEGRO,34,707,1677,74,1656,1031,1672,108,6959,187,96,7242
METROPOLITANA DE SANTIAGO,CHACABUCO,LAMPA,ESCUELA NORMA GONZALEZ GUERRA,19,417,1102,54,839,722,1371,71,4595,88,42,4725
METROPOLITANA DE SANTIAGO,CHACABUCO,LAMPA,ESCUELA POLONIA GUTIERREZ L1,20,374,1254,38,969,648,1075,56,4434,118,40,4592
METROPOLITANA DE SANTIAGO,CHACABUCO,LAMPA,ESCUELA POLONIA GUTIERREZ L2,20,383,1266,44,985,589,1069,56,4412,149,48,4609
METROPOLITANA DE SANTIAGO,CHACABUCO,LAMPA,ESCUELA REPUBLICA DE POLONIA,29,456,1096,50,1153,591,1070,52,4497,169,48,4714
METROPOLITANA DE SANTIAGO,CHACABUCO,LAMPA,ESCUELA SAN PEDRO VALLE GRANDE,29,959,839,100,1633,740,1486,67,5853,104,32,5989
METROPOLITANA DE SANTIAGO,CHACABUCO,LAMPA,ESCUELA SANTA SARA,11,424,419,43,623,510,785,23,2838,58,26,2922
METROPOLITANA DE SANTIAGO,CHACABUCO,LAMPA,LICEO DE BATUCO L1,31,363,1292,32,1096,599,923,74,4410,112,63,4585
METROPOLITANA DE SANTIAGO,CHACABUCO,LAMPA,LICEO DE BATUCO L2,25,402,1179,40,971,525,846,62,4050,128,49,4227
METROPOLITANA DE SANTIAGO,CHACABUCO,LAMPA,LICEO SAINT ANDREWS COLLEGE,9,292,457,27,490,327,606,18,2226,56,24,2306
METROPOLITANA DE SANTIAGO,CHACABUCO,TILTIL,COLEGIO SAINT LOUIS SCHOOL,11,210,112,18,218,196,347,7,1119,23,5,1147
METROPOLITANA DE SANTIAGO,CHACABUCO,TILTIL,ESCUELA BASICA G-N°352 PLAZUELA DE POLPAICO,3,118,371,14,319,264,359,21,1469,33,12,1514
METROPOLITANA DE SANTIAGO,CHACABUCO,TILTIL,ESCUELA G-N°345 RUNGUE,7,120,447,10,479,328,417,23,1831,30,17,1878
METROPOLITANA DE SANTIAGO,CHACABUCO,TILTIL,LICEO HUERTOS FAMILIARES,21,376,1000,49,956,666,1040,39,4147,169,44,4360
METROPOLITANA DE SANTIAGO,CHACABUCO,TILTIL,LICEO MANUEL RODRIGUEZ,26,440,1361,59,1497,810,1190,61,5444,147,58,5649
METROPOLITANA DE SANTIAGO,CORDILLERA,PIRQUE,COLEGIO COLONIAL DE PIRQUE,20,766,538,79,1313,699,1041,46,4502,119,51,4672
METROPOLITANA DE SANTIAGO,CORDILLERA,PIRQUE,ESCUELA G-N°646 LO ARCAYA,23,477,387,56,999,551,835,42,3370,89,25,3484
METROPOLITANA DE SANTIAGO,CORDILLERA,PIRQUE,LICEO EL PRINCIPAL,40,892,1249,84,2120,1004,1573,101,7063,178,84,7325
METROPOLITANA DE SANTIAGO,CORDILLERA,PIRQUE,LICEO TECNICO PROFESIONAL EL LLANO,37,1217,900,128,2023,1105,1867,77,7354,156,97,7607
METROPOLITANA DE SANTIAGO,CORDILLERA,PUENTE ALTO,C.D.P. DE PUENTE ALTO,0,2,6,2,17,0,5,1,33,2,2,37
METROPOLITANA DE SANTIAGO,CORDILLERA,PUENTE ALTO,CENTRO EDUCACIONAL FERNANDO DE ARAGON L1,39,582,993,70,1862,638,919,71,5174,187,48,5409
METROPOLITANA DE SANTIAGO,CORDILLERA,PUENTE ALTO,CENTRO EDUCACIONAL FERNANDO DE ARAGON L2,45,558,1006,81,1842,628,965,64,5189,148,57,5394
METROPOLITANA DE SANTIAGO,CORDILLERA,PUENTE ALTO,CENTRO EDUCACIONAL LARUN RAYUN,51,687,699,86,2126,640,909,79,5277,176,41,5494
METROPOLITANA DE SANTIAGO,CORDILLERA,PUENTE ALTO,CENTRO EDUCACIONAL NUEVA CREACION,30,415,683,49,1233,567,625,68,3670,148,43,3861
METROPOLITANA DE SANTIAGO,CORDILLERA,PUENTE ALTO,CENTRO EDUCACIONAL PRINCIPADO DE ASTURIAS,27,656,407,91,1646,614,829,62,4332,220,33,4585
METROPOLITANA DE SANTIAGO,CORDILLERA,PUENTE ALTO,CENTRO EDUCACIONAL SAN CARLOS DE ARAGON L1,62,656,842,92,2231,727,968,64,5642,181,42,5865
METROPOLITANA DE SANTIAGO,CORDILLERA,PUENTE ALTO,CENTRO EDUCACIONAL SAN CARLOS DE ARAGON L2,44,578,887,107,2242,800,938,73,5669,170,39,5878
METROPOLITANA DE SANTIAGO,CORDILLERA,PUENTE ALTO,CHILEAN EAGLES COLLEGE LAS VIZCACHAS,35,1081,681,131,1828,793,1517,59,6125,137,31,6293
METROPOLITANA DE SANTIAGO,CORDILLERA,PUENTE ALTO,COLEGIO ACROPOLIS,47,607,743,100,1979,557,926,74,5033,150,34,5217
METROPOLITANA DE SANTIAGO,CORDILLERA,PUENTE ALTO,COLEGIO ALICANTE DEL SOL L1,80,1287,1000,152,3215,1061,1633,93,8521,246,68,8835
METROPOLITANA DE SANTIAGO,CORDILLERA,PUENTE ALTO,COLEGIO ALICANTE DEL SOL L2,87,1043,959,166,3111,966,1585,100,8017,198,58,8273
METROPOLITANA DE SANTIAGO,CORDILLERA,PUENTE ALTO,COLEGIO ALICANTE DEL VALLE,67,1303,1151,182,2934,946,2012,89,8684,204,44,8932
METROPOLITANA DE SANTIAGO,CORDILLERA,PUENTE ALTO,COLEGIO ALTAZOR,32,572,370,55,1233,501,709,31,3503,50,15,3568
METROPOLITANA DE SANTIAGO,CORDILLERA,PUENTE ALTO,COLEGIO CARDENAL RAUL SILVA HENRIQUEZ,73,912,1401,122,3014,970,1498,94,8084,229,47,8360
METROPOLITANA DE SANTIAGO,CORDILLERA,PUENTE ALTO,COLEGIO COMPAÑIA DE MARIA PUENTE ALTO,55,836,976,101,2655,849,1150,102,6724,197,56,6977
METROPOLITANA DE SANTIAGO,CORDILLERA,PUENTE ALTO,COLEGIO EL RACO,56,663,1117,86,2494,725,1156,88,6385,247,42,6674
METROPOLITANA DE SANTIAGO,CORDILLERA,PUENTE ALTO,COLEGIO EL SEMBRADOR,29,355,357,48,1126,349,472,37,2773,101,14,2888
METROPOLITANA DE SANTIAGO,CORDILLERA,PUENTE ALTO,COLEGIO EL SEMBRADOR ANEXO 2 L1,45,630,693,109,1955,588,901,57,4978,146,27,5151
METROPOLITANA DE SANTIAGO,CORDILLERA,PUENTE ALTO,COLEGIO EL SEMBRADOR ANEXO 2 L2,62,637,644,98,1801,635,808,54,4739,121,25,4885
METROPOLITANA DE SANTIAGO,CORDILLERA,PUENTE ALTO,COLEGIO EMPRENDER OBISPO ALVEAR,35,490,677,71,1616,548,744,62,4243,113,27,4383
METROPOLITANA DE SANTIAGO,CORDILLERA,PUENTE ALTO,COLEGIO EXTREMADURA DE PUENTE ALTO,48,779,991,106,2392,743,1259,69,6387,173,39,6599
METROPOLITANA DE SANTIAGO,CORDILLERA,PUENTE ALTO,COLEGIO EYZAGUIRRE MEDIA,51,470,1568,66,1740,642,983,105,5625,208,65,5898
METROPOLITANA DE SANTIAGO,CORDILLERA,PUENTE ALTO,COLEGIO MAIPO,49,492,602,66,1481,630,727,68,4115,167,59,4341
METROPOLITANA DE SANTIAGO,CORDILLERA,PUENTE ALTO,COLEGIO MANQUECURA PUENTE ALTO L1,46,943,364,124,1695,673,1180,54,5079,76,33,5188
METROPOLITANA DE SANTIAGO,CORDILLERA,PUENTE ALTO,COLEGIO MANQUECURA PUENTE ALTO L2,48,932,361,117,1653,642,1169,46,4968,104,37,5109
METROPOLITANA DE SANTIAGO,CORDILLERA,PUENTE ALTO,COLEGIO MERRYLAND,63,755,771,110,2406,752,964,72,5893,192,47,6132
METROPOLITANA DE SANTIAGO,CORDILLERA,PUENTE ALTO,COLEGIO MIRADOR,40,615,643,84,1781,572,928,61,4724,120,27,4871
METROPOLITANA DE SANTIAGO,CORDILLERA,PUENTE ALTO,COLEGIO NAVARRA,47,771,999,117,2447,759,1085,60,6285,173,55,6513
METROPOLITANA DE SANTIAGO,CORDILLERA,PUENTE ALTO,COLEGIO NUEVA ERA SIGLO XXI SEDE PUENTE ALTO,64,803,1031,103,2428,862,1227,106,6624,191,69,6884
METROPOLITANA DE SANTIAGO,CORDILLERA,PUENTE ALTO,COLEGIO NUEVO HORIZONTE DE PUENTE ALTO,75,878,1798,131,2740,949,1561,142,8274,301,92,8667
METROPOLITANA DE SANTIAGO,CORDILLERA,PUENTE ALTO,COLEGIO PADRE JOSE KENTENICH,56,673,1351,96,2321,708,1302,122,6629,247,77,6953
METROPOLITANA DE SANTIAGO,CORDILLERA,PUENTE ALTO,COLEGIO PARTICULAR POLITECNICO EYZAGUIRRE BASICA,43,336,1042,56,1408,486,714,71,4156,131,42,4329
METROPOLITANA DE SANTIAGO,CORDILLERA,PUENTE ALTO,COLEGIO PEDRO APOSTOL,33,498,1556,67,1877,744,1161,104,6040,231,59,6330
METROPOLITANA DE SANTIAGO,CORDILLERA,PUENTE ALTO,COLEGIO PROFESOR ILDEFONSO CALDERON,76,967,808,120,2829,1071,1529,79,7479,218,42,7739
METROPOLITANA DE SANTIAGO,CORDILLERA,PUENTE ALTO,COLEGIO QUITALMAHUE,36,397,1620,52,1425,538,1073,98,5239,176,60,5475
METROPOLITANA DE SANTIAGO,CORDILLERA,PUENTE ALTO,COLEGIO SAN GUILLERMO,69,584,2245,86,2238,835,1389,115,7561,266,89,7916
METROPOLITANA DE SANTIAGO,CORDILLERA,PUENTE ALTO,COLEGIO SAN MIGUEL DE LOS ANDES L1,52,628,543,77,1874,628,756,51,4609,159,28,4796
METROPOLITANA DE SANTIAGO,CORDILLERA,PUENTE ALTO,COLEGIO SAN MIGUEL DE LOS ANDES L2,30,602,507,74,1682,515,730,66,4206,130,27,4363
METROPOLITANA DE SANTIAGO,CORDILLERA,PUENTE ALTO,COLEGIO SANTA MARIA DE LA CORDILLERA,70,1040,1082,127,2776,1013,1558,87,7753,232,54,8039
METROPOLITANA DE SANTIAGO,CORDILLERA,PUENTE ALTO,COLEGIO SENDA DEL SABER,57,857,1734,134,2734,857,1584,115,8072,273,83,8428
METROPOLITANA DE SANTIAGO,CORDILLERA,PUENTE ALTO,COLEGIO TERRA ANDINA,36,413,876,58,1430,578,936,58,4385,167,32,4584
METROPOLITANA DE SANTIAGO,CORDILLERA,PUENTE ALTO,COLEGIO TUPAHUE,58,631,1096,111,2587,879,1110,115,6587,218,78,6883
METROPOLITANA DE SANTIAGO,CORDILLERA,PUENTE ALTO,ESCUELA ANDES DEL SUR,43,707,867,91,2195,639,933,72,5547,184,41,5772
METROPOLITANA DE SANTIAGO,CORDILLERA,PUENTE ALTO,ESCUELA CASAS VIEJAS,34,324,856,47,1273,553,783,52,3922,188,80,4190
METROPOLITANA DE SANTIAGO,CORDILLERA,PUENTE ALTO,ESCUELA CONSOLIDADA,33,451,792,55,1272,465,737,56,3861,124,41,4026
METROPOLITANA DE SANTIAGO,CORDILLERA,PUENTE ALTO,ESCUELA EJERCITO LIBERTADOR,51,664,1214,98,2392,731,1161,117,6428,225,57,6710
METROPOLITANA DE SANTIAGO,CORDILLERA,PUENTE ALTO,ESCUELA GABRIELA,64,558,853,111,1982,597,1233,58,5456,129,33,5618
METROPOLITANA DE SANTIAGO,CORDILLERA,PUENTE ALTO,ESCUELA LAS PALMAS,44,584,1892,79,1804,813,1372,112,6700,315,101,7116
METROPOLITANA DE SANTIAGO,CORDILLERA,PUENTE ALTO,ESCUELA LOS ANDES,50,717,882,92,2442,770,1074,95,6122,263,49,6434
METROPOLITANA DE SANTIAGO,CORDILLERA,PUENTE ALTO,ESCUELA LUIS MATTE LARRAIN,27,365,294,48,1175,346,485,41,2781,86,15,2882
METROPOLITANA DE SANTIAGO,CORDILLERA,PUENTE ALTO,ESCUELA NONATO COO,57,731,1008,83,2128,891,1162,94,6154,179,60,6393
METROPOLITANA DE SANTIAGO,CORDILLERA,PUENTE ALTO,ESCUELA OSCAR BONILLA,47,532,1494,51,1871,786,1114,113,6008,221,59,6288
METROPOLITANA DE SANTIAGO,CORDILLERA,PUENTE ALTO,ESCUELA PADRE ALBERTO HURTADO,25,296,1051,39,1115,367,664,65,3622,176,36,3834
METROPOLITANA DE SANTIAGO,CORDILLERA,PUENTE ALTO,ESCUELA SAN PABLO,33,406,452,58,1172,403,569,39,3132,93,14,3239
METROPOLITANA DE SANTIAGO,CORDILLERA,PUENTE ALTO,ESCUELA VILLA INDEPENDENCIA,34,659,1631,100,2539,932,1300,151,7346,289,147,7782
METROPOLITANA DE SANTIAGO,CORDILLERA,PUENTE ALTO,ESCUELA VILLA PEDRO AGUIRRE CERDA,19,310,609,32,853,407,579,61,2870,102,39,3011
METROPOLITANA DE SANTIAGO,CORDILLERA,PUENTE ALTO,LICEO BICENTENARIO SAN PEDRO DE PUENTE ALTO,17,227,483,33,746,382,439,43,2370,61,40,2471
METROPOLITANA DE SANTIAGO,CORDILLERA,PUENTE ALTO,LICEO CHILOE L1,32,460,1669,61,1437,559,1073,124,5415,184,59,5658
METROPOLITANA DE SANTIAGO,CORDILLERA,PUENTE ALTO,LICEO CHILOE L2,34,428,1501,43,1383,543,951,102,4985,188,63,5236
METROPOLITANA DE SANTIAGO,CORDILLERA,PUENTE ALTO,LICEO COMERCIAL DE PUENTE ALTO,43,440,755,72,1596,584,714,99,4303,147,61,4511
METROPOLITANA DE SANTIAGO,CORDILLERA,PUENTE ALTO,LICEO INGENIERO MILITAR JUAN MACKENNA O'REILLY,68,1220,814,159,2943,973,1408,70,7655,208,53,7916
METROPOLITANA DE SANTIAGO,CORDILLERA,PUENTE ALTO,LICEO MARIA REINA,76,1146,930,143,3140,1123,1582,105,8245,238,56,8539
METROPOLITANA DE SANTIAGO,CORDILLERA,PUENTE ALTO,LICEO PUENTE ALTO,54,807,1136,102,2231,813,1157,144,6444,196,72,6712
METROPOLITANA DE SANTIAGO,CORDILLERA,PUENTE ALTO,LICEO SAN GERONIMO,59,714,1502,107,2664,931,1402,113,7492,240,70,7802
METROPOLITANA DE SANTIAGO,CORDILLERA,PUENTE ALTO,LICEO VOLCAN SAN JOSE,47,520,1793,70,1848,588,1059,104,6029,198,59,6286
METROPOLITANA DE SANTIAGO,CORDILLERA,SAN JOSE DE MAIPO,ESCUELA INTEGRADORA EL MANZANO,39,641,503,80,1694,523,737,64,4281,130,47,4458
METROPOLITANA DE SANTIAGO,CORDILLERA,SAN JOSE DE MAIPO,ESCUELA JULIETA BECERRA ALVAREZ,25,499,662,60,1350,577,838,54,4065,154,44,4263
METROPOLITANA DE SANTIAGO,CORDILLERA,SAN JOSE DE MAIPO,LICEO SAN JOSE DE MAIPO,37,590,838,80,1870,729,997,86,5227,159,50,5436
METROPOLITANA DE SANTIAGO,MAIPO,BUIN,COLEGIO ALTO DEL VALLE,27,376,1381,50,1156,525,1325,63,4903,125,40,5068
METROPOLITANA DE SANTIAGO,MAIPO,BUIN,COLEGIO DE MAIPO,22,421,1000,74,991,579,1422,53,4562,145,47,4754
METROPOLITANA DE SANTIAGO,MAIPO,BUIN,COLEGIO SAN FERNANDO DE BUIN ORIENTE,46,1255,1000,155,2306,1144,2725,111,8742,166,46,8954
METROPOLITANA DE SANTIAGO,MAIPO,BUIN,ESCUELA HUMBERTO MORENO RAMIREZ,15,235,986,34,598,361,1363,46,3638,100,65,3803
METROPOLITANA DE SANTIAGO,MAIPO,BUIN,ESCUELA LOS ROSALES DEL BAJO,32,415,1496,53,1454,601,1528,72,5651,136,49,5836
METROPOLITANA DE SANTIAGO,MAIPO,BUIN,ESCUELA VALDIVIA DE PAINE,20,333,983,39,950,556,1552,46,4479,67,55,4601
METROPOLITANA DE SANTIAGO,MAIPO,BUIN,ESCUELA VILLASECA,23,631,671,90,928,600,1491,46,4480,71,22,4573
METROPOLITANA DE SANTIAGO,MAIPO,BUIN,LICEO A-131 BASICA HAYDEE AZOCAR MANSILLA,41,695,1291,92,2209,919,2246,74,7567,228,59,7854
METROPOLITANA DE SANTIAGO,MAIPO,BUIN,LICEO A-131 MEDIA HAYDEE AZOCAR MANSILLA L1,38,556,738,66,1407,637,1450,41,4933,127,37,5097
METROPOLITANA DE SANTIAGO,MAIPO,BUIN,LICEO A-131 MEDIA HAYDEE AZOCAR MANSILLA L2,33,549,750,70,1334,682,1472,59,4949,107,41,5097
METROPOLITANA DE SANTIAGO,MAIPO,BUIN,LICEO ALTO JAHUEL,42,675,1693,103,1829,895,2590,101,7928,211,82,8221
METROPOLITANA DE SANTIAGO,MAIPO,BUIN,LICEO CARDENAL CARO BASICA,23,422,779,55,1076,478,1393,50,4276,131,39,4446
METROPOLITANA DE SANTIAGO,MAIPO,BUIN,LICEO CARDENAL CARO MEDIA,34,538,1742,77,2006,857,2228,97,7579,176,85,7840
METROPOLITANA DE SANTIAGO,MAIPO,BUIN,LICEO FRANCISCO JAVIER KRUGGER ALVARADO,16,248,452,41,681,268,1112,50,2868,66,33,2967
METROPOLITANA DE SANTIAGO,MAIPO,BUIN,LICEO POLIVALENTE LOS GUINDOS,11,192,459,30,371,223,645,24,1955,36,12,2003
METROPOLITANA DE SANTIAGO,MAIPO,CALERA DE TANGO,LICEO POETISA GABRIELA MISTRAL BASICA L1,35,991,990,91,1519,1022,1926,73,6647,134,71,6852
METROPOLITANA DE SANTIAGO,MAIPO,CALERA DE TANGO,LICEO POETISA GABRIELA MISTRAL BASICA L2,34,1009,990,71,1489,976,1868,60,6497,158,49,6704
METROPOLITANA DE SANTIAGO,MAIPO,CALERA DE TANGO,LICEO POETISA GABRIELA MISTRAL MEDIA,35,906,1063,80,1519,959,1959,78,6599,150,71,6820
METROPOLITANA DE SANTIAGO,MAIPO,PAINE,CENTRO EDUCACIONAL ENRIQUE BERNSTEIN CARABANTE L1,29,342,686,54,1348,493,1551,55,4558,111,43,4712
METROPOLITANA DE SANTIAGO,MAIPO,PAINE,CENTRO EDUCACIONAL ENRIQUE BERNSTEIN CARABANTE L2,22,301,712,41,988,406,1392,35,3897,136,40,4073
METROPOLITANA DE SANTIAGO,MAIPO,PAINE,COLEGIO BICENTENARIO SANTA MARIA DE PAINE,32,412,939,61,1209,588,1790,56,5087,136,87,5310
METROPOLITANA DE SANTIAGO,MAIPO,PAINE,COLEGIO MARIA ANA MOGAS,26,343,1197,64,1404,520,1649,50,5253,144,57,5454
METROPOLITANA DE SANTIAGO,MAIPO,PAINE,ESCUELA BARBARA KAST RIST,23,389,773,48,988,478,1532,52,4283,83,58,4424
METROPOLITANA DE SANTIAGO,MAIPO,PAINE,ESCUELA ELIAS SANCHEZ ORTUZAR,26,409,589,53,1027,545,1331,35,4015,83,41,4139
METROPOLITANA DE SANTIAGO,MAIPO,PAINE,ESCUELA F-N°835 HERMANOS SANCHEZ CERDA,22,550,760,44,1042,609,1746,62,4835,144,37,5016
METROPOLITANA DE SANTIAGO,MAIPO,PAINE,ESCUELA FRANCISCO LETELIER VALDES,9,257,213,25,404,269,653,20,1850,38,25,1913
METROPOLITANA DE SANTIAGO,MAIPO,PAINE,ESCUELA JAVIER EYZAGUIRE ECHAURREN,14,250,573,28,661,393,1072,32,3023,77,71,3171
METROPOLITANA DE SANTIAGO,MAIPO,PAINE,ESCUELA PAULA JARAQUEMADA ALQUIZAR,37,474,1217,68,1727,765,2284,73,6645,217,91,6953
METROPOLITANA DE SANTIAGO,MAIPO,PAINE,LICEO GREGORIO MORALES MIRANDA,20,547,1110,69,1692,858,1974,72,6342,153,58,6553
METROPOLITANA DE SANTIAGO,MAIPO,PAINE,LICEO MARIA CARVAJAL FUENZALIDA,20,464,980,53,1009,556,1910,47,5039,122,69,5230
METROPOLITANA DE SANTIAGO,MAIPO,SAN BERNARDO,CENTRO EDUCACIONAL BALDOMERO LILLO L1,29,460,1016,61,1631,657,932,98,4884,180,66,5130
METROPOLITANA DE SANTIAGO,MAIPO,SAN BERNARDO,CENTRO EDUCACIONAL BALDOMERO LILLO L2,37,462,1092,62,1535,652,1083,79,5002,163,57,5222
METROPOLITANA DE SANTIAGO,MAIPO,SAN BERNARDO,CENTRO EDUCACIONAL PADRE ALBERTO HURTADO,50,697,2226,104,2264,913,1747,129,8130,262,88,8480
METROPOLITANA DE SANTIAGO,MAIPO,SAN BERNARDO,COLEGIO CORDILLERA DE LOS ANDES,38,497,2591,65,2024,734,1583,143,7675,346,125,8146
METROPOLITANA DE SANTIAGO,MAIPO,SAN BERNARDO,COLEGIO DOCTOR LUIS SEPULVEDA SALVATIERRA,33,379,821,51,1091,534,1052,57,4018,100,55,4173
METROPOLITANA DE SANTIAGO,MAIPO,SAN BERNARDO,COLEGIO DOMINGO EYZAGUIRRE,15,200,386,20,705,233,478,31,2068,61,10,2139
METROPOLITANA DE SANTIAGO,MAIPO,SAN BERNARDO,COLEGIO HARAS LOS CONDORES,36,765,817,100,1580,663,1435,40,5436,112,43,5591
METROPOLITANA DE SANTIAGO,MAIPO,SAN BERNARDO,COLEGIO POLIVALENTE PRESIDENTE JOSE MANUEL BALMACEDA,36,547,611,60,1300,636,923,48,4161,102,37,4300
METROPOLITANA DE SANTIAGO,MAIPO,SAN BERNARDO,COLEGIO SANTA TERESA DE LOS MORROS,37,412,1614,60,1490,573,1187,107,5480,171,67,5718
METROPOLITANA DE SANTIAGO,MAIPO,SAN BERNARDO,COLEGIO SEBASTIAN ELCANO,33,480,887,71,1524,603,1144,69,4811,153,50,5014
METROPOLITANA DE SANTIAGO,MAIPO,SAN BERNARDO,COLEGIO VALLES DEL MAIPO,40,426,831,66,1355,558,888,70,4234,104,35,4373
METROPOLITANA DE SANTIAGO,MAIPO,SAN BERNARDO,ESCUELA ALEMANIA,53,647,1500,79,2275,833,1557,124,7068,256,100,7424
METROPOLITANA DE SANTIAGO,MAIPO,SAN BERNARDO,ESCUELA BASICA ANTUPILLAN,32,419,722,57,1276,644,996,63,4209,152,52,4413
METROPOLITANA DE SANTIAGO,MAIPO,SAN BERNARDO,ESCUELA DIEGO PORTALES L1,35,489,1287,73,1571,735,1347,76,5613,129,51,5793
METROPOLITANA DE SANTIAGO,MAIPO,SAN BERNARDO,ESCUELA DIEGO PORTALES L2,41,522,1193,77,1545,695,1314,103,5490,172,48,5710
METROPOLITANA DE SANTIAGO,MAIPO,SAN BERNARDO,ESCUELA ELIODORO YAÑEZ PONCE DE LEON,33,507,1068,65,1267,625,1400,77,5042,139,61,5242
METROPOLITANA DE SANTIAGO,MAIPO,SAN BERNARDO,ESCUELA ESCRITORA MARCELA PAZ,40,607,1096,95,1846,917,1355,88,6044,218,60,6322
METROPOLITANA DE SANTIAGO,MAIPO,SAN BERNARDO,ESCUELA HERNAN MERINO CORREA,30,366,1523,38,1272,499,1047,98,4873,223,78,5174
METROPOLITANA DE SANTIAGO,MAIPO,SAN BERNARDO,ESCUELA ISABEL RIQUELME,36,498,1079,65,1569,588,1036,102,4973,167,59,5199
METROPOLITANA DE SANTIAGO,MAIPO,SAN BERNARDO,ESCUELA JAVIERA CARRERA VERDUGO,20,383,1001,46,1333,534,978,86,4381,164,73,4618
METROPOLITANA DE SANTIAGO,MAIPO,SAN BERNARDO,ESCUELA JOSE NUEZ MARTIN,36,558,1156,86,1872,674,1246,75,5703,179,55,5937
METROPOLITANA DE SANTIAGO,MAIPO,SAN BERNARDO,ESCUELA LIBERTADOR GENERAL BERNARDO O'HIGGINS,39,516,829,73,1627,643,1050,82,4859,156,61,5076
METROPOLITANA DE SANTIAGO,MAIPO,SAN BERNARDO,ESCUELA MAHUIDA,29,503,469,53,1195,586,887,58,3780,116,48,3944
METROPOLITANA DE SANTIAGO,MAIPO,SAN BERNARDO,ESCUELA MANUEL MAGALLANES MOURE,22,202,328,23,543,254,378,17,1767,46,14,1827
METROPOLITANA DE SANTIAGO,MAIPO,SAN BERNARDO,ESCUELA PILAR MOLINER DE NUEZ,21,359,423,29,808,370,703,46,2759,85,37,2881
METROPOLITANA DE SANTIAGO,MAIPO,SAN BERNARDO,ESCUELA RENE SCHNEIDER,33,416,1088,35,1488,627,983,66,4736,178,65,4979
METROPOLITANA DE SANTIAGO,MAIPO,SAN BERNARDO,ESCUELA REPUBLICA DE LOS EE.UU. DE AMERICA,34,413,835,61,1518,488,904,67,4320,124,42,4486
METROPOLITANA DE SANTIAGO,MAIPO,SAN BERNARDO,ESCUELA REPUBLICA DEL BRASIL,38,847,665,105,2213,803,1357,66,6094,159,55,6308
METROPOLITANA DE SANTIAGO,MAIPO,SAN BERNARDO,GIMNASIO MUNICIPAL,22,527,335,61,987,541,820,58,3351,71,29,3451
METROPOLITANA DE SANTIAGO,MAIPO,SAN BERNARDO,LICEO A-127 FIDEL PINOCHET LE-BRUN,39,452,517,52,1153,558,850,46,3667,83,62,3812
METROPOLITANA DE SANTIAGO,MAIPO,SAN BERNARDO,LICEO BICENTENARIO DE EXCELENCIA,14,308,369,26,757,316,471,29,2290,66,23,2379
METROPOLITANA DE SANTIAGO,MAIPO,SAN BERNARDO,LICEO CARDENAL ANTONIO SAMORE,38,390,968,60,1230,492,808,75,4061,146,30,4237
METROPOLITANA DE SANTIAGO,MAIPO,SAN BERNARDO,LICEO CLARA SOLOVERA,24,695,904,71,1318,670,1365,65,5112,111,39,5262
METROPOLITANA DE SANTIAGO,MAIPO,SAN BERNARDO,LICEO HARDWARE,52,500,1467,55,1566,528,1225,98,5491,217,77,5785
METROPOLITANA DE SANTIAGO,MAIPO,SAN BERNARDO,LICEO INDUSTRIAL MIGUEL AYLWIN GAJARDO,23,456,372,66,1081,537,870,52,3457,96,32,3585
METROPOLITANA DE SANTIAGO,MAIPO,SAN BERNARDO,LICEO LUCILA GODOY ALCAYAGA,31,570,548,63,1548,894,1031,41,4726,145,49,4920
METROPOLITANA DE SANTIAGO,MAIPO,SAN BERNARDO,LICEO NUEVO PORVENIR,46,431,1656,49,1541,588,1170,102,5583,211,78,5872
METROPOLITANA DE SANTIAGO,MAIPO,SAN BERNARDO,LICEO VALLE DE LLUTA,33,308,1582,27,1069,434,967,99,4519,185,72,4776
METROPOLITANA DE SANTIAGO,MAIPO,SAN BERNARDO,LINCOLN COLLEGE SAN BERNARDO,49,714,1057,118,1845,658,1404,77,5922,120,46,6088
METROPOLITANA DE SANTIAGO,MAIPO,SAN BERNARDO,SAN IGNACIO COLLEGE L1,49,572,848,102,1510,615,1137,71,4904,115,34,5053
METROPOLITANA DE SANTIAGO,MAIPO,SAN BERNARDO,SAN IGNACIO COLLEGE L2,40,611,769,78,1679,581,1098,55,4911,149,32,5092
METROPOLITANA DE SANTIAGO,MELIPILLA,ALHUE,LICEO MUNICIPAL SARA TRONCOSO TRONCOSO,16,523,1209,44,1594,721,1431,55,5593,156,79,5828
METROPOLITANA DE SANTIAGO,MELIPILLA,CURACAVI,ESCUELA CUYUNCAVI,24,347,1030,42,1114,496,809,51,3913,149,82,4144
METROPOLITANA DE SANTIAGO,MELIPILLA,CURACAVI,ESCUELA FERNANDO CARVAJAL PINTO,20,527,827,56,1023,652,1028,40,4173,79,43,4295
METROPOLITANA DE SANTIAGO,MELIPILLA,CURACAVI,ESCUELA SAN JOSE OBRERO DE CURACAVI,31,754,873,71,1695,961,1402,63,5850,129,55,6034
METROPOLITANA DE SANTIAGO,MELIPILLA,CURACAVI,ESCUELA VALLE DE PUANGUE,29,708,1182,69,1733,870,1356,78,6025,166,82,6273
METROPOLITANA DE SANTIAGO,MELIPILLA,CURACAVI,LICEO PRESIDENTE BALMACEDA,29,892,1039,77,1770,1092,1536,81,6516,148,80,6744
METROPOLITANA DE SANTIAGO,MELIPILLA,MARIA PINTO,ESCUELA F-N° 732 CHOROMBO ALTO,61,242,489,24,601,339,769,35,2560,54,44,2658
METROPOLITANA DE SANTIAGO,MELIPILLA,MARIA PINTO,LICEO MUNICIPAL F-860 L1,27,548,849,40,1189,690,1264,52,4659,129,63,4851
METROPOLITANA DE SANTIAGO,MELIPILLA,MARIA PINTO,LICEO MUNICIPAL F-860 L2,20,575,864,42,1179,569,1083,42,4374,119,71,4564
METROPOLITANA DE SANTIAGO,MELIPILLA,MELIPILLA,CENTRO EDUCACIONAL MENESIANO,27,495,1027,57,1197,719,1291,50,4863,137,67,5067
METROPOLITANA DE SANTIAGO,MELIPILLA,MELIPILLA,COLEGIO ALONSO DE ERCILLA,37,615,810,66,1259,610,1172,58,4627,164,48,4839
METROPOLITANA DE SANTIAGO,MELIPILLA,MELIPILLA,COLEGIO MELIPILLA,33,621,777,61,1237,587,1174,34,4524,95,36,4655
METROPOLITANA DE SANTIAGO,MELIPILLA,MELIPILLA,COLEGIO MONSEÑOR JAIME LARRAIN BUNSTER,19,423,1089,48,1269,670,1109,57,4684,178,104,4966
METROPOLITANA DE SANTIAGO,MELIPILLA,MELIPILLA,COLEGIO NUESTRA SEÑORA DE LA PRESENTACION,34,744,968,76,1447,875,1439,50,5633,159,55,5847
METROPOLITANA DE SANTIAGO,MELIPILLA,MELIPILLA,COLEGIO POMAIRE,38,498,722,48,1094,664,1139,52,4255,203,80,4538
METROPOLITANA DE SANTIAGO,MELIPILLA,MELIPILLA,COLEGIO SAN AGUSTIN COMERCIAL,33,950,1414,56,1511,1076,2332,97,7469,216,95,7780
METROPOLITANA DE SANTIAGO,MELIPILLA,MELIPILLA,COLEGIO SAN MANUEL,21,320,759,44,783,408,778,36,3149,102,38,3289
METROPOLITANA DE SANTIAGO,MELIPILLA,MELIPILLA,ESCUELA NUESTRA SEÑORA Y MADRE DEL CARMEN,45,580,2091,81,1658,842,1508,101,6906,246,88,7240
METROPOLITANA DE SANTIAGO,MELIPILLA,MELIPILLA,ESCUELA PEDRO MARIN ALEMANY,35,691,1113,52,1428,986,1622,77,6004,160,68,6232
METROPOLITANA DE SANTIAGO,MELIPILLA,MELIPILLA,ESCUELA REPUBLICA DEL BRASIL,24,525,640,53,1083,615,965,35,3940,133,45,4118
METROPOLITANA DE SANTIAGO,MELIPILLA,MELIPILLA,ESCUELA SANTA ROSA ESMERALDA,25,323,537,31,640,472,805,37,2870,76,39,2985
METROPOLITANA DE SANTIAGO,MELIPILLA,MELIPILLA,LICEO EL BOLLENAR L1,28,471,1078,61,1152,656,1501,78,5025,150,64,5239
METROPOLITANA DE SANTIAGO,MELIPILLA,MELIPILLA,LICEO EL BOLLENAR L2,29,413,913,58,992,614,1240,61,4320,153,65,4538
METROPOLITANA DE SANTIAGO,MELIPILLA,MELIPILLA,LICEO GABRIELA MISTRAL DE MELIPILLA,33,861,1074,84,1521,943,1941,77,6534,185,65,6784
METROPOLITANA DE SANTIAGO,MELIPILLA,MELIPILLA,LICEO HERMANOS SOTOMAYOR BAEZA L1,24,604,789,65,1230,759,1186,52,4709,155,48,4912
METROPOLITANA DE SANTIAGO,MELIPILLA,MELIPILLA,LICEO HERMANOS SOTOMAYOR BAEZA L2,36,532,711,46,1056,623,1082,52,4138,110,47,4295
METROPOLITANA DE SANTIAGO,MELIPILLA,MELIPILLA,LICEO POLITECNICO MELIPILLA L1,40,541,934,43,1169,660,1039,60,4486,138,62,4686
METROPOLITANA DE SANTIAGO,MELIPILLA,MELIPILLA,LICEO POLITECNICO MELIPILLA L2,26,485,880,48,1194,624,1116,61,4434,118,57,4609
METROPOLITANA DE SANTIAGO,MELIPILLA,SAN PEDRO,ESCUELA ENRIQUE REYMOND ALDUNATE,20,390,664,25,814,576,1326,33,3848,127,63,4038
METROPOLITANA DE SANTIAGO,MELIPILLA,SAN PEDRO,LICEO SAN PEDRO,22,416,863,43,866,702,1486,37,4435,127,70,4632
METROPOLITANA DE SANTIAGO,SANTIAGO,CERRILLOS,COLEGIO BICENTENARIO POLITECNICO ALEMAN ALBERT EINSTEIN,20,230,391,29,567,377,1337,15,2966,44,16,3026
METROPOLITANA DE SANTIAGO,SANTIAGO,CERRILLOS,COLEGIO LOS CONQUISTADORES,18,433,200,53,942,356,447,32,2481,52,13,2546
METROPOLITANA DE SANTIAGO,SANTIAGO,CERRILLOS,COLEGIO MATER DEI,38,775,559,96,1575,687,1237,49,5016,91,24,5131
METROPOLITANA DE SANTIAGO,SANTIAGO,CERRILLOS,COLEGIO SAINT MAURICES,26,444,1126,58,1341,603,888,91,4577,99,80,4756
METROPOLITANA DE SANTIAGO,SANTIAGO,CERRILLOS,COLEGIO SAN JOSE DE CERRILLOS,30,411,351,46,1084,457,547,42,2968,52,26,3046
METROPOLITANA DE SANTIAGO,SANTIAGO,CERRILLOS,ESCUELA CAMPOS DE MAIPU - CERRILLOS,43,555,906,52,1677,726,977,73,5009,146,61,5216
METROPOLITANA DE SANTIAGO,SANTIAGO,CERRILLOS,ESCUELA CERRILLOS,26,468,436,53,965,500,658,37,3143,83,33,3259
METROPOLITANA DE SANTIAGO,SANTIAGO,CERRILLOS,ESCUELA CONDORES DE PLATA,35,561,944,58,1534,694,905,67,4798,142,54,4994
METROPOLITANA DE SANTIAGO,SANTIAGO,CERRILLOS,ESCUELA EJERCITO LIBERTADOR DE CERRILLOS,53,583,1459,83,1856,753,1132,103,6022,159,60,6241
METROPOLITANA DE SANTIAGO,SANTIAGO,CERRILLOS,ESCUELA ESTRELLA REINA DE CHILE,27,384,544,48,1093,508,600,54,3258,82,30,3370
METROPOLITANA DE SANTIAGO,SANTIAGO,CERRILLOS,ESCUELA JOSE JOAQUIN PRIETO VIAL,35,619,615,71,1853,708,815,72,4788,118,46,4952
METROPOLITANA DE SANTIAGO,SANTIAGO,CERRILLOS,ESCUELA PEDRO AGUIRRE CERDA,49,599,687,71,1539,651,976,55,4627,134,42,4803
METROPOLITANA DE SANTIAGO,SANTIAGO,CERRILLOS,GIMNASIO MUNICIPAL DE CERRILLOS,42,653,1117,73,2047,780,1086,110,5908,158,73,6139
METROPOLITANA DE SANTIAGO,SANTIAGO,CERRO NAVIA,COLEGIO ENRIQUE ALVEAR DE CERRO NAVIA,68,463,1092,50,1910,590,1041,100,5314,152,87,5553
METROPOLITANA DE SANTIAGO,SANTIAGO,CERRO NAVIA,COMPLEJO EDUCACIONAL CERRO NAVIA,40,464,1100,51,1737,581,970,76,5019,150,68,5237
METROPOLITANA DE SANTIAGO,SANTIAGO,CERRO NAVIA,ESCUELA ALIANZA,39,473,1028,47,1417,558,898,76,4536,121,41,4698
METROPOLITANA DE SANTIAGO,SANTIAGO,CERRO NAVIA,ESCUELA CIUDAD SANTO DOMINGO DE GUZMAN,45,509,876,65,1644,716,1041,87,4983,130,61,5174
METROPOLITANA DE SANTIAGO,SANTIAGO,CERRO NAVIA,ESCUELA DOCTOR TREVISO GIRARDI TONELLI,36,535,890,50,1673,634,968,63,4849,145,44,5038
METROPOLITANA DE SANTIAGO,SANTIAGO,CERRO NAVIA,ESCUELA ESPECIAL SARGENTO CANDELARIA,26,387,974,53,1192,453,851,59,3995,135,51,4181
METROPOLITANA DE SANTIAGO,SANTIAGO,CERRO NAVIA,ESCUELA FEDERICO ACEVEDO SALAZAR,56,445,1198,69,1662,602,954,94,5080,123,53,5256
METROPOLITANA DE SANTIAGO,SANTIAGO,CERRO NAVIA,ESCUELA GENERAL RENE ESCAURIAZA,37,540,1043,61,1597,611,919,83,4891,176,67,5134
METROPOLITANA DE SANTIAGO,SANTIAGO,CERRO NAVIA,ESCUELA HERMINDA DE LA VICTORIA,51,527,1035,53,1983,602,1027,89,5367,144,43,5554
METROPOLITANA DE SANTIAGO,SANTIAGO,CERRO NAVIA,ESCUELA MILLAHUE,81,584,1324,76,2151,773,1299,109,6397,168,79,6644
METROPOLITANA DE SANTIAGO,SANTIAGO,CERRO NAVIA,ESCUELA PAULO FREIRE,34,356,843,39,1314,468,776,68,3898,97,78,4073
METROPOLITANA DE SANTIAGO,SANTIAGO,CERRO NAVIA,ESCUELA PRESIDENTE ROOSEVELT,28,397,563,36,1281,465,642,49,3461,93,44,3598
METROPOLITANA DE SANTIAGO,SANTIAGO,CERRO NAVIA,ESCUELA PROFESOR MANUEL GUERRERO CEBALLOS,58,478,1047,84,1834,638,1055,93,5287,146,63,5496
METROPOLITANA DE SANTIAGO,SANTIAGO,CERRO NAVIA,ESCUELA PROVINCIA DE ARAUCO,28,416,789,52,1332,525,810,45,3997,107,41,4145
METROPOLITANA DE SANTIAGO,SANTIAGO,CERRO NAVIA,ESCUELA REPUBLICA DE CROACIA,52,616,1020,73,2015,719,1028,94,5617,166,67,5850
METROPOLITANA DE SANTIAGO,SANTIAGO,CERRO NAVIA,ESCUELA REPUBLICA DE ITALIA,28,353,431,36,890,338,527,38,2641,88,22,2751
METROPOLITANA DE SANTIAGO,SANTIAGO,CERRO NAVIA,ESCUELA SARGENTO CANDELARIA,52,589,737,51,1570,569,894,58,4520,151,52,4723
METROPOLITANA DE SANTIAGO,SANTIAGO,CERRO NAVIA,GIMNASIO MUNICIPAL,49,525,1250,39,1594,656,1064,109,5286,167,87,5540
METROPOLITANA DE SANTIAGO,SANTIAGO,CERRO NAVIA,LICEO LOS HEROES DE LA CONCEPCION,56,589,1323,53,2010,726,1248,122,6127,208,119,6454
METROPOLITANA DE SANTIAGO,SANTIAGO,CONCHALI,CENTRO POLITECNICO PARTICULAR CONCHALI,56,830,1144,90,2458,1025,1247,94,6944,261,60,7265
METROPOLITANA DE SANTIAGO,SANTIAGO,CONCHALI,COLEGIO CRISTOBAL COLON,38,511,542,43,1372,513,706,58,3783,112,38,3933
METROPOLITANA DE SANTIAGO,SANTIAGO,CONCHALI,COLEGIO LIBERTADOR SAN MARTIN,17,415,488,41,952,379,628,40,2960,107,38,3105
METROPOLITANA DE SANTIAGO,SANTIAGO,CONCHALI,ESCUELA ADVENTISTA SANTIAGO NORTE,31,519,569,41,1434,491,728,47,3860,125,39,4024
METROPOLITANA DE SANTIAGO,SANTIAGO,CONCHALI,ESCUELA ARAUCARIAS DE CHILE,26,343,633,42,1170,381,560,53,3208,92,66,3366
METROPOLITANA DE SANTIAGO,SANTIAGO,CONCHALI,ESCUELA AVIADOR DAGOBERTO GODOY,24,448,635,55,1402,504,707,53,3828,138,52,4018
METROPOLITANA DE SANTIAGO,SANTIAGO,CONCHALI,ESCUELA CAMILO HENRIQUEZ,35,611,607,61,1660,572,864,54,4464,138,44,4646
METROPOLITANA DE SANTIAGO,SANTIAGO,CONCHALI,ESCUELA D-114 GENERAL BERNALES,45,580,657,74,1883,591,850,70,4750,159,42,4951
METROPOLITANA DE SANTIAGO,SANTIAGO,CONCHALI,ESCUELA EL CARMEN,40,752,890,70,1886,805,1091,73,5607,186,47,5840
METROPOLITANA DE SANTIAGO,SANTIAGO,CONCHALI,ESCUELA HORACIO JOHNSON GANA,25,420,886,46,1496,497,819,61,4250,122,41,4413
METROPOLITANA DE SANTIAGO,SANTIAGO,CONCHALI,ESCUELA PATROCINIO EL SEMBRADOR N 2,42,752,832,77,1911,766,1106,86,5572,145,47,5764
METROPOLITANA DE SANTIAGO,SANTIAGO,CONCHALI,ESCUELA PEDRO AGUIRRE CERDA,42,626,738,64,1865,668,901,67,4971,143,76,5190
METROPOLITANA DE SANTIAGO,SANTIAGO,CONCHALI,ESCUELA SAN DIEGO,34,625,741,56,1631,574,911,67,4639,149,60,4848
METROPOLITANA DE SANTIAGO,SANTIAGO,CONCHALI,ESCUELA SOL NACIENTE,25,318,961,47,1251,480,878,60,4020,201,50,4271
METROPOLITANA DE SANTIAGO,SANTIAGO,CONCHALI,ESCUELA THE LITTLE SCHOOL,18,488,454,53,1269,444,557,44,3327,139,38,3504
METROPOLITANA DE SANTIAGO,SANTIAGO,CONCHALI,ESCUELA VALLE DEL INCA,43,719,924,75,2226,801,1175,83,6046,177,77,6300
METROPOLITANA DE SANTIAGO,SANTIAGO,CONCHALI,LICEO ABDON CIFUENTES,31,671,626,58,1584,564,957,51,4542,126,39,4707
METROPOLITANA DE SANTIAGO,SANTIAGO,CONCHALI,LICEO ALBERTO BLEST GANA,18,282,339,30,825,334,489,27,2344,80,23,2447
METROPOLITANA DE SANTIAGO,SANTIAGO,CONCHALI,LICEO ALMIRANTE GALVARINO RIVEROS,34,573,625,66,1929,778,1019,57,5081,144,41,5266
METROPOLITANA DE SANTIAGO,SANTIAGO,CONCHALI,LICEO POETA FEDERICO GARCIA LORCA,31,648,828,64,2193,683,972,73,5492,187,34,5713
METROPOLITANA DE SANTIAGO,SANTIAGO,EL BOSQUE,CENTRO CIVICO EL BOSQUE,35,435,721,68,1447,483,770,65,4024,133,33,4190
METROPOLITANA DE SANTIAGO,SANTIAGO,EL BOSQUE,COLEGIO BATALLA DE LA CONCEPCION,53,621,1915,57,2081,730,1335,152,6944,234,104,7282
METROPOLITANA DE SANTIAGO,SANTIAGO,EL BOSQUE,COMPLEJO EDUCACIONAL FELIPE HERRERA LANE,33,499,730,45,1627,531,788,94,4347,114,58,4519
METROPOLITANA DE SANTIAGO,SANTIAGO,EL BOSQUE,COMPLEJO EDUCACIONAL LAS ACACIAS,36,610,1705,73,2399,762,1384,172,7141,250,98,7489
METROPOLITANA DE SANTIAGO,SANTIAGO,EL BOSQUE,DENVER COLORADO SCHOOL,33,401,505,70,1147,549,716,57,3478,87,25,3590
METROPOLITANA DE SANTIAGO,SANTIAGO,EL BOSQUE,ESCUELA AVIADORES,54,703,947,72,2105,874,1187,96,6038,164,57,6259
METROPOLITANA DE SANTIAGO,SANTIAGO,EL BOSQUE,ESCUELA BASE EL BOSQUE,38,511,733,65,1350,648,1026,81,4452,117,47,4616
METROPOLITANA DE SANTIAGO,SANTIAGO,EL BOSQUE,ESCUELA CIUDAD DE LYON,43,489,1183,61,2005,669,1036,118,5604,154,57,5815
METROPOLITANA DE SANTIAGO,SANTIAGO,EL BOSQUE,ESCUELA CLAUDIO ARRAU LEON,42,478,994,67,1566,602,932,89,4770,108,59,4937
METROPOLITANA DE SANTIAGO,SANTIAGO,EL BOSQUE,ESCUELA CLUB HIPICO,53,645,1687,61,1919,819,1455,148,6787,205,103,7095
METROPOLITANA DE SANTIAGO,SANTIAGO,EL BOSQUE,ESCUELA GENERAL ALBERTO BACHELET MARTINEZ,46,642,803,74,1695,692,1067,90,5109,139,51,5299
METROPOLITANA DE SANTIAGO,SANTIAGO,EL BOSQUE,ESCUELA JOSE MARTI,10,167,418,31,675,242,361,32,1936,90,15,2041
METROPOLITANA DE SANTIAGO,SANTIAGO,EL BOSQUE,ESCUELA MARCIAL MARTINEZ FERRARI,55,633,769,80,1786,823,1263,88,5497,123,52,5672
METROPOLITANA DE SANTIAGO,SANTIAGO,EL BOSQUE,ESCUELA MARIO ARCE GATICA,30,483,797,58,1525,552,767,94,4306,134,40,4480
METROPOLITANA DE SANTIAGO,SANTIAGO,EL BOSQUE,ESCUELA NEMESIO ANTUNEZ L1,40,455,1350,64,1510,581,1187,110,5297,144,85,5526
METROPOLITANA DE SANTIAGO,SANTIAGO,EL BOSQUE,ESCUELA NEMESIO ANTUNEZ L2,36,432,1207,52,1639,583,1010,129,5088,146,76,5310
METROPOLITANA DE SANTIAGO,SANTIAGO,EL BOSQUE,ESCUELA ORLANDO LETELIER,24,357,827,46,1194,474,795,81,3798,106,32,3936
METROPOLITANA DE SANTIAGO,SANTIAGO,EL BOSQUE,ESCUELA PAUL HARRIS,37,471,1212,57,1644,613,1070,100,5204,161,66,5431
METROPOLITANA DE SANTIAGO,SANTIAGO,EL BOSQUE,ESCUELA VILLA SANTA ELENA,18,315,793,50,1248,457,682,72,3635,117,62,3814
METROPOLITANA DE SANTIAGO,SANTIAGO,EL BOSQUE,LICEO CHRISTA MC AULIFFE L1,41,647,744,72,1759,693,1066,70,5092,150,50,5292
METROPOLITANA DE SANTIAGO,SANTIAGO,EL BOSQUE,LICEO CHRISTA MC AULIFFE L2,40,590,696,76,1706,652,895,96,4751,108,44,4903
METROPOLITANA DE SANTIAGO,SANTIAGO,EL BOSQUE,LICEO JUAN GOMEZ MILLAS,36,610,614,84,1108,1020,1597,54,5123,104,36,5263
METROPOLITANA DE SANTIAGO,SANTIAGO,EL BOSQUE,LICEO NUESTRA SEÑORA MARIA INMACULADA,25,394,538,42,1195,573,788,66,3621,103,48,3772
METROPOLITANA DE SANTIAGO,SANTIAGO,ESTACION CENTRAL,COLEGIO ASCENSION NICOL,59,758,945,107,2705,964,1323,106,6967,226,97,7290
METROPOLITANA DE SANTIAGO,SANTIAGO,ESTACION CENTRAL,COLEGIO ECHAURREN,41,378,767,52,1611,439,677,61,4026,140,70,4236
METROPOLITANA DE SANTIAGO,SANTIAGO,ESTACION CENTRAL,COLEGIO HERNANDO DE MAGALLANES,71,748,716,77,1983,792,1012,85,5484,175,57,5716
METROPOLITANA DE SANTIAGO,SANTIAGO,ESTACION CENTRAL,COLEGIO PIAMARTA,56,756,448,96,1675,715,1098,54,4898,122,34,5054
METROPOLITANA DE SANTIAGO,SANTIAGO,ESTACION CENTRAL,COLEGIO POLIVALENTE PRINCIPE DE GALES,90,1090,613,74,1983,847,1277,56,6030,138,55,6223
METROPOLITANA DE SANTIAGO,SANTIAGO,ESTACION CENTRAL,ESCUELA ARNALDO FALABELLA,17,554,418,31,924,407,700,30,3081,96,44,3221
METROPOLITANA DE SANTIAGO,SANTIAGO,ESTACION CENTRAL,ESCUELA ARTURO ALESSANDRI PALMA L1,28,1413,499,51,1361,674,1122,52,5200,144,45,5389
METROPOLITANA DE SANTIAGO,SANTIAGO,ESTACION CENTRAL,ESCUELA ARTURO ALESSANDRI PALMA L2,37,1273,439,69,1337,641,1129,41,4966,142,56,5164
METROPOLITANA DE SANTIAGO,SANTIAGO,ESTACION CENTRAL,ESCUELA CARLOS CONDELL DE LA HAZA,40,830,502,79,1563,542,871,46,4473,113,25,4611
METROPOLITANA DE SANTIAGO,SANTIAGO,ESTACION CENTRAL,ESCUELA CAROLINA VERGARA AYARES D-276,51,708,1161,58,2135,790,1172,118,6193,204,107,6504
METROPOLITANA DE SANTIAGO,SANTIAGO,ESTACION CENTRAL,ESCUELA ESTADO DE PALESTINA,48,702,924,86,2559,864,1173,79,6435,191,76,6702
METROPOLITANA DE SANTIAGO,SANTIAGO,ESTACION CENTRAL,ESCUELA JOSE ANTONIO LECAROS,14,206,278,20,700,235,388,18,1859,63,21,1943
METROPOLITANA DE SANTIAGO,SANTIAGO,ESTACION CENTRAL,ESCUELA PACTO ANDINO L1,37,781,391,79,1460,663,948,62,4421,123,34,4578
METROPOLITANA DE SANTIAGO,SANTIAGO,ESTACION CENTRAL,ESCUELA PACTO ANDINO L2,32,718,344,76,1456,595,1033,49,4303,93,48,4444
METROPOLITANA DE SANTIAGO,SANTIAGO,ESTACION CENTRAL,ESCUELA REPUBLICA DE AUSTRIA,31,297,665,47,1328,374,661,65,3468,105,32,3605
METROPOLITANA DE SANTIAGO,SANTIAGO,ESTACION CENTRAL,ESCUELA UNION LATINOAMERICANA,17,417,562,37,1542,484,737,67,3863,105,37,4005
METROPOLITANA DE SANTIAGO,SANTIAGO,ESTACION CENTRAL,ESCUELA VICTOR JARA,30,423,802,57,2015,633,931,60,4951,136,74,5161
METROPOLITANA DE SANTIAGO,SANTIAGO,ESTACION CENTRAL,LICEO COMERCIAL B-72,17,338,204,17,665,250,336,36,1863,50,20,1933
METROPOLITANA DE SANTIAGO,SANTIAGO,ESTACION CENTRAL,LICEO ESTACION CENTRAL L1,42,1249,525,73,1433,726,1176,55,5279,143,48,5470
METROPOLITANA DE SANTIAGO,SANTIAGO,ESTACION CENTRAL,LICEO ESTACION CENTRAL L2,34,1296,541,75,1495,687,1099,59,5286,152,39,5477
METROPOLITANA DE SANTIAGO,SANTIAGO,ESTACION CENTRAL,LICEO MADRE VICENCIA,19,442,234,41,1040,422,682,31,2911,86,17,3014
METROPOLITANA DE SANTIAGO,SANTIAGO,HUECHURABA,CENTRO EDUCACIONAL DE HUECHURABA L1,57,513,1084,74,1817,554,958,92,5149,157,54,5360
METROPOLITANA DE SANTIAGO,SANTIAGO,HUECHURABA,CENTRO EDUCACIONAL DE HUECHURABA L2,39,528,1038,64,1659,541,862,92,4823,117,56,4996
METROPOLITANA DE SANTIAGO,SANTIAGO,HUECHURABA,CENTRO EDUCACIONAL ERNESTO YAÑEZ RIVERA,37,925,691,92,1969,825,1067,61,5667,120,41,5828
METROPOLITANA DE SANTIAGO,SANTIAGO,HUECHURABA,COLEGIO GRACE COLLEGE L1,43,1982,301,120,1491,831,1799,66,6633,99,45,6777
METROPOLITANA DE SANTIAGO,SANTIAGO,HUECHURABA,COLEGIO GRACE COLLEGE L2,39,1760,317,130,1371,806,1822,37,6282,87,22,6391
METROPOLITANA DE SANTIAGO,SANTIAGO,HUECHURABA,COLEGIO SAN FRANCISCO JAVIER DE HUECHURABA L1,28,1516,157,101,889,690,1540,45,4966,77,15,5058
METROPOLITANA DE SANTIAGO,SANTIAGO,HUECHURABA,COLEGIO SAN FRANCISCO JAVIER DE HUECHURABA L2,32,1461,135,118,874,559,1401,21,4601,61,19,4681
METROPOLITANA DE SANTIAGO,SANTIAGO,HUECHURABA,COLEGIO SANTA TERESA DE JESUS DE LOS ANDES,37,540,1269,65,2071,660,1044,91,5777,183,86,6046
METROPOLITANA DE SANTIAGO,SANTIAGO,HUECHURABA,ESCUELA ADELAIDA LA FETRA,40,597,1197,75,1870,635,1014,100,5528,169,89,5786
METROPOLITANA DE SANTIAGO,SANTIAGO,HUECHURABA,ESCUELA CARLOS PRATS GONZALEZ,50,618,1116,58,1737,561,1016,104,5260,135,68,5463
METROPOLITANA DE SANTIAGO,SANTIAGO,HUECHURABA,ESCUELA JOSE ABELARDO NUÑEZ N°3,20,372,463,33,1049,319,593,59,2908,77,28,3013
METROPOLITANA DE SANTIAGO,SANTIAGO,HUECHURABA,ESCUELA LAS CANTERAS,36,883,902,82,1447,611,1049,83,5093,152,55,5300
METROPOLITANA DE SANTIAGO,SANTIAGO,HUECHURABA,ESCUELA SANTA VICTORIA DE HUECHURABA,22,439,643,43,1209,480,706,42,3584,87,47,3718
METROPOLITANA DE SANTIAGO,SANTIAGO,HUECHURABA,ESCUELA SANTIAGO DE GUAYAQUIL,15,311,360,36,774,338,426,28,2288,54,23,2365
METROPOLITANA DE SANTIAGO,SANTIAGO,INDEPENDENCIA,COLEGIO ELENA BETTINI,64,1148,1003,94,2192,1060,1372,82,7015,194,64,7273
METROPOLITANA DE SANTIAGO,SANTIAGO,INDEPENDENCIA,ESCUELA CAMILO MORI,44,684,569,59,1488,553,888,56,4341,137,56,4534
METROPOLITANA DE SANTIAGO,SANTIAGO,INDEPENDENCIA,LICEO A-80 PRESIDENTE JOSE MANUEL BALMACEDA L1,47,1078,639,82,2289,787,1091,98,6111,191,41,6343
METROPOLITANA DE SANTIAGO,SANTIAGO,INDEPENDENCIA,LICEO A-80 PRESIDENTE JOSE MANUEL BALMACEDA L2,51,980,583,103,2047,770,1083,58,5675,153,50,5878
METROPOLITANA DE SANTIAGO,SANTIAGO,INDEPENDENCIA,LICEO GABRIELA MISTRAL L1,36,1094,606,53,1201,519,1170,56,4735,149,63,4947
METROPOLITANA DE SANTIAGO,SANTIAGO,INDEPENDENCIA,LICEO GABRIELA MISTRAL L2,26,1023,520,55,1038,507,959,53,4181,139,45,4365
METROPOLITANA DE SANTIAGO,SANTIAGO,INDEPENDENCIA,LICEO MIGUEL RAFAEL PRADO L1,36,1058,627,52,1207,576,1214,69,4839,153,84,5076
METROPOLITANA DE SANTIAGO,SANTIAGO,INDEPENDENCIA,LICEO MIGUEL RAFAEL PRADO L2,39,982,637,65,1171,546,1210,56,4706,151,63,4920
METROPOLITANA DE SANTIAGO,SANTIAGO,INDEPENDENCIA,LICEO MULTIGENERO DOCTORA ELOISA DIAZ INZUNZA L1,34,1082,402,65,1133,571,935,34,4256,105,32,4393
METROPOLITANA DE SANTIAGO,SANTIAGO,INDEPENDENCIA,LICEO MULTIGENERO DOCTORA ELOISA DIAZ INZUNZA L2,30,1046,383,60,1094,602,903,33,4151,84,34,4269
METROPOLITANA DE SANTIAGO,SANTIAGO,INDEPENDENCIA,LICEO SAN FRANCISCO DE QUITO L1,48,966,516,63,1436,669,938,45,4681,145,51,4877
METROPOLITANA DE SANTIAGO,SANTIAGO,INDEPENDENCIA,LICEO SAN FRANCISCO DE QUITO L2,30,960,493,69,1266,598,900,34,4350,121,47,4518
METROPOLITANA DE SANTIAGO,SANTIAGO,INDEPENDENCIA,LICEO SANTA TERESITA,60,979,750,112,2255,883,1170,58,6267,171,77,6515
METROPOLITANA DE SANTIAGO,SANTIAGO,LA CISTERNA,CENTRO COMUNITARIO SERGIO SILVA ACUÑA,24,322,395,34,809,385,487,37,2493,74,22,2589
METROPOLITANA DE SANTIAGO,SANTIAGO,LA CISTERNA,CENTRO DE EMPRENDIMIENTO,63,1042,404,100,1903,917,1311,60,5800,132,47,5979
METROPOLITANA DE SANTIAGO,SANTIAGO,LA CISTERNA,CENTRO EDUCACIONAL SANTA CLARA,35,734,435,83,1416,603,836,50,4192,103,17,4312
METROPOLITANA DE SANTIAGO,SANTIAGO,LA CISTERNA,COLEGIO ANTU,45,776,794,85,1801,846,1195,71,5613,143,44,5800
METROPOLITANA DE SANTIAGO,SANTIAGO,LA CISTERNA,COLEGIO NACIONES UNIDAS,30,573,426,72,1358,553,810,45,3867,79,38,3984
METROPOLITANA DE SANTIAGO,SANTIAGO,LA CISTERNA,COLEGIO PALESTINO,30,738,729,84,1765,838,1122,74,5380,131,63,5574
METROPOLITANA DE SANTIAGO,SANTIAGO,LA CISTERNA,ESCUELA OSCAR ENCALADA YOVANOVICH,57,1104,740,109,2172,848,1400,68,6498,159,63,6720
METROPOLITANA DE SANTIAGO,SANTIAGO,LA CISTERNA,LICEO INDUSTRIAL RAMON BARROS LUCO L1,32,981,608,104,1841,879,1272,58,5775,120,56,5951
METROPOLITANA DE SANTIAGO,SANTIAGO,LA CISTERNA,LICEO INDUSTRIAL RAMON BARROS LUCO L2,53,899,604,89,1858,891,1322,84,5800,160,29,5989
METROPOLITANA DE SANTIAGO,SANTIAGO,LA CISTERNA,LICEO POLITECNICO CIENCIA Y TECNOLOGIA L1,58,821,597,75,1749,748,1072,52,5172,162,34,5368
METROPOLITANA DE SANTIAGO,SANTIAGO,LA CISTERNA,LICEO POLITECNICO CIENCIA Y TECNOLOGIA L2,34,738,571,73,1528,704,1029,58,4735,145,27,4907
METROPOLITANA DE SANTIAGO,SANTIAGO,LA CISTERNA,LICEO POLIVALENTE OLOF PALME,36,623,550,66,1521,671,838,38,4343,108,28,4479
METROPOLITANA DE SANTIAGO,SANTIAGO,LA CISTERNA,LICEO PORTAL DE LA CISTERNA,68,1153,712,112,2290,939,1388,77,6739,216,37,6992
METROPOLITANA DE SANTIAGO,SANTIAGO,LA FLORIDA,CENTRO EDUCACIONAL LA FLORIDA,40,590,413,54,1197,535,758,32,3619,86,31,3736
METROPOLITANA DE SANTIAGO,SANTIAGO,LA FLORIDA,COLEGIO ALCANTARA DE LA CORDILLERA L1,104,801,360,89,1819,585,951,58,4767,113,32,4912
METROPOLITANA DE SANTIAGO,SANTIAGO,LA FLORIDA,COLEGIO ALCANTARA DE LA CORDILLERA L2,31,834,332,73,1686,485,863,42,4346,113,34,4493
METROPOLITANA DE SANTIAGO,SANTIAGO,LA FLORIDA,COLEGIO ALICANTE DE LA FLORIDA L1,33,948,355,116,1593,593,1051,45,4734,92,35,4861
METROPOLITANA DE SANTIAGO,SANTIAGO,LA FLORIDA,COLEGIO ALICANTE DE LA FLORIDA L2,31,884,300,96,1470,553,911,41,4286,91,25,4402
METROPOLITANA DE SANTIAGO,SANTIAGO,LA FLORIDA,COLEGIO ATENAS,60,1025,989,126,2377,869,1500,96,7042,174,79,7295
METROPOLITANA DE SANTIAGO,SANTIAGO,LA FLORIDA,COLEGIO CAPITAN PASTENE,39,789,1378,87,2163,837,1397,97,6787,272,77,7136
METROPOLITANA DE SANTIAGO,SANTIAGO,LA FLORIDA,COLEGIO DIVINA PASTORA L1,44,1116,520,117,2255,804,1207,71,6134,151,49,6334
METROPOLITANA DE SANTIAGO,SANTIAGO,LA FLORIDA,COLEGIO DIVINA PASTORA L2,63,1018,464,123,2080,763,1057,68,5636,125,43,5804
METROPOLITANA DE SANTIAGO,SANTIAGO,LA FLORIDA,COLEGIO FAMILIA DE NAZARETH,35,427,322,59,1064,421,602,39,2969,57,34,3060
METROPOLITANA DE SANTIAGO,SANTIAGO,LA FLORIDA,COLEGIO LICARAYEN,48,783,488,76,1752,609,912,45,4713,155,36,4904
METROPOLITANA DE SANTIAGO,SANTIAGO,LA FLORIDA,COLEGIO MARIA ELENA,33,598,1356,65,1705,646,1159,100,5662,170,65,5897
METROPOLITANA DE SANTIAGO,SANTIAGO,LA FLORIDA,COLEGIO NEW LITTLE COLLEGE,27,668,238,71,1309,513,744,38,3608,93,37,3738
METROPOLITANA DE SANTIAGO,SANTIAGO,LA FLORIDA,COLEGIO NOVA TERRA,78,896,949,103,2393,668,1347,77,6511,186,52,6749
METROPOLITANA DE SANTIAGO,SANTIAGO,LA FLORIDA,COLEGIO PATRONA SEÑORA DE LOURDES,46,971,403,134,2096,613,979,59,5301,118,27,5446
METROPOLITANA DE SANTIAGO,SANTIAGO,LA FLORIDA,COLEGIO PIERRE TEILHARD DE CHARDIN,35,692,287,89,1420,588,783,35,3929,104,41,4074
METROPOLITANA DE SANTIAGO,SANTIAGO,LA FLORIDA,COLEGIO PORTALES,54,717,736,95,1911,754,1128,90,5485,154,57,5696
METROPOLITANA DE SANTIAGO,SANTIAGO,LA FLORIDA,COLEGIO SAN CARLOS DE LA FLORIDA,28,483,547,61,1333,538,941,85,4016,137,40,4193
METROPOLITANA DE SANTIAGO,SANTIAGO,LA FLORIDA,COLEGIO SAN DAMIAN,62,1450,491,189,2831,1108,1603,83,7817,203,54,8074
METROPOLITANA DE SANTIAGO,SANTIAGO,LA FLORIDA,COLEGIO SAN FRANCISCO DE ASIS L1,33,576,658,69,1509,606,900,61,4412,158,37,4607
METROPOLITANA DE SANTIAGO,SANTIAGO,LA FLORIDA,COLEGIO SAN FRANCISCO DE ASIS L2,37,510,562,56,1387,519,797,43,3911,150,23,4084
METROPOLITANA DE SANTIAGO,SANTIAGO,LA FLORIDA,COLEGIO SANTA MARIA L1,55,1212,526,88,1908,757,1200,42,5788,117,38,5943
METROPOLITANA DE SANTIAGO,SANTIAGO,LA FLORIDA,COLEGIO SANTA MARIA L2,60,1207,503,91,1852,779,1153,56,5701,102,40,5843
METROPOLITANA DE SANTIAGO,SANTIAGO,LA FLORIDA,COLEGIO SANTA PATRICIA DE LA FLORIDA,51,824,768,101,2122,779,1187,81,5913,188,60,6161
METROPOLITANA DE SANTIAGO,SANTIAGO,LA FLORIDA,COLEGIO VICENTE VALDES,54,1561,707,140,2521,1046,1636,74,7739,171,69,7979
METROPOLITANA DE SANTIAGO,SANTIAGO,LA FLORIDA,COMPLEJO EDUCACIONAL CARDENAL ANTONIO SAMORE,49,1166,405,104,1574,765,1114,56,5233,109,38,5380
METROPOLITANA DE SANTIAGO,SANTIAGO,LA FLORIDA,ESCUELA BELEN O´HIGGINS,28,336,584,53,1225,384,694,49,3353,120,56,3529
METROPOLITANA DE SANTIAGO,SANTIAGO,LA FLORIDA,ESCUELA BELLAVISTA,58,1038,408,85,1744,677,1027,52,5089,113,46,5248
METROPOLITANA DE SANTIAGO,SANTIAGO,LA FLORIDA,ESCUELA LAS ARAUCARIAS,39,549,1030,80,1814,577,1099,95,5283,183,65,5531
METROPOLITANA DE SANTIAGO,SANTIAGO,LA FLORIDA,ESCUELA LAS LILAS,39,664,517,93,1732,711,1015,67,4838,149,40,5027
METROPOLITANA DE SANTIAGO,SANTIAGO,LA FLORIDA,ESCUELA MARCELA PAZ,56,905,1103,119,2611,928,1426,116,7264,244,73,7581
METROPOLITANA DE SANTIAGO,SANTIAGO,LA FLORIDA,ESCUELA ROSARIO CONCHA,40,540,752,76,1596,460,825,64,4353,126,42,4521
METROPOLITANA DE SANTIAGO,SANTIAGO,LA FLORIDA,ESCUELA SANTA IRENE,71,1152,488,157,2281,855,1271,67,6342,144,31,6517
METROPOLITANA DE SANTIAGO,SANTIAGO,LA FLORIDA,ESCUELA UNIDAD DIVINA L1,34,534,659,82,1594,582,850,52,4387,139,49,4575
METROPOLITANA DE SANTIAGO,SANTIAGO,LA FLORIDA,ESCUELA UNIDAD DIVINA L2,42,499,654,77,1468,500,738,70,4048,135,35,4218
METROPOLITANA DE SANTIAGO,SANTIAGO,LA FLORIDA,GIMNASIO MUNICIPAL,74,1104,1056,139,3000,1020,1598,93,8084,234,54,8372
METROPOLITANA DE SANTIAGO,SANTIAGO,LA FLORIDA,LICEO ALBERTO MAGNO LA FLORIDA,53,864,1502,96,2395,930,1547,120,7507,296,62,7865
METROPOLITANA DE SANTIAGO,SANTIAGO,LA FLORIDA,LICEO ALTO CORDILLERA DE LA FLORIDA L1,60,964,912,128,2663,972,1436,100,7235,247,54,7536
METROPOLITANA DE SANTIAGO,SANTIAGO,LA FLORIDA,LICEO ALTO CORDILLERA DE LA FLORIDA L2,69,1045,969,150,2776,1031,1430,103,7573,234,57,7864
METROPOLITANA DE SANTIAGO,SANTIAGO,LA FLORIDA,LICEO BENJAMIN VICUÑA MACKENNA L1,66,1372,456,139,2721,957,1380,72,7163,189,55,7407
METROPOLITANA DE SANTIAGO,SANTIAGO,LA FLORIDA,LICEO BENJAMIN VICUÑA MACKENNA L2,63,1288,517,145,2700,906,1351,64,7034,146,54,7234
METROPOLITANA DE SANTIAGO,SANTIAGO,LA FLORIDA,LICEO INDIRA GANDHI,61,936,822,130,2388,878,1302,81,6598,196,47,6841
METROPOLITANA DE SANTIAGO,SANTIAGO,LA FLORIDA,LICEO LOS ALMENDROS L1,29,584,800,85,1802,664,1054,70,5088,178,70,5336
METROPOLITANA DE SANTIAGO,SANTIAGO,LA FLORIDA,LICEO LOS ALMENDROS L2,32,558,833,70,1728,629,986,64,4900,190,49,5139
METROPOLITANA DE SANTIAGO,SANTIAGO,LA FLORIDA,LICEO MUNICIPAL DE LA FLORIDA,31,637,1125,86,2230,719,1126,100,6054,176,85,6315
METROPOLITANA DE SANTIAGO,SANTIAGO,LA FLORIDA,LICEO NUEVO AMANECER,62,741,1198,87,2273,837,1384,143,6725,258,64,7047
METROPOLITANA DE SANTIAGO,SANTIAGO,LA FLORIDA,LINCOLN COLLEGE LA FLORIDA,43,1113,344,135,1836,693,1109,53,5326,99,44,5469
METROPOLITANA DE SANTIAGO,SANTIAGO,LA FLORIDA,UNIVERSIDAD CATOLICA RAUL SILVA HENRIQUEZ - CAMPUS LO CAÑAS,47,1593,282,152,1848,743,1615,42,6322,89,31,6442
METROPOLITANA DE SANTIAGO,SANTIAGO,LA GRANJA,COLEGIO ALMA MATER,40,525,1205,74,1807,667,1037,88,5443,183,67,5693
METROPOLITANA DE SANTIAGO,SANTIAGO,LA GRANJA,COLEGIO PROCERES DE CHILE,36,418,833,43,1433,627,949,83,4422,179,54,4655
METROPOLITANA DE SANTIAGO,SANTIAGO,LA GRANJA,COLEGIO SAN GREGORIO DE LA SALLE,24,370,791,34,1334,431,714,64,3762,119,40,3921
METROPOLITANA DE SANTIAGO,SANTIAGO,LA GRANJA,ESCUELA BELGICA,22,351,742,29,1284,430,738,92,3688,115,36,3839
METROPOLITANA DE SANTIAGO,SANTIAGO,LA GRANJA,ESCUELA BENJAMIN SUBERCASEAUX,39,621,797,57,1832,593,986,67,4992,164,77,5233
METROPOLITANA DE SANTIAGO,SANTIAGO,LA GRANJA,ESCUELA CLAUDIO MATTE,17,347,464,48,1136,363,524,42,2941,100,28,3069
METROPOLITANA DE SANTIAGO,SANTIAGO,LA GRANJA,ESCUELA ISLAS DE CHILE,56,687,1520,96,2149,800,1268,123,6699,282,116,7097
METROPOLITANA DE SANTIAGO,SANTIAGO,LA GRANJA,ESCUELA LA ARAUCANIA,23,340,1000,65,1534,515,751,85,4313,278,68,4659
METROPOLITANA DE SANTIAGO,SANTIAGO,LA GRANJA,ESCUELA LOS HEROES DE YUNGAY,28,358,833,54,1414,461,803,74,4025,231,32,4288
METROPOLITANA DE SANTIAGO,SANTIAGO,LA GRANJA,ESCUELA PADRE ESTEBAN GUMUCIO VIVES,27,208,316,28,826,281,327,14,2027,72,16,2115
METROPOLITANA DE SANTIAGO,SANTIAGO,LA GRANJA,ESCUELA POETA OSCAR CASTRO ZUÑIGA,36,705,1063,71,2092,866,1268,93,6194,212,79,6485
METROPOLITANA DE SANTIAGO,SANTIAGO,LA GRANJA,ESCUELA SANITAS,24,324,617,43,1188,424,568,47,3235,107,44,3386
METROPOLITANA DE SANTIAGO,SANTIAGO,LA GRANJA,ESCUELA TECNO SUR,32,529,780,71,1580,688,869,84,4633,145,50,4828
METROPOLITANA DE SANTIAGO,SANTIAGO,LA GRANJA,LICEO DOCTOR ALEJANDRO DEL RIO,41,464,894,59,1766,533,765,95,4617,148,54,4819
METROPOLITANA DE SANTIAGO,SANTIAGO,LA GRANJA,LICEO FRANCISCO FRIAS VALENZUELA,43,484,691,49,1596,584,832,68,4347,162,39,4548
METROPOLITANA DE SANTIAGO,SANTIAGO,LA GRANJA,LICEO MUNICIPAL POETA NERUDA,37,551,928,62,1914,598,931,84,5105,165,42,5312
METROPOLITANA DE SANTIAGO,SANTIAGO,LA GRANJA,LICEO POLIVALENTE BAHIA DARWIN,19,431,759,59,1495,541,743,52,4099,128,23,4250
METROPOLITANA DE SANTIAGO,SANTIAGO,LA GRANJA,LICEO TECNICO PROFESIONAL PATRICIO AYLWIN AZOCAR,50,711,1123,81,2232,814,1292,88,6391,179,47,6617
METROPOLITANA DE SANTIAGO,SANTIAGO,LA PINTANA,CENTRO EDUCACIONAL LA PINTANA L1,27,428,1181,50,1348,549,1028,98,4709,126,51,4886
METROPOLITANA DE SANTIAGO,SANTIAGO,LA PINTANA,CENTRO EDUCACIONAL LA PINTANA L2,29,400,1110,28,1341,556,822,86,4372,125,56,4553
METROPOLITANA DE SANTIAGO,SANTIAGO,LA PINTANA,CENTRO EDUCACIONAL MARIANO LATORRE,37,294,875,45,1422,462,781,72,3988,157,60,4205
METROPOLITANA DE SANTIAGO,SANTIAGO,LA PINTANA,CHILEAN EAGLES COLLEGE-LA PINTANA,58,540,1647,68,2131,687,1251,110,6492,232,56,6780
METROPOLITANA DE SANTIAGO,SANTIAGO,LA PINTANA,COLEGIO AUSTRALIA,11,176,252,18,408,292,323,20,1500,58,20,1578
METROPOLITANA DE SANTIAGO,SANTIAGO,LA PINTANA,COLEGIO BICENTENARIO APRENDER,37,495,1970,58,1670,596,1268,114,6208,194,77,6479
METROPOLITANA DE SANTIAGO,SANTIAGO,LA PINTANA,COLEGIO JORGE HUNEEUS ZEGERS,59,499,1761,95,2021,642,1249,78,6404,199,62,6665
METROPOLITANA DE SANTIAGO,SANTIAGO,LA PINTANA,COLEGIO MARISTA MARCELINO CHAMPAGNAT L1,27,384,1397,41,1511,541,978,91,4970,150,58,5178
METROPOLITANA DE SANTIAGO,SANTIAGO,LA PINTANA,COLEGIO MARISTA MARCELINO CHAMPAGNAT L2,31,419,1352,42,1346,510,943,92,4735,152,67,4954
METROPOLITANA DE SANTIAGO,SANTIAGO,LA PINTANA,COLEGIO NERUDA,21,249,801,26,932,343,597,63,3032,86,46,3164
METROPOLITANA DE SANTIAGO,SANTIAGO,LA PINTANA,COLEGIO SANTO TOMAS,27,341,1144,34,1202,435,824,57,4064,121,43,4228
METROPOLITANA DE SANTIAGO,SANTIAGO,LA PINTANA,COLEGIO SIMON BOLIVAR,29,399,1279,46,1513,559,916,116,4857,176,77,5110
METROPOLITANA DE SANTIAGO,SANTIAGO,LA PINTANA,COLEGIO TECNICO PROFESIONAL NOCEDAL,24,295,1318,37,982,409,788,69,3922,163,78,4163
METROPOLITANA DE SANTIAGO,SANTIAGO,LA PINTANA,ESCUELA CAPITAN AVALOS,14,184,461,18,648,248,402,44,2019,62,22,2103
METROPOLITANA DE SANTIAGO,SANTIAGO,LA PINTANA,ESCUELA CELESTIN FREINET,42,602,1855,75,2552,846,1436,110,7518,272,79,7869
METROPOLITANA DE SANTIAGO,SANTIAGO,LA PINTANA,ESCUELA JUAN DE DIOS ALDEA,24,322,967,38,885,392,709,72,3409,167,62,3638
METROPOLITANA DE SANTIAGO,SANTIAGO,LA PINTANA,ESCUELA PABLO DE ROKHA,44,562,1738,89,2561,899,1393,128,7414,226,84,7724
METROPOLITANA DE SANTIAGO,SANTIAGO,LA PINTANA,ESCUELA PRESIDENTE JOSE JOAQUIN PRIETO L1,39,455,1546,58,1987,618,1099,106,5908,191,95,6194
METROPOLITANA DE SANTIAGO,SANTIAGO,LA PINTANA,ESCUELA PRESIDENTE JOSE JOAQUIN PRIETO L2,41,390,1427,62,1752,520,956,104,5252,203,69,5524
METROPOLITANA DE SANTIAGO,SANTIAGO,LA PINTANA,ESCUELA PROFESORA AURELIA ROJAS BURGOS,43,484,2126,74,1986,665,1381,137,6896,194,94,7184
METROPOLITANA DE SANTIAGO,SANTIAGO,LA PINTANA,ESCUELA VIOLETA PARRA,30,291,728,42,1080,395,585,54,3205,103,31,3339
METROPOLITANA DE SANTIAGO,SANTIAGO,LA PINTANA,LICEO SERGIO SILVA BASCUÑAN,37,489,2014,69,2032,694,1388,148,6871,279,91,7241
METROPOLITANA DE SANTIAGO,SANTIAGO,LA PINTANA,LICEO VICTOR JARA,31,373,1094,37,1447,528,887,90,4487,126,47,4660
METROPOLITANA DE SANTIAGO,SANTIAGO,LA REINA,COLEGIO ANDREE ENGLISH SCHOOL,52,2803,152,187,1827,882,1758,37,7698,117,42,7857
METROPOLITANA DE SANTIAGO,SANTIAGO,LA REINA,COLEGIO CONFEDERACION SUIZA,67,1961,217,126,2421,968,1380,57,7197,120,38,7355
METROPOLITANA DE SANTIAGO,SANTIAGO,LA REINA,COLEGIO DE LA SALLE,22,1831,88,103,1203,639,1021,26,4933,80,21,5034
METROPOLITANA DE SANTIAGO,SANTIAGO,LA REINA,COLEGIO JOSE ARRIETA,44,995,192,66,1454,600,756,37,4144,102,33,4279
METROPOLITANA DE SANTIAGO,SANTIAGO,LA REINA,COLEGIO SAN CONSTANTINO,43,926,696,84,1920,853,1468,83,6073,121,45,6239
METROPOLITANA DE SANTIAGO,SANTIAGO,LA REINA,COLEGIO SANTA CATALINA LABOURE,17,591,66,51,622,266,404,18,2035,30,14,2079
METROPOLITANA DE SANTIAGO,SANTIAGO,LA REINA,COLEGIO SANTA MARIA REINA,25,909,79,57,847,421,593,22,2953,45,25,3023
METROPOLITANA DE SANTIAGO,SANTIAGO,LA REINA,COLEGIO TERESIANO ENRIQUE DE OSSO L1,34,1470,92,101,1193,486,864,26,4266,65,31,4362
METROPOLITANA DE SANTIAGO,SANTIAGO,LA REINA,COLEGIO TERESIANO ENRIQUE DE OSSO L2,32,1382,72,95,1181,473,829,19,4083,61,26,4170
METROPOLITANA DE SANTIAGO,SANTIAGO,LA REINA,COMPLEJO EDUCACIONAL LA REINA SECCION BASICA,35,1225,385,61,1312,588,1151,53,4810,101,42,4953
METROPOLITANA DE SANTIAGO,SANTIAGO,LA REINA,COMPLEJO EDUCACIONAL LA REINA SECCION MEDIA,41,1299,1033,101,2260,1102,2113,88,8037,148,76,8261
METROPOLITANA DE SANTIAGO,SANTIAGO,LA REINA,ESCUELA PALESTINA,33,1168,124,80,1119,539,745,35,3843,56,31,3930
METROPOLITANA DE SANTIAGO,SANTIAGO,LA REINA,ESCUELA SAN LEONARDO MURIALDO,29,2864,99,131,1197,783,1935,35,7073,80,46,7199
METROPOLITANA DE SANTIAGO,SANTIAGO,LA REINA,ESCUELA YANGTSE,11,765,40,44,638,252,437,11,2198,42,25,2265
METROPOLITANA DE SANTIAGO,SANTIAGO,LA REINA,LICEO EUGENIO MARIA DE HOSTOS,21,1508,136,91,1160,516,1049,22,4503,66,26,4595
METROPOLITANA DE SANTIAGO,SANTIAGO,LAS CONDES,CENTRO DEPORTIVO ROLF NATHAN,12,1594,73,53,433,845,1603,15,4628,46,19,4693
METROPOLITANA DE SANTIAGO,SANTIAGO,LAS CONDES,COLEGIO ACHIGA COMEDUC,24,2440,66,88,954,826,1715,23,6136,80,28,6244
METROPOLITANA DE SANTIAGO,SANTIAGO,LAS CONDES,COLEGIO ALCAZAR DE LAS CONDES L1,10,2023,68,48,450,939,2153,16,5707,61,16,5784
METROPOLITANA DE SANTIAGO,SANTIAGO,LAS CONDES,COLEGIO ALCAZAR DE LAS CONDES L2,87,1634,77,59,391,935,2129,11,5323,36,16,5375
METROPOLITANA DE SANTIAGO,SANTIAGO,LAS CONDES,COLEGIO ALEMAN DE SANTIAGO L1,11,1530,72,43,382,650,1446,11,4145,63,14,4222
METROPOLITANA DE SANTIAGO,SANTIAGO,LAS CONDES,COLEGIO ALEMAN DE SANTIAGO L2,14,1286,90,54,356,589,1276,10,3675,35,17,3727
METROPOLITANA DE SANTIAGO,SANTIAGO,LAS CONDES,COLEGIO COMPAÑIA DE MARIA APOQUINDO L1,16,2121,68,88,575,763,1651,13,5295,69,14,5378
METROPOLITANA DE SANTIAGO,SANTIAGO,LAS CONDES,COLEGIO COMPAÑIA DE MARIA APOQUINDO L2,15,2076,76,90,607,738,1656,10,5268,56,23,5347
METROPOLITANA DE SANTIAGO,SANTIAGO,LAS CONDES,COLEGIO CORDILLERA DE LAS CONDES,20,2501,47,67,294,641,2623,9,6202,47,30,6279
METROPOLITANA DE SANTIAGO,SANTIAGO,LAS CONDES,COLEGIO DEL SAGRADO CORAZON APOQUINDO L1,21,1690,77,88,735,695,1330,19,4655,72,20,4747
METROPOLITANA DE SANTIAGO,SANTIAGO,LAS CONDES,COLEGIO DEL SAGRADO CORAZON APOQUINDO L2,18,1510,99,75,687,624,1270,18,4301,66,30,4397
METROPOLITANA DE SANTIAGO,SANTIAGO,LAS CONDES,COLEGIO DEL VERBO DIVINO L1,12,2413,84,97,598,821,1981,15,6021,67,29,6117
METROPOLITANA DE SANTIAGO,SANTIAGO,LAS CONDES,COLEGIO DEL VERBO DIVINO L2,136,2140,93,53,635,878,1866,22,5823,45,23,5891
METROPOLITANA DE SANTIAGO,SANTIAGO,LAS CONDES,COLEGIO DIFERENCIAL PAUL HARRIS,24,1120,353,71,1057,619,1092,47,4383,116,27,4526
METROPOLITANA DE SANTIAGO,SANTIAGO,LAS CONDES,COLEGIO INSTITUCION TERESIANA,29,2555,128,125,1085,1126,2157,27,7232,86,40,7358
METROPOLITANA DE SANTIAGO,SANTIAGO,LAS CONDES,COLEGIO LA GIROUETTE,16,2296,55,89,733,774,1645,20,5628,59,23,5710
METROPOLITANA DE SANTIAGO,SANTIAGO,LAS CONDES,COLEGIO LEONARDO DA VINCI DE LAS CONDES,15,2154,66,83,586,751,1744,13,5412,53,33,5498
METROPOLITANA DE SANTIAGO,SANTIAGO,LAS CONDES,COLEGIO MUNICIPAL LAS CONDES,8,2502,82,41,243,846,3388,15,7125,23,22,7170
METROPOLITANA DE SANTIAGO,SANTIAGO,LAS CONDES,COLEGIO NUESTRA SEÑORA DEL ROSARIO LAS CONDES,19,2239,63,67,535,894,2087,16,5920,62,19,6001
METROPOLITANA DE SANTIAGO,SANTIAGO,LAS CONDES,COLEGIO REDLAND SCHOOL,6,2376,38,46,205,534,2235,13,5453,35,18,5506
METROPOLITANA DE SANTIAGO,SANTIAGO,LAS CONDES,COLEGIO SAN FRANCISCO DEL ALBA HC,8,2402,51,72,432,715,1995,10,5685,39,22,5746
METROPOLITANA DE SANTIAGO,SANTIAGO,LAS CONDES,COLEGIO SAN FRANCISCO TECNICO PROFESIONAL,26,1499,568,72,1484,738,1473,52,5912,152,52,6116
METROPOLITANA DE SANTIAGO,SANTIAGO,LAS CONDES,COLEGIO SAN JUAN DE LAS CONDES,13,1266,39,62,531,461,870,17,3259,33,16,3308
METROPOLITANA DE SANTIAGO,SANTIAGO,LAS CONDES,COLEGIO SAN JUAN EVANGELISTA L1,20,2095,56,78,701,709,1584,19,5262,64,19,5345
METROPOLITANA DE SANTIAGO,SANTIAGO,LAS CONDES,COLEGIO SAN JUAN EVANGELISTA L2,20,2039,62,90,626,825,1569,18,5249,60,18,5327
METROPOLITANA DE SANTIAGO,SANTIAGO,LAS CONDES,COLEGIO SAN NICOLAS DE MYRA,9,1661,31,29,199,400,1557,8,3894,15,9,3918
METROPOLITANA DE SANTIAGO,SANTIAGO,LAS CONDES,COLEGIO SEMINARIO PONTIFICIO MENOR L1,30,2094,99,96,821,874,1609,19,5642,75,26,5743
METROPOLITANA DE SANTIAGO,SANTIAGO,LAS CONDES,COLEGIO SEMINARIO PONTIFICIO MENOR L2,15,2080,103,96,871,783,1640,22,5610,69,27,5706
METROPOLITANA DE SANTIAGO,SANTIAGO,LAS CONDES,COLEGIO VILLA MARIA ACADEMY L1,18,2053,45,56,556,586,1348,22,4684,60,14,4758
METROPOLITANA DE SANTIAGO,SANTIAGO,LAS CONDES,COLEGIO VILLA MARIA ACADEMY L2,18,1944,54,66,591,646,1341,19,4679,63,24,4766
METROPOLITANA DE SANTIAGO,SANTIAGO,LAS CONDES,DIRECCION DE TRANSITO Y TRANSPORTE PUBLICO L1,16,1922,78,61,508,826,1770,18,5199,45,21,5265
METROPOLITANA DE SANTIAGO,SANTIAGO,LAS CONDES,DIRECCION DE TRANSITO Y TRANSPORTE PUBLICO L2,14,1939,90,68,469,758,1787,23,5148,49,21,5218
METROPOLITANA DE SANTIAGO,SANTIAGO,LAS CONDES,ESTADIO PAUL HARRIS,13,1082,85,49,464,395,835,18,2941,31,16,2988
METROPOLITANA DE SANTIAGO,SANTIAGO,LAS CONDES,INSTITUTO PRESIDENTE ERRAZURIZ,11,1863,53,66,461,632,1477,15,4578,37,13,4628
METROPOLITANA DE SANTIAGO,SANTIAGO,LAS CONDES,LICEO ALEXANDER FLEMING DE LAS CONDES L1,18,1903,72,100,883,734,1299,16,5025,74,28,5127
METROPOLITANA DE SANTIAGO,SANTIAGO,LAS CONDES,LICEO ALEXANDER FLEMING DE LAS CONDES L2,19,1748,64,72,785,697,1212,22,4619,56,19,4694
METROPOLITANA DE SANTIAGO,SANTIAGO,LAS CONDES,LICEO BICENTENARIO SANTA MARIA DE LAS CONDES L1,40,1634,515,113,1537,826,1454,66,6185,131,40,6356
METROPOLITANA DE SANTIAGO,SANTIAGO,LAS CONDES,LICEO BICENTENARIO SANTA MARIA DE LAS CONDES L2,48,1392,476,92,1444,732,1273,46,5503,147,42,5692
METROPOLITANA DE SANTIAGO,SANTIAGO,LAS CONDES,LICEO BICENTENARIO SIMON BOLIVAR,31,2340,174,125,1647,1180,1868,37,7402,125,56,7583
METROPOLITANA DE SANTIAGO,SANTIAGO,LAS CONDES,LICEO JUAN PABLO II DE LAS CONDES,16,1442,289,93,1069,792,1235,50,4986,124,32,5142
METROPOLITANA DE SANTIAGO,SANTIAGO,LAS CONDES,LICEO RAFAEL SOTOMAYOR L1,19,1823,61,63,522,721,1572,13,4794,62,16,4872
METROPOLITANA DE SANTIAGO,SANTIAGO,LAS CONDES,LICEO RAFAEL SOTOMAYOR L2,10,1577,45,60,484,711,1446,18,4351,44,12,4407
METROPOLITANA DE SANTIAGO,SANTIAGO,LO BARNECHEA,CENTRO CULTURAL EL TRANQUE,7,1312,61,16,146,380,1718,8,3648,20,16,3684
METROPOLITANA DE SANTIAGO,SANTIAGO,LO BARNECHEA,COLEGIO DIFERENCIAL MADRE TIERRA,38,1294,771,83,1473,717,1637,53,6066,149,60,6275
METROPOLITANA DE SANTIAGO,SANTIAGO,LO BARNECHEA,COLEGIO EVEREST,7,2942,71,36,165,676,4004,8,7909,36,17,7962
METROPOLITANA DE SANTIAGO,SANTIAGO,LO BARNECHEA,COLEGIO LOS ALERCES L1,10,1578,205,39,550,630,2013,25,5050,42,25,5117
METROPOLITANA DE SANTIAGO,SANTIAGO,LO BARNECHEA,COLEGIO LOS ALERCES L2,13,1367,206,33,510,586,1786,27,4528,73,36,4637
METROPOLITANA DE SANTIAGO,SANTIAGO,LO BARNECHEA,COLEGIO MONTE TABOR Y NAZARET L1,12,2316,79,23,142,524,3137,7,6240,56,10,6306
METROPOLITANA DE SANTIAGO,SANTIAGO,LO BARNECHEA,COLEGIO MONTE TABOR Y NAZARET L2,9,1978,72,26,137,471,2826,6,5525,48,10,5583
METROPOLITANA DE SANTIAGO,SANTIAGO,LO BARNECHEA,COLEGIO PRE ESCOLAR CANTAGALLO L1,41,1366,870,91,1333,806,1888,63,6458,104,62,6624
METROPOLITANA DE SANTIAGO,SANTIAGO,LO BARNECHEA,COLEGIO PRE ESCOLAR CANTAGALLO L2,37,1217,882,84,1341,821,1791,47,6220,127,60,6407
METROPOLITANA DE SANTIAGO,SANTIAGO,LO BARNECHEA,THE MAYFLOWER SCHOOL L1,10,2035,81,29,172,717,2624,7,5675,39,18,5732
METROPOLITANA DE SANTIAGO,SANTIAGO,LO BARNECHEA,THE MAYFLOWER SCHOOL L2,13,1713,70,37,208,611,2365,10,5027,28,14,5069
METROPOLITANA DE SANTIAGO,SANTIAGO,LO BARNECHEA,THE NEWLAND SCHOOL L1,9,1485,94,31,202,498,2091,16,4426,19,16,4461
METROPOLITANA DE SANTIAGO,SANTIAGO,LO BARNECHEA,THE NEWLAND SCHOOL L2,7,1414,94,34,255,413,1949,18,4184,41,23,4248
METROPOLITANA DE SANTIAGO,SANTIAGO,LO BARNECHEA,THE SOUTHLAND SCHOOL,33,1761,440,68,943,973,1752,38,6008,116,52,6176
METROPOLITANA DE SANTIAGO,SANTIAGO,LO ESPEJO,CENTRO EDUCACIONAL CARDENAL JOSE MARIA CARO,46,497,978,55,2102,676,1012,81,5447,194,70,5711
METROPOLITANA DE SANTIAGO,SANTIAGO,LO ESPEJO,COLEGIO HERNAN OLGUIN,40,399,1341,57,1793,512,940,76,5158,152,49,5359
METROPOLITANA DE SANTIAGO,SANTIAGO,LO ESPEJO,COLEGIO SAN LUCAS DE LO ESPEJO,43,466,1521,43,2104,573,1000,103,5853,235,47,6135
METROPOLITANA DE SANTIAGO,SANTIAGO,LO ESPEJO,ESCUELA ACAPULCO,31,353,888,49,1420,443,697,62,3943,122,40,4105
METROPOLITANA DE SANTIAGO,SANTIAGO,LO ESPEJO,ESCUELA BERNARDO O´HIGGINS,42,380,872,55,1733,544,808,72,4506,122,64,4692
METROPOLITANA DE SANTIAGO,SANTIAGO,LO ESPEJO,ESCUELA BLUE STAR COLLEGE,25,265,758,20,1102,381,564,48,3163,109,52,3324
METROPOLITANA DE SANTIAGO,SANTIAGO,LO ESPEJO,ESCUELA CLARA ESTRELLA,24,343,598,45,1390,400,599,52,3451,114,42,3607
METROPOLITANA DE SANTIAGO,SANTIAGO,LO ESPEJO,ESCUELA D 570 RAUL SAEZ SAEZ,39,337,1009,55,1941,495,838,95,4809,153,76,5038
METROPOLITANA DE SANTIAGO,SANTIAGO,LO ESPEJO,ESCUELA ESPECIAL TAMARUGAL,52,418,1242,61,1988,552,942,111,5366,195,81,5642
METROPOLITANA DE SANTIAGO,SANTIAGO,LO ESPEJO,ESCUELA REPUBLICA DE INDONESIA,22,218,656,25,912,308,547,52,2740,111,30,2881
METROPOLITANA DE SANTIAGO,SANTIAGO,LO ESPEJO,ESCUELA REPUBLICA DE LAS FILIPINAS,22,321,857,44,1286,353,651,54,3588,132,48,3768
METROPOLITANA DE SANTIAGO,SANTIAGO,LO ESPEJO,ESCUELA SALOMON SACK,10,152,405,24,741,188,335,49,1904,53,26,1983
METROPOLITANA DE SANTIAGO,SANTIAGO,LO ESPEJO,LICEO POLITECNICO SAGRADO CORAZON,46,448,696,48,1666,563,729,59,4255,166,58,4479
METROPOLITANA DE SANTIAGO,SANTIAGO,LO ESPEJO,LICEO POLIVALENTE,44,386,697,72,1634,460,640,63,3996,135,63,4194
METROPOLITANA DE SANTIAGO,SANTIAGO,LO ESPEJO,LICEO TENIENTE FRANCISCO MERY AGUIRRE,14,244,434,16,770,258,410,43,2189,71,36,2296
METROPOLITANA DE SANTIAGO,SANTIAGO,LO ESPEJO,POLIDEPORTIVO ELIGE VIVIR SANO,24,303,857,45,1327,388,662,70,3676,116,63,3855
METROPOLITANA DE SANTIAGO,SANTIAGO,LO ESPEJO,SAINT TRINITY COLLEGE,41,347,792,36,1192,430,705,63,3606,147,41,3794
METROPOLITANA DE SANTIAGO,SANTIAGO,LO PRADO,ANEXO INSTITUTO PEDRO PRADO,36,663,1017,79,1952,704,1143,84,5678,193,49,5920
METROPOLITANA DE SANTIAGO,SANTIAGO,LO PRADO,COLEGIO MUSTAFA KEMAL ATATURK,43,459,997,40,1685,551,943,63,4781,137,43,4961
METROPOLITANA DE SANTIAGO,SANTIAGO,LO PRADO,COMPLEJO EDUCACIONAL PEDRO PRADO,40,606,681,53,1582,695,861,66,4584,132,52,4768
METROPOLITANA DE SANTIAGO,SANTIAGO,LO PRADO,ESCUELA BABILONIA,21,375,533,38,1075,460,713,46,3261,91,26,3378
METROPOLITANA DE SANTIAGO,SANTIAGO,LO PRADO,ESCUELA GOLDA MEIR,29,595,917,72,2059,694,1021,104,5491,166,62,5719
METROPOLITANA DE SANTIAGO,SANTIAGO,LO PRADO,ESCUELA JAIME GOMEZ GARCIA,106,782,1271,74,2235,834,1380,109,6791,198,62,7051
METROPOLITANA DE SANTIAGO,SANTIAGO,LO PRADO,ESCUELA MARISCAL DE AYACUCHO,46,640,1084,68,2175,773,1063,112,5961,205,62,6228
METROPOLITANA DE SANTIAGO,SANTIAGO,LO PRADO,ESCUELA N°389 REPUBLICA DE ESTADOS UNIDOS,30,498,651,64,1287,526,821,58,3935,114,39,4088
METROPOLITANA DE SANTIAGO,SANTIAGO,LO PRADO,ESCUELA POETA VICENTE HUIDOBRO,36,679,1015,91,2197,746,1125,94,5983,164,52,6199
METROPOLITANA DE SANTIAGO,SANTIAGO,LO PRADO,ESCUELA PROFESORA GLADYS VALENZUELA,39,645,996,91,2217,742,988,78,5796,194,43,6033
METROPOLITANA DE SANTIAGO,SANTIAGO,LO PRADO,ESCUELA SOR TERESA DE LOS ANDES,43,731,1093,75,2055,756,1136,105,5994,213,60,6267
METROPOLITANA DE SANTIAGO,SANTIAGO,LO PRADO,LICEO POETA PABLO NERUDA,45,765,778,68,2230,759,1030,96,5771,203,46,6020
METROPOLITANA DE SANTIAGO,SANTIAGO,LO PRADO,LICEO TENIENTE DAGOBERTO GODOY N°3,34,516,495,61,1417,499,625,66,3713,104,37,3854
METROPOLITANA DE SANTIAGO,SANTIAGO,MACUL,COLEGIO EL ALBA DE MACUL,33,866,416,87,1600,587,814,52,4455,84,43,4582
METROPOLITANA DE SANTIAGO,SANTIAGO,MACUL,COLEGIO LIBERTADOR SIMON BOLIVAR,39,786,434,103,1692,556,737,49,4396,129,32,4557
METROPOLITANA DE SANTIAGO,SANTIAGO,MACUL,COLEGIO SAN MARCOS,55,1384,667,122,2256,884,1167,81,6616,128,49,6793
METROPOLITANA DE SANTIAGO,SANTIAGO,MACUL,COLEGIO SAN VIATOR L1,45,868,529,108,1792,701,1002,50,5095,114,48,5257
METROPOLITANA DE SANTIAGO,SANTIAGO,MACUL,COLEGIO SAN VIATOR L2,38,758,494,113,1594,572,813,66,4448,118,43,4609
METROPOLITANA DE SANTIAGO,SANTIAGO,MACUL,COMPLEJO EDUCACIONAL ESPERANZA,43,926,630,106,1845,636,1067,56,5309,139,52,5500
METROPOLITANA DE SANTIAGO,SANTIAGO,MACUL,COMPLEJO EDUCACIONAL JOAQUIN EDWARDS BELLO,36,744,410,80,1585,584,765,62,4266,119,49,4434
METROPOLITANA DE SANTIAGO,SANTIAGO,MACUL,ESCUELA JOSE BERNARDO SUAREZ,56,1196,349,130,2035,942,1339,64,6111,163,33,6307
METROPOLITANA DE SANTIAGO,SANTIAGO,MACUL,ESCUELA JULIO BARRENECHEA,45,869,536,90,1932,643,896,68,5079,134,44,5257
METROPOLITANA DE SANTIAGO,SANTIAGO,MACUL,ESCUELA JULIO MONTT SALAMANCA E-194,48,960,475,79,1781,692,899,63,4997,134,49,5180
METROPOLITANA DE SANTIAGO,SANTIAGO,MACUL,ESCUELA VILLA MACUL D-200,28,542,133,64,949,366,439,20,2541,57,15,2613
METROPOLITANA DE SANTIAGO,SANTIAGO,MACUL,ESTADIO MONUMENTAL,57,1286,542,140,2443,898,1177,107,6650,167,64,6881
METROPOLITANA DE SANTIAGO,SANTIAGO,MACUL,GIMNASIO MUNICIPAL,28,836,153,58,1133,376,631,30,3245,54,26,3325
METROPOLITANA DE SANTIAGO,SANTIAGO,MACUL,LICEO MANUEL ROJAS,26,398,853,44,1376,506,701,72,3976,112,51,4139
METROPOLITANA DE SANTIAGO,SANTIAGO,MACUL,LICEO MERCEDES MARIN DEL SOLAR,61,811,838,114,2122,800,1113,81,5940,167,57,6164
METROPOLITANA DE SANTIAGO,SANTIAGO,MACUL,LICEO SALESIANO CAMILO ORTUZAR MONTT,62,1324,823,155,2391,808,1297,112,6972,170,62,7204
METROPOLITANA DE SANTIAGO,SANTIAGO,MACUL,LICEO VILLA MACUL ACADEMIA,33,1389,305,117,1783,646,1099,41,5413,96,36,5545
METROPOLITANA DE SANTIAGO,SANTIAGO,MAIPU,CENTRO DE EDUCACION TECNICO PROFESIONAL CODEDUC,25,421,416,42,1260,421,608,36,3229,101,36,3366
METROPOLITANA DE SANTIAGO,SANTIAGO,MAIPU,CENTRO EDUCACIONAL PIAMARTINO CAROLINA LLONA DE CUEVAS,34,521,370,56,1339,465,642,36,3463,83,13,3559
METROPOLITANA DE SANTIAGO,SANTIAGO,MAIPU,CENTRO EDUCACIONAL ROUSSEAU,73,902,703,127,2348,803,1299,88,6343,169,44,6556
METROPOLITANA DE SANTIAGO,SANTIAGO,MAIPU,CENTRO EDUCACIONAL SAN ANDRES,36,519,350,45,1319,549,631,51,3500,84,35,3619
METROPOLITANA DE SANTIAGO,SANTIAGO,MAIPU,COLEGIO ALBERTO PEREZ,40,576,474,86,1417,653,813,58,4117,101,50,4268
METROPOLITANA DE SANTIAGO,SANTIAGO,MAIPU,COLEGIO ALCAZAR,47,999,577,112,2140,1007,1403,74,6359,150,43,6552
METROPOLITANA DE SANTIAGO,SANTIAGO,MAIPU,COLEGIO ALICANTE DEL ROSAL L1,51,775,530,105,1780,642,1126,62,5071,99,35,5205
METROPOLITANA DE SANTIAGO,SANTIAGO,MAIPU,COLEGIO ALICANTE DEL ROSAL L2,40,701,483,105,1657,572,988,54,4600,126,42,4768
METROPOLITANA DE SANTIAGO,SANTIAGO,MAIPU,COLEGIO ANGLO MAIPU L1,53,517,764,63,1782,545,827,56,4607,144,19,4770
METROPOLITANA DE SANTIAGO,SANTIAGO,MAIPU,COLEGIO ANGLO MAIPU L2,31,480,699,65,1652,513,720,56,4216,145,28,4389
METROPOLITANA DE SANTIAGO,SANTIAGO,MAIPU,COLEGIO CARDENAL CARLOS OVIEDO CAVADA,32,420,1185,60,1614,487,862,94,4754,112,72,4938
METROPOLITANA DE SANTIAGO,SANTIAGO,MAIPU,COLEGIO DE LA PROVIDENCIA CARMELA LARRAIN DE INFANTE,38,569,387,66,1677,616,711,44,4108,78,26,4212
METROPOLITANA DE SANTIAGO,SANTIAGO,MAIPU,COLEGIO DIEGO PORTALES DE MAIPU,35,480,1212,78,1941,636,1008,89,5479,178,53,5710
METROPOLITANA DE SANTIAGO,SANTIAGO,MAIPU,COLEGIO JACQUES COUSTEAU L1,62,633,992,97,2317,778,1016,81,5976,196,57,6229
METROPOLITANA DE SANTIAGO,SANTIAGO,MAIPU,COLEGIO JACQUES COUSTEAU L2,44,568,981,86,2143,699,985,92,5598,164,50,5812
METROPOLITANA DE SANTIAGO,SANTIAGO,MAIPU,COLEGIO LO ERRAZURIZ,89,1225,971,143,2930,1282,1686,107,8433,185,61,8679
METROPOLITANA DE SANTIAGO,SANTIAGO,MAIPU,COLEGIO LOS ALPES MAIPU,39,633,494,77,1651,795,999,55,4743,106,23,4872
METROPOLITANA DE SANTIAGO,SANTIAGO,MAIPU,COLEGIO NUESTRA SEÑORA DEL CARMEN DE MAIPU,26,324,302,57,855,387,456,36,2443,58,38,2539
METROPOLITANA DE SANTIAGO,SANTIAGO,MAIPU,COLEGIO REPUBLICA DE GUATEMALA,56,899,545,79,2144,797,939,67,5526,140,45,5711
METROPOLITANA DE SANTIAGO,SANTIAGO,MAIPU,COLEGIO SAINT LOUIS SCHOOL,59,1174,515,112,1833,979,1958,64,6694,152,37,6883
METROPOLITANA DE SANTIAGO,SANTIAGO,MAIPU,COLEGIO SAN ANDRES DE MAIPU L1,29,619,546,86,1744,606,892,53,4575,113,32,4720
METROPOLITANA DE SANTIAGO,SANTIAGO,MAIPU,COLEGIO SAN ANDRES DE MAIPU L2,42,597,475,66,1633,533,773,45,4164,102,31,4297
METROPOLITANA DE SANTIAGO,SANTIAGO,MAIPU,COLEGIO SAN FRANCISCO DE SALES,65,899,1285,141,2689,1001,1681,102,7863,344,49,8256
METROPOLITANA DE SANTIAGO,SANTIAGO,MAIPU,COLEGIO SAN JUAN DIEGO DE GUADALUPE,34,323,1067,58,1233,459,741,77,3992,167,61,4220
METROPOLITANA DE SANTIAGO,SANTIAGO,MAIPU,COLEGIO SAN SEBASTIAN DE RINCONADA,56,606,1308,116,2267,721,1101,104,6279,192,37,6508
METROPOLITANA DE SANTIAGO,SANTIAGO,MAIPU,COLEGIO SANTA MARIA DE MAIPU L1,59,802,448,89,1974,652,910,52,4986,91,43,5120
METROPOLITANA DE SANTIAGO,SANTIAGO,MAIPU,COLEGIO SANTA MARIA DE MAIPU L2,51,663,470,76,1685,648,870,53,4516,81,20,4617
METROPOLITANA DE SANTIAGO,SANTIAGO,MAIPU,COLEGIO TERRAUSTRAL DEL SOL,49,604,577,99,1608,591,1001,50,4579,106,24,4709
METROPOLITANA DE SANTIAGO,SANTIAGO,MAIPU,COLEGIO TERRAUSTRAL OESTE S.A,69,900,1226,142,2657,1099,1741,88,7922,175,44,8141
METROPOLITANA DE SANTIAGO,SANTIAGO,MAIPU,COMPLEJO EDUCACIONAL ALBERTO WIDMER,30,521,225,61,1176,502,633,28,3176,70,18,3264
METROPOLITANA DE SANTIAGO,SANTIAGO,MAIPU,COMPLEJO EDUCACIONAL MAIPU,36,773,540,78,2114,807,1024,64,5436,142,52,5630
METROPOLITANA DE SANTIAGO,SANTIAGO,MAIPU,COMPLEJO EDUCACIONAL MAIPU ANEXO RINCONADA,55,581,1311,72,2052,677,1278,80,6106,147,39,6292
METROPOLITANA DE SANTIAGO,SANTIAGO,MAIPU,ESCUELA 1287 SAN MARCOS APOSTOL,56,651,972,114,2228,973,1206,67,6267,214,46,6527
METROPOLITANA DE SANTIAGO,SANTIAGO,MAIPU,ESCUELA 263 RAMON FREIRE,21,312,364,37,1035,356,442,46,2613,50,23,2686
METROPOLITANA DE SANTIAGO,SANTIAGO,MAIPU,ESCUELA BOSTON COLLEGE LA FARFANA L1,47,559,631,81,1738,598,846,50,4550,135,36,4721
METROPOLITANA DE SANTIAGO,SANTIAGO,MAIPU,ESCUELA BOSTON COLLEGE LA FARFANA L2,43,530,584,86,1673,615,868,47,4446,124,22,4592
METROPOLITANA DE SANTIAGO,SANTIAGO,MAIPU,ESCUELA BOSTON COLLEGE MAIPU,87,1092,924,144,2794,907,1415,81,7444,192,66,7702
METROPOLITANA DE SANTIAGO,SANTIAGO,MAIPU,ESCUELA ECHAURREN N°2,84,1157,603,141,2690,1039,1477,73,7264,178,45,7487
METROPOLITANA DE SANTIAGO,SANTIAGO,MAIPU,ESCUELA GENERAL O'HIGGINS,24,629,645,55,1668,787,947,73,4828,124,77,5029
METROPOLITANA DE SANTIAGO,SANTIAGO,MAIPU,ESCUELA LAS AMERICAS,50,761,821,111,2006,812,1330,57,5948,158,45,6151
METROPOLITANA DE SANTIAGO,SANTIAGO,MAIPU,ESCUELA LEON HUMBERTO VALENZUELA,32,554,640,64,1446,665,879,61,4341,150,38,4529
METROPOLITANA DE SANTIAGO,SANTIAGO,MAIPU,ESCUELA LOS ALERCES DE MAIPU,89,963,1252,141,3415,1028,1459,110,8457,246,55,8758
METROPOLITANA DE SANTIAGO,SANTIAGO,MAIPU,ESCUELA LOS BOSQUINOS L1,45,619,635,82,1644,599,890,55,4569,127,33,4729
METROPOLITANA DE SANTIAGO,SANTIAGO,MAIPU,ESCUELA LOS BOSQUINOS L2,47,538,619,74,1661,641,877,54,4511,98,25,4634
METROPOLITANA DE SANTIAGO,SANTIAGO,MAIPU,ESCUELA PRESIDENTE RIESCO ERRAZURIZ L1,40,707,442,55,1868,758,874,45,4789,130,40,4959
METROPOLITANA DE SANTIAGO,SANTIAGO,MAIPU,ESCUELA PRESIDENTE RIESCO ERRAZURIZ L2,36,623,440,81,1645,686,796,38,4345,118,27,4490
METROPOLITANA DE SANTIAGO,SANTIAGO,MAIPU,ESCUELA REINA DE SUECIA L1,67,1130,1018,141,2759,900,1432,79,7526,159,67,7752
METROPOLITANA DE SANTIAGO,SANTIAGO,MAIPU,ESCUELA REINA DE SUECIA L2,73,1041,910,130,2807,928,1502,87,7478,178,58,7714
METROPOLITANA DE SANTIAGO,SANTIAGO,MAIPU,ESCUELA RUBEN DARIO,24,515,292,62,1375,491,654,40,3453,91,30,3574
METROPOLITANA DE SANTIAGO,SANTIAGO,MAIPU,ESCUELA SAN LUIS,42,511,1214,56,1609,611,1006,81,5130,180,67,5377
METROPOLITANA DE SANTIAGO,SANTIAGO,MAIPU,ESCUELA TOMAS VARGAS Y ARCAYA,45,720,1085,90,2244,868,1152,105,6309,223,55,6587
METROPOLITANA DE SANTIAGO,SANTIAGO,MAIPU,ESCUELA VICENTE REYES PALAZUELOS,46,602,839,92,2010,634,935,94,5252,143,72,5467
METROPOLITANA DE SANTIAGO,SANTIAGO,MAIPU,GIMNASIO POLIDEPORTIVO MARTIN VARGAS,63,577,777,84,1957,656,951,114,5179,144,34,5357
METROPOLITANA DE SANTIAGO,SANTIAGO,MAIPU,LICEO BICENTENARIO DE NIÑAS DE MAIPU,79,1437,795,191,2945,1084,1662,58,8251,216,64,8531
METROPOLITANA DE SANTIAGO,SANTIAGO,MAIPU,LICEO INDUSTRIAL DOMINGO MATTE PEREZ,29,553,466,72,1701,583,827,79,4310,113,36,4459
METROPOLITANA DE SANTIAGO,SANTIAGO,MAIPU,LICEO JOSE IGNACIO ZENTENO,43,814,1046,97,2286,1046,1251,122,6705,197,68,6970
METROPOLITANA DE SANTIAGO,SANTIAGO,MAIPU,LICEO NACIONAL DE MAIPU L1,62,754,1409,121,2670,843,1429,119,7407,245,64,7716
METROPOLITANA DE SANTIAGO,SANTIAGO,MAIPU,LICEO NACIONAL DE MAIPU L2,52,707,1369,115,2671,869,1395,114,7292,235,89,7616
METROPOLITANA DE SANTIAGO,SANTIAGO,MAIPU,LICEO POLITECNICO HANNOVER,55,914,802,106,2650,901,1165,74,6667,195,31,6893
METROPOLITANA DE SANTIAGO,SANTIAGO,MAIPU,LICEO REINO DE DINAMARCA,9,207,667,23,549,392,740,61,2648,77,42,2767
METROPOLITANA DE SANTIAGO,SANTIAGO,MAIPU,LICEO SANTIAGO BUERAS Y AVARIA,21,541,296,48,1276,482,616,24,3304,71,23,3398
METROPOLITANA DE SANTIAGO,SANTIAGO,MAIPU,LICEO TECNOLOGICO ENRIQUE KIRBERG BALTIANSKY L1,86,1092,1123,180,3347,1115,1723,86,8752,209,58,9019
METROPOLITANA DE SANTIAGO,SANTIAGO,MAIPU,LICEO TECNOLOGICO ENRIQUE KIRBERG BALTIANSKY L2,79,1128,1107,138,3281,1111,1660,95,8599,240,54,8893
METROPOLITANA DE SANTIAGO,SANTIAGO,MAIPU,POLIDEPORTIVO OLIMPICO,56,887,722,85,2436,950,1232,77,6445,192,47,6684
METROPOLITANA DE SANTIAGO,SANTIAGO,MAIPU,TEATRO MUNICIPAL,27,376,324,46,941,440,607,30,2791,61,17,2869
METROPOLITANA DE SANTIAGO,SANTIAGO,ÑUÑOA,CENTRO POLITECNICO PARTICULAR DE ÑUÑOA,33,680,284,81,1636,506,610,43,3873,82,22,3977
METROPOLITANA DE SANTIAGO,SANTIAGO,ÑUÑOA,COLEGIO DIVINA PASTORA ÑUÑOA,46,1573,109,121,1798,616,993,33,5289,87,33,5409
METROPOLITANA DE SANTIAGO,SANTIAGO,ÑUÑOA,COLEGIO HELLEN KELLER,37,1559,161,111,1683,582,821,37,4991,126,36,5153
METROPOLITANA DE SANTIAGO,SANTIAGO,ÑUÑOA,COLEGIO ISABEL LA CATOLICA,54,2200,127,123,2401,812,1125,49,6891,117,28,7036
METROPOLITANA DE SANTIAGO,SANTIAGO,ÑUÑOA,COLEGIO N°2 DE ÑUÑOA,28,730,153,70,1461,494,515,28,3479,75,19,3573
METROPOLITANA DE SANTIAGO,SANTIAGO,ÑUÑOA,COLEGIO REPUBLICA ARGENTINA,50,2016,242,106,1870,634,1166,44,6128,95,30,6253
METROPOLITANA DE SANTIAGO,SANTIAGO,ÑUÑOA,COLEGIO REPUBLICA DE SIRIA EDUCACION BASICA,39,1681,155,109,1612,620,1117,29,5362,86,28,5476
METROPOLITANA DE SANTIAGO,SANTIAGO,ÑUÑOA,COLEGIO REPUBLICA DE SIRIA EDUCACION MEDIA,37,1054,89,77,1539,444,604,32,3876,63,31,3970
METROPOLITANA DE SANTIAGO,SANTIAGO,ÑUÑOA,COLEGIO SANTA MARTA,33,1527,94,117,1334,520,806,22,4453,76,44,4573
METROPOLITANA DE SANTIAGO,SANTIAGO,ÑUÑOA,COLEGIO UNIVERSITARIO EL SALVADOR L1,52,2002,177,136,2389,740,1141,34,6671,95,41,6807
METROPOLITANA DE SANTIAGO,SANTIAGO,ÑUÑOA,COLEGIO UNIVERSITARIO EL SALVADOR L2,56,1832,166,114,2245,685,1044,39,6181,117,29,6327
METROPOLITANA DE SANTIAGO,SANTIAGO,ÑUÑOA,COMPLEJO EDUCACIONAL MUNICIPAL BRIGIDA WALKER,83,1733,258,113,2297,833,1232,49,6598,120,35,6753
METROPOLITANA DE SANTIAGO,SANTIAGO,ÑUÑOA,ESCUELA BENJAMIN CLARO VELASCO,43,911,142,84,1742,534,588,39,4083,90,22,4195
METROPOLITANA DE SANTIAGO,SANTIAGO,ÑUÑOA,ESCUELA DIFERENCIAL AMAPOLAS,30,1081,65,81,1260,416,616,25,3574,78,31,3683
METROPOLITANA DE SANTIAGO,SANTIAGO,ÑUÑOA,ESCUELA GUILLERMO ZAÑARTU IRIGOYEN,41,654,150,47,1452,379,495,32,3250,79,17,3346
METROPOLITANA DE SANTIAGO,SANTIAGO,ÑUÑOA,ESCUELA JOSE TORIBIO MEDINA,50,1693,149,110,1917,590,866,33,5408,104,22,5534
METROPOLITANA DE SANTIAGO,SANTIAGO,ÑUÑOA,ESCUELA JUAN MOYA MORALES,53,884,328,107,2058,653,834,65,4982,119,30,5131
METROPOLITANA DE SANTIAGO,SANTIAGO,ÑUÑOA,ESCUELA PRESIDENTE EDUARDO FREI MONTALVA,58,1177,126,84,2128,593,699,30,4895,88,26,5009
METROPOLITANA DE SANTIAGO,SANTIAGO,ÑUÑOA,ESCUELA REPUBLICA DE COSTA RICA,35,1158,107,86,1412,401,636,22,3857,60,13,3930
METROPOLITANA DE SANTIAGO,SANTIAGO,ÑUÑOA,ESCUELA REPUBLICA DE FRANCIA,46,994,130,86,1437,472,738,30,3933,67,37,4037
METROPOLITANA DE SANTIAGO,SANTIAGO,ÑUÑOA,ESCUELA SAN JUAN BAUTISTA,35,897,200,77,1409,453,618,40,3729,64,21,3814
METROPOLITANA DE SANTIAGO,SANTIAGO,ÑUÑOA,ESTADIO NACIONAL JULIO MARTINEZ PRADANOS L1,46,1502,145,121,2079,681,925,36,5535,92,39,5666
METROPOLITANA DE SANTIAGO,SANTIAGO,ÑUÑOA,ESTADIO NACIONAL JULIO MARTINEZ PRADANOS L2,37,1437,154,127,1921,612,966,45,5299,85,27,5411
METROPOLITANA DE SANTIAGO,SANTIAGO,ÑUÑOA,ESTADIO NACIONAL JULIO MARTINEZ PRADANOS L3,41,1395,147,125,1709,616,918,44,4995,84,30,5109
METROPOLITANA DE SANTIAGO,SANTIAGO,ÑUÑOA,LICEO AUGUSTO D HALMAR,48,1263,128,128,1610,548,874,23,4622,70,42,4734
METROPOLITANA DE SANTIAGO,SANTIAGO,ÑUÑOA,LICEO CARMELA SILVA DONOSO L1,70,1364,636,115,2775,889,1356,83,7288,164,72,7524
METROPOLITANA DE SANTIAGO,SANTIAGO,ÑUÑOA,LICEO CARMELA SILVA DONOSO L2,53,1264,620,128,2573,848,1275,86,6847,125,46,7018
METROPOLITANA DE SANTIAGO,SANTIAGO,ÑUÑOA,LICEO COMERCIAL GABRIEL GONZALEZ VIDELA,32,850,58,60,1078,325,557,20,2980,51,8,3039
METROPOLITANA DE SANTIAGO,SANTIAGO,ÑUÑOA,LICEO EXPERIMENTAL MANUEL DE SALAS L1,40,1659,122,134,2151,574,895,38,5613,91,28,5732
METROPOLITANA DE SANTIAGO,SANTIAGO,ÑUÑOA,LICEO EXPERIMENTAL MANUEL DE SALAS L2,58,1599,105,102,2088,517,855,32,5356,69,41,5466
METROPOLITANA DE SANTIAGO,SANTIAGO,ÑUÑOA,LICEO INDUSTRIAL CHILENO-ALEMAN L1,33,1272,81,101,1530,451,722,23,4213,57,28,4298
METROPOLITANA DE SANTIAGO,SANTIAGO,ÑUÑOA,LICEO INDUSTRIAL CHILENO-ALEMAN L2,24,1180,110,78,1464,463,684,29,4032,64,24,4120
METROPOLITANA DE SANTIAGO,SANTIAGO,ÑUÑOA,LICEO JOSE TORIBIO MEDINA,55,2363,175,162,2488,796,1250,59,7348,100,51,7499
METROPOLITANA DE SANTIAGO,SANTIAGO,ÑUÑOA,LICEO LENKA FRANULIC,44,1937,141,126,1885,710,1066,33,5942,89,49,6080
METROPOLITANA DE SANTIAGO,SANTIAGO,ÑUÑOA,SAINT GASPAR COLLEGE,75,1806,283,151,2955,832,1162,66,7330,139,56,7525
METROPOLITANA DE SANTIAGO,SANTIAGO,PEDRO AGUIRRE CERDA,CENTRO EDUCATIVO REPUBLICA MEXICANA,79,797,714,114,2662,933,1155,79,6533,167,68,6768
METROPOLITANA DE SANTIAGO,SANTIAGO,PEDRO AGUIRRE CERDA,COLEGIO ANTONIO ACEVEDO HERNANDEZ,37,393,640,81,1977,448,720,67,4363,130,50,4543
METROPOLITANA DE SANTIAGO,SANTIAGO,PEDRO AGUIRRE CERDA,COLEGIO ARCANGEL GABRIEL N°2,34,451,382,53,1363,463,586,44,3376,81,31,3488
METROPOLITANA DE SANTIAGO,SANTIAGO,PEDRO AGUIRRE CERDA,COLEGIO GRACE SCHOOL,33,360,579,55,1437,369,558,63,3454,112,28,3594
METROPOLITANA DE SANTIAGO,SANTIAGO,PEDRO AGUIRRE CERDA,COLEGIO PARQUE LAS AMERICAS,33,364,638,52,1426,473,673,66,3725,115,38,3878
METROPOLITANA DE SANTIAGO,SANTIAGO,PEDRO AGUIRRE CERDA,ESCUELA BOROA,31,440,526,69,1502,419,679,49,3715,114,35,3864
METROPOLITANA DE SANTIAGO,SANTIAGO,PEDRO AGUIRRE CERDA,ESCUELA CONSOLIDADA DAVILA,52,801,1126,90,2772,863,1128,119,6951,237,74,7262
METROPOLITANA DE SANTIAGO,SANTIAGO,PEDRO AGUIRRE CERDA,ESCUELA LA VICTORIA,57,490,1149,70,3020,570,1005,101,6462,189,80,6731
METROPOLITANA DE SANTIAGO,SANTIAGO,PEDRO AGUIRRE CERDA,ESCUELA LO VALLEDOR,17,162,325,18,680,203,282,28,1715,45,17,1777
METROPOLITANA DE SANTIAGO,SANTIAGO,PEDRO AGUIRRE CERDA,ESCUELA POETAS DE CHILE,52,650,599,74,2131,653,812,64,5035,117,48,5200
METROPOLITANA DE SANTIAGO,SANTIAGO,PEDRO AGUIRRE CERDA,ESCUELA RICARDO EDUARDO LATCHAM,32,229,554,36,1186,296,480,53,2866,106,35,3007
METROPOLITANA DE SANTIAGO,SANTIAGO,PEDRO AGUIRRE CERDA,ESCUELA RISOPATRON,29,313,636,41,1355,440,646,45,3505,105,49,3659
METROPOLITANA DE SANTIAGO,SANTIAGO,PEDRO AGUIRRE CERDA,ESCUELA ROCIO DE LOS ANGELES,34,500,474,50,1502,482,690,58,3790,129,36,3955
METROPOLITANA DE SANTIAGO,SANTIAGO,PEDRO AGUIRRE CERDA,ESCUELA VILLA SUR,35,420,594,53,1510,440,603,52,3707,96,44,3847
METROPOLITANA DE SANTIAGO,SANTIAGO,PEDRO AGUIRRE CERDA,LICEO ENRIQUE BACKAUSSE,96,749,1033,116,3521,855,1219,144,7733,230,80,8043
METROPOLITANA DE SANTIAGO,SANTIAGO,PEDRO AGUIRRE CERDA,LICEO EUGENIO PEREIRA SALAS,68,532,932,82,2313,605,907,76,5515,179,80,5774
METROPOLITANA DE SANTIAGO,SANTIAGO,PEÑALOLEN,CENTRO EDUCACIONAL AMERICO VESPUCIO,34,363,711,59,1337,382,730,69,3685,140,48,3873
METROPOLITANA DE SANTIAGO,SANTIAGO,PEÑALOLEN,CENTRO EDUCACIONAL DIEGO DE ALMAGRO,38,1638,202,119,1192,482,1214,41,4926,53,25,5004
METROPOLITANA DE SANTIAGO,SANTIAGO,PEÑALOLEN,CENTRO EDUCACIONAL EDUARDO DE LA BARRA L1,49,1216,733,122,1990,745,1279,85,6219,156,71,6446
METROPOLITANA DE SANTIAGO,SANTIAGO,PEÑALOLEN,CENTRO EDUCACIONAL EDUARDO DE LA BARRA L2,37,1083,683,100,1888,723,1170,76,5760,196,32,5988
METROPOLITANA DE SANTIAGO,SANTIAGO,PEÑALOLEN,CENTRO EDUCACIONAL MARIANO EGAÑA L1,42,568,789,55,1498,479,791,79,4301,142,39,4482
METROPOLITANA DE SANTIAGO,SANTIAGO,PEÑALOLEN,CENTRO EDUCACIONAL MARIANO EGAÑA L2,22,510,840,57,1480,459,798,78,4244,145,53,4442
METROPOLITANA DE SANTIAGO,SANTIAGO,PEÑALOLEN,CENTRO EDUCACIONAL VALLE HERMOSO,46,892,936,101,1628,877,1347,91,5918,189,72,6179
METROPOLITANA DE SANTIAGO,SANTIAGO,PEÑALOLEN,COLEGIO ALCANTARA DE LOS ALTOS DE PEÑALOLEN,53,1229,383,122,1695,558,1096,51,5187,86,37,5310
METROPOLITANA DE SANTIAGO,SANTIAGO,PEÑALOLEN,COLEGIO ANTUPIREN,81,2177,439,204,2713,880,1693,87,8274,163,68,8505
METROPOLITANA DE SANTIAGO,SANTIAGO,PEÑALOLEN,COLEGIO BICENTENARIO MATILDE HUICI NAVAS,35,692,814,79,1465,540,893,88,4606,193,64,4863
METROPOLITANA DE SANTIAGO,SANTIAGO,PEÑALOLEN,COLEGIO JESUS SERVIDOR,31,591,1020,74,1869,458,961,75,5079,127,60,5266
METROPOLITANA DE SANTIAGO,SANTIAGO,PEÑALOLEN,COLEGIO JORGE PRIETO LETELIER,49,1479,736,156,2108,821,1490,71,6910,163,54,7127
METROPOLITANA DE SANTIAGO,SANTIAGO,PEÑALOLEN,COLEGIO MONTEVERDE,23,537,500,53,1169,522,818,64,3686,121,43,3850
METROPOLITANA DE SANTIAGO,SANTIAGO,PEÑALOLEN,COLEGIO SAN FERNANDO,62,1202,879,120,2363,828,1404,90,6948,156,69,7173
METROPOLITANA DE SANTIAGO,SANTIAGO,PEÑALOLEN,COLEGIO SANTA MARTA DE PEÑALOLEN,33,713,793,96,1855,651,1162,97,5400,156,69,5625
METROPOLITANA DE SANTIAGO,SANTIAGO,PEÑALOLEN,COLEGIO SANTA SOFIA,26,524,951,53,1482,492,870,74,4472,125,63,4660
METROPOLITANA DE SANTIAGO,SANTIAGO,PEÑALOLEN,ESCUELA CARLOS FERNANDEZ PEÑA,30,742,731,81,1583,712,907,67,4853,145,61,5059
METROPOLITANA DE SANTIAGO,SANTIAGO,PEÑALOLEN,ESCUELA JUAN BAUTISTA PASTENE,51,1064,1136,131,2597,943,1325,127,7374,235,82,7691
METROPOLITANA DE SANTIAGO,SANTIAGO,PEÑALOLEN,ESCUELA LUIS ARRIETA CAÑAS,34,735,911,82,2006,655,1067,77,5567,177,60,5804
METROPOLITANA DE SANTIAGO,SANTIAGO,PEÑALOLEN,ESCUELA MIRAVALLE L1,45,658,861,74,1565,481,1044,61,4789,137,64,4990
METROPOLITANA DE SANTIAGO,SANTIAGO,PEÑALOLEN,ESCUELA MIRAVALLE L2,45,630,835,57,1298,421,872,72,4230,107,46,4383
METROPOLITANA DE SANTIAGO,SANTIAGO,PEÑALOLEN,ESCUELA SAN JOSE OBRERO,20,489,609,68,1254,463,756,63,3722,123,56,3901
METROPOLITANA DE SANTIAGO,SANTIAGO,PEÑALOLEN,ESCUELA SANTA MARIA DE PEÑALOLEN,51,1099,1482,114,2407,722,1530,113,7518,221,89,7828
METROPOLITANA DE SANTIAGO,SANTIAGO,PEÑALOLEN,ESCUELA SANTA VICTORIA,28,514,369,44,1025,387,657,36,3060,74,33,3167
METROPOLITANA DE SANTIAGO,SANTIAGO,PEÑALOLEN,ESCUELA TOBALABA,47,541,712,59,1567,539,819,65,4349,135,54,4538
METROPOLITANA DE SANTIAGO,SANTIAGO,PEÑALOLEN,ESCUELA UNION NACIONAL ARABE,37,808,739,71,1820,663,1108,73,5319,156,45,5520
METROPOLITANA DE SANTIAGO,SANTIAGO,PEÑALOLEN,ESCUELA WELCOME SCHOOL,40,781,1122,118,2196,782,1310,113,6462,205,70,6737
METROPOLITANA DE SANTIAGO,SANTIAGO,PEÑALOLEN,LICEO ANTONIO HERMIDA FABRES L1,33,942,1100,91,1992,638,1264,87,6147,167,66,6380
METROPOLITANA DE SANTIAGO,SANTIAGO,PEÑALOLEN,LICEO ANTONIO HERMIDA FABRES L2,33,884,943,83,1929,626,1135,87,5720,136,58,5914
METROPOLITANA DE SANTIAGO,SANTIAGO,PEÑALOLEN,LICEO CARMEN ARRIARAN,26,453,311,39,946,364,568,33,2740,69,19,2828
METROPOLITANA DE SANTIAGO,SANTIAGO,PEÑALOLEN,LICEO ERASMO ESCALA ARRIAGADA,23,486,685,49,1429,465,745,75,3957,134,45,4136
METROPOLITANA DE SANTIAGO,SANTIAGO,PROVIDENCIA,CAMPUS ORIENTE UNIVERSIDAD CATOLICA L1,36,1521,81,61,1202,418,752,30,4101,62,19,4182
METROPOLITANA DE SANTIAGO,SANTIAGO,PROVIDENCIA,CAMPUS ORIENTE UNIVERSIDAD CATOLICA L2,25,1323,105,58,1081,441,690,32,3755,82,25,3862
METROPOLITANA DE SANTIAGO,SANTIAGO,PROVIDENCIA,COLEGIO COMPANIA DE MARIA-SEMINARIO L1,51,1092,78,62,1594,480,588,31,3976,67,23,4066
METROPOLITANA DE SANTIAGO,SANTIAGO,PROVIDENCIA,COLEGIO COMPANIA DE MARIA-SEMINARIO L2,35,1054,83,57,1485,381,503,23,3621,45,30,3696
METROPOLITANA DE SANTIAGO,SANTIAGO,PROVIDENCIA,COLEGIO JOSEFINO SANTISIMA TRINIDAD,38,1513,83,85,1195,569,825,24,4332,63,25,4420
METROPOLITANA DE SANTIAGO,SANTIAGO,PROVIDENCIA,COLEGIO PEDRO DE VALDIVIA,33,2536,94,137,1799,776,1118,45,6538,101,32,6671
METROPOLITANA DE SANTIAGO,SANTIAGO,PROVIDENCIA,COLEGIO REGINA PACIS,32,1826,69,86,1286,599,874,31,4803,89,33,4925
METROPOLITANA DE SANTIAGO,SANTIAGO,PROVIDENCIA,COLEGIO SALESIANO EL PATROCINIO DE SAN JOSE,27,1086,108,70,1370,431,518,23,3633,62,24,3719
METROPOLITANA DE SANTIAGO,SANTIAGO,PROVIDENCIA,COLEGIO SAN IGNACIO EL BOSQUE L1,34,3210,64,107,1484,737,1367,32,7035,116,27,7178
METROPOLITANA DE SANTIAGO,SANTIAGO,PROVIDENCIA,COLEGIO SAN IGNACIO EL BOSQUE L2,33,3156,55,111,1394,708,1374,27,6858,90,37,6985
METROPOLITANA DE SANTIAGO,SANTIAGO,PROVIDENCIA,COLEGIO THE KENT SCHOOL,24,1853,54,82,1238,577,858,27,4713,75,30,4818
METROPOLITANA DE SANTIAGO,SANTIAGO,PROVIDENCIA,ESCUELA JUAN PABLO DUARTE L1,30,1137,84,62,872,492,1084,17,3778,49,18,3845
METROPOLITANA DE SANTIAGO,SANTIAGO,PROVIDENCIA,ESCUELA JUAN PABLO DUARTE L2,18,1050,103,41,820,479,984,16,3511,52,15,3578
METROPOLITANA DE SANTIAGO,SANTIAGO,PROVIDENCIA,ESCUELA MERCEDES MARIN DEL SOLAR,7,834,36,32,480,262,403,8,2062,35,22,2119
METROPOLITANA DE SANTIAGO,SANTIAGO,PROVIDENCIA,ESCUELA PROVIDENCIA,53,1789,136,112,1722,685,920,30,5447,90,38,5575
METROPOLITANA DE SANTIAGO,SANTIAGO,PROVIDENCIA,INSTITUTO DE HUMANIDADES LUIS CAMPINO L1,19,1519,64,63,919,438,704,24,3750,54,28,3832
METROPOLITANA DE SANTIAGO,SANTIAGO,PROVIDENCIA,INSTITUTO DE HUMANIDADES LUIS CAMPINO L2,15,1481,73,50,817,430,769,28,3663,46,14,3723
METROPOLITANA DE SANTIAGO,SANTIAGO,PROVIDENCIA,INSTITUTO PROFESIONAL DUOC,36,2393,82,89,1471,593,1051,32,5747,70,27,5844
METROPOLITANA DE SANTIAGO,SANTIAGO,PROVIDENCIA,LICEO ARTURO ALESSANDRI PALMA,61,1385,142,93,2106,621,695,43,5146,89,35,5270
METROPOLITANA DE SANTIAGO,SANTIAGO,PROVIDENCIA,LICEO B 42 TAJAMAR,21,1447,67,69,978,543,746,16,3887,52,18,3957
METROPOLITANA DE SANTIAGO,SANTIAGO,PROVIDENCIA,LICEO CARMELA CARVAJAL DE PRAT L1,48,1296,116,75,1425,650,754,33,4397,61,34,4492
METROPOLITANA DE SANTIAGO,SANTIAGO,PROVIDENCIA,LICEO CARMELA CARVAJAL DE PRAT L2,39,1121,111,77,1372,521,722,35,3998,69,24,4091
METROPOLITANA DE SANTIAGO,SANTIAGO,PROVIDENCIA,LICEO JOSE VICTORINO LASTARRIA L1,43,1220,84,67,1085,505,643,29,3676,52,16,3744
METROPOLITANA DE SANTIAGO,SANTIAGO,PROVIDENCIA,LICEO JOSE VICTORINO LASTARRIA L2,31,1166,107,56,1073,498,640,17,3588,52,19,3659
METROPOLITANA DE SANTIAGO,SANTIAGO,PROVIDENCIA,LICEO N°7 DE PROVIDENCIA LUISA SAAVEDRA L1,27,1309,73,50,945,520,749,26,3699,43,36,3778
METROPOLITANA DE SANTIAGO,SANTIAGO,PROVIDENCIA,LICEO N°7 DE PROVIDENCIA LUISA SAAVEDRA L2,18,1278,77,49,882,433,728,17,3482,52,27,3561
METROPOLITANA DE SANTIAGO,SANTIAGO,PROVIDENCIA,UNIVERSIDAD AUTONOMA DE CHILE L1,20,1731,41,61,965,431,710,24,3983,53,19,4055
METROPOLITANA DE SANTIAGO,SANTIAGO,PROVIDENCIA,UNIVERSIDAD AUTONOMA DE CHILE L2,28,1639,35,63,988,382,766,26,3927,41,20,3988
METROPOLITANA DE SANTIAGO,SANTIAGO,PUDAHUEL,COLEGIO FINLANDIA,57,560,1327,52,1857,698,1263,135,5949,163,89,6201
METROPOLITANA DE SANTIAGO,SANTIAGO,PUDAHUEL,COLEGIO GERONIMO DE ALDERETE,61,631,1168,79,2441,709,1073,102,6264,151,40,6455
METROPOLITANA DE SANTIAGO,SANTIAGO,PUDAHUEL,COLEGIO MADRE ANA EUGENIA,38,350,680,59,1245,440,645,53,3510,132,44,3686
METROPOLITANA DE SANTIAGO,SANTIAGO,PUDAHUEL,COLEGIO MANQUECURA CIUDAD DE LOS VALLES,41,2068,576,219,2198,1227,2398,66,8793,144,29,8966
METROPOLITANA DE SANTIAGO,SANTIAGO,PUDAHUEL,COLEGIO MINISTRO DIEGO PORTALES,46,787,1343,89,2055,774,1377,134,6605,215,77,6897
METROPOLITANA DE SANTIAGO,SANTIAGO,PUDAHUEL,COLEGIO SAN ALBERTO HURTADO DE PUDAHUEL,54,744,1925,114,2657,914,1666,130,8204,241,79,8524
METROPOLITANA DE SANTIAGO,SANTIAGO,PUDAHUEL,COLEGIO SAN FELIPE,66,708,641,93,2499,686,945,74,5712,120,32,5864
METROPOLITANA DE SANTIAGO,SANTIAGO,PUDAHUEL,COLEGIO SANTA BEATRIZ,40,521,963,43,1635,588,995,69,4854,135,50,5039
METROPOLITANA DE SANTIAGO,SANTIAGO,PUDAHUEL,COLEGIO SANTIAGO DE PUDAHUEL,51,601,819,70,1839,790,1049,65,5284,138,39,5461
METROPOLITANA DE SANTIAGO,SANTIAGO,PUDAHUEL,COLEGIO TERRA AUSTRALIS,42,574,821,96,1483,507,992,52,4567,85,29,4681
METROPOLITANA DE SANTIAGO,SANTIAGO,PUDAHUEL,ESCUELA ALBERT EINSTEIN,66,709,1274,123,2409,797,1348,115,6841,232,70,7143
METROPOLITANA DE SANTIAGO,SANTIAGO,PUDAHUEL,ESCUELA ALEXANDER GRAHAM BELL,29,469,831,66,1425,588,882,104,4394,171,44,4609
METROPOLITANA DE SANTIAGO,SANTIAGO,PUDAHUEL,ESCUELA ANTILHUE DE PUDAHUEL,70,697,616,87,2137,654,924,58,5243,122,40,5405
METROPOLITANA DE SANTIAGO,SANTIAGO,PUDAHUEL,ESCUELA CHRIST SCHOOL DE PUDAHUEL,61,828,948,98,2609,800,1201,83,6628,146,40,6814
METROPOLITANA DE SANTIAGO,SANTIAGO,PUDAHUEL,ESCUELA EL SALITRE,37,575,1090,74,1716,617,890,85,5084,197,61,5342
METROPOLITANA DE SANTIAGO,SANTIAGO,PUDAHUEL,ESCUELA ELVIRA SANTA CRUZ OSSA,36,571,1194,60,1722,676,1192,97,5548,241,59,5848
METROPOLITANA DE SANTIAGO,SANTIAGO,PUDAHUEL,ESCUELA ESTADO DE FLORIDA,30,377,784,50,1180,447,799,92,3759,119,54,3932
METROPOLITANA DE SANTIAGO,SANTIAGO,PUDAHUEL,ESCUELA ESTRELLA DE CHILE,49,711,1147,79,2209,974,1280,87,6536,247,77,6860
METROPOLITANA DE SANTIAGO,SANTIAGO,PUDAHUEL,ESCUELA MELVIN JONES,43,520,1040,68,1844,754,1090,85,5444,173,49,5666
METROPOLITANA DE SANTIAGO,SANTIAGO,PUDAHUEL,ESCUELA MONSEÑOR CARLOS OVIEDO,39,604,1032,72,1999,789,1100,95,5730,194,65,5989
METROPOLITANA DE SANTIAGO,SANTIAGO,PUDAHUEL,ESCUELA SAN DANIEL,52,518,1334,49,1749,661,1204,124,5691,171,82,5944
METROPOLITANA DE SANTIAGO,SANTIAGO,PUDAHUEL,ESCUELA TENIENTE HERNAN MERINO CORREA,113,524,1308,86,1914,698,1050,110,5803,194,72,6069
METROPOLITANA DE SANTIAGO,SANTIAGO,PUDAHUEL,LICEO CIUDAD DE BRASILIA,14,390,970,42,838,641,966,53,3914,93,48,4055
METROPOLITANA DE SANTIAGO,SANTIAGO,PUDAHUEL,LICEO MONSEÑOR ENRIQUE ALVEAR BASICA,60,566,1038,75,2042,669,1018,83,5551,131,39,5721
METROPOLITANA DE SANTIAGO,SANTIAGO,PUDAHUEL,LICEO MONSEÑOR ENRIQUE ALVEAR MEDIA L1,43,444,1097,58,1739,539,925,79,4924,124,37,5085
METROPOLITANA DE SANTIAGO,SANTIAGO,PUDAHUEL,LICEO MONSEÑOR ENRIQUE ALVEAR MEDIA L2,42,390,912,55,1484,515,821,73,4292,100,50,4442
METROPOLITANA DE SANTIAGO,SANTIAGO,PUDAHUEL,LINCOLN COLLEGE PUDAHUEL,65,943,820,126,2353,723,1420,75,6525,120,38,6683
METROPOLITANA DE SANTIAGO,SANTIAGO,QUILICURA,COLEGIO JUAN LUIS UNDURRAGA ANINAT,49,539,1909,67,2312,787,1156,141,6960,302,133,7395
METROPOLITANA DE SANTIAGO,SANTIAGO,QUILICURA,COLEGIO MANQUECURA VALLE LO CAMPINO L1,49,989,611,100,1450,582,1286,46,5113,100,34,5247
METROPOLITANA DE SANTIAGO,SANTIAGO,QUILICURA,COLEGIO MANQUECURA VALLE LO CAMPINO L2,40,886,500,67,1295,490,1196,39,4513,91,44,4648
METROPOLITANA DE SANTIAGO,SANTIAGO,QUILICURA,COLEGIO MELFORD COLLEGE,21,359,360,30,1037,372,525,28,2732,73,15,2820
METROPOLITANA DE SANTIAGO,SANTIAGO,QUILICURA,COLEGIO NOVO MUNDO,24,557,431,74,1325,440,629,28,3508,79,26,3613
METROPOLITANA DE SANTIAGO,SANTIAGO,QUILICURA,COLEGIO PALMARES,43,641,1232,74,2045,645,1129,80,5889,149,47,6085
METROPOLITANA DE SANTIAGO,SANTIAGO,QUILICURA,COLEGIO SAN ADRIAN DE QUILICURA,66,779,1002,110,2391,878,1239,76,6541,166,31,6738
METROPOLITANA DE SANTIAGO,SANTIAGO,QUILICURA,COLEGIO SAN ALBERTO HURTADO,33,445,834,53,1531,532,710,57,4195,128,35,4358
METROPOLITANA DE SANTIAGO,SANTIAGO,QUILICURA,COLEGIO SAN CARLOS DE QUILICURA,32,583,501,69,1385,509,832,46,3957,100,17,4074
METROPOLITANA DE SANTIAGO,SANTIAGO,QUILICURA,COLEGIO SAN ISAAC JOGUES,37,579,851,79,1711,553,856,46,4712,94,38,4844
METROPOLITANA DE SANTIAGO,SANTIAGO,QUILICURA,COLEGIO SAN SEBASTIAN DE QUILICURA L1,33,441,1185,45,1626,480,826,58,4694,131,45,4870
METROPOLITANA DE SANTIAGO,SANTIAGO,QUILICURA,COLEGIO SAN SEBASTIAN DE QUILICURA L2,37,374,1077,48,1435,480,725,69,4245,111,49,4405
METROPOLITANA DE SANTIAGO,SANTIAGO,QUILICURA,COLEGIO SANTA BARBARA H.S.,28,559,1103,57,1771,578,917,55,5068,162,42,5272
METROPOLITANA DE SANTIAGO,SANTIAGO,QUILICURA,COLEGIO SANTA MARIA,32,563,1400,72,1734,679,1023,72,5575,160,97,5832
METROPOLITANA DE SANTIAGO,SANTIAGO,QUILICURA,COLEGIO SANTIAGO - QUILICURA,63,709,1108,95,2215,740,1131,69,6130,194,46,6370
METROPOLITANA DE SANTIAGO,SANTIAGO,QUILICURA,COMPLEJO EDUCACIONAL JOSE MIGUEL CARRERA,66,922,1185,77,2600,873,1258,69,7050,206,74,7330
METROPOLITANA DE SANTIAGO,SANTIAGO,QUILICURA,ESCUELA ANA FRANK,51,680,1429,75,2289,782,1352,74,6732,178,46,6956
METROPOLITANA DE SANTIAGO,SANTIAGO,QUILICURA,ESCUELA EL MAÑIO,28,414,1218,49,1720,605,881,66,4981,135,73,5189
METROPOLITANA DE SANTIAGO,SANTIAGO,QUILICURA,ESCUELA LUIS CRUZ MARTINEZ L1,39,902,1042,105,2440,844,1320,77,6769,177,62,7008
METROPOLITANA DE SANTIAGO,SANTIAGO,QUILICURA,ESCUELA LUIS CRUZ MARTINEZ L2,51,969,1088,113,2303,835,1393,74,6826,217,39,7082
METROPOLITANA DE SANTIAGO,SANTIAGO,QUILICURA,ESCUELA MERCEDES FONTECILLA,42,654,1340,82,2094,672,1016,98,5998,177,58,6233
METROPOLITANA DE SANTIAGO,SANTIAGO,QUILICURA,ESCUELA PALMARES ORIENTE,66,1032,1102,131,2640,929,1461,78,7439,159,50,7648
METROPOLITANA DE SANTIAGO,SANTIAGO,QUILICURA,LICEO BICENTENARIO FRANCISCO BILBAO BARQUIN DE QUILICURA,43,502,1241,65,1753,557,952,85,5198,140,46,5384
METROPOLITANA DE SANTIAGO,SANTIAGO,QUILICURA,LICEO JOSE DOMINGO CAÑAS,70,853,1612,97,2920,994,1484,100,8130,211,80,8421
METROPOLITANA DE SANTIAGO,SANTIAGO,QUINTA NORMAL,COLEGIO ELVIRA HURTADO DE MATTE DE SANTIAGO,47,834,684,77,2543,876,1020,91,6172,159,41,6372
METROPOLITANA DE SANTIAGO,SANTIAGO,QUINTA NORMAL,COLEGIO POLITECNICO SANTA ANA,28,444,298,28,763,366,539,41,2507,70,23,2600
METROPOLITANA DE SANTIAGO,SANTIAGO,QUINTA NORMAL,ESCUELA ANTUMALAL,60,795,972,103,2335,822,1189,91,6367,167,73,6607
METROPOLITANA DE SANTIAGO,SANTIAGO,QUINTA NORMAL,ESCUELA CALICANTO,38,452,502,39,1168,463,768,59,3489,104,23,3616
METROPOLITANA DE SANTIAGO,SANTIAGO,QUINTA NORMAL,ESCUELA DIEGO PORTALES,33,578,636,66,1663,506,760,54,4296,134,39,4469
METROPOLITANA DE SANTIAGO,SANTIAGO,QUINTA NORMAL,ESCUELA ESPAÑA,40,519,554,57,1554,549,735,64,4072,109,35,4216
METROPOLITANA DE SANTIAGO,SANTIAGO,QUINTA NORMAL,ESCUELA GRENOBLE,62,821,644,83,1953,828,1074,73,5538,166,47,5751
METROPOLITANA DE SANTIAGO,SANTIAGO,QUINTA NORMAL,ESCUELA INGLATERRA,46,578,589,41,1502,648,851,68,4323,123,48,4494
METROPOLITANA DE SANTIAGO,SANTIAGO,QUINTA NORMAL,ESCUELA INSIGNE GABRIELA,36,461,423,34,1176,440,647,53,3270,87,54,3411
METROPOLITANA DE SANTIAGO,SANTIAGO,QUINTA NORMAL,ESCUELA LO FRANCO,34,620,506,58,1590,593,702,53,4156,114,30,4300
METROPOLITANA DE SANTIAGO,SANTIAGO,QUINTA NORMAL,ESCUELA REPUBLICA DE LA INDIA,25,750,401,52,1206,573,899,40,3946,98,26,4070
METROPOLITANA DE SANTIAGO,SANTIAGO,QUINTA NORMAL,LICEO COMERCIAL MOLINA LAVIN,31,728,631,43,1423,659,989,51,4555,120,41,4716
METROPOLITANA DE SANTIAGO,SANTIAGO,QUINTA NORMAL,LICEO EXPERIMENTAL ARTISTICO,46,1154,722,70,1883,763,1335,71,6044,167,49,6260
METROPOLITANA DE SANTIAGO,SANTIAGO,QUINTA NORMAL,LICEO GUILLERMO LABARCA HUBERTSON,34,919,706,71,1914,721,1067,53,5485,149,35,5669
METROPOLITANA DE SANTIAGO,SANTIAGO,QUINTA NORMAL,LICEO INDUSTRIAL BENJAMIN FRANKLIN,99,924,735,78,2041,864,1101,71,5913,187,62,6162
METROPOLITANA DE SANTIAGO,SANTIAGO,QUINTA NORMAL,LICEO POLITECNICO,34,406,436,56,1126,423,606,43,3130,81,25,3236
METROPOLITANA DE SANTIAGO,SANTIAGO,QUINTA NORMAL,LICEO POLIVALENTE SAN JOSE DE LA PRECIOSA SANGRE,66,979,1078,115,2544,1065,1587,146,7580,252,85,7917
METROPOLITANA DE SANTIAGO,SANTIAGO,RECOLETA,CENTRO EDUCACIONAL ESCRITORES DE CHILE,50,675,834,75,1987,632,1033,86,5372,139,62,5573
METROPOLITANA DE SANTIAGO,SANTIAGO,RECOLETA,CENTRO EDUCACIONAL JOSE MIGUEL CARRERA,39,458,898,59,1526,601,806,75,4462,116,61,4639
METROPOLITANA DE SANTIAGO,SANTIAGO,RECOLETA,CENTRO EDUCACIONAL SAN LORENZO,83,935,1332,121,2816,1022,1333,123,7765,250,86,8101
METROPOLITANA DE SANTIAGO,SANTIAGO,RECOLETA,COLEGIO MARIA TERESA CANCINO AGUILAR,31,463,471,53,1139,446,821,35,3459,91,31,3581
METROPOLITANA DE SANTIAGO,SANTIAGO,RECOLETA,COLEGIO SAN JUAN DIEGO,37,559,865,76,1754,611,953,85,4940,129,52,5121
METROPOLITANA DE SANTIAGO,SANTIAGO,RECOLETA,COMPLEJO EDUCACIONAL JUANITA FERNANDEZ SOLAR,40,498,488,58,1337,476,718,45,3660,100,44,3804
METROPOLITANA DE SANTIAGO,SANTIAGO,RECOLETA,ESCUELA EDUCACION DIFERENCIAL SANTA TERESA DE AVILA L1,41,507,630,56,1437,503,772,48,3994,130,53,4177
METROPOLITANA DE SANTIAGO,SANTIAGO,RECOLETA,ESCUELA EDUCACION DIFERENCIAL SANTA TERESA DE AVILA L2,40,545,567,64,1388,482,781,59,3926,83,64,4073
METROPOLITANA DE SANTIAGO,SANTIAGO,RECOLETA,ESCUELA ESPAÑA,26,514,576,66,1220,465,778,54,3699,149,47,3895
METROPOLITANA DE SANTIAGO,SANTIAGO,RECOLETA,ESCUELA HERMANA MARIA GORETTI,46,569,950,62,1596,571,1008,91,4893,145,72,5110
METROPOLITANA DE SANTIAGO,SANTIAGO,RECOLETA,ESCUELA N°953 JOSE ARTIGAS,33,462,784,58,1648,523,779,82,4369,102,46,4517
METROPOLITANA DE SANTIAGO,SANTIAGO,RECOLETA,ESCUELA PUERTO RICO,28,465,461,42,1214,429,663,37,3339,116,36,3491
METROPOLITANA DE SANTIAGO,SANTIAGO,RECOLETA,ESCUELA RAFAEL VALDIVIESO,38,792,970,88,2169,900,1269,97,6323,163,76,6562
METROPOLITANA DE SANTIAGO,SANTIAGO,RECOLETA,ESCUELA REPUBLICA DEL PARAGUAY,44,783,681,52,1376,713,1343,63,5055,144,86,5285
METROPOLITANA DE SANTIAGO,SANTIAGO,RECOLETA,ESCUELA SARGENTO 2 DANIEL REBOLLEDO,37,514,534,48,1394,510,764,61,3862,113,38,4013
METROPOLITANA DE SANTIAGO,SANTIAGO,RECOLETA,ESCUELA VICTOR CUCCUINI,41,691,778,80,1765,650,986,82,5073,146,64,5283
METROPOLITANA DE SANTIAGO,SANTIAGO,RECOLETA,ESTADIO RECOLETA,63,864,780,91,2183,763,1163,71,5978,188,64,6230
METROPOLITANA DE SANTIAGO,SANTIAGO,RECOLETA,INSTITUTO TECNOLOGICO Y COMERCIAL RECOLETA-INTECO,18,428,320,46,1011,348,591,35,2797,67,19,2883
METROPOLITANA DE SANTIAGO,SANTIAGO,RECOLETA,LICEO A-1 VALENTIN LETELIER L1,41,840,461,75,1609,627,1056,58,4767,131,45,4943
METROPOLITANA DE SANTIAGO,SANTIAGO,RECOLETA,LICEO A-1 VALENTIN LETELIER L2,49,807,448,80,1459,595,997,68,4503,104,45,4652
METROPOLITANA DE SANTIAGO,SANTIAGO,RECOLETA,LICEO ARTURO PEREZ CANTO,49,784,917,90,2269,855,1269,85,6318,169,80,6567
METROPOLITANA DE SANTIAGO,SANTIAGO,RECOLETA,LICEO AVENIDA RECOLETA,38,647,639,69,1617,645,960,67,4682,112,53,4847
METROPOLITANA DE SANTIAGO,SANTIAGO,RECOLETA,LICEO DOCTOR JUAN VERDAGUER PLANAS,50,675,271,51,1208,443,708,40,3446,83,41,3570
METROPOLITANA DE SANTIAGO,SANTIAGO,RENCA,CENTRO EDUCACIONAL GOYENECHEA,36,546,1117,57,1529,586,1035,84,4990,187,63,5240
METROPOLITANA DE SANTIAGO,SANTIAGO,RENCA,CENTRO EDUCACIONAL LAURA VICUÑA,13,302,579,44,881,334,517,33,2703,99,21,2823
METROPOLITANA DE SANTIAGO,SANTIAGO,RENCA,COLEGIO CHARLES DARWIN,28,448,714,54,1449,577,721,57,4048,116,29,4193
METROPOLITANA DE SANTIAGO,SANTIAGO,RENCA,COLEGIO SAN JOSE DE RENCA,45,696,1455,89,2472,825,1294,120,6996,243,125,7364
METROPOLITANA DE SANTIAGO,SANTIAGO,RENCA,COLEGIO SANTA MARIA DE LA PROVIDENCIA,43,741,955,83,2264,876,1162,114,6238,162,69,6469
METROPOLITANA DE SANTIAGO,SANTIAGO,RENCA,ESCUELA CAPITAN JOSE LUIS ARANEDA,42,455,951,76,2071,591,895,86,5167,132,49,5348
METROPOLITANA DE SANTIAGO,SANTIAGO,RENCA,ESCUELA DOMINGO SANTA MARIA GONZALEZ,50,707,1024,82,1909,778,1013,81,5644,135,50,5829
METROPOLITANA DE SANTIAGO,SANTIAGO,RENCA,ESCUELA GENERAL ALEJANDRO GOROSTIAGA ORREGO,56,773,1764,115,2500,945,1362,141,7656,287,155,8098
METROPOLITANA DE SANTIAGO,SANTIAGO,RENCA,ESCUELA ISABEL LE BRUN,53,586,767,84,1737,685,896,69,4877,159,54,5090
METROPOLITANA DE SANTIAGO,SANTIAGO,RENCA,ESCUELA LO VELASQUEZ,68,616,1996,81,2100,789,1429,129,7208,208,76,7492
METROPOLITANA DE SANTIAGO,SANTIAGO,RENCA,ESCUELA MONSERRAT ROBERT DE GARCIA,35,465,1264,46,1569,584,976,93,5032,140,52,5224
METROPOLITANA DE SANTIAGO,SANTIAGO,RENCA,ESCUELA N° 1365 PADRE GUSTAVO LE PAIGE L1,22,435,1021,38,1332,470,906,79,4303,139,74,4516
METROPOLITANA DE SANTIAGO,SANTIAGO,RENCA,ESCUELA N° 1365 PADRE GUSTAVO LE PAIGE L2,40,432,1031,43,1302,494,837,80,4259,145,44,4448
METROPOLITANA DE SANTIAGO,SANTIAGO,RENCA,ESCUELA REBECA MATTE BELLO,45,650,1618,80,2518,749,1271,125,7056,230,88,7374
METROPOLITANA DE SANTIAGO,SANTIAGO,RENCA,INSTITUTO CUMBRE DE CONDORES ORIENTE,53,769,1057,112,2768,883,1130,117,6889,235,55,7179
METROPOLITANA DE SANTIAGO,SANTIAGO,RENCA,INSTITUTO CUMBRE DE CONDORES PONIENTE L1,72,495,980,73,1649,630,973,64,4936,99,28,5063
METROPOLITANA DE SANTIAGO,SANTIAGO,RENCA,INSTITUTO CUMBRE DE CONDORES PONIENTE L2,54,508,1010,67,1481,574,999,60,4753,113,24,4890
METROPOLITANA DE SANTIAGO,SANTIAGO,RENCA,LICEO THOMAS ALVA EDISON,51,390,942,59,1578,468,675,97,4260,147,45,4452
METROPOLITANA DE SANTIAGO,SANTIAGO,SAN JOAQUIN,C.P.F. DE SAN JOAQUIN,0,0,5,0,8,2,14,0,29,0,1,30
METROPOLITANA DE SANTIAGO,SANTIAGO,SAN JOAQUIN,CENTRO EDUCACIONAL HORACIO ARAVENA ANDAUR,42,626,689,73,2163,704,813,74,5184,183,45,5412
METROPOLITANA DE SANTIAGO,SANTIAGO,SAN JOAQUIN,CENTRO EDUCACIONAL PROVINCIA DE ÑUBLE,42,711,661,75,1894,640,786,50,4859,120,53,5032
METROPOLITANA DE SANTIAGO,SANTIAGO,SAN JOAQUIN,COLEGIO ADVENTISTA SANTIAGO SUR,40,557,786,75,1977,594,833,68,4930,145,83,5158
METROPOLITANA DE SANTIAGO,SANTIAGO,SAN JOAQUIN,COLEGIO HAYDN DE SAN JOAQUIN,41,601,421,65,1501,512,655,56,3852,125,26,4003
METROPOLITANA DE SANTIAGO,SANTIAGO,SAN JOAQUIN,COLEGIO INFOCAP,33,519,722,78,1907,554,811,73,4697,140,42,4879
METROPOLITANA DE SANTIAGO,SANTIAGO,SAN JOAQUIN,DUOC UC - SEDE SAN JOAQUIN,31,576,421,71,1448,455,736,52,3790,65,30,3885
METROPOLITANA DE SANTIAGO,SANTIAGO,SAN JOAQUIN,ESCUELA FRAY CAMILO HENRIQUEZ,51,764,921,108,2567,830,1104,98,6443,174,41,6658
METROPOLITANA DE SANTIAGO,SANTIAGO,SAN JOAQUIN,ESCUELA LAURA VICUÑA,26,311,759,33,1495,411,659,62,3756,116,52,3924
METROPOLITANA DE SANTIAGO,SANTIAGO,SAN JOAQUIN,ESCUELA PARA SORDOS DOCTOR OTTE GABLER,27,649,588,41,1519,477,784,56,4141,112,42,4295
METROPOLITANA DE SANTIAGO,SANTIAGO,SAN JOAQUIN,ESCUELA POETA NERUDA,39,557,704,65,1858,610,859,70,4762,157,48,4967
METROPOLITANA DE SANTIAGO,SANTIAGO,SAN JOAQUIN,ESCUELA POETA VICTOR DOMINGO SILVA,21,225,233,20,641,259,272,19,1690,51,20,1761
METROPOLITANA DE SANTIAGO,SANTIAGO,SAN JOAQUIN,ESCUELA SU SANTIDAD JUAN XXIII,32,416,856,62,1695,472,787,73,4393,163,59,4615
METROPOLITANA DE SANTIAGO,SANTIAGO,SAN JOAQUIN,LICEO ESPIRITU SANTO DEL VERBO DIVINO,22,325,368,30,1125,319,503,48,2740,76,20,2836
METROPOLITANA DE SANTIAGO,SANTIAGO,SAN JOAQUIN,LICEO INDUSTRIAL DE SAN MIGUEL AGUSTIN EDWARDS ROSS,27,323,392,63,1067,378,448,43,2741,65,27,2833
METROPOLITANA DE SANTIAGO,SANTIAGO,SAN JOAQUIN,LICEO MUNICIPAL SAN JOAQUIN,29,391,460,54,1301,373,498,50,3156,91,38,3285
METROPOLITANA DE SANTIAGO,SANTIAGO,SAN JOAQUIN,UNIVERSIDAD DE TALCA,45,1236,468,111,2067,628,980,72,5607,126,59,5792
METROPOLITANA DE SANTIAGO,SANTIAGO,SAN MIGUEL,C.P.F. DE SAN MIGUEL,1,3,2,0,11,3,8,0,28,0,2,30
METROPOLITANA DE SANTIAGO,SANTIAGO,SAN MIGUEL,COLEGIO BICENTENARIO SANTO CURA DE ARS,51,1368,393,105,1925,732,1167,54,5795,128,38,5961
METROPOLITANA DE SANTIAGO,SANTIAGO,SAN MIGUEL,COLEGIO CHILE,47,1258,301,88,1767,849,1097,49,5456,109,23,5588
METROPOLITANA DE SANTIAGO,SANTIAGO,SAN MIGUEL,COLEGIO PARROQUIAL SAN MIGUEL,38,1679,450,97,1815,741,1246,47,6113,118,41,6272
METROPOLITANA DE SANTIAGO,SANTIAGO,SAN MIGUEL,COLEGIO TOMAS MORO,47,1092,629,117,2017,774,1146,73,5895,136,34,6065
METROPOLITANA DE SANTIAGO,SANTIAGO,SAN MIGUEL,ESCUELA DE LA INDUSTRIA GRAFICA HECTOR GOMEZ,74,1584,276,138,2147,765,1207,34,6225,88,33,6346
METROPOLITANA DE SANTIAGO,SANTIAGO,SAN MIGUEL,ESCUELA LLANO SUBERCASEAUX,54,1329,276,95,1839,624,938,43,5198,71,34,5303
METROPOLITANA DE SANTIAGO,SANTIAGO,SAN MIGUEL,ESCUELA PABLO NERUDA,43,1031,338,68,1825,662,983,40,4990,88,43,5121
METROPOLITANA DE SANTIAGO,SANTIAGO,SAN MIGUEL,ESCUELA TERRITORIO ANTARTICO L1,35,821,319,81,1361,538,792,45,3992,91,18,4101
METROPOLITANA DE SANTIAGO,SANTIAGO,SAN MIGUEL,ESCUELA TERRITORIO ANTARTICO L2,39,835,334,60,1324,563,803,53,4011,102,26,4139
METROPOLITANA DE SANTIAGO,SANTIAGO,SAN MIGUEL,ESCUELA VILLA SAN MIGUEL,50,889,480,87,2264,604,860,70,5304,151,36,5491
METROPOLITANA DE SANTIAGO,SANTIAGO,SAN MIGUEL,GIMNASIO BRASILIA,63,962,978,120,2443,1016,1319,105,7006,229,68,7303
METROPOLITANA DE SANTIAGO,SANTIAGO,SAN MIGUEL,INSTITUTO MIGUEL LEON PRADO,41,1506,621,99,1971,783,1330,69,6420,132,53,6605
METROPOLITANA DE SANTIAGO,SANTIAGO,SAN MIGUEL,INSTITUTO SUPERIOR DE COMERCIO DE CHILE,33,768,422,65,1406,568,802,38,4102,98,40,4240
METROPOLITANA DE SANTIAGO,SANTIAGO,SAN MIGUEL,LICEO ANDRES BELLO,41,1407,264,92,1805,684,1186,53,5532,113,31,5676
METROPOLITANA DE SANTIAGO,SANTIAGO,SAN MIGUEL,LICEO BETSABE HORMAZABAL DE ALARCON L1,34,1012,174,51,1241,519,807,38,3876,63,18,3957
METROPOLITANA DE SANTIAGO,SANTIAGO,SAN MIGUEL,LICEO BETSABE HORMAZABAL DE ALARCON L2,27,995,199,75,1281,434,832,38,3881,61,18,3960
METROPOLITANA DE SANTIAGO,SANTIAGO,SAN MIGUEL,UNIVERSIDAD DE VALPARAISO,89,1602,543,133,2398,950,1493,73,7281,153,53,7487
METROPOLITANA DE SANTIAGO,SANTIAGO,SAN RAMON,CENTRO DE EDUCACION PAULA JARAQUEMADA,43,469,1186,51,1945,567,1018,80,5359,153,80,5592
METROPOLITANA DE SANTIAGO,SANTIAGO,SAN RAMON,CENTRO EDUCACIONAL MIRADOR,55,535,742,70,1723,697,1021,66,4909,155,55,5119
METROPOLITANA DE SANTIAGO,SANTIAGO,SAN RAMON,CENTRO EDUCACIONAL SAN RAMON,29,400,910,47,1469,459,898,84,4296,148,45,4489
METROPOLITANA DE SANTIAGO,SANTIAGO,SAN RAMON,ESCUELA ALIVEN,34,409,1194,57,1428,541,907,108,4678,132,47,4857
METROPOLITANA DE SANTIAGO,SANTIAGO,SAN RAMON,ESCUELA ARTURO MATTE LARRAIN EDUCACIÓN BASICA,24,436,1090,62,1740,563,1034,83,5032,169,60,5261
METROPOLITANA DE SANTIAGO,SANTIAGO,SAN RAMON,ESCUELA DOMINGO SAVIO,16,245,299,33,671,325,384,34,2007,64,16,2087
METROPOLITANA DE SANTIAGO,SANTIAGO,SAN RAMON,ESCUELA EDUCADORES DE CHILE,13,254,352,32,737,300,397,52,2137,75,28,2240
METROPOLITANA DE SANTIAGO,SANTIAGO,SAN RAMON,ESCUELA KARELMAPU,41,414,963,33,1405,420,880,77,4233,126,45,4404
METROPOLITANA DE SANTIAGO,SANTIAGO,SAN RAMON,ESCUELA NANIHUE,54,495,1240,68,1942,643,1127,106,5675,201,83,5959
METROPOLITANA DE SANTIAGO,SANTIAGO,SAN RAMON,ESCUELA SENDERO DEL SABER,41,571,680,73,1680,610,951,82,4688,141,40,4869
METROPOLITANA DE SANTIAGO,SANTIAGO,SAN RAMON,ESCUELA VILLA LA CULTURA,28,505,1479,42,1799,621,1174,98,5746,212,80,6038
METROPOLITANA DE SANTIAGO,SANTIAGO,SAN RAMON,LICEO ARAUCANIA,32,511,637,52,1641,664,916,61,4514,164,44,4722
METROPOLITANA DE SANTIAGO,SANTIAGO,SAN RAMON,LICEO COMERCIAL VATE VICENTE HUIDOBRO,34,543,917,84,1668,685,1019,95,5045,216,63,5324
METROPOLITANA DE SANTIAGO,SANTIAGO,SAN RAMON,LICEO PURKUYEN,25,365,663,43,1154,508,641,68,3467,103,39,3609
METROPOLITANA DE SANTIAGO,SANTIAGO,SANTIAGO,C.D.P. DE SANTIAGO SUR,0,4,2,1,12,3,14,1,37,0,0,37
METROPOLITANA DE SANTIAGO,SANTIAGO,SANTIAGO,C.D.P. SANTIAGO I,0,1,2,0,4,2,1,0,10,0,1,11
METROPOLITANA DE SANTIAGO,SANTIAGO,SANTIAGO,CENTRO CULTURAL ESTACION MAPOCHO L1,70,1375,353,83,2039,755,1180,44,5899,113,54,6066
METROPOLITANA DE SANTIAGO,SANTIAGO,SANTIAGO,CENTRO CULTURAL ESTACION MAPOCHO L2,49,1261,314,66,1919,697,1224,45,5575,117,53,5745
METROPOLITANA DE SANTIAGO,SANTIAGO,SANTIAGO,CENTRO CULTURAL ESTACION MAPOCHO L3,57,1382,343,81,1956,702,1178,47,5746,122,50,5918
METROPOLITANA DE SANTIAGO,SANTIAGO,SANTIAGO,COLEGIO EXCELSIOR,46,523,251,54,1014,402,750,30,3070,59,39,3168
METROPOLITANA DE SANTIAGO,SANTIAGO,SANTIAGO,COLEGIO FILIPENSE,52,1116,241,92,1870,541,865,39,4816,108,26,4950
METROPOLITANA DE SANTIAGO,SANTIAGO,SANTIAGO,COLEGIO FRANCISCO ARRIARAN L1,37,986,344,61,1191,503,876,42,4040,92,71,4203
METROPOLITANA DE SANTIAGO,SANTIAGO,SANTIAGO,COLEGIO FRANCISCO ARRIARAN L2,41,1025,378,62,1171,543,875,41,4136,81,52,4269
METROPOLITANA DE SANTIAGO,SANTIAGO,SANTIAGO,COLEGIO LORENZO SAZIE,61,846,216,69,1364,484,742,27,3809,56,30,3895
METROPOLITANA DE SANTIAGO,SANTIAGO,SANTIAGO,COLEGIO NUESTRA SEÑORA DE ANDACOLLO L1,41,630,342,51,1168,463,806,37,3538,97,38,3673
METROPOLITANA DE SANTIAGO,SANTIAGO,SANTIAGO,COLEGIO NUESTRA SEÑORA DE ANDACOLLO L2,38,571,347,46,1055,443,606,34,3140,94,34,3268
METROPOLITANA DE SANTIAGO,SANTIAGO,SANTIAGO,COLEGIO OZANAM,39,735,452,63,1449,628,970,45,4381,106,44,4531
METROPOLITANA DE SANTIAGO,SANTIAGO,SANTIAGO,COLEGIO SAN ANTONIO,42,607,229,52,1151,438,567,37,3123,57,30,3210
METROPOLITANA DE SANTIAGO,SANTIAGO,SANTIAGO,COLEGIO SAN IGNACIO L1,55,1664,290,69,1582,653,1211,31,5555,78,43,5676
METROPOLITANA DE SANTIAGO,SANTIAGO,SANTIAGO,COLEGIO SAN IGNACIO L2,48,1752,317,78,1445,692,1152,29,5513,82,48,5643
METROPOLITANA DE SANTIAGO,SANTIAGO,SANTIAGO,COLEGIO SANTA ISABEL,22,974,275,46,1170,534,802,33,3856,88,39,3983
METROPOLITANA DE SANTIAGO,SANTIAGO,SANTIAGO,ESCUELA BENJAMIN VICUÑA MACKENNA,73,1888,244,91,2305,639,1015,40,6295,119,44,6458
METROPOLITANA DE SANTIAGO,SANTIAGO,SANTIAGO,ESCUELA CADETE ARTURO PRAT CHACON,68,1828,373,100,1993,757,1249,44,6412,111,53,6576
METROPOLITANA DE SANTIAGO,SANTIAGO,SANTIAGO,ESCUELA DIFERENCIAL JUAN SANDOVAL CARRASCO,45,663,354,47,1247,528,765,51,3700,84,28,3812
METROPOLITANA DE SANTIAGO,SANTIAGO,SANTIAGO,ESCUELA DOCTOR LUIS CALVO MACKENNA,16,244,179,12,555,184,435,15,1640,26,32,1698
METROPOLITANA DE SANTIAGO,SANTIAGO,SANTIAGO,ESCUELA FERNANDO ALESSANDRI RODRIGUEZ,64,1520,396,76,1691,688,1188,61,5684,82,49,5815
METROPOLITANA DE SANTIAGO,SANTIAGO,SANTIAGO,ESCUELA IRENE FREI DE CID,73,1193,593,77,1719,843,1368,54,5920,174,57,6151
METROPOLITANA DE SANTIAGO,SANTIAGO,SANTIAGO,ESCUELA LIBERTADORES DE CHILE,30,1405,358,62,1326,570,1187,42,4980,93,51,5124
METROPOLITANA DE SANTIAGO,SANTIAGO,SANTIAGO,ESCUELA MIGUEL DE CERVANTES Y SAAVEDRA ANEXO A-8,42,590,280,42,1341,470,672,39,3476,75,42,3593
METROPOLITANA DE SANTIAGO,SANTIAGO,SANTIAGO,ESCUELA PILOTO PARDO,34,699,283,70,1124,466,661,28,3365,116,31,3512
METROPOLITANA DE SANTIAGO,SANTIAGO,SANTIAGO,ESCUELA PROVINCIA DE CHILOE,34,696,424,69,1759,693,979,47,4701,123,49,4873
METROPOLITANA DE SANTIAGO,SANTIAGO,SANTIAGO,ESCUELA REPUBLICA DE ALEMANIA,36,483,429,43,1030,484,707,48,3260,95,40,3395
METROPOLITANA DE SANTIAGO,SANTIAGO,SANTIAGO,ESCUELA REPUBLICA DE COLOMBIA,30,524,411,53,1051,599,1102,54,3824,132,39,3995
METROPOLITANA DE SANTIAGO,SANTIAGO,SANTIAGO,ESCUELA REPUBLICA DE ISRAEL,37,438,194,39,942,311,460,30,2451,66,34,2551
METROPOLITANA DE SANTIAGO,SANTIAGO,SANTIAGO,ESCUELA REPUBLICA DE MEXICO,70,1579,221,93,2077,573,984,35,5632,102,52,5786
METROPOLITANA DE SANTIAGO,SANTIAGO,SANTIAGO,ESCUELA REPUBLICA DE PANAMA,31,290,179,27,749,247,363,24,1910,53,20,1983
METROPOLITANA DE SANTIAGO,SANTIAGO,SANTIAGO,ESCUELA REPUBLICA DEL ECUADOR,23,343,174,28,659,348,719,33,2327,70,25,2422
METROPOLITANA DE SANTIAGO,SANTIAGO,SANTIAGO,ESCUELA REPUBLICA ORIENTAL DEL URUGUAY,76,2228,329,112,2312,834,1273,43,7207,146,62,7415
METROPOLITANA DE SANTIAGO,SANTIAGO,SANTIAGO,ESCUELA SALVADOR SANFUENTES L1,24,491,292,41,1021,369,659,28,2925,69,38,3032
METROPOLITANA DE SANTIAGO,SANTIAGO,SANTIAGO,ESCUELA SALVADOR SANFUENTES L2,32,513,280,29,886,410,617,24,2791,94,38,2923
METROPOLITANA DE SANTIAGO,SANTIAGO,SANTIAGO,INSTITUTO COMERCIAL BLAS CAÑAS L1,61,1133,154,75,1920,476,726,34,4579,120,32,4731
METROPOLITANA DE SANTIAGO,SANTIAGO,SANTIAGO,INSTITUTO COMERCIAL BLAS CAÑAS L2,50,1009,166,51,1702,473,684,26,4161,82,15,4258
METROPOLITANA DE SANTIAGO,SANTIAGO,SANTIAGO,INSTITUTO HERMANOS MATTE,42,626,417,49,1284,646,919,41,4024,134,57,4215
METROPOLITANA DE SANTIAGO,SANTIAGO,SANTIAGO,INSTITUTO SUPERIOR DE COMERCIO EDUARDO FREI MONTALVA L1,35,637,130,42,1025,447,659,29,3004,58,29,3091
METROPOLITANA DE SANTIAGO,SANTIAGO,SANTIAGO,INSTITUTO SUPERIOR DE COMERCIO EDUARDO FREI MONTALVA L2,36,666,159,48,1018,461,695,35,3118,76,23,3217
METROPOLITANA DE SANTIAGO,SANTIAGO,SANTIAGO,LICEO BICENTENARIO TERESA PRATS,39,738,345,50,1086,527,855,38,3678,125,35,3838
METROPOLITANA DE SANTIAGO,SANTIAGO,SANTIAGO,LICEO CONFEDERACION SUIZA,58,1853,359,98,1588,722,1177,54,5909,114,46,6069
METROPOLITANA DE SANTIAGO,SANTIAGO,SANTIAGO,LICEO DARIO SALAS,43,834,277,86,1451,662,940,52,4345,76,33,4454
METROPOLITANA DE SANTIAGO,SANTIAGO,SANTIAGO,LICEO DE APLICACION RECTOR JORGE E SCHNE 29 L1,34,519,178,49,1144,409,496,32,2861,58,30,2949
METROPOLITANA DE SANTIAGO,SANTIAGO,SANTIAGO,LICEO DE APLICACION RECTOR JORGE E SCHNE 29 L2,40,490,177,48,1004,405,512,25,2701,75,20,2796
METROPOLITANA DE SANTIAGO,SANTIAGO,SANTIAGO,LICEO INDUSTRIAL ELIODORO GARCIA ZEGERS,77,1196,423,91,2223,686,1143,41,5880,118,58,6056
METROPOLITANA DE SANTIAGO,SANTIAGO,SANTIAGO,LICEO JAVIERA CARRERA L1,38,1027,206,70,1378,561,864,29,4173,72,30,4275
METROPOLITANA DE SANTIAGO,SANTIAGO,SANTIAGO,LICEO JAVIERA CARRERA L2,61,1107,203,59,1341,501,899,33,4204,76,45,4325
METROPOLITANA DE SANTIAGO,SANTIAGO,SANTIAGO,LICEO JOSE DE SAN MARTIN,74,1694,451,99,2104,793,1229,53,6497,137,55,6689
METROPOLITANA DE SANTIAGO,SANTIAGO,SANTIAGO,LICEO MANUEL BARROS BORGOÑO,44,1458,445,67,1392,680,1228,43,5357,138,53,5548
METROPOLITANA DE SANTIAGO,SANTIAGO,SANTIAGO,LICEO METROPOLITANO DE ADULTOS L1,26,829,205,44,1059,434,715,34,3346,89,25,3460
METROPOLITANA DE SANTIAGO,SANTIAGO,SANTIAGO,LICEO METROPOLITANO DE ADULTOS L2,30,877,271,51,1019,464,697,23,3432,86,34,3552
METROPOLITANA DE SANTIAGO,SANTIAGO,SANTIAGO,LICEO MIGUEL DE CERVANTES Y SAAVEDRA,47,838,226,69,1460,464,693,37,3834,67,37,3938
METROPOLITANA DE SANTIAGO,SANTIAGO,SANTIAGO,LICEO NRO 2 MIGUEL LUIS AMUNATEGUI L1,28,377,329,34,816,334,619,20,2557,75,28,2660
METROPOLITANA DE SANTIAGO,SANTIAGO,SANTIAGO,LICEO NRO 2 MIGUEL LUIS AMUNATEGUI L2,39,363,357,33,790,339,628,32,2581,84,29,2694
METROPOLITANA DE SANTIAGO,SANTIAGO,SANTIAGO,LICEO POLITECNICO SARA BLINDER DARGOLTZ,11,602,207,24,584,252,504,25,2209,39,16,2264
METROPOLITANA DE SANTIAGO,SANTIAGO,SANTIAGO,LICEO PRESIDENTE GABRIEL GONZALEZ VIDELA L1,42,1105,224,64,1045,475,773,31,3759,80,36,3875
METROPOLITANA DE SANTIAGO,SANTIAGO,SANTIAGO,LICEO PRESIDENTE GABRIEL GONZALEZ VIDELA L2,36,1135,178,36,946,420,764,20,3535,61,21,3617
METROPOLITANA DE SANTIAGO,SANTIAGO,SANTIAGO,LICEO PROFESIONAL ABDON CIFUENTES L1,20,741,210,38,700,265,486,13,2473,53,35,2561
METROPOLITANA DE SANTIAGO,SANTIAGO,SANTIAGO,LICEO PROFESIONAL ABDON CIFUENTES L2,24,737,193,27,632,217,465,14,2309,44,23,2376
METROPOLITANA DE SANTIAGO,SANTIAGO,SANTIAGO,LICEO REPUBLICA DE BRASIL,48,599,257,79,1347,551,758,49,3688,81,25,3794
METROPOLITANA DE SANTIAGO,SANTIAGO,SANTIAGO,UNIVERSIDAD ARTURO PRAT,21,348,209,29,709,202,419,27,1964,45,35,2044
METROPOLITANA DE SANTIAGO,SANTIAGO,VITACURA,ALIANZA FRANCESA,14,2160,43,35,365,661,1767,19,5064,62,15,5141
METROPOLITANA DE SANTIAGO,SANTIAGO,VITACURA,COLEGIO ANTARTICA CHILENA,22,2084,67,59,735,882,1588,27,5464,71,21,5556
METROPOLITANA DE SANTIAGO,SANTIAGO,VITACURA,COLEGIO DE LOS SAGRADOS CORAZONES DE MANQUEHUE L1,15,2937,66,78,541,923,2362,23,6945,91,28,7064
METROPOLITANA DE SANTIAGO,SANTIAGO,VITACURA,COLEGIO DE LOS SAGRADOS CORAZONES DE MANQUEHUE L2,20,2898,71,75,631,865,2288,26,6874,96,27,6997
METROPOLITANA DE SANTIAGO,SANTIAGO,VITACURA,COLEGIO HUELEN,8,2311,32,23,158,540,2303,6,5381,12,17,5410
METROPOLITANA DE SANTIAGO,SANTIAGO,VITACURA,COLEGIO INMACULADA CONCEPCION DE VITACURA,4,1203,15,25,141,423,1095,5,2911,17,7,2935
METROPOLITANA DE SANTIAGO,SANTIAGO,VITACURA,COLEGIO SAINT GEORGE'S L1,7,2786,33,58,339,679,2058,9,5969,50,16,6035
METROPOLITANA DE SANTIAGO,SANTIAGO,VITACURA,COLEGIO SAINT GEORGE'S L2,16,2824,36,51,351,614,1907,15,5814,60,24,5898
METROPOLITANA DE SANTIAGO,SANTIAGO,VITACURA,COLEGIO SAN PEDRO NOLASCO,11,2237,49,62,388,682,1852,15,5296,43,25,5364
METROPOLITANA DE SANTIAGO,SANTIAGO,VITACURA,COLEGIO SANTA URSULA VITACURA,12,2297,32,46,314,680,1827,13,5221,41,20,5282
METROPOLITANA DE SANTIAGO,SANTIAGO,VITACURA,COLEGIO TABANCURA,12,2422,53,43,328,867,2671,16,6412,32,15,6459
METROPOLITANA DE SANTIAGO,SANTIAGO,VITACURA,LICEO AMANDA LABARCA,18,2174,61,80,525,827,1851,23,5559,80,28,5667
METROPOLITANA DE SANTIAGO,SANTIAGO,VITACURA,LICEO MARIA LUISA BOMBAL,7,1134,12,23,184,310,826,13,2509,27,15,2551
METROPOLITANA DE SANTIAGO,TALAGANTE,EL MONTE,ESCUELA E 741 JAVIERA CARRERA,23,540,1087,54,1179,734,1369,60,5046,123,92,5261
METROPOLITANA DE SANTIAGO,TALAGANTE,EL MONTE,ESCUELA EL REMANSO,3,159,285,8,257,209,337,17,1275,30,19,1324
METROPOLITANA DE SANTIAGO,TALAGANTE,EL MONTE,ESCUELA REPUBLICA DE HONDURAS,42,521,1437,62,1430,734,1316,65,5607,177,86,5870
METROPOLITANA DE SANTIAGO,TALAGANTE,EL MONTE,ESCUELA REPUBLICA DEL ECUADOR,59,823,2172,97,2365,1079,1705,135,8435,291,142,8868
METROPOLITANA DE SANTIAGO,TALAGANTE,EL MONTE,LICEO LUIS HUMBERTO ACOSTA GAY,51,640,1319,74,1886,897,1385,94,6346,193,79,6618
METROPOLITANA DE SANTIAGO,TALAGANTE,ISLA DE MAIPO,CENTRO EDUCACIONAL ISLA DE MAIPO,29,697,1007,81,1481,816,1425,69,5605,133,53,5791
METROPOLITANA DE SANTIAGO,TALAGANTE,ISLA DE MAIPO,ESCUELA EFRAIN MALDONADO TORRES,33,988,1189,88,1970,1092,1925,89,7374,231,63,7668
METROPOLITANA DE SANTIAGO,TALAGANTE,ISLA DE MAIPO,LICEO MARIO BERTERO CEVASCO L1,25,522,1062,50,1299,729,1308,54,5049,108,50,5207
METROPOLITANA DE SANTIAGO,TALAGANTE,ISLA DE MAIPO,LICEO MARIO BERTERO CEVASCO L2,27,491,985,51,1152,560,1092,61,4419,81,37,4537
METROPOLITANA DE SANTIAGO,TALAGANTE,ISLA DE MAIPO,LICEO REPUBLICA DE ITALIA,22,441,1439,57,1523,729,1459,92,5762,131,70,5963
METROPOLITANA DE SANTIAGO,TALAGANTE,PADRE HURTADO,BOSTON ACADEMY LAGUNA DEL SOL,27,930,642,84,1351,669,1393,46,5142,106,15,5263
METROPOLITANA DE SANTIAGO,TALAGANTE,PADRE HURTADO,CENTRO DE EMPRENDIMIENTO,39,433,923,53,1364,607,820,74,4313,128,36,4477
METROPOLITANA DE SANTIAGO,TALAGANTE,PADRE HURTADO,COLEGIO ALBERTO HURTADO CRUCHAGA,24,379,717,68,1104,447,718,46,3503,96,40,3639
METROPOLITANA DE SANTIAGO,TALAGANTE,PADRE HURTADO,COLEGIO ALBERTO HURTADO CRUCHAGA BASICA,27,360,903,45,996,447,786,41,3605,110,22,3737
METROPOLITANA DE SANTIAGO,TALAGANTE,PADRE HURTADO,COLEGIO SAN CRISTOBAL APOSTOL,15,287,567,29,873,359,607,66,2803,72,35,2910
METROPOLITANA DE SANTIAGO,TALAGANTE,PADRE HURTADO,COMPLEJO EDUCACIONAL LUIS PASTEUR BASICA,57,540,1736,84,1826,944,1380,111,6678,199,74,6951
METROPOLITANA DE SANTIAGO,TALAGANTE,PADRE HURTADO,ESCUELA BRASILIA,36,366,730,48,1171,446,693,63,3553,91,36,3680
METROPOLITANA DE SANTIAGO,TALAGANTE,PADRE HURTADO,ESCUELA CRISTAL CHILE,17,411,467,47,861,345,559,36,2743,68,16,2827
METROPOLITANA DE SANTIAGO,TALAGANTE,PADRE HURTADO,ESCUELA FRANCISCO DE AGUIRRE,16,280,397,38,605,313,514,28,2191,49,21,2261
METROPOLITANA DE SANTIAGO,TALAGANTE,PADRE HURTADO,ESCUELA LA ESPERANZA,25,438,859,51,1010,576,1147,65,4171,81,46,4298
METROPOLITANA DE SANTIAGO,TALAGANTE,PADRE HURTADO,ESCUELA REPUBLICA ARGENTINA,12,241,283,20,536,226,353,14,1685,34,16,1735
METROPOLITANA DE SANTIAGO,TALAGANTE,PADRE HURTADO,ESCUELA SANTA ROSA DE CHENA,13,236,502,19,909,404,597,46,2726,80,30,2836
METROPOLITANA DE SANTIAGO,TALAGANTE,PADRE HURTADO,LICEO BICENTENARIO PAUL HARRIS,36,568,909,86,1612,672,1066,66,5015,162,36,5213
METROPOLITANA DE SANTIAGO,TALAGANTE,PADRE HURTADO,LICEO PATRICIO MEKIS DE PADRE HURTADO,30,287,923,38,1076,421,684,53,3512,89,40,3641
METROPOLITANA DE SANTIAGO,TALAGANTE,PEÑAFLOR,COLEGIO BALMACEDA,29,671,819,77,1510,746,1021,67,4940,146,40,5126
METROPOLITANA DE SANTIAGO,TALAGANTE,PEÑAFLOR,COLEGIO FRANCISCO DE VILLAGRA L1,22,452,1335,56,1455,626,872,91,4909,152,48,5109
METROPOLITANA DE SANTIAGO,TALAGANTE,PEÑAFLOR,COLEGIO FRANCISCO DE VILLAGRA L2,38,442,1287,63,1375,541,815,104,4665,141,52,4858
METROPOLITANA DE SANTIAGO,TALAGANTE,PEÑAFLOR,COLEGIO INMACULADA CONCEPCION NUESTRA SEÑORA DE LOURDES,16,482,507,65,971,429,694,31,3195,70,15,3280
METROPOLITANA DE SANTIAGO,TALAGANTE,PEÑAFLOR,COLEGIO INTEGRAL ALTAZOR,24,390,1357,47,1318,618,807,92,4653,146,88,4887
METROPOLITANA DE SANTIAGO,TALAGANTE,PEÑAFLOR,ESCUELA EMILIA LASCAR,24,626,707,78,1367,699,922,60,4483,127,40,4650
METROPOLITANA DE SANTIAGO,TALAGANTE,PEÑAFLOR,ESCUELA ESPECIAL NAZARETH,6,247,446,21,677,267,416,42,2122,47,12,2181
METROPOLITANA DE SANTIAGO,TALAGANTE,PEÑAFLOR,ESCUELA MALLOCO,36,738,903,98,1744,802,1202,77,5600,132,49,5781
METROPOLITANA DE SANTIAGO,TALAGANTE,PEÑAFLOR,ESCUELA REPUBLICA CHECA,36,502,593,55,1419,524,667,62,3858,79,27,3964
METROPOLITANA DE SANTIAGO,TALAGANTE,PEÑAFLOR,ESCUELA REPUBLICA DE ISRAEL,54,735,1492,96,2238,873,1242,93,6823,170,40,7033
METROPOLITANA DE SANTIAGO,TALAGANTE,PEÑAFLOR,ESCUELA ROSALINA PESCIO VARGAS,21,515,676,50,1266,591,758,74,3951,103,28,4082
METROPOLITANA DE SANTIAGO,TALAGANTE,PEÑAFLOR,ESCUELA SONIA PLAZA CASTRO,29,431,899,67,1427,519,677,74,4123,155,43,4321
METROPOLITANA DE SANTIAGO,TALAGANTE,PEÑAFLOR,ESCUELA TERESA DE CALCUTA,30,338,1059,53,1034,479,693,62,3748,92,51,3891
METROPOLITANA DE SANTIAGO,TALAGANTE,PEÑAFLOR,LICEO COMERCIAL REPUBLICA DE BRASIL,24,806,788,89,1603,803,1162,73,5348,146,37,5531
METROPOLITANA DE SANTIAGO,TALAGANTE,PEÑAFLOR,LICEO PEÑAFLOR,22,490,482,55,1052,584,689,39,3413,65,25,3503
METROPOLITANA DE SANTIAGO,TALAGANTE,TALAGANTE,ESCUELA ALBORADA DE TALAGANTE,52,650,1497,87,2138,876,1321,116,6737,169,63,6969
METROPOLITANA DE SANTIAGO,TALAGANTE,TALAGANTE,ESCUELA EL ROTO CHILENO,14,738,595,58,921,725,1228,54,4333,121,51,4505
METROPOLITANA DE SANTIAGO,TALAGANTE,TALAGANTE,ESCUELA TEGUALDA,50,563,2246,113,2010,885,1417,110,7394,213,99,7706
METROPOLITANA DE SANTIAGO,TALAGANTE,TALAGANTE,LICEO POLITECNICO C-120 L1,41,709,1092,91,1705,881,1414,79,6012,151,56,6219
METROPOLITANA DE SANTIAGO,TALAGANTE,TALAGANTE,LICEO POLITECNICO C-120 L2,43,682,1156,99,1685,874,1191,83,5813,183,81,6077
METROPOLITANA DE SANTIAGO,TALAGANTE,TALAGANTE,LICEO REPUBLICA DE GRECIA,46,938,1310,88,2056,1179,1657,98,7372,221,108,7701
METROPOLITANA DE SANTIAGO,TALAGANTE,TALAGANTE,LICEO TALAGANTE BASICA,30,679,727,72,1178,692,1201,56,4635,119,54,4808
METROPOLITANA DE SANTIAGO,TALAGANTE,TALAGANTE,LICEO TALAGANTE MEDIA L1,46,751,1031,94,1904,1026,1415,90,6357,168,58,6583
METROPOLITANA DE SANTIAGO,TALAGANTE,TALAGANTE,LICEO TALAGANTE MEDIA L2,45,704,1052,77,1745,898,1431,86,6038,153,81,6272
